L 09/05/2026 - 19:58:20: [FF] [Chicoarun] <STEAM_1:0:952954061> -> 5 HP bằng (melee) -> [Rïçēz] <STEAM_1:1:558962692>
L 09/05/2026 - 19:58:21: [FF] [Chicoarun] <STEAM_1:0:952954061> -> 5 HP bằng (melee) -> [LmaoLmao] <STEAM_1:0:606728972>
L 09/05/2026 - 19:58:23: [FF] [Chicoarun] <STEAM_1:0:952954061> -> 5 HP bằng (melee) -> [KeroN] <STEAM_1:1:161759963>
L 09/05/2026 - 19:58:23: [FF] [KeroN] <STEAM_1:1:161759963> -> 6 HP bằng (súng) -> [Chicoarun] <STEAM_1:0:952954061>
L 09/05/2026 - 19:58:24: [FF] [Rïçēz] <STEAM_1:1:558962692> -> 1 HP bằng (súng) -> [LmaoLmao] <STEAM_1:0:606728972>
L 09/05/2026 - 19:58:25: [FF] [KeroN] <STEAM_1:1:161759963> -> 5 HP bằng (súng) -> [Bảo Nguyên] <STEAM_1:0:218160880>
L 09/05/2026 - 19:58:25: [FF] [KeroN] <STEAM_1:1:161759963> -> 16 HP bằng (boom/fire) -> [LmaoLmao] <STEAM_1:0:606728972>
L 09/05/2026 - 19:58:26: [FF] [KeroN] <STEAM_1:1:161759963> -> 16 HP bằng (boom/fire) -> [LmaoLmao] <STEAM_1:0:606728972>
L 09/05/2026 - 19:58:26: [FF] [KeroN] <STEAM_1:1:161759963> -> 5 HP bằng (súng) -> [Bảo Nguyên] <STEAM_1:0:218160880>
L 09/05/2026 - 19:58:26: [FF] [KeroN] <STEAM_1:1:161759963> -> 16 HP bằng (boom/fire) -> [LmaoLmao] <STEAM_1:0:606728972>
L 09/05/2026 - 19:58:26: [FF] [KeroN] <STEAM_1:1:161759963> -> 5 HP bằng (súng) -> [Holo 40k] <STEAM_1:1:925049770>
L 09/05/2026 - 19:58:26: [FF] [KeroN] <STEAM_1:1:161759963> -> 5 HP bằng (súng) -> [Bảo Nguyên] <STEAM_1:0:218160880>
L 09/05/2026 - 19:58:26: [HẠ GỤC] KeroN <STEAM_1:1:161759963> đã hạ gục LmaoLmao <STEAM_1:0:606728972> bằng (boom/fire)
L 09/05/2026 - 19:58:26: [FF] [KeroN] <STEAM_1:1:161759963> -> 5 HP bằng (súng) -> [Bảo Nguyên] <STEAM_1:0:218160880>
L 09/05/2026 - 19:58:27: [FF] [KeroN] <STEAM_1:1:161759963> -> 6 HP bằng (súng) -> [Chicoarun] <STEAM_1:0:952954061>
L 09/05/2026 - 19:58:27: [FF] [KeroN] <STEAM_1:1:161759963> -> 6 HP bằng (súng) -> [Chicoarun] <STEAM_1:0:952954061>
L 09/05/2026 - 19:58:27: [FF] [KeroN] <STEAM_1:1:161759963> -> 6 HP bằng (súng) -> [Chicoarun] <STEAM_1:0:952954061>
L 09/05/2026 - 19:58:31: [FF] [Bảo Nguyên] <STEAM_1:0:218160880> -> 5 HP bằng (melee) -> [Curren Bouquetd'or] <STEAM_1:1:524205977>
L 09/05/2026 - 19:58:37: [HẠ GỤC] Zombie/Witch/Môi trường <N/A> đã hạ gục Holo 40k <STEAM_1:1:925049770> bằng (boom/fire)
L 09/05/2026 - 19:58:43: [FF] [Bảo Nguyên] <STEAM_1:0:218160880> -> 5 HP bằng (súng) -> [None :D] <STEAM_1:0:578030381>
L 09/05/2026 - 19:58:45: [FF] [LmaoLmao] <STEAM_1:0:606728972> -> 5 HP bằng (súng) -> [Holo 40k] <STEAM_1:1:925049770>
L 09/05/2026 - 19:58:45: [FF] [LmaoLmao] <STEAM_1:0:606728972> -> 5 HP bằng (súng) -> [Holo 40k] <STEAM_1:1:925049770>
L 09/05/2026 - 19:58:45: [FF] [LmaoLmao] <STEAM_1:0:606728972> -> 5 HP bằng (súng) -> [Holo 40k] <STEAM_1:1:925049770>
L 09/05/2026 - 19:58:46: [FF] [LmaoLmao] <STEAM_1:0:606728972> -> 5 HP bằng (súng) -> [Holo 40k] <STEAM_1:1:925049770>
L 09/05/2026 - 19:58:46: [FF] [LmaoLmao] <STEAM_1:0:606728972> -> 5 HP bằng (súng) -> [Holo 40k] <STEAM_1:1:925049770>
L 09/05/2026 - 19:58:46: [FF] [LmaoLmao] <STEAM_1:0:606728972> -> 5 HP bằng (súng) -> [Holo 40k] <STEAM_1:1:925049770>
L 09/05/2026 - 19:58:46: [FF] [LmaoLmao] <STEAM_1:0:606728972> -> 5 HP bằng (súng) -> [Holo 40k] <STEAM_1:1:925049770>
L 09/05/2026 - 19:58:46: [FF] [LmaoLmao] <STEAM_1:0:606728972> -> 5 HP bằng (súng) -> [Holo 40k] <STEAM_1:1:925049770>
L 09/05/2026 - 19:58:46: [FF] [LmaoLmao] <STEAM_1:0:606728972> -> 5 HP bằng (súng) -> [Holo 40k] <STEAM_1:1:925049770>
L 09/05/2026 - 19:58:46: [FF] [LmaoLmao] <STEAM_1:0:606728972> -> 5 HP bằng (súng) -> [Holo 40k] <STEAM_1:1:925049770>
L 09/05/2026 - 19:58:46: [FF] [LmaoLmao] <STEAM_1:0:606728972> -> 5 HP bằng (súng) -> [Holo 40k] <STEAM_1:1:925049770>
L 09/05/2026 - 19:58:46: [FF] [LmaoLmao] <STEAM_1:0:606728972> -> 6 HP bằng (súng) -> [Holo 40k] <STEAM_1:1:925049770>
L 09/05/2026 - 19:58:48: [FF] [LmaoLmao] <STEAM_1:0:606728972> -> 5 HP bằng (súng) -> [chimxanh] <STEAM_1:1:626078671>
L 09/05/2026 - 19:58:49: [HẠ GỤC] Spitter Bot <BOT> đã hạ gục Chicoarun <STEAM_1:0:952954061> bằng (môi trường/khác)
L 09/05/2026 - 19:59:27: [HẠ GỤC] Zombie/Witch/Môi trường <N/A> đã hạ gục Holo 40k <STEAM_1:1:925049770> bằng (môi trường/khác)
L 09/05/2026 - 19:59:28: [FF] [LmaoLmao] <STEAM_1:0:606728972> -> 6 HP bằng (súng) -> [Curren Bouquetd'or] <STEAM_1:1:524205977>
L 09/05/2026 - 19:59:28: [FF] [Rïçēz] <STEAM_1:1:558962692> -> 5 HP bằng (súng) -> [Chicoarun] <STEAM_1:0:952954061>
L 09/05/2026 - 19:59:29: [HẠ GỤC] Jockey Bot <BOT> đã hạ gục Curren Bouquetd'or <STEAM_1:1:524205977> bằng (zombie cào/đấm)
L 09/05/2026 - 19:59:34: [HẠ GỤC] Spitter Bot <BOT> đã hạ gục chimxanh <STEAM_1:1:626078671> bằng (môi trường/khác)
L 09/05/2026 - 19:59:36: [FF] [Bảo Nguyên] <STEAM_1:0:218160880> -> 5 HP bằng (súng) -> [Curren Bouquetd'or] <STEAM_1:1:524205977>
L 09/05/2026 - 19:59:39: [HẠ GỤC] (1)Smoker Bot <BOT> đã hạ gục Chicoarun <STEAM_1:0:952954061> bằng (zombie cào/đấm)
L 09/05/2026 - 19:59:51: [FF] [Bảo Nguyên] <STEAM_1:0:218160880> -> 5 HP bằng (súng) -> [Holo 40k] <STEAM_1:1:925049770>
L 09/05/2026 - 19:59:54: [HẠ GỤC] Tank <BOT> đã hạ gục chimxanh <STEAM_1:1:626078671> bằng (môi trường/khác)
L 09/05/2026 - 19:59:55: [FF] [Bảo Nguyên] <STEAM_1:0:218160880> -> 5 HP bằng (súng) -> [Holo 40k] <STEAM_1:1:925049770>
L 09/05/2026 - 19:59:55: [FF] [Bảo Nguyên] <STEAM_1:0:218160880> -> 5 HP bằng (súng) -> [Holo 40k] <STEAM_1:1:925049770>
L 09/05/2026 - 19:59:55: [FF] [Bảo Nguyên] <STEAM_1:0:218160880> -> 5 HP bằng (súng) -> [Holo 40k] <STEAM_1:1:925049770>
L 09/05/2026 - 19:59:55: [FF] [Chicoarun] <STEAM_1:0:952954061> -> 1 HP bằng (boom/fire) -> [chimxanh] <STEAM_1:1:626078671>
L 09/05/2026 - 19:59:55: [FF] [Bảo Nguyên] <STEAM_1:0:218160880> -> 5 HP bằng (súng) -> [Holo 40k] <STEAM_1:1:925049770>
L 09/05/2026 - 19:59:55: [FF] [Bảo Nguyên] <STEAM_1:0:218160880> -> 5 HP bằng (súng) -> [Holo 40k] <STEAM_1:1:925049770>
L 09/05/2026 - 19:59:55: [FF] [Chicoarun] <STEAM_1:0:952954061> -> 3 HP bằng (boom/fire) -> [chimxanh] <STEAM_1:1:626078671>
L 09/05/2026 - 19:59:55: [FF] [Chicoarun] <STEAM_1:0:952954061> -> 5 HP bằng (boom/fire) -> [chimxanh] <STEAM_1:1:626078671>
L 09/05/2026 - 19:59:56: [FF] [Chicoarun] <STEAM_1:0:952954061> -> 7 HP bằng (boom/fire) -> [chimxanh] <STEAM_1:1:626078671>
L 09/05/2026 - 19:59:56: [FF] [Bảo Nguyên] <STEAM_1:0:218160880> -> 6 HP bằng (súng) -> [Holo 40k] <STEAM_1:1:925049770>
L 09/05/2026 - 19:59:56: [FF] [Chicoarun] <STEAM_1:0:952954061> -> 9 HP bằng (boom/fire) -> [chimxanh] <STEAM_1:1:626078671>
L 09/05/2026 - 19:59:56: [FF] [Bảo Nguyên] <STEAM_1:0:218160880> -> 5 HP bằng (súng) -> [Holo 40k] <STEAM_1:1:925049770>
L 09/05/2026 - 19:59:56: [FF] [Chicoarun] <STEAM_1:0:952954061> -> 11 HP bằng (boom/fire) -> [chimxanh] <STEAM_1:1:626078671>
L 09/05/2026 - 19:59:56: [FF] [Chicoarun] <STEAM_1:0:952954061> -> 13 HP bằng (boom/fire) -> [chimxanh] <STEAM_1:1:626078671>
L 09/05/2026 - 19:59:56: [KILL] Tank <BOT> đã giết Chicoarun <STEAM_1:0:952954061> bằng (môi trường/khác)
L 09/05/2026 - 19:59:57: [FF] [Chicoarun] <STEAM_1:0:952954061> -> 15 HP bằng (boom/fire) -> [chimxanh] <STEAM_1:1:626078671>
L 09/05/2026 - 19:59:57: [FF] [Chicoarun] <STEAM_1:0:952954061> -> 16 HP bằng (boom/fire) -> [chimxanh] <STEAM_1:1:626078671>
L 09/05/2026 - 19:59:57: [FF] [Chicoarun] <STEAM_1:0:952954061> -> 16 HP bằng (boom/fire) -> [chimxanh] <STEAM_1:1:626078671>
L 09/05/2026 - 19:59:57: [FF] [Chicoarun] <STEAM_1:0:952954061> -> 16 HP bằng (boom/fire) -> [chimxanh] <STEAM_1:1:626078671>
L 09/05/2026 - 19:59:58: [FF] [Chicoarun] <STEAM_1:0:952954061> -> 16 HP bằng (boom/fire) -> [chimxanh] <STEAM_1:1:626078671>
L 09/05/2026 - 19:59:58: [FF] [Chicoarun] <STEAM_1:0:952954061> -> 16 HP bằng (boom/fire) -> [chimxanh] <STEAM_1:1:626078671>
L 09/05/2026 - 19:59:58: [FF] [Chicoarun] <STEAM_1:0:952954061> -> 16 HP bằng (boom/fire) -> [chimxanh] <STEAM_1:1:626078671>
L 09/05/2026 - 19:59:58: [FF] [Chicoarun] <STEAM_1:0:952954061> -> 16 HP bằng (boom/fire) -> [chimxanh] <STEAM_1:1:626078671>
L 09/05/2026 - 19:59:58: [FF] [Chicoarun] <STEAM_1:0:952954061> -> 16 HP bằng (boom/fire) -> [Holo 40k] <STEAM_1:1:925049770>
L 09/05/2026 - 19:59:59: [FF] [Chicoarun] <STEAM_1:0:952954061> -> 16 HP bằng (boom/fire) -> [chimxanh] <STEAM_1:1:626078671>
L 09/05/2026 - 19:59:59: [FF] [Chicoarun] <STEAM_1:0:952954061> -> 16 HP bằng (boom/fire) -> [Holo 40k] <STEAM_1:1:925049770>
L 09/05/2026 - 19:59:59: [FF] [Chicoarun] <STEAM_1:0:952954061> -> 16 HP bằng (boom/fire) -> [chimxanh] <STEAM_1:1:626078671>
L 09/05/2026 - 19:59:59: [FF] [Chicoarun] <STEAM_1:0:952954061> -> 16 HP bằng (boom/fire) -> [chimxanh] <STEAM_1:1:626078671>
L 09/05/2026 - 19:59:59: [FF] [Chicoarun] <STEAM_1:0:952954061> -> 16 HP bằng (boom/fire) -> [chimxanh] <STEAM_1:1:626078671>
L 09/05/2026 - 19:59:59: [FF] [Chicoarun] <STEAM_1:0:952954061> -> 16 HP bằng (boom/fire) -> [Bảo Nguyên] <STEAM_1:0:218160880>
L 09/05/2026 - 20:00:00: [FF] [Chicoarun] <STEAM_1:0:952954061> -> 16 HP bằng (boom/fire) -> [chimxanh] <STEAM_1:1:626078671>
L 09/05/2026 - 20:00:00: [FF] [Chicoarun] <STEAM_1:0:952954061> -> 16 HP bằng (boom/fire) -> [Bảo Nguyên] <STEAM_1:0:218160880>
L 09/05/2026 - 20:00:00: [FF] [Chicoarun] <STEAM_1:0:952954061> -> 16 HP bằng (boom/fire) -> [chimxanh] <STEAM_1:1:626078671>
L 09/05/2026 - 20:00:00: [HẠ GỤC] Chicoarun <STEAM_1:0:952954061> đã hạ gục Bảo Nguyên <STEAM_1:0:218160880> bằng (boom/fire)
L 09/05/2026 - 20:00:00: [FF] [Chicoarun] <STEAM_1:0:952954061> -> 16 HP bằng (boom/fire) -> [Bảo Nguyên] <STEAM_1:0:218160880>
L 09/05/2026 - 20:00:00: [FF] [Chicoarun] <STEAM_1:0:952954061> -> 16 HP bằng (boom/fire) -> [Bảo Nguyên] <STEAM_1:0:218160880>
L 09/05/2026 - 20:00:01: [FF] [Chicoarun] <STEAM_1:0:952954061> -> 16 HP bằng (boom/fire) -> [Bảo Nguyên] <STEAM_1:0:218160880>
L 09/05/2026 - 20:00:01: [FF] [Chicoarun] <STEAM_1:0:952954061> -> 16 HP bằng (boom/fire) -> [Holo 40k] <STEAM_1:1:925049770>
L 09/05/2026 - 20:00:01: [KILL] Chicoarun <STEAM_1:0:952954061> đã giết Holo 40k <STEAM_1:1:925049770> bằng (boom/fire)
L 09/05/2026 - 20:00:01: [FF] [Chicoarun] <STEAM_1:0:952954061> -> 16 HP bằng (boom/fire) -> [Bảo Nguyên] <STEAM_1:0:218160880>
L 09/05/2026 - 20:00:01: [HẠ GỤC] Tank <BOT> đã hạ gục None :D <STEAM_1:0:578030381> bằng (môi trường/khác)
L 09/05/2026 - 20:00:01: [FF] [Chicoarun] <STEAM_1:0:952954061> -> 16 HP bằng (boom/fire) -> [Bảo Nguyên] <STEAM_1:0:218160880>
L 09/05/2026 - 20:00:01: [FF] [Chicoarun] <STEAM_1:0:952954061> -> 16 HP bằng (boom/fire) -> [Bảo Nguyên] <STEAM_1:0:218160880>
L 09/05/2026 - 20:00:02: [FF] [Chicoarun] <STEAM_1:0:952954061> -> 16 HP bằng (boom/fire) -> [Bảo Nguyên] <STEAM_1:0:218160880>
L 09/05/2026 - 20:00:02: [FF] [Chicoarun] <STEAM_1:0:952954061> -> 16 HP bằng (boom/fire) -> [Bảo Nguyên] <STEAM_1:0:218160880>
L 09/05/2026 - 20:00:02: [FF] [Chicoarun] <STEAM_1:0:952954061> -> 16 HP bằng (boom/fire) -> [Bảo Nguyên] <STEAM_1:0:218160880>
L 09/05/2026 - 20:00:08: [FF] [Chicoarun] <STEAM_1:0:952954061> -> 16 HP bằng (boom/fire) -> [Rïçēz] <STEAM_1:1:558962692>
L 09/05/2026 - 20:00:11: [FF] [Curren Bouquetd'or] <STEAM_1:1:524205977> -> 1 HP bằng (môi trường/khác) -> [chimxanh] <STEAM_1:1:626078671>
L 09/05/2026 - 20:00:11: [HẠ GỤC] Zombie/Witch/Môi trường <N/A> đã hạ gục LmaoLmao <STEAM_1:0:606728972> bằng (môi trường/khác)
L 09/05/2026 - 20:00:38: [HẠ GỤC] Tank <BOT> đã hạ gục Bảo Nguyên <STEAM_1:0:218160880> bằng (zombie cào/đấm)
L 09/05/2026 - 20:00:42: [KILL] Tank <BOT> đã giết LmaoLmao <STEAM_1:0:606728972> bằng (môi trường/khác)
L 09/05/2026 - 20:01:00: [FF] [KeroN] <STEAM_1:1:161759963> -> 5 HP bằng (súng) -> [Curren Bouquetd'or] <STEAM_1:1:524205977>
L 09/05/2026 - 20:01:04: [HẠ GỤC] Tank <BOT> đã hạ gục Rïçēz <STEAM_1:1:558962692> bằng (zombie cào/đấm)
L 09/05/2026 - 20:01:04: [FF] [None :D] <STEAM_1:0:578030381> -> 5 HP bằng (súng) -> [Rïçēz] <STEAM_1:1:558962692>
L 09/05/2026 - 20:01:05: [FF] [None :D] <STEAM_1:0:578030381> -> 5 HP bằng (súng) -> [KeroN] <STEAM_1:1:161759963>
L 09/05/2026 - 20:01:05: [FF] [None :D] <STEAM_1:0:578030381> -> 5 HP bằng (súng) -> [KeroN] <STEAM_1:1:161759963>
L 09/05/2026 - 20:01:05: [FF] [None :D] <STEAM_1:0:578030381> -> 5 HP bằng (súng) -> [Rïçēz] <STEAM_1:1:558962692>
L 09/05/2026 - 20:01:10: [HẠ GỤC] Tank <BOT> đã hạ gục Chicoarun <STEAM_1:0:952954061> bằng (zombie cào/đấm)
L 09/05/2026 - 20:01:13: [HẠ GỤC] Tank <BOT> đã hạ gục KeroN <STEAM_1:1:161759963> bằng (môi trường/khác)
L 09/05/2026 - 20:01:21: [FF] [chimxanh] <STEAM_1:1:626078671> -> 5 HP bằng (súng) -> [Bảo Nguyên] <STEAM_1:0:218160880>
L 09/05/2026 - 20:01:21: [FF] [chimxanh] <STEAM_1:1:626078671> -> 5 HP bằng (súng) -> [Bảo Nguyên] <STEAM_1:0:218160880>
L 09/05/2026 - 20:01:21: [FF] [chimxanh] <STEAM_1:1:626078671> -> 5 HP bằng (súng) -> [Bảo Nguyên] <STEAM_1:0:218160880>
L 09/05/2026 - 20:01:21: [FF] [chimxanh] <STEAM_1:1:626078671> -> 5 HP bằng (súng) -> [Bảo Nguyên] <STEAM_1:0:218160880>
L 09/05/2026 - 20:01:22: [FF] [chimxanh] <STEAM_1:1:626078671> -> 5 HP bằng (súng) -> [Bảo Nguyên] <STEAM_1:0:218160880>
L 09/05/2026 - 20:01:54: [HẠ GỤC] Tank <BOT> đã hạ gục Rïçēz <STEAM_1:1:558962692> bằng (môi trường/khác)
L 09/05/2026 - 20:01:55: [FF] [chimxanh] <STEAM_1:1:626078671> -> 5 HP bằng (súng) -> [Curren Bouquetd'or] <STEAM_1:1:524205977>
L 09/05/2026 - 20:01:55: [FF] [chimxanh] <STEAM_1:1:626078671> -> 5 HP bằng (súng) -> [Curren Bouquetd'or] <STEAM_1:1:524205977>
L 09/05/2026 - 20:02:02: [FF] [chimxanh] <STEAM_1:1:626078671> -> 5 HP bằng (súng) -> [Chicoarun] <STEAM_1:0:952954061>
L 09/05/2026 - 20:02:02: [FF] [chimxanh] <STEAM_1:1:626078671> -> 5 HP bằng (súng) -> [Chicoarun] <STEAM_1:0:952954061>
L 09/05/2026 - 20:02:02: [FF] [chimxanh] <STEAM_1:1:626078671> -> 5 HP bằng (súng) -> [Chicoarun] <STEAM_1:0:952954061>
L 09/05/2026 - 20:02:23: [HẠ GỤC] Tank <BOT> đã hạ gục KeroN <STEAM_1:1:161759963> bằng (môi trường/khác)
L 09/05/2026 - 20:02:29: [HẠ GỤC] Tank <BOT> đã hạ gục LmaoLmao <STEAM_1:0:606728972> bằng (môi trường/khác)
L 09/05/2026 - 20:02:48: [FF] [Holo 40k] <STEAM_1:1:925049770> -> 10 HP bằng (môi trường/khác) -> [Bảo Nguyên] <STEAM_1:0:218160880>
L 09/05/2026 - 20:02:48: [FF] [Holo 40k] <STEAM_1:1:925049770> -> 10 HP bằng (môi trường/khác) -> [Bảo Nguyên] <STEAM_1:0:218160880>
L 09/05/2026 - 20:02:48: [FF] [Holo 40k] <STEAM_1:1:925049770> -> 10 HP bằng (môi trường/khác) -> [Bảo Nguyên] <STEAM_1:0:218160880>
L 09/05/2026 - 20:02:49: [HẠ GỤC] Tank <BOT> đã hạ gục Chicoarun <STEAM_1:0:952954061> bằng (môi trường/khác)
L 09/05/2026 - 20:02:53: [FF] [KeroN] <STEAM_1:1:161759963> -> 5 HP bằng (súng) -> [None :D] <STEAM_1:0:578030381>
L 09/05/2026 - 20:02:53: [HẠ GỤC] Tank <BOT> đã hạ gục Bảo Nguyên <STEAM_1:0:218160880> bằng (môi trường/khác)
L 09/05/2026 - 20:02:56: [FF] [chimxanh] <STEAM_1:1:626078671> -> 5 HP bằng (súng) -> [LmaoLmao] <STEAM_1:0:606728972>
L 09/05/2026 - 20:02:56: [KILL] Tank <BOT> đã giết chimxanh <STEAM_1:1:626078671> bằng (môi trường/khác)
L 09/05/2026 - 20:02:57: [HẠ GỤC] Tank <BOT> đã hạ gục LmaoLmao <STEAM_1:0:606728972> bằng (zombie cào/đấm)
L 09/05/2026 - 20:03:00: [FF] [Chicoarun] <STEAM_1:0:952954061> -> 1 HP bằng (súng) -> [Lê Hải] <STEAM_1:0:471595906>
L 09/05/2026 - 20:03:00: [FF] [Chicoarun] <STEAM_1:0:952954061> -> 1 HP bằng (súng) -> [Lê Hải] <STEAM_1:0:471595906>
L 09/05/2026 - 20:03:00: [FF] [Chicoarun] <STEAM_1:0:952954061> -> 1 HP bằng (súng) -> [Lê Hải] <STEAM_1:0:471595906>
L 09/05/2026 - 20:03:00: [FF] [Chicoarun] <STEAM_1:0:952954061> -> 1 HP bằng (súng) -> [Lê Hải] <STEAM_1:0:471595906>
L 09/05/2026 - 20:03:00: [FF] [Chicoarun] <STEAM_1:0:952954061> -> 1 HP bằng (súng) -> [Lê Hải] <STEAM_1:0:471595906>
L 09/05/2026 - 20:03:00: [FF] [Chicoarun] <STEAM_1:0:952954061> -> 1 HP bằng (súng) -> [Lê Hải] <STEAM_1:0:471595906>
L 09/05/2026 - 20:03:00: [FF] [Chicoarun] <STEAM_1:0:952954061> -> 1 HP bằng (súng) -> [Lê Hải] <STEAM_1:0:471595906>
L 09/05/2026 - 20:03:00: [FF] [Chicoarun] <STEAM_1:0:952954061> -> 1 HP bằng (súng) -> [Lê Hải] <STEAM_1:0:471595906>
L 09/05/2026 - 20:03:00: [FF] [Chicoarun] <STEAM_1:0:952954061> -> 1 HP bằng (súng) -> [Lê Hải] <STEAM_1:0:471595906>
L 09/05/2026 - 20:03:00: [FF] [Chicoarun] <STEAM_1:0:952954061> -> 1 HP bằng (súng) -> [Lê Hải] <STEAM_1:0:471595906>
L 09/05/2026 - 20:03:00: [FF] [Chicoarun] <STEAM_1:0:952954061> -> 1 HP bằng (súng) -> [Lê Hải] <STEAM_1:0:471595906>
L 09/05/2026 - 20:03:09: [HẠ GỤC] Tank <BOT> đã hạ gục Holo 40k <STEAM_1:1:925049770> bằng (môi trường/khác)
L 09/05/2026 - 20:03:20: [FF] [None :D] <STEAM_1:0:578030381> -> 5 HP bằng (súng) -> [Holo 40k] <STEAM_1:1:925049770>
L 09/05/2026 - 20:03:20: [FF] [None :D] <STEAM_1:0:578030381> -> 5 HP bằng (súng) -> [Holo 40k] <STEAM_1:1:925049770>
L 09/05/2026 - 20:03:24: [FF] [None :D] <STEAM_1:0:578030381> -> 5 HP bằng (súng) -> [Chicoarun] <STEAM_1:0:952954061>
L 09/05/2026 - 20:03:26: [FF] [None :D] <STEAM_1:0:578030381> -> 5 HP bằng (súng) -> [Lê Hải] <STEAM_1:0:471595906>
L 09/05/2026 - 20:03:30: [FF] [Curren Bouquetd'or] <STEAM_1:1:524205977> -> 5 HP bằng (súng) -> [Rïçēz] <STEAM_1:1:558962692>
L 09/05/2026 - 20:03:30: [FF] [Curren Bouquetd'or] <STEAM_1:1:524205977> -> 5 HP bằng (súng) -> [Holo 40k] <STEAM_1:1:925049770>
L 09/05/2026 - 20:03:32: [FF] [Curren Bouquetd'or] <STEAM_1:1:524205977> -> 5 HP bằng (súng) -> [Rïçēz] <STEAM_1:1:558962692>
L 09/05/2026 - 20:03:32: [FF] [LmaoLmao] <STEAM_1:0:606728972> -> 5 HP bằng (súng) -> [Curren Bouquetd'or] <STEAM_1:1:524205977>
L 09/05/2026 - 20:03:32: [FF] [LmaoLmao] <STEAM_1:0:606728972> -> 5 HP bằng (súng) -> [Curren Bouquetd'or] <STEAM_1:1:524205977>
L 09/05/2026 - 20:03:33: [FF] [Lê Hải] <STEAM_1:0:471595906> -> 5 HP bằng (súng) -> [Bảo Nguyên] <STEAM_1:0:218160880>
L 09/05/2026 - 20:03:33: [FF] [Lê Hải] <STEAM_1:0:471595906> -> 5 HP bằng (súng) -> [Bảo Nguyên] <STEAM_1:0:218160880>
L 09/05/2026 - 20:03:33: [FF] [Lê Hải] <STEAM_1:0:471595906> -> 5 HP bằng (súng) -> [Bảo Nguyên] <STEAM_1:0:218160880>
L 09/05/2026 - 20:03:34: [FF] [Lê Hải] <STEAM_1:0:471595906> -> 5 HP bằng (súng) -> [Bảo Nguyên] <STEAM_1:0:218160880>
L 09/05/2026 - 20:03:34: [FF] [Lê Hải] <STEAM_1:0:471595906> -> 5 HP bằng (súng) -> [Bảo Nguyên] <STEAM_1:0:218160880>
L 09/05/2026 - 20:03:37: [FF] [Curren Bouquetd'or] <STEAM_1:1:524205977> -> 5 HP bằng (súng) -> [Holo 40k] <STEAM_1:1:925049770>
L 09/05/2026 - 20:03:38: [HẠ GỤC] Tank <BOT> đã hạ gục Rïçēz <STEAM_1:1:558962692> bằng (môi trường/khác)
L 09/05/2026 - 20:03:39: [HẠ GỤC] Tank <BOT> đã hạ gục Holo 40k <STEAM_1:1:925049770> bằng (môi trường/khác)
L 09/05/2026 - 20:03:41: [FF] [LmaoLmao] <STEAM_1:0:606728972> -> 5 HP bằng (súng) -> [Holo 40k] <STEAM_1:1:925049770>
L 09/05/2026 - 20:03:41: [FF] [Curren Bouquetd'or] <STEAM_1:1:524205977> -> 5 HP bằng (súng) -> [Holo 40k] <STEAM_1:1:925049770>
L 09/05/2026 - 20:03:41: [FF] [LmaoLmao] <STEAM_1:0:606728972> -> 5 HP bằng (súng) -> [Holo 40k] <STEAM_1:1:925049770>
L 09/05/2026 - 20:03:41: [FF] [Curren Bouquetd'or] <STEAM_1:1:524205977> -> 5 HP bằng (súng) -> [Holo 40k] <STEAM_1:1:925049770>
L 09/05/2026 - 20:03:41: [FF] [Curren Bouquetd'or] <STEAM_1:1:524205977> -> 5 HP bằng (súng) -> [Holo 40k] <STEAM_1:1:925049770>
L 09/05/2026 - 20:03:46: [HẠ GỤC] Zombie/Witch/Môi trường <N/A> đã hạ gục Bảo Nguyên <STEAM_1:0:218160880> bằng (môi trường/khác)
L 09/05/2026 - 20:03:54: [HẠ GỤC] Tank <BOT> đã hạ gục Lê Hải <STEAM_1:0:471595906> bằng (môi trường/khác)
L 09/05/2026 - 20:03:59: [HẠ GỤC] Tank <BOT> đã hạ gục KeroN <STEAM_1:1:161759963> bằng (môi trường/khác)
L 09/05/2026 - 20:04:00: [HẠ GỤC] Tank <BOT> đã hạ gục nikola25645 <STEAM_1:1:782248349> bằng (zombie cào/đấm)
L 09/05/2026 - 20:04:09: [KILL] Tank <BOT> đã giết Holo 40k <STEAM_1:1:925049770> bằng (môi trường/khác)
L 09/05/2026 - 20:04:14: [HẠ GỤC] Tank <BOT> đã hạ gục nikola25645 <STEAM_1:1:782248349> bằng (môi trường/khác)
L 09/05/2026 - 20:04:15: [FF] [KeroN] <STEAM_1:1:161759963> -> 5 HP bằng (súng) -> [nikola25645] <STEAM_1:1:782248349>
L 09/05/2026 - 20:04:15: [FF] [KeroN] <STEAM_1:1:161759963> -> 5 HP bằng (súng) -> [nikola25645] <STEAM_1:1:782248349>
L 09/05/2026 - 20:04:16: [FF] [Rïçēz] <STEAM_1:1:558962692> -> 10 HP bằng (môi trường/khác) -> [Bảo Nguyên] <STEAM_1:0:218160880>
L 09/05/2026 - 20:04:16: [FF] [Rïçēz] <STEAM_1:1:558962692> -> 10 HP bằng (môi trường/khác) -> [Bảo Nguyên] <STEAM_1:0:218160880>
L 09/05/2026 - 20:04:16: [FF] [Rïçēz] <STEAM_1:1:558962692> -> 10 HP bằng (môi trường/khác) -> [Bảo Nguyên] <STEAM_1:0:218160880>
L 09/05/2026 - 20:04:16: [FF] [Rïçēz] <STEAM_1:1:558962692> -> 10 HP bằng (môi trường/khác) -> [Bảo Nguyên] <STEAM_1:0:218160880>
L 09/05/2026 - 20:04:16: [HẠ GỤC] Rïçēz <STEAM_1:1:558962692> đã hạ gục Bảo Nguyên <STEAM_1:0:218160880> bằng (môi trường/khác)
L 09/05/2026 - 20:04:18: [HẠ GỤC] Tank <BOT> đã hạ gục chimxanh <STEAM_1:1:626078671> bằng (môi trường/khác)
L 09/05/2026 - 20:04:27: [FF] [KeroN] <STEAM_1:1:161759963> -> 5 HP bằng (súng) -> [LmaoLmao] <STEAM_1:0:606728972>
L 09/05/2026 - 20:04:30: [KILL] Tank <BOT> đã giết LmaoLmao <STEAM_1:0:606728972> bằng (môi trường/khác)
L 09/05/2026 - 20:04:36: [HẠ GỤC] Tank <BOT> đã hạ gục Rïçēz <STEAM_1:1:558962692> bằng (môi trường/khác)
L 09/05/2026 - 20:04:45: [HẠ GỤC] Tank <BOT> đã hạ gục Curren Bouquetd'or <STEAM_1:1:524205977> bằng (môi trường/khác)
L 09/05/2026 - 20:04:56: [KILL] Tank <BOT> đã giết nikola25645 <STEAM_1:1:782248349> bằng (môi trường/khác)
L 09/05/2026 - 20:05:12: [KILL] Tank <BOT> đã giết Bảo Nguyên <STEAM_1:0:218160880> bằng (môi trường/khác)
L 09/05/2026 - 20:05:19: [FF] [Chicoarun] <STEAM_1:0:952954061> -> 1 HP bằng (súng) -> [Holo 40k] <STEAM_1:1:925049770>
L 09/05/2026 - 20:05:21: [FF] [Chicoarun] <STEAM_1:0:952954061> -> 3 HP bằng (súng) -> [Holo 40k] <STEAM_1:1:925049770>
L 09/05/2026 - 20:05:25: [HẠ GỤC] Tank <BOT> đã hạ gục Holo 40k <STEAM_1:1:925049770> bằng (môi trường/khác)
L 09/05/2026 - 20:05:27: [KILL] Zombie/Witch/Môi trường <N/A> đã giết Chicoarun <STEAM_1:0:952954061> bằng (môi trường/khác)
L 09/05/2026 - 20:05:37: [HẠ GỤC] Tank <BOT> đã hạ gục Curren Bouquetd'or <STEAM_1:1:524205977> bằng (môi trường/khác)
L 09/05/2026 - 20:05:46: [FF] [Rïçēz] <STEAM_1:1:558962692> -> 5 HP bằng (súng) -> [Holo 40k] <STEAM_1:1:925049770>
L 09/05/2026 - 20:05:52: [FF] [None :D] <STEAM_1:0:578030381> -> 5 HP bằng (súng) -> [Holo 40k] <STEAM_1:1:925049770>
L 09/05/2026 - 20:06:05: [FF] [Rïçēz] <STEAM_1:1:558962692> -> 5 HP bằng (súng) -> [nikola25645] <STEAM_1:1:782248349>
L 09/05/2026 - 20:06:05: [FF] [Rïçēz] <STEAM_1:1:558962692> -> 5 HP bằng (súng) -> [nikola25645] <STEAM_1:1:782248349>
L 09/05/2026 - 20:06:05: [FF] [Rïçēz] <STEAM_1:1:558962692> -> 5 HP bằng (súng) -> [nikola25645] <STEAM_1:1:782248349>
L 09/05/2026 - 20:06:05: [FF] [Rïçēz] <STEAM_1:1:558962692> -> 5 HP bằng (súng) -> [nikola25645] <STEAM_1:1:782248349>
L 09/05/2026 - 20:06:05: [FF] [Rïçēz] <STEAM_1:1:558962692> -> 5 HP bằng (súng) -> [nikola25645] <STEAM_1:1:782248349>
L 09/05/2026 - 20:06:05: [FF] [Rïçēz] <STEAM_1:1:558962692> -> 5 HP bằng (súng) -> [nikola25645] <STEAM_1:1:782248349>
L 09/05/2026 - 20:06:05: [FF] [Rïçēz] <STEAM_1:1:558962692> -> 5 HP bằng (súng) -> [nikola25645] <STEAM_1:1:782248349>
L 09/05/2026 - 20:06:05: [FF] [Rïçēz] <STEAM_1:1:558962692> -> 5 HP bằng (súng) -> [nikola25645] <STEAM_1:1:782248349>
L 09/05/2026 - 20:06:05: [FF] [Rïçēz] <STEAM_1:1:558962692> -> 5 HP bằng (súng) -> [nikola25645] <STEAM_1:1:782248349>
L 09/05/2026 - 20:06:05: [FF] [Rïçēz] <STEAM_1:1:558962692> -> 5 HP bằng (súng) -> [nikola25645] <STEAM_1:1:782248349>
L 09/05/2026 - 20:06:08: [FF] [LmaoLmao] <STEAM_1:0:606728972> -> 5 HP bằng (súng) -> [chimxanh] <STEAM_1:1:626078671>
L 09/05/2026 - 20:06:09: [FF] [None :D] <STEAM_1:0:578030381> -> 6 HP bằng (súng) -> [LmaoLmao] <STEAM_1:0:606728972>
L 09/05/2026 - 20:06:10: [FF] [KeroN] <STEAM_1:1:161759963> -> 22 HP bằng (súng) -> [LmaoLmao] <STEAM_1:0:606728972>
L 09/05/2026 - 20:06:11: [HẠ GỤC] Tank <BOT> đã hạ gục nikola25645 <STEAM_1:1:782248349> bằng (môi trường/khác)
L 09/05/2026 - 20:06:12: [HẠ GỤC] Tank <BOT> đã hạ gục LmaoLmao <STEAM_1:0:606728972> bằng (môi trường/khác)
L 09/05/2026 - 20:06:13: [HẠ GỤC] Tank <BOT> đã hạ gục Holo 40k <STEAM_1:1:925049770> bằng (môi trường/khác)
L 09/05/2026 - 20:06:26: [KILL] Zombie/Witch/Môi trường <N/A> đã giết Lê Hải <STEAM_1:0:471595906> bằng (môi trường/khác)
L 09/05/2026 - 20:06:43: [FF] [Bảo Nguyên] <STEAM_1:0:218160880> -> 5 HP bằng (melee) -> [KeroN] <STEAM_1:1:161759963>
L 09/05/2026 - 20:06:45: [FF] [nikola25645] <STEAM_1:1:782248349> -> 1 HP bằng (súng) -> [Rïçēz] <STEAM_1:1:558962692>
L 09/05/2026 - 20:07:00: [FF] [nikola25645] <STEAM_1:1:782248349> -> 1 HP bằng (súng) -> [Curren Bouquetd'or] <STEAM_1:1:524205977>
L 09/05/2026 - 20:07:10: [FF] [KeroN] <STEAM_1:1:161759963> -> 2 HP bằng (súng) -> [chimxanh] <STEAM_1:1:626078671>
L 09/05/2026 - 20:07:19: [FF] [KeroN] <STEAM_1:1:161759963> -> 13 HP bằng (súng) -> [Curren Bouquetd'or] <STEAM_1:1:524205977>
L 09/05/2026 - 20:07:35: [FF] [KeroN] <STEAM_1:1:161759963> -> 2 HP bằng (súng) -> [Curren Bouquetd'or] <STEAM_1:1:524205977>
L 09/05/2026 - 20:07:48: [FF] [Rïçēz] <STEAM_1:1:558962692> -> 5 HP bằng (súng) -> [chimxanh] <STEAM_1:1:626078671>
L 09/05/2026 - 20:07:50: [KILL] Zombie/Witch/Môi trường <N/A> đã giết Chicoarun <STEAM_1:0:952954061> bằng (zombie cào/đấm)
L 09/05/2026 - 20:07:53: [FF] [Holo 40k] <STEAM_1:1:925049770> -> 7 HP bằng (melee) -> [chimxanh] <STEAM_1:1:626078671>
L 09/05/2026 - 20:07:53: [KILL] Zombie/Witch/Môi trường <N/A> đã giết nikola25645 <STEAM_1:1:782248349> bằng (boom/fire)
L 09/05/2026 - 20:07:55: [FF] [Rïçēz] <STEAM_1:1:558962692> -> 5 HP bằng (súng) -> [chimxanh] <STEAM_1:1:626078671>
L 09/05/2026 - 20:07:55: [FF] [Rïçēz] <STEAM_1:1:558962692> -> 5 HP bằng (súng) -> [chimxanh] <STEAM_1:1:626078671>
L 09/05/2026 - 20:07:56: [FF] [Curren Bouquetd'or] <STEAM_1:1:524205977> -> 7 HP bằng (melee) -> [Holo 40k] <STEAM_1:1:925049770>
L 09/05/2026 - 20:07:56: [FF] [Rïçēz] <STEAM_1:1:558962692> -> 5 HP bằng (súng) -> [Curren Bouquetd'or] <STEAM_1:1:524205977>
L 09/05/2026 - 20:07:56: [FF] [Rïçēz] <STEAM_1:1:558962692> -> 5 HP bằng (súng) -> [Curren Bouquetd'or] <STEAM_1:1:524205977>
L 09/05/2026 - 20:07:56: [FF] [Rïçēz] <STEAM_1:1:558962692> -> 5 HP bằng (súng) -> [Curren Bouquetd'or] <STEAM_1:1:524205977>
L 09/05/2026 - 20:07:56: [FF] [Rïçēz] <STEAM_1:1:558962692> -> 5 HP bằng (súng) -> [Curren Bouquetd'or] <STEAM_1:1:524205977>
L 09/05/2026 - 20:07:57: [FF] [Rïçēz] <STEAM_1:1:558962692> -> 5 HP bằng (súng) -> [Curren Bouquetd'or] <STEAM_1:1:524205977>
L 09/05/2026 - 20:07:57: [FF] [Rïçēz] <STEAM_1:1:558962692> -> 5 HP bằng (súng) -> [Curren Bouquetd'or] <STEAM_1:1:524205977>
L 09/05/2026 - 20:07:57: [FF] [Rïçēz] <STEAM_1:1:558962692> -> 5 HP bằng (súng) -> [Curren Bouquetd'or] <STEAM_1:1:524205977>
L 09/05/2026 - 20:07:57: [FF] [Rïçēz] <STEAM_1:1:558962692> -> 5 HP bằng (súng) -> [chimxanh] <STEAM_1:1:626078671>
L 09/05/2026 - 20:07:57: [FF] [Rïçēz] <STEAM_1:1:558962692> -> 5 HP bằng (súng) -> [Curren Bouquetd'or] <STEAM_1:1:524205977>
L 09/05/2026 - 20:07:57: [FF] [Rïçēz] <STEAM_1:1:558962692> -> 5 HP bằng (súng) -> [Curren Bouquetd'or] <STEAM_1:1:524205977>
L 09/05/2026 - 20:07:57: [FF] [LmaoLmao] <STEAM_1:0:606728972> -> 5 HP bằng (melee) -> [Curren Bouquetd'or] <STEAM_1:1:524205977>
L 09/05/2026 - 20:07:57: [FF] [Rïçēz] <STEAM_1:1:558962692> -> 5 HP bằng (súng) -> [LmaoLmao] <STEAM_1:0:606728972>
L 09/05/2026 - 20:07:57: [FF] [Rïçēz] <STEAM_1:1:558962692> -> 5 HP bằng (súng) -> [LmaoLmao] <STEAM_1:0:606728972>
L 09/05/2026 - 20:07:58: [FF] [Rïçēz] <STEAM_1:1:558962692> -> 5 HP bằng (súng) -> [Curren Bouquetd'or] <STEAM_1:1:524205977>
L 09/05/2026 - 20:07:58: [FF] [chimxanh] <STEAM_1:1:626078671> -> 5 HP bằng (melee) -> [Holo 40k] <STEAM_1:1:925049770>
L 09/05/2026 - 20:07:58: [FF] [Rïçēz] <STEAM_1:1:558962692> -> 5 HP bằng (súng) -> [chimxanh] <STEAM_1:1:626078671>
L 09/05/2026 - 20:07:58: [FF] [Rïçēz] <STEAM_1:1:558962692> -> 5 HP bằng (súng) -> [Holo 40k] <STEAM_1:1:925049770>
L 09/05/2026 - 20:07:58: [FF] [Rïçēz] <STEAM_1:1:558962692> -> 5 HP bằng (súng) -> [Holo 40k] <STEAM_1:1:925049770>
L 09/05/2026 - 20:07:58: [FF] [Rïçēz] <STEAM_1:1:558962692> -> 5 HP bằng (súng) -> [chimxanh] <STEAM_1:1:626078671>
L 09/05/2026 - 20:07:58: [FF] [Lê Hải] <STEAM_1:0:471595906> -> 5 HP bằng (súng) -> [Curren Bouquetd'or] <STEAM_1:1:524205977>
L 09/05/2026 - 20:07:58: [FF] [Lê Hải] <STEAM_1:0:471595906> -> 5 HP bằng (súng) -> [Curren Bouquetd'or] <STEAM_1:1:524205977>
L 09/05/2026 - 20:07:59: [FF] [Lê Hải] <STEAM_1:0:471595906> -> 5 HP bằng (súng) -> [Curren Bouquetd'or] <STEAM_1:1:524205977>
L 09/05/2026 - 20:07:59: [KILL] Zombie/Witch/Môi trường <N/A> đã giết chimxanh <STEAM_1:1:626078671> bằng (zombie cào/đấm)
L 09/05/2026 - 20:07:59: [FF] [Lê Hải] <STEAM_1:0:471595906> -> 5 HP bằng (súng) -> [Curren Bouquetd'or] <STEAM_1:1:524205977>
L 09/05/2026 - 20:07:59: [FF] [Lê Hải] <STEAM_1:0:471595906> -> 5 HP bằng (súng) -> [Curren Bouquetd'or] <STEAM_1:1:524205977>
L 09/05/2026 - 20:08:00: [FF] [Lê Hải] <STEAM_1:0:471595906> -> 5 HP bằng (súng) -> [Curren Bouquetd'or] <STEAM_1:1:524205977>
L 09/05/2026 - 20:08:00: [FF] [KeroN] <STEAM_1:1:161759963> -> 22 HP bằng (súng) -> [LmaoLmao] <STEAM_1:0:606728972>
L 09/05/2026 - 20:08:00: [FF] [Lê Hải] <STEAM_1:0:471595906> -> 5 HP bằng (súng) -> [Curren Bouquetd'or] <STEAM_1:1:524205977>
L 09/05/2026 - 20:08:07: [FF] [Curren Bouquetd'or] <STEAM_1:1:524205977> -> 5 HP bằng (súng) -> [Holo 40k] <STEAM_1:1:925049770>
L 09/05/2026 - 20:08:07: [FF] [Curren Bouquetd'or] <STEAM_1:1:524205977> -> 5 HP bằng (súng) -> [Bảo Nguyên] <STEAM_1:0:218160880>
L 09/05/2026 - 20:08:07: [FF] [Curren Bouquetd'or] <STEAM_1:1:524205977> -> 5 HP bằng (súng) -> [Bảo Nguyên] <STEAM_1:0:218160880>
L 09/05/2026 - 20:08:10: [HẠ GỤC] Zombie/Witch/Môi trường <N/A> đã hạ gục LmaoLmao <STEAM_1:0:606728972> bằng (môi trường/khác)
L 09/05/2026 - 20:08:12: [FF] [Lê Hải] <STEAM_1:0:471595906> -> 5 HP bằng (súng) -> [Curren Bouquetd'or] <STEAM_1:1:524205977>
L 09/05/2026 - 20:08:12: [FF] [Lê Hải] <STEAM_1:0:471595906> -> 5 HP bằng (súng) -> [Curren Bouquetd'or] <STEAM_1:1:524205977>
L 09/05/2026 - 20:08:16: [HẠ GỤC] Zombie/Witch/Môi trường <N/A> đã hạ gục Bảo Nguyên <STEAM_1:0:218160880> bằng (môi trường/khác)
L 09/05/2026 - 20:08:18: [FF] [Lê Hải] <STEAM_1:0:471595906> -> 6 HP bằng (súng) -> [KeroN] <STEAM_1:1:161759963>
L 09/05/2026 - 20:08:19: [FF] [None :D] <STEAM_1:0:578030381> -> 3 HP bằng (súng) -> [Bảo Nguyên] <STEAM_1:0:218160880>
L 09/05/2026 - 20:08:28: [FF] [Curren Bouquetd'or] <STEAM_1:1:524205977> -> 5 HP bằng (súng) -> [Holo 40k] <STEAM_1:1:925049770>
L 09/05/2026 - 20:08:28: [FF] [Curren Bouquetd'or] <STEAM_1:1:524205977> -> 5 HP bằng (súng) -> [Holo 40k] <STEAM_1:1:925049770>
L 09/05/2026 - 20:08:46: [FF] [Rïçēz] <STEAM_1:1:558962692> -> 1 HP bằng (môi trường/khác) -> [Bảo Nguyên] <STEAM_1:0:218160880>
L 09/05/2026 - 20:08:55: [FF] [Lê Hải] <STEAM_1:0:471595906> -> 5 HP bằng (súng) -> [LmaoLmao] <STEAM_1:0:606728972>
L 09/05/2026 - 20:08:56: [FF] [KeroN] <STEAM_1:1:161759963> -> 1 HP bằng (môi trường/khác) -> [Curren Bouquetd'or] <STEAM_1:1:524205977>
L 09/05/2026 - 20:08:56: [FF] [KeroN] <STEAM_1:1:161759963> -> 1 HP bằng (môi trường/khác) -> [LmaoLmao] <STEAM_1:0:606728972>
L 09/05/2026 - 20:08:56: [FF] [KeroN] <STEAM_1:1:161759963> -> 1 HP bằng (môi trường/khác) -> [Bảo Nguyên] <STEAM_1:0:218160880>
L 09/05/2026 - 20:09:02: [HẠ GỤC] Zombie/Witch/Môi trường <N/A> đã hạ gục Curren Bouquetd'or <STEAM_1:1:524205977> bằng (môi trường/khác)
L 09/05/2026 - 20:09:03: [FF] [Lê Hải] <STEAM_1:0:471595906> -> 5 HP bằng (súng) -> [KeroN] <STEAM_1:1:161759963>
L 09/05/2026 - 20:09:03: [FF] [Lê Hải] <STEAM_1:0:471595906> -> 5 HP bằng (súng) -> [KeroN] <STEAM_1:1:161759963>
L 09/05/2026 - 20:09:04: [FF] [Lê Hải] <STEAM_1:0:471595906> -> 5 HP bằng (súng) -> [KeroN] <STEAM_1:1:161759963>
L 09/05/2026 - 20:09:05: [FF] [LmaoLmao] <STEAM_1:0:606728972> -> 5 HP bằng (melee) -> [Bảo Nguyên] <STEAM_1:0:218160880>
L 09/05/2026 - 20:09:09: [HẠ GỤC] Zombie/Witch/Môi trường <N/A> đã hạ gục Bảo Nguyên <STEAM_1:0:218160880> bằng (môi trường/khác)
L 09/05/2026 - 20:09:09: [HẠ GỤC] Zombie/Witch/Môi trường <N/A> đã hạ gục LmaoLmao <STEAM_1:0:606728972> bằng (môi trường/khác)
L 09/05/2026 - 20:09:13: [FF] [Lê Hải] <STEAM_1:0:471595906> -> 5 HP bằng (súng) -> [Bảo Nguyên] <STEAM_1:0:218160880>
L 09/05/2026 - 20:09:18: [HẠ GỤC] Zombie/Witch/Môi trường <N/A> đã hạ gục chimxanh <STEAM_1:1:626078671> bằng (môi trường/khác)
L 09/05/2026 - 20:09:18: [FF] [nikola25645] <STEAM_1:1:782248349> -> 1 HP bằng (súng) -> [LmaoLmao] <STEAM_1:0:606728972>
L 09/05/2026 - 20:09:20: [FF] [nikola25645] <STEAM_1:1:782248349> -> 1 HP bằng (súng) -> [KeroN] <STEAM_1:1:161759963>
L 09/05/2026 - 20:09:21: [HẠ GỤC] Zombie/Witch/Môi trường <N/A> đã hạ gục Curren Bouquetd'or <STEAM_1:1:524205977> bằng (môi trường/khác)
L 09/05/2026 - 20:09:26: [HẠ GỤC] nikola25645 <STEAM_1:1:782248349> đã hạ gục nikola25645 <STEAM_1:1:782248349> bằng (súng)
L 09/05/2026 - 20:09:29: [FF] [Curren Bouquetd'or] <STEAM_1:1:524205977> -> 6 HP bằng (súng) -> [Chicoarun] <STEAM_1:0:952954061>
L 09/05/2026 - 20:09:29: [FF] [Curren Bouquetd'or] <STEAM_1:1:524205977> -> 6 HP bằng (súng) -> [Chicoarun] <STEAM_1:0:952954061>
L 09/05/2026 - 20:09:30: [FF] [Curren Bouquetd'or] <STEAM_1:1:524205977> -> 5 HP bằng (súng) -> [Bảo Nguyên] <STEAM_1:0:218160880>
L 09/05/2026 - 20:09:31: [FF] [Curren Bouquetd'or] <STEAM_1:1:524205977> -> 5 HP bằng (súng) -> [KeroN] <STEAM_1:1:161759963>
L 09/05/2026 - 20:09:31: [FF] [Curren Bouquetd'or] <STEAM_1:1:524205977> -> 5 HP bằng (súng) -> [KeroN] <STEAM_1:1:161759963>
L 09/05/2026 - 20:09:33: [FF] [Chicoarun] <STEAM_1:0:952954061> -> 1 HP bằng (súng) -> [KeroN] <STEAM_1:1:161759963>
L 09/05/2026 - 20:09:33: [FF] [Chicoarun] <STEAM_1:0:952954061> -> 1 HP bằng (súng) -> [KeroN] <STEAM_1:1:161759963>
L 09/05/2026 - 20:09:34: [FF] [KeroN] <STEAM_1:1:161759963> -> 45 HP bằng (súng) -> [Bảo Nguyên] <STEAM_1:0:218160880>
L 09/05/2026 - 20:09:37: [KILL] Boomer Bot <BOT> đã giết Bảo Nguyên <STEAM_1:0:218160880> bằng (zombie cào/đấm)
L 09/05/2026 - 20:09:40: [FF] [Chicoarun] <STEAM_1:0:952954061> -> 1 HP bằng (súng) -> [LmaoLmao] <STEAM_1:0:606728972>
L 09/05/2026 - 20:09:40: [FF] [KeroN] <STEAM_1:1:161759963> -> 45 HP bằng (súng) -> [None :D] <STEAM_1:0:578030381>
L 09/05/2026 - 20:09:41: [FF] [KeroN] <STEAM_1:1:161759963> -> 45 HP bằng (súng) -> [Chicoarun] <STEAM_1:0:952954061>
L 09/05/2026 - 20:09:42: [KILL] Zombie/Witch/Môi trường <N/A> đã giết LmaoLmao <STEAM_1:0:606728972> bằng (môi trường/khác)
L 09/05/2026 - 20:09:44: [FF] [nikola25645] <STEAM_1:1:782248349> -> 2 HP bằng (súng) -> [Lê Hải] <STEAM_1:0:471595906>
L 09/05/2026 - 20:09:44: [FF] [nikola25645] <STEAM_1:1:782248349> -> 2 HP bằng (súng) -> [Lê Hải] <STEAM_1:0:471595906>
L 09/05/2026 - 20:09:44: [FF] [nikola25645] <STEAM_1:1:782248349> -> 2 HP bằng (súng) -> [Lê Hải] <STEAM_1:0:471595906>
L 09/05/2026 - 20:09:44: [FF] [nikola25645] <STEAM_1:1:782248349> -> 2 HP bằng (súng) -> [Lê Hải] <STEAM_1:0:471595906>
L 09/05/2026 - 20:09:44: [HẠ GỤC] Holo 40k <STEAM_1:1:925049770> đã hạ gục Holo 40k <STEAM_1:1:925049770> bằng (súng)
L 09/05/2026 - 20:09:54: [FF] [None :D] <STEAM_1:0:578030381> -> 3 HP bằng (súng) -> [Holo 40k] <STEAM_1:1:925049770>
L 09/05/2026 - 20:09:54: [FF] [None :D] <STEAM_1:0:578030381> -> 3 HP bằng (súng) -> [Holo 40k] <STEAM_1:1:925049770>
L 09/05/2026 - 20:09:54: [FF] [None :D] <STEAM_1:0:578030381> -> 3 HP bằng (súng) -> [Holo 40k] <STEAM_1:1:925049770>
L 09/05/2026 - 20:09:54: [FF] [None :D] <STEAM_1:0:578030381> -> 3 HP bằng (súng) -> [Holo 40k] <STEAM_1:1:925049770>
L 09/05/2026 - 20:09:54: [FF] [None :D] <STEAM_1:0:578030381> -> 3 HP bằng (súng) -> [Holo 40k] <STEAM_1:1:925049770>
L 09/05/2026 - 20:09:54: [FF] [None :D] <STEAM_1:0:578030381> -> 3 HP bằng (súng) -> [Holo 40k] <STEAM_1:1:925049770>
L 09/05/2026 - 20:09:54: [FF] [None :D] <STEAM_1:0:578030381> -> 3 HP bằng (súng) -> [Holo 40k] <STEAM_1:1:925049770>
L 09/05/2026 - 20:09:54: [FF] [None :D] <STEAM_1:0:578030381> -> 3 HP bằng (súng) -> [Holo 40k] <STEAM_1:1:925049770>
L 09/05/2026 - 20:09:54: [FF] [None :D] <STEAM_1:0:578030381> -> 3 HP bằng (súng) -> [Holo 40k] <STEAM_1:1:925049770>
L 09/05/2026 - 20:09:54: [FF] [None :D] <STEAM_1:0:578030381> -> 3 HP bằng (súng) -> [Holo 40k] <STEAM_1:1:925049770>
L 09/05/2026 - 20:09:54: [FF] [None :D] <STEAM_1:0:578030381> -> 3 HP bằng (súng) -> [Holo 40k] <STEAM_1:1:925049770>
L 09/05/2026 - 20:09:55: [HẠ GỤC] Zombie/Witch/Môi trường <N/A> đã hạ gục KeroN <STEAM_1:1:161759963> bằng (môi trường/khác)
L 09/05/2026 - 20:09:55: [HẠ GỤC] Spitter Bot <BOT> đã hạ gục Holo 40k <STEAM_1:1:925049770> bằng (môi trường/khác)
L 09/05/2026 - 20:09:55: [FF] [Chicoarun] <STEAM_1:0:952954061> -> 1 HP bằng (súng) -> [Holo 40k] <STEAM_1:1:925049770>
L 09/05/2026 - 20:09:55: [FF] [Chicoarun] <STEAM_1:0:952954061> -> 2 HP bằng (súng) -> [chimxanh] <STEAM_1:1:626078671>
L 09/05/2026 - 20:09:55: [FF] [Chicoarun] <STEAM_1:0:952954061> -> 2 HP bằng (súng) -> [chimxanh] <STEAM_1:1:626078671>
L 09/05/2026 - 20:10:00: [HẠ GỤC] Spitter Bot <BOT> đã hạ gục Chicoarun <STEAM_1:0:952954061> bằng (môi trường/khác)
L 09/05/2026 - 20:10:01: [HẠ GỤC] Spitter Bot <BOT> đã hạ gục chimxanh <STEAM_1:1:626078671> bằng (môi trường/khác)
L 09/05/2026 - 20:10:31: [FF] [Rïçēz] <STEAM_1:1:558962692> -> 5 HP bằng (súng) -> [Lê Hải] <STEAM_1:0:471595906>
L 09/05/2026 - 20:10:32: [FF] [Rïçēz] <STEAM_1:1:558962692> -> 5 HP bằng (súng) -> [Lê Hải] <STEAM_1:0:471595906>
L 09/05/2026 - 20:10:35: [FF] [nikola25645] <STEAM_1:1:782248349> -> 1 HP bằng (súng) -> [chimxanh] <STEAM_1:1:626078671>
L 09/05/2026 - 20:10:36: [FF] [nikola25645] <STEAM_1:1:782248349> -> 1 HP bằng (súng) -> [chimxanh] <STEAM_1:1:626078671>
L 09/05/2026 - 20:10:36: [FF] [Curren Bouquetd'or] <STEAM_1:1:524205977> -> 5 HP bằng (súng) -> [chimxanh] <STEAM_1:1:626078671>
L 09/05/2026 - 20:10:41: [HẠ GỤC] (1)Spitter Bot <BOT> đã hạ gục KeroN <STEAM_1:1:161759963> bằng (môi trường/khác)
L 09/05/2026 - 20:10:44: [FF] [Rïçēz] <STEAM_1:1:558962692> -> 5 HP bằng (súng) -> [None :D] <STEAM_1:0:578030381>
L 09/05/2026 - 20:10:45: [FF] [Rïçēz] <STEAM_1:1:558962692> -> 5 HP bằng (súng) -> [None :D] <STEAM_1:0:578030381>
L 09/05/2026 - 20:10:45: [FF] [Rïçēz] <STEAM_1:1:558962692> -> 5 HP bằng (súng) -> [None :D] <STEAM_1:0:578030381>
L 09/05/2026 - 20:10:45: [FF] [Rïçēz] <STEAM_1:1:558962692> -> 5 HP bằng (súng) -> [None :D] <STEAM_1:0:578030381>
L 09/05/2026 - 20:11:02: [FF] [Holo 40k] <STEAM_1:1:925049770> -> 7 HP bằng (melee) -> [Curren Bouquetd'or] <STEAM_1:1:524205977>
L 09/05/2026 - 20:11:04: [FF] [Curren Bouquetd'or] <STEAM_1:1:524205977> -> 7 HP bằng (melee) -> [Holo 40k] <STEAM_1:1:925049770>
L 09/05/2026 - 20:11:05: [KILL] Zombie/Witch/Môi trường <N/A> đã giết Lê Hải <STEAM_1:0:471595906> bằng (zombie cào/đấm)
L 09/05/2026 - 20:11:05: [KILL] Zombie/Witch/Môi trường <N/A> đã giết Chicoarun <STEAM_1:0:952954061> bằng (zombie cào/đấm)
L 09/05/2026 - 20:11:06: [FF] [nikola25645] <STEAM_1:1:782248349> -> 1 HP bằng (súng) -> [LmaoLmao] <STEAM_1:0:606728972>
L 09/05/2026 - 20:11:06: [FF] [nikola25645] <STEAM_1:1:782248349> -> 1 HP bằng (súng) -> [LmaoLmao] <STEAM_1:0:606728972>
L 09/05/2026 - 20:11:07: [FF] [Rïçēz] <STEAM_1:1:558962692> -> 5 HP bằng (súng) -> [chimxanh] <STEAM_1:1:626078671>
L 09/05/2026 - 20:11:07: [FF] [Rïçēz] <STEAM_1:1:558962692> -> 5 HP bằng (súng) -> [chimxanh] <STEAM_1:1:626078671>
L 09/05/2026 - 20:11:07: [FF] [Rïçēz] <STEAM_1:1:558962692> -> 5 HP bằng (súng) -> [chimxanh] <STEAM_1:1:626078671>
L 09/05/2026 - 20:11:07: [KILL] Zombie/Witch/Môi trường <N/A> đã giết chimxanh <STEAM_1:1:626078671> bằng (zombie cào/đấm)
L 09/05/2026 - 20:11:08: [KILL] Zombie/Witch/Môi trường <N/A> đã giết nikola25645 <STEAM_1:1:782248349> bằng (zombie cào/đấm)
L 09/05/2026 - 20:11:10: [KILL] Smoker Bot <BOT> đã giết KeroN <STEAM_1:1:161759963> bằng (zombie cào/đấm)
L 09/05/2026 - 20:11:16: [KILL] Zombie/Witch/Môi trường <N/A> đã giết Bảo Nguyên <STEAM_1:0:218160880> bằng (zombie cào/đấm)
L 09/05/2026 - 20:11:17: [KILL] Zombie/Witch/Môi trường <N/A> đã giết Curren Bouquetd'or <STEAM_1:1:524205977> bằng (zombie cào/đấm)
L 09/05/2026 - 20:11:18: [FF] [None :D] <STEAM_1:0:578030381> -> 25 HP bằng (melee) -> [Holo 40k] <STEAM_1:1:925049770>
L 09/05/2026 - 20:11:19: [FF] [None :D] <STEAM_1:0:578030381> -> 25 HP bằng (melee) -> [Holo 40k] <STEAM_1:1:925049770>
L 09/05/2026 - 20:11:19: [KILL] None :D <STEAM_1:0:578030381> đã giết Holo 40k <STEAM_1:1:925049770> bằng (melee)
L 09/05/2026 - 20:11:20: [HẠ GỤC] Zombie/Witch/Môi trường <N/A> đã hạ gục None :D <STEAM_1:0:578030381> bằng (môi trường/khác)
L 09/05/2026 - 20:11:47: [FF] [LmaoLmao] <STEAM_1:0:606728972> -> 25 HP bằng (melee) -> [Rïçēz] <STEAM_1:1:558962692>
L 09/05/2026 - 20:11:56: [FF] [LmaoLmao] <STEAM_1:0:606728972> -> 25 HP bằng (melee) -> [Rïçēz] <STEAM_1:1:558962692>
L 09/05/2026 - 20:12:14: [HẠ GỤC] Zombie/Witch/Môi trường <N/A> đã hạ gục Rïçēz <STEAM_1:1:558962692> bằng (môi trường/khác)
L 09/05/2026 - 20:12:17: [FF] [LmaoLmao] <STEAM_1:0:606728972> -> 25 HP bằng (melee) -> [Lê Hải] <STEAM_1:0:471595906>
L 09/05/2026 - 20:12:17: [FF] [chimxanh] <STEAM_1:1:626078671> -> 7 HP bằng (melee) -> [Rïçēz] <STEAM_1:1:558962692>
L 09/05/2026 - 20:12:29: [FF] [Chicoarun] <STEAM_1:0:952954061> -> 1 HP bằng (súng) -> [chimxanh] <STEAM_1:1:626078671>
L 09/05/2026 - 20:12:30: [FF] [Chicoarun] <STEAM_1:0:952954061> -> 1 HP bằng (súng) -> [chimxanh] <STEAM_1:1:626078671>
L 09/05/2026 - 20:12:30: [KILL] Zombie/Witch/Môi trường <N/A> đã giết Rïçēz <STEAM_1:1:558962692> bằng (zombie cào/đấm)
L 09/05/2026 - 20:12:33: [HẠ GỤC] Zombie/Witch/Môi trường <N/A> đã hạ gục Chicoarun <STEAM_1:0:952954061> bằng (môi trường/khác)
L 09/05/2026 - 20:12:33: [HẠ GỤC] Charger Bot <BOT> đã hạ gục Holo 40k <STEAM_1:1:925049770> bằng (zombie cào/đấm)
L 09/05/2026 - 20:12:35: [HẠ GỤC] (1)Spitter Bot <BOT> đã hạ gục LmaoLmao <STEAM_1:0:606728972> bằng (môi trường/khác)
L 09/05/2026 - 20:12:36: [KILL] Zombie/Witch/Môi trường <N/A> đã giết nikola25645 <STEAM_1:1:782248349> bằng (zombie cào/đấm)
L 09/05/2026 - 20:12:40: [FF] [Curren Bouquetd'or] <STEAM_1:1:524205977> -> 3 HP bằng (súng) -> [Bảo Nguyên] <STEAM_1:0:218160880>
L 09/05/2026 - 20:12:42: [KILL] Zombie/Witch/Môi trường <N/A> đã giết Bảo Nguyên <STEAM_1:0:218160880> bằng (zombie cào/đấm)
L 09/05/2026 - 20:12:44: [FF] [None :D] <STEAM_1:0:578030381> -> 25 HP bằng (melee) -> [Curren Bouquetd'or] <STEAM_1:1:524205977>
L 09/05/2026 - 20:13:04: [HẠ GỤC] Zombie/Witch/Môi trường <N/A> đã hạ gục Lê Hải <STEAM_1:0:471595906> bằng (môi trường/khác)
L 09/05/2026 - 20:13:08: [FF] [Chicoarun] <STEAM_1:0:952954061> -> 1 HP bằng (súng) -> [None :D] <STEAM_1:0:578030381>
L 09/05/2026 - 20:13:08: [FF] [Chicoarun] <STEAM_1:0:952954061> -> 1 HP bằng (súng) -> [None :D] <STEAM_1:0:578030381>
L 09/05/2026 - 20:13:09: [FF] [KeroN] <STEAM_1:1:161759963> -> 6 HP bằng (súng) -> [LmaoLmao] <STEAM_1:0:606728972>
L 09/05/2026 - 20:13:09: [FF] [Chicoarun] <STEAM_1:0:952954061> -> 1 HP bằng (súng) -> [None :D] <STEAM_1:0:578030381>
L 09/05/2026 - 20:13:09: [FF] [KeroN] <STEAM_1:1:161759963> -> 5 HP bằng (súng) -> [None :D] <STEAM_1:0:578030381>
L 09/05/2026 - 20:13:12: [KILL] Hunter Bot <BOT> đã giết Lê Hải <STEAM_1:0:471595906> bằng (zombie cào/đấm)
L 09/05/2026 - 20:13:17: [FF] [Curren Bouquetd'or] <STEAM_1:1:524205977> -> 5 HP bằng (súng) -> [LmaoLmao] <STEAM_1:0:606728972>
L 09/05/2026 - 20:13:18: [FF] [LmaoLmao] <STEAM_1:0:606728972> -> 5 HP bằng (súng) -> [Holo 40k] <STEAM_1:1:925049770>
L 09/05/2026 - 20:13:18: [FF] [LmaoLmao] <STEAM_1:0:606728972> -> 5 HP bằng (súng) -> [Holo 40k] <STEAM_1:1:925049770>
L 09/05/2026 - 20:13:18: [FF] [LmaoLmao] <STEAM_1:0:606728972> -> 5 HP bằng (súng) -> [Holo 40k] <STEAM_1:1:925049770>
L 09/05/2026 - 20:13:18: [FF] [LmaoLmao] <STEAM_1:0:606728972> -> 5 HP bằng (súng) -> [Holo 40k] <STEAM_1:1:925049770>
L 09/05/2026 - 20:13:18: [FF] [LmaoLmao] <STEAM_1:0:606728972> -> 5 HP bằng (súng) -> [Holo 40k] <STEAM_1:1:925049770>
L 09/05/2026 - 20:13:30: [HẠ GỤC] Smoker Bot <BOT> đã hạ gục Rïçēz <STEAM_1:1:558962692> bằng (zombie cào/đấm)
L 09/05/2026 - 20:13:32: [FF] [Holo 40k] <STEAM_1:1:925049770> -> 10 HP bằng (môi trường/khác) -> [KeroN] <STEAM_1:1:161759963>
L 09/05/2026 - 20:13:33: [FF] [Holo 40k] <STEAM_1:1:925049770> -> 10 HP bằng (môi trường/khác) -> [KeroN] <STEAM_1:1:161759963>
L 09/05/2026 - 20:13:36: [FF] [None :D] <STEAM_1:0:578030381> -> 3 HP bằng (súng) -> [LmaoLmao] <STEAM_1:0:606728972>
L 09/05/2026 - 20:13:36: [FF] [None :D] <STEAM_1:0:578030381> -> 3 HP bằng (súng) -> [LmaoLmao] <STEAM_1:0:606728972>
L 09/05/2026 - 20:13:36: [FF] [None :D] <STEAM_1:0:578030381> -> 3 HP bằng (súng) -> [LmaoLmao] <STEAM_1:0:606728972>
L 09/05/2026 - 20:13:36: [FF] [None :D] <STEAM_1:0:578030381> -> 3 HP bằng (súng) -> [LmaoLmao] <STEAM_1:0:606728972>
L 09/05/2026 - 20:13:36: [FF] [Curren Bouquetd'or] <STEAM_1:1:524205977> -> 5 HP bằng (súng) -> [LmaoLmao] <STEAM_1:0:606728972>
L 09/05/2026 - 20:13:36: [FF] [Holo 40k] <STEAM_1:1:925049770> -> 10 HP bằng (môi trường/khác) -> [chimxanh] <STEAM_1:1:626078671>
L 09/05/2026 - 20:13:36: [FF] [Holo 40k] <STEAM_1:1:925049770> -> 10 HP bằng (môi trường/khác) -> [chimxanh] <STEAM_1:1:626078671>
L 09/05/2026 - 20:13:44: [HẠ GỤC] Zombie/Witch/Môi trường <N/A> đã hạ gục Chicoarun <STEAM_1:0:952954061> bằng (môi trường/khác)
L 09/05/2026 - 20:13:52: [KILL] Hunter <BOT> đã giết Chicoarun <STEAM_1:0:952954061> bằng (zombie cào/đấm)
L 09/05/2026 - 20:13:57: [KILL] Smoker Bot <BOT> đã giết Rïçēz <STEAM_1:1:558962692> bằng (zombie cào/đấm)
L 09/05/2026 - 20:14:07: [HẠ GỤC] (1)Hunter <BOT> đã hạ gục KeroN <STEAM_1:1:161759963> bằng (zombie cào/đấm)
L 09/05/2026 - 20:14:14: [HẠ GỤC] Hunter <BOT> đã hạ gục Holo 40k <STEAM_1:1:925049770> bằng (zombie cào/đấm)
L 09/05/2026 - 20:14:55: [FF] [Bảo Nguyên] <STEAM_1:0:218160880> -> 3 HP bằng (súng) -> [None :D] <STEAM_1:0:578030381>
L 09/05/2026 - 20:14:55: [FF] [Bảo Nguyên] <STEAM_1:0:218160880> -> 3 HP bằng (súng) -> [None :D] <STEAM_1:0:578030381>
L 09/05/2026 - 20:14:55: [FF] [Bảo Nguyên] <STEAM_1:0:218160880> -> 3 HP bằng (súng) -> [None :D] <STEAM_1:0:578030381>
L 09/05/2026 - 20:14:55: [FF] [Bảo Nguyên] <STEAM_1:0:218160880> -> 3 HP bằng (súng) -> [None :D] <STEAM_1:0:578030381>
L 09/05/2026 - 20:14:55: [FF] [Bảo Nguyên] <STEAM_1:0:218160880> -> 3 HP bằng (súng) -> [None :D] <STEAM_1:0:578030381>
L 09/05/2026 - 20:15:07: [FF] [KeroN] <STEAM_1:1:161759963> -> 5 HP bằng (súng) -> [Curren Bouquetd'or] <STEAM_1:1:524205977>
L 09/05/2026 - 20:15:07: [FF] [None :D] <STEAM_1:0:578030381> -> 22 HP bằng (súng) -> [Chicoarun] <STEAM_1:0:952954061>
L 09/05/2026 - 20:15:07: [FF] [Curren Bouquetd'or] <STEAM_1:1:524205977> -> 5 HP bằng (súng) -> [chimxanh] <STEAM_1:1:626078671>
L 09/05/2026 - 20:15:07: [FF] [Curren Bouquetd'or] <STEAM_1:1:524205977> -> 5 HP bằng (súng) -> [chimxanh] <STEAM_1:1:626078671>
L 09/05/2026 - 20:15:08: [FF] [Curren Bouquetd'or] <STEAM_1:1:524205977> -> 5 HP bằng (súng) -> [chimxanh] <STEAM_1:1:626078671>
L 09/05/2026 - 20:15:09: [FF] [Lê Hải] <STEAM_1:0:471595906> -> 5 HP bằng (súng) -> [chimxanh] <STEAM_1:1:626078671>
L 09/05/2026 - 20:15:09: [FF] [Lê Hải] <STEAM_1:0:471595906> -> 5 HP bằng (súng) -> [chimxanh] <STEAM_1:1:626078671>
L 09/05/2026 - 20:15:09: [FF] [Lê Hải] <STEAM_1:0:471595906> -> 5 HP bằng (súng) -> [Curren Bouquetd'or] <STEAM_1:1:524205977>
L 09/05/2026 - 20:15:10: [FF] [KeroN] <STEAM_1:1:161759963> -> 5 HP bằng (súng) -> [Curren Bouquetd'or] <STEAM_1:1:524205977>
L 09/05/2026 - 20:15:10: [FF] [KeroN] <STEAM_1:1:161759963> -> 5 HP bằng (súng) -> [Curren Bouquetd'or] <STEAM_1:1:524205977>
L 09/05/2026 - 20:15:10: [FF] [KeroN] <STEAM_1:1:161759963> -> 5 HP bằng (súng) -> [Curren Bouquetd'or] <STEAM_1:1:524205977>
L 09/05/2026 - 20:15:10: [FF] [KeroN] <STEAM_1:1:161759963> -> 5 HP bằng (súng) -> [Curren Bouquetd'or] <STEAM_1:1:524205977>
L 09/05/2026 - 20:15:10: [FF] [Lê Hải] <STEAM_1:0:471595906> -> 5 HP bằng (súng) -> [None :D] <STEAM_1:0:578030381>
L 09/05/2026 - 20:15:10: [FF] [Chicoarun] <STEAM_1:0:952954061> -> 1 HP bằng (súng) -> [LmaoLmao] <STEAM_1:0:606728972>
L 09/05/2026 - 20:15:11: [FF] [Chicoarun] <STEAM_1:0:952954061> -> 1 HP bằng (súng) -> [LmaoLmao] <STEAM_1:0:606728972>
L 09/05/2026 - 20:15:11: [FF] [LmaoLmao] <STEAM_1:0:606728972> -> 31 HP bằng (súng) -> [Holo 40k] <STEAM_1:1:925049770>
L 09/05/2026 - 20:15:14: [FF] [Chicoarun] <STEAM_1:0:952954061> -> 1 HP bằng (súng) -> [Bảo Nguyên] <STEAM_1:0:218160880>
L 09/05/2026 - 20:15:14: [FF] [Chicoarun] <STEAM_1:0:952954061> -> 1 HP bằng (súng) -> [Bảo Nguyên] <STEAM_1:0:218160880>
L 09/05/2026 - 20:15:14: [FF] [Chicoarun] <STEAM_1:0:952954061> -> 1 HP bằng (súng) -> [Bảo Nguyên] <STEAM_1:0:218160880>
L 09/05/2026 - 20:15:22: [FF] [KeroN] <STEAM_1:1:161759963> -> 5 HP bằng (súng) -> [LmaoLmao] <STEAM_1:0:606728972>
L 09/05/2026 - 20:15:22: [FF] [Curren Bouquetd'or] <STEAM_1:1:524205977> -> 5 HP bằng (súng) -> [None :D] <STEAM_1:0:578030381>
L 09/05/2026 - 20:15:23: [FF] [nikola25645] <STEAM_1:1:782248349> -> 1 HP bằng (súng) -> [None :D] <STEAM_1:0:578030381>
L 09/05/2026 - 20:15:24: [FF] [nikola25645] <STEAM_1:1:782248349> -> 1 HP bằng (súng) -> [None :D] <STEAM_1:0:578030381>
L 09/05/2026 - 20:15:24: [FF] [nikola25645] <STEAM_1:1:782248349> -> 1 HP bằng (súng) -> [None :D] <STEAM_1:0:578030381>
L 09/05/2026 - 20:15:26: [HẠ GỤC] Zombie/Witch/Môi trường <N/A> đã hạ gục LmaoLmao <STEAM_1:0:606728972> bằng (môi trường/khác)
L 09/05/2026 - 20:15:28: [HẠ GỤC] Zombie/Witch/Môi trường <N/A> đã hạ gục chimxanh <STEAM_1:1:626078671> bằng (môi trường/khác)
L 09/05/2026 - 20:15:29: [HẠ GỤC] Zombie/Witch/Môi trường <N/A> đã hạ gục Rïçēz <STEAM_1:1:558962692> bằng (môi trường/khác)
L 09/05/2026 - 20:15:53: [HẠ GỤC] Zombie/Witch/Môi trường <N/A> đã hạ gục Curren Bouquetd'or <STEAM_1:1:524205977> bằng (môi trường/khác)
L 09/05/2026 - 20:16:06: [FF] [Curren Bouquetd'or] <STEAM_1:1:524205977> -> 5 HP bằng (súng) -> [Bảo Nguyên] <STEAM_1:0:218160880>
L 09/05/2026 - 20:16:06: [FF] [Curren Bouquetd'or] <STEAM_1:1:524205977> -> 5 HP bằng (súng) -> [Bảo Nguyên] <STEAM_1:0:218160880>
L 09/05/2026 - 20:16:06: [FF] [Curren Bouquetd'or] <STEAM_1:1:524205977> -> 5 HP bằng (súng) -> [Bảo Nguyên] <STEAM_1:0:218160880>
L 09/05/2026 - 20:16:06: [FF] [Curren Bouquetd'or] <STEAM_1:1:524205977> -> 5 HP bằng (súng) -> [Bảo Nguyên] <STEAM_1:0:218160880>
L 09/05/2026 - 20:16:06: [FF] [Curren Bouquetd'or] <STEAM_1:1:524205977> -> 5 HP bằng (súng) -> [Bảo Nguyên] <STEAM_1:0:218160880>
L 09/05/2026 - 20:16:06: [FF] [Curren Bouquetd'or] <STEAM_1:1:524205977> -> 5 HP bằng (súng) -> [Bảo Nguyên] <STEAM_1:0:218160880>
L 09/05/2026 - 20:16:07: [FF] [Curren Bouquetd'or] <STEAM_1:1:524205977> -> 5 HP bằng (súng) -> [Bảo Nguyên] <STEAM_1:0:218160880>
L 09/05/2026 - 20:16:07: [FF] [Bảo Nguyên] <STEAM_1:0:218160880> -> 7 HP bằng (súng) -> [Curren Bouquetd'or] <STEAM_1:1:524205977>
L 09/05/2026 - 20:16:07: [FF] [Bảo Nguyên] <STEAM_1:0:218160880> -> 7 HP bằng (súng) -> [Curren Bouquetd'or] <STEAM_1:1:524205977>
L 09/05/2026 - 20:16:07: [FF] [Bảo Nguyên] <STEAM_1:0:218160880> -> 7 HP bằng (súng) -> [Curren Bouquetd'or] <STEAM_1:1:524205977>
L 09/05/2026 - 20:16:11: [HẠ GỤC] (1)Charger Bot <BOT> đã hạ gục Bảo Nguyên <STEAM_1:0:218160880> bằng (zombie cào/đấm)
L 09/05/2026 - 20:16:14: [FF] [Lê Hải] <STEAM_1:0:471595906> -> 6 HP bằng (súng) -> [Zoey] <BOT>
L 09/05/2026 - 20:16:34: [FF] [KeroN] <STEAM_1:1:161759963> -> 6 HP bằng (súng) -> [Holo 40k] <STEAM_1:1:925049770>
L 09/05/2026 - 20:16:35: [FF] [LmaoLmao] <STEAM_1:0:606728972> -> 45 HP bằng (súng) -> [Holo 40k] <STEAM_1:1:925049770>
L 09/05/2026 - 20:16:58: [HẠ GỤC] Zombie/Witch/Môi trường <N/A> đã hạ gục Bảo Nguyên <STEAM_1:0:218160880> bằng (môi trường/khác)
L 09/05/2026 - 20:17:23: [FF] [Chicoarun] <STEAM_1:0:952954061> -> 1 HP bằng (môi trường/khác) -> [Curren Bouquetd'or] <STEAM_1:1:524205977>
L 09/05/2026 - 20:17:25: [HẠ GỤC] Zombie/Witch/Môi trường <N/A> đã hạ gục Curren Bouquetd'or <STEAM_1:1:524205977> bằng (môi trường/khác)
L 09/05/2026 - 20:17:27: [FF] [Chicoarun] <STEAM_1:0:952954061> -> 1 HP bằng (súng) -> [Curren Bouquetd'or] <STEAM_1:1:524205977>
L 09/05/2026 - 20:17:27: [FF] [Chicoarun] <STEAM_1:0:952954061> -> 1 HP bằng (súng) -> [Curren Bouquetd'or] <STEAM_1:1:524205977>
L 09/05/2026 - 20:17:29: [FF] [None :D] <STEAM_1:0:578030381> -> 10 HP bằng (môi trường/khác) -> [chimxanh] <STEAM_1:1:626078671>
L 09/05/2026 - 20:17:30: [FF] [Chicoarun] <STEAM_1:0:952954061> -> 16 HP bằng (boom/fire) -> [Curren Bouquetd'or] <STEAM_1:1:524205977>
L 09/05/2026 - 20:17:30: [FF] [Chicoarun] <STEAM_1:0:952954061> -> 16 HP bằng (boom/fire) -> [Curren Bouquetd'or] <STEAM_1:1:524205977>
L 09/05/2026 - 20:17:30: [FF] [Chicoarun] <STEAM_1:0:952954061> -> 16 HP bằng (boom/fire) -> [Curren Bouquetd'or] <STEAM_1:1:524205977>
L 09/05/2026 - 20:17:30: [FF] [Chicoarun] <STEAM_1:0:952954061> -> 16 HP bằng (boom/fire) -> [Curren Bouquetd'or] <STEAM_1:1:524205977>
L 09/05/2026 - 20:17:30: [FF] [Chicoarun] <STEAM_1:0:952954061> -> 16 HP bằng (boom/fire) -> [Curren Bouquetd'or] <STEAM_1:1:524205977>
L 09/05/2026 - 20:17:31: [FF] [Chicoarun] <STEAM_1:0:952954061> -> 16 HP bằng (boom/fire) -> [Curren Bouquetd'or] <STEAM_1:1:524205977>
L 09/05/2026 - 20:17:31: [FF] [Chicoarun] <STEAM_1:0:952954061> -> 16 HP bằng (boom/fire) -> [Curren Bouquetd'or] <STEAM_1:1:524205977>
L 09/05/2026 - 20:17:31: [FF] [Chicoarun] <STEAM_1:0:952954061> -> 16 HP bằng (boom/fire) -> [Curren Bouquetd'or] <STEAM_1:1:524205977>
L 09/05/2026 - 20:17:31: [FF] [Chicoarun] <STEAM_1:0:952954061> -> 16 HP bằng (boom/fire) -> [Curren Bouquetd'or] <STEAM_1:1:524205977>
L 09/05/2026 - 20:17:31: [FF] [Chicoarun] <STEAM_1:0:952954061> -> 16 HP bằng (boom/fire) -> [Curren Bouquetd'or] <STEAM_1:1:524205977>
L 09/05/2026 - 20:17:32: [FF] [Chicoarun] <STEAM_1:0:952954061> -> 16 HP bằng (boom/fire) -> [Curren Bouquetd'or] <STEAM_1:1:524205977>
L 09/05/2026 - 20:17:32: [FF] [Chicoarun] <STEAM_1:0:952954061> -> 16 HP bằng (boom/fire) -> [Curren Bouquetd'or] <STEAM_1:1:524205977>
L 09/05/2026 - 20:17:32: [FF] [Chicoarun] <STEAM_1:0:952954061> -> 16 HP bằng (boom/fire) -> [Curren Bouquetd'or] <STEAM_1:1:524205977>
L 09/05/2026 - 20:17:32: [FF] [Chicoarun] <STEAM_1:0:952954061> -> 16 HP bằng (boom/fire) -> [Curren Bouquetd'or] <STEAM_1:1:524205977>
L 09/05/2026 - 20:17:32: [FF] [Chicoarun] <STEAM_1:0:952954061> -> 16 HP bằng (boom/fire) -> [Curren Bouquetd'or] <STEAM_1:1:524205977>
L 09/05/2026 - 20:17:33: [FF] [Chicoarun] <STEAM_1:0:952954061> -> 16 HP bằng (boom/fire) -> [Curren Bouquetd'or] <STEAM_1:1:524205977>
L 09/05/2026 - 20:17:33: [FF] [Chicoarun] <STEAM_1:0:952954061> -> 16 HP bằng (boom/fire) -> [Curren Bouquetd'or] <STEAM_1:1:524205977>
L 09/05/2026 - 20:17:33: [FF] [Chicoarun] <STEAM_1:0:952954061> -> 16 HP bằng (boom/fire) -> [Curren Bouquetd'or] <STEAM_1:1:524205977>
L 09/05/2026 - 20:17:33: [FF] [Chicoarun] <STEAM_1:0:952954061> -> 16 HP bằng (boom/fire) -> [Curren Bouquetd'or] <STEAM_1:1:524205977>
L 09/05/2026 - 20:17:33: [FF] [Chicoarun] <STEAM_1:0:952954061> -> 16 HP bằng (boom/fire) -> [Curren Bouquetd'or] <STEAM_1:1:524205977>
L 09/05/2026 - 20:17:34: [FF] [Chicoarun] <STEAM_1:0:952954061> -> 16 HP bằng (boom/fire) -> [Curren Bouquetd'or] <STEAM_1:1:524205977>
L 09/05/2026 - 20:17:34: [FF] [Chicoarun] <STEAM_1:0:952954061> -> 16 HP bằng (boom/fire) -> [Curren Bouquetd'or] <STEAM_1:1:524205977>
L 09/05/2026 - 20:17:34: [FF] [Chicoarun] <STEAM_1:0:952954061> -> 16 HP bằng (boom/fire) -> [Curren Bouquetd'or] <STEAM_1:1:524205977>
L 09/05/2026 - 20:17:34: [FF] [Chicoarun] <STEAM_1:0:952954061> -> 16 HP bằng (boom/fire) -> [Curren Bouquetd'or] <STEAM_1:1:524205977>
L 09/05/2026 - 20:17:34: [FF] [Chicoarun] <STEAM_1:0:952954061> -> 16 HP bằng (boom/fire) -> [Curren Bouquetd'or] <STEAM_1:1:524205977>
L 09/05/2026 - 20:17:35: [FF] [Chicoarun] <STEAM_1:0:952954061> -> 16 HP bằng (boom/fire) -> [Curren Bouquetd'or] <STEAM_1:1:524205977>
L 09/05/2026 - 20:17:35: [FF] [Chicoarun] <STEAM_1:0:952954061> -> 16 HP bằng (boom/fire) -> [Curren Bouquetd'or] <STEAM_1:1:524205977>
L 09/05/2026 - 20:17:35: [FF] [Chicoarun] <STEAM_1:0:952954061> -> 16 HP bằng (boom/fire) -> [Curren Bouquetd'or] <STEAM_1:1:524205977>
L 09/05/2026 - 20:17:35: [FF] [Chicoarun] <STEAM_1:0:952954061> -> 16 HP bằng (boom/fire) -> [Curren Bouquetd'or] <STEAM_1:1:524205977>
L 09/05/2026 - 20:17:35: [FF] [Chicoarun] <STEAM_1:0:952954061> -> 16 HP bằng (boom/fire) -> [Curren Bouquetd'or] <STEAM_1:1:524205977>
L 09/05/2026 - 20:17:36: [FF] [Chicoarun] <STEAM_1:0:952954061> -> 16 HP bằng (boom/fire) -> [Curren Bouquetd'or] <STEAM_1:1:524205977>
L 09/05/2026 - 20:17:36: [FF] [Chicoarun] <STEAM_1:0:952954061> -> 16 HP bằng (boom/fire) -> [Curren Bouquetd'or] <STEAM_1:1:524205977>
L 09/05/2026 - 20:17:36: [FF] [Chicoarun] <STEAM_1:0:952954061> -> 1 HP bằng (súng) -> [Curren Bouquetd'or] <STEAM_1:1:524205977>
L 09/05/2026 - 20:17:36: [FF] [Chicoarun] <STEAM_1:0:952954061> -> 1 HP bằng (súng) -> [Curren Bouquetd'or] <STEAM_1:1:524205977>
L 09/05/2026 - 20:17:36: [FF] [Chicoarun] <STEAM_1:0:952954061> -> 1 HP bằng (súng) -> [Curren Bouquetd'or] <STEAM_1:1:524205977>
L 09/05/2026 - 20:17:36: [FF] [Chicoarun] <STEAM_1:0:952954061> -> 16 HP bằng (boom/fire) -> [Curren Bouquetd'or] <STEAM_1:1:524205977>
L 09/05/2026 - 20:17:36: [FF] [Chicoarun] <STEAM_1:0:952954061> -> 1 HP bằng (súng) -> [Curren Bouquetd'or] <STEAM_1:1:524205977>
L 09/05/2026 - 20:17:36: [FF] [Chicoarun] <STEAM_1:0:952954061> -> 1 HP bằng (súng) -> [Curren Bouquetd'or] <STEAM_1:1:524205977>
L 09/05/2026 - 20:17:36: [FF] [Chicoarun] <STEAM_1:0:952954061> -> 1 HP bằng (súng) -> [Curren Bouquetd'or] <STEAM_1:1:524205977>
L 09/05/2026 - 20:17:36: [FF] [Chicoarun] <STEAM_1:0:952954061> -> 16 HP bằng (boom/fire) -> [Curren Bouquetd'or] <STEAM_1:1:524205977>
L 09/05/2026 - 20:17:36: [FF] [Chicoarun] <STEAM_1:0:952954061> -> 1 HP bằng (súng) -> [Curren Bouquetd'or] <STEAM_1:1:524205977>
L 09/05/2026 - 20:17:36: [FF] [Chicoarun] <STEAM_1:0:952954061> -> 1 HP bằng (súng) -> [Curren Bouquetd'or] <STEAM_1:1:524205977>
L 09/05/2026 - 20:17:36: [FF] [Chicoarun] <STEAM_1:0:952954061> -> 16 HP bằng (boom/fire) -> [Curren Bouquetd'or] <STEAM_1:1:524205977>
L 09/05/2026 - 20:17:37: [FF] [Chicoarun] <STEAM_1:0:952954061> -> 16 HP bằng (boom/fire) -> [Curren Bouquetd'or] <STEAM_1:1:524205977>
L 09/05/2026 - 20:17:37: [FF] [Chicoarun] <STEAM_1:0:952954061> -> 16 HP bằng (boom/fire) -> [Curren Bouquetd'or] <STEAM_1:1:524205977>
L 09/05/2026 - 20:17:37: [FF] [Chicoarun] <STEAM_1:0:952954061> -> 16 HP bằng (boom/fire) -> [Curren Bouquetd'or] <STEAM_1:1:524205977>
L 09/05/2026 - 20:17:37: [FF] [Chicoarun] <STEAM_1:0:952954061> -> 1 HP bằng (súng) -> [Curren Bouquetd'or] <STEAM_1:1:524205977>
L 09/05/2026 - 20:17:37: [FF] [Chicoarun] <STEAM_1:0:952954061> -> 16 HP bằng (boom/fire) -> [Curren Bouquetd'or] <STEAM_1:1:524205977>
L 09/05/2026 - 20:17:37: [FF] [Chicoarun] <STEAM_1:0:952954061> -> 1 HP bằng (súng) -> [Curren Bouquetd'or] <STEAM_1:1:524205977>
L 09/05/2026 - 20:17:37: [FF] [Chicoarun] <STEAM_1:0:952954061> -> 1 HP bằng (súng) -> [Curren Bouquetd'or] <STEAM_1:1:524205977>
L 09/05/2026 - 20:17:37: [FF] [Chicoarun] <STEAM_1:0:952954061> -> 1 HP bằng (súng) -> [Curren Bouquetd'or] <STEAM_1:1:524205977>
L 09/05/2026 - 20:17:37: [FF] [Chicoarun] <STEAM_1:0:952954061> -> 16 HP bằng (boom/fire) -> [Curren Bouquetd'or] <STEAM_1:1:524205977>
L 09/05/2026 - 20:17:38: [FF] [Holo 40k] <STEAM_1:1:925049770> -> 10 HP bằng (môi trường/khác) -> [Curren Bouquetd'or] <STEAM_1:1:524205977>
L 09/05/2026 - 20:17:38: [FF] [Holo 40k] <STEAM_1:1:925049770> -> 10 HP bằng (môi trường/khác) -> [Curren Bouquetd'or] <STEAM_1:1:524205977>
L 09/05/2026 - 20:17:38: [FF] [Holo 40k] <STEAM_1:1:925049770> -> 10 HP bằng (môi trường/khác) -> [Curren Bouquetd'or] <STEAM_1:1:524205977>
L 09/05/2026 - 20:17:39: [FF] [Chicoarun] <STEAM_1:0:952954061> -> 1 HP bằng (súng) -> [Curren Bouquetd'or] <STEAM_1:1:524205977>
L 09/05/2026 - 20:17:39: [FF] [Chicoarun] <STEAM_1:0:952954061> -> 1 HP bằng (súng) -> [Curren Bouquetd'or] <STEAM_1:1:524205977>
L 09/05/2026 - 20:17:39: [FF] [Holo 40k] <STEAM_1:1:925049770> -> 10 HP bằng (môi trường/khác) -> [Curren Bouquetd'or] <STEAM_1:1:524205977>
L 09/05/2026 - 20:17:39: [FF] [Chicoarun] <STEAM_1:0:952954061> -> 1 HP bằng (súng) -> [Curren Bouquetd'or] <STEAM_1:1:524205977>
L 09/05/2026 - 20:17:39: [FF] [Chicoarun] <STEAM_1:0:952954061> -> 1 HP bằng (súng) -> [Curren Bouquetd'or] <STEAM_1:1:524205977>
L 09/05/2026 - 20:17:39: [FF] [Holo 40k] <STEAM_1:1:925049770> -> 10 HP bằng (môi trường/khác) -> [Curren Bouquetd'or] <STEAM_1:1:524205977>
L 09/05/2026 - 20:17:39: [FF] [Chicoarun] <STEAM_1:0:952954061> -> 1 HP bằng (súng) -> [Curren Bouquetd'or] <STEAM_1:1:524205977>
L 09/05/2026 - 20:17:39: [FF] [Chicoarun] <STEAM_1:0:952954061> -> 1 HP bằng (súng) -> [Curren Bouquetd'or] <STEAM_1:1:524205977>
L 09/05/2026 - 20:17:39: [FF] [Holo 40k] <STEAM_1:1:925049770> -> 10 HP bằng (môi trường/khác) -> [Curren Bouquetd'or] <STEAM_1:1:524205977>
L 09/05/2026 - 20:17:39: [FF] [Chicoarun] <STEAM_1:0:952954061> -> 1 HP bằng (súng) -> [Curren Bouquetd'or] <STEAM_1:1:524205977>
L 09/05/2026 - 20:17:39: [FF] [Chicoarun] <STEAM_1:0:952954061> -> 1 HP bằng (súng) -> [Curren Bouquetd'or] <STEAM_1:1:524205977>
L 09/05/2026 - 20:17:39: [FF] [Chicoarun] <STEAM_1:0:952954061> -> 1 HP bằng (súng) -> [Curren Bouquetd'or] <STEAM_1:1:524205977>
L 09/05/2026 - 20:17:39: [FF] [Chicoarun] <STEAM_1:0:952954061> -> 1 HP bằng (súng) -> [Curren Bouquetd'or] <STEAM_1:1:524205977>
L 09/05/2026 - 20:17:39: [FF] [Chicoarun] <STEAM_1:0:952954061> -> 1 HP bằng (súng) -> [Curren Bouquetd'or] <STEAM_1:1:524205977>
L 09/05/2026 - 20:17:39: [FF] [Chicoarun] <STEAM_1:0:952954061> -> 1 HP bằng (súng) -> [Curren Bouquetd'or] <STEAM_1:1:524205977>
L 09/05/2026 - 20:17:39: [FF] [Chicoarun] <STEAM_1:0:952954061> -> 1 HP bằng (súng) -> [Curren Bouquetd'or] <STEAM_1:1:524205977>
L 09/05/2026 - 20:17:39: [FF] [Chicoarun] <STEAM_1:0:952954061> -> 1 HP bằng (súng) -> [Curren Bouquetd'or] <STEAM_1:1:524205977>
L 09/05/2026 - 20:17:39: [FF] [Chicoarun] <STEAM_1:0:952954061> -> 1 HP bằng (súng) -> [Curren Bouquetd'or] <STEAM_1:1:524205977>
L 09/05/2026 - 20:17:39: [FF] [Chicoarun] <STEAM_1:0:952954061> -> 1 HP bằng (súng) -> [Curren Bouquetd'or] <STEAM_1:1:524205977>
L 09/05/2026 - 20:17:40: [FF] [Chicoarun] <STEAM_1:0:952954061> -> 1 HP bằng (súng) -> [Curren Bouquetd'or] <STEAM_1:1:524205977>
L 09/05/2026 - 20:17:40: [FF] [Chicoarun] <STEAM_1:0:952954061> -> 1 HP bằng (súng) -> [Curren Bouquetd'or] <STEAM_1:1:524205977>
L 09/05/2026 - 20:17:42: [FF] [Chicoarun] <STEAM_1:0:952954061> -> 1 HP bằng (súng) -> [Curren Bouquetd'or] <STEAM_1:1:524205977>
L 09/05/2026 - 20:17:42: [FF] [Chicoarun] <STEAM_1:0:952954061> -> 1 HP bằng (súng) -> [Curren Bouquetd'or] <STEAM_1:1:524205977>
L 09/05/2026 - 20:17:43: [FF] [Chicoarun] <STEAM_1:0:952954061> -> 1 HP bằng (súng) -> [Curren Bouquetd'or] <STEAM_1:1:524205977>
L 09/05/2026 - 20:17:43: [FF] [Chicoarun] <STEAM_1:0:952954061> -> 1 HP bằng (súng) -> [Curren Bouquetd'or] <STEAM_1:1:524205977>
L 09/05/2026 - 20:17:43: [FF] [Chicoarun] <STEAM_1:0:952954061> -> 1 HP bằng (súng) -> [Curren Bouquetd'or] <STEAM_1:1:524205977>
L 09/05/2026 - 20:17:43: [FF] [Chicoarun] <STEAM_1:0:952954061> -> 1 HP bằng (súng) -> [Curren Bouquetd'or] <STEAM_1:1:524205977>
L 09/05/2026 - 20:17:43: [FF] [Chicoarun] <STEAM_1:0:952954061> -> 1 HP bằng (súng) -> [Curren Bouquetd'or] <STEAM_1:1:524205977>
L 09/05/2026 - 20:17:43: [FF] [Chicoarun] <STEAM_1:0:952954061> -> 1 HP bằng (súng) -> [Curren Bouquetd'or] <STEAM_1:1:524205977>
L 09/05/2026 - 20:17:43: [FF] [Chicoarun] <STEAM_1:0:952954061> -> 1 HP bằng (súng) -> [Curren Bouquetd'or] <STEAM_1:1:524205977>
L 09/05/2026 - 20:17:43: [FF] [Chicoarun] <STEAM_1:0:952954061> -> 1 HP bằng (súng) -> [Curren Bouquetd'or] <STEAM_1:1:524205977>
L 09/05/2026 - 20:17:43: [FF] [Chicoarun] <STEAM_1:0:952954061> -> 1 HP bằng (súng) -> [Curren Bouquetd'or] <STEAM_1:1:524205977>
L 09/05/2026 - 20:17:43: [FF] [Chicoarun] <STEAM_1:0:952954061> -> 1 HP bằng (súng) -> [Curren Bouquetd'or] <STEAM_1:1:524205977>
L 09/05/2026 - 20:17:43: [FF] [Chicoarun] <STEAM_1:0:952954061> -> 1 HP bằng (súng) -> [Curren Bouquetd'or] <STEAM_1:1:524205977>
L 09/05/2026 - 20:17:43: [FF] [Chicoarun] <STEAM_1:0:952954061> -> 1 HP bằng (súng) -> [Curren Bouquetd'or] <STEAM_1:1:524205977>
L 09/05/2026 - 20:17:43: [FF] [Chicoarun] <STEAM_1:0:952954061> -> 1 HP bằng (súng) -> [Curren Bouquetd'or] <STEAM_1:1:524205977>
L 09/05/2026 - 20:18:02: [FF] [Chicoarun] <STEAM_1:0:952954061> -> 1 HP bằng (súng) -> [Bảo Nguyên] <STEAM_1:0:218160880>
L 09/05/2026 - 20:18:02: [FF] [Chicoarun] <STEAM_1:0:952954061> -> 1 HP bằng (súng) -> [Bảo Nguyên] <STEAM_1:0:218160880>
L 09/05/2026 - 20:18:03: [FF] [Bảo Nguyên] <STEAM_1:0:218160880> -> 7 HP bằng (melee) -> [chimxanh] <STEAM_1:1:626078671>
L 09/05/2026 - 20:18:12: [HẠ GỤC] Smoker Bot <BOT> đã hạ gục chimxanh <STEAM_1:1:626078671> bằng (zombie cào/đấm)
L 09/05/2026 - 20:18:12: [FF] [Holo 40k] <STEAM_1:1:925049770> -> 10 HP bằng (môi trường/khác) -> [Chicoarun] <STEAM_1:0:952954061>
L 09/05/2026 - 20:18:21: [KILL] Zombie/Witch/Môi trường <N/A> đã giết Chicoarun <STEAM_1:0:952954061> bằng (zombie cào/đấm)
L 09/05/2026 - 20:18:23: [KILL] Zombie/Witch/Môi trường <N/A> đã giết nikola25645 <STEAM_1:1:782248349> bằng (zombie cào/đấm)
L 09/05/2026 - 20:18:25: [HẠ GỤC] Zombie/Witch/Môi trường <N/A> đã hạ gục Lê Hải <STEAM_1:0:471595906> bằng (môi trường/khác)
L 09/05/2026 - 20:18:27: [KILL] Zombie/Witch/Môi trường <N/A> đã giết LmaoLmao <STEAM_1:0:606728972> bằng (zombie cào/đấm)
L 09/05/2026 - 20:18:31: [FF] [Bảo Nguyên] <STEAM_1:0:218160880> -> 7 HP bằng (súng) -> [chimxanh] <STEAM_1:1:626078671>
L 09/05/2026 - 20:18:31: [FF] [Bảo Nguyên] <STEAM_1:0:218160880> -> 7 HP bằng (súng) -> [chimxanh] <STEAM_1:1:626078671>
L 09/05/2026 - 20:18:31: [FF] [Bảo Nguyên] <STEAM_1:0:218160880> -> 10 HP bằng (súng) -> [chimxanh] <STEAM_1:1:626078671>
L 09/05/2026 - 20:18:33: [FF] [Bảo Nguyên] <STEAM_1:0:218160880> -> 7 HP bằng (súng) -> [Lê Hải] <STEAM_1:0:471595906>
L 09/05/2026 - 20:18:36: [HẠ GỤC] None :D <STEAM_1:0:578030381> đã hạ gục None :D <STEAM_1:0:578030381> bằng (boom/fire)
L 09/05/2026 - 20:18:37: [FF] [Holo 40k] <STEAM_1:1:925049770> -> 10 HP bằng (môi trường/khác) -> [chimxanh] <STEAM_1:1:626078671>
L 09/05/2026 - 20:18:37: [FF] [Holo 40k] <STEAM_1:1:925049770> -> 10 HP bằng (môi trường/khác) -> [chimxanh] <STEAM_1:1:626078671>
L 09/05/2026 - 20:18:38: [KILL] Zombie/Witch/Môi trường <N/A> đã giết chimxanh <STEAM_1:1:626078671> bằng (môi trường/khác)
L 09/05/2026 - 20:18:57: [HẠ GỤC] Smoker Bot <BOT> đã hạ gục Holo 40k <STEAM_1:1:925049770> bằng (zombie cào/đấm)
L 09/05/2026 - 20:18:57: [FF] [KeroN] <STEAM_1:1:161759963> -> 7 HP bằng (melee) -> [Lê Hải] <STEAM_1:0:471595906>
L 09/05/2026 - 20:19:01: [HẠ GỤC] Zombie/Witch/Môi trường <N/A> đã hạ gục KeroN <STEAM_1:1:161759963> bằng (môi trường/khác)
L 09/05/2026 - 20:19:10: [KILL] Zombie/Witch/Môi trường <N/A> đã giết None :D <STEAM_1:0:578030381> bằng (môi trường/khác)
L 09/05/2026 - 20:19:23: [FF] [KeroN] <STEAM_1:1:161759963> -> 1 HP bằng (môi trường/khác) -> [Lê Hải] <STEAM_1:0:471595906>
L 09/05/2026 - 20:19:23: [FF] [KeroN] <STEAM_1:1:161759963> -> 1 HP bằng (môi trường/khác) -> [Bảo Nguyên] <STEAM_1:0:218160880>
L 09/05/2026 - 20:19:31: [FF] [Lê Hải] <STEAM_1:0:471595906> -> 3 HP bằng (súng) -> [Chicoarun] <STEAM_1:0:952954061>
L 09/05/2026 - 20:19:31: [FF] [Lê Hải] <STEAM_1:0:471595906> -> 3 HP bằng (súng) -> [Chicoarun] <STEAM_1:0:952954061>
L 09/05/2026 - 20:19:31: [FF] [Lê Hải] <STEAM_1:0:471595906> -> 3 HP bằng (súng) -> [Chicoarun] <STEAM_1:0:952954061>
L 09/05/2026 - 20:19:31: [FF] [Lê Hải] <STEAM_1:0:471595906> -> 3 HP bằng (súng) -> [Chicoarun] <STEAM_1:0:952954061>
L 09/05/2026 - 20:19:31: [FF] [Lê Hải] <STEAM_1:0:471595906> -> 3 HP bằng (súng) -> [Chicoarun] <STEAM_1:0:952954061>
L 09/05/2026 - 20:19:31: [FF] [Lê Hải] <STEAM_1:0:471595906> -> 3 HP bằng (súng) -> [Chicoarun] <STEAM_1:0:952954061>
L 09/05/2026 - 20:19:31: [FF] [Lê Hải] <STEAM_1:0:471595906> -> 3 HP bằng (súng) -> [Chicoarun] <STEAM_1:0:952954061>
L 09/05/2026 - 20:19:31: [FF] [Lê Hải] <STEAM_1:0:471595906> -> 3 HP bằng (súng) -> [Chicoarun] <STEAM_1:0:952954061>
L 09/05/2026 - 20:19:31: [FF] [Lê Hải] <STEAM_1:0:471595906> -> 3 HP bằng (súng) -> [Chicoarun] <STEAM_1:0:952954061>
L 09/05/2026 - 20:19:31: [FF] [Lê Hải] <STEAM_1:0:471595906> -> 3 HP bằng (súng) -> [Chicoarun] <STEAM_1:0:952954061>
L 09/05/2026 - 20:19:31: [FF] [Lê Hải] <STEAM_1:0:471595906> -> 3 HP bằng (súng) -> [Chicoarun] <STEAM_1:0:952954061>
L 09/05/2026 - 20:19:47: [HẠ GỤC] Spitter Bot <BOT> đã hạ gục Bảo Nguyên <STEAM_1:0:218160880> bằng (môi trường/khác)
L 09/05/2026 - 20:19:49: [HẠ GỤC] Jockey Bot <BOT> đã hạ gục Chicoarun <STEAM_1:0:952954061> bằng (zombie cào/đấm)
L 09/05/2026 - 20:19:50: [FF] [Bảo Nguyên] <STEAM_1:0:218160880> -> 1 HP bằng (môi trường/khác) -> [LmaoLmao] <STEAM_1:0:606728972>
L 09/05/2026 - 20:19:50: [FF] [Bảo Nguyên] <STEAM_1:0:218160880> -> 1 HP bằng (môi trường/khác) -> [KeroN] <STEAM_1:1:161759963>
L 09/05/2026 - 20:19:52: [KILL] Zombie/Witch/Môi trường <N/A> đã giết Chicoarun <STEAM_1:0:952954061> bằng (zombie cào/đấm)
L 09/05/2026 - 20:19:55: [KILL] Zombie/Witch/Môi trường <N/A> đã giết nikola25645 <STEAM_1:1:782248349> bằng (zombie cào/đấm)
L 09/05/2026 - 20:19:56: [KILL] Curren Bouquetd'or <STEAM_1:1:524205977> đã giết Curren Bouquetd'or <STEAM_1:1:524205977> bằng (môi trường/khác)
L 09/05/2026 - 20:20:03: [KILL] Zombie/Witch/Môi trường <N/A> đã giết Holo 40k <STEAM_1:1:925049770> bằng (zombie cào/đấm)
L 09/05/2026 - 20:20:05: [FF] [chimxanh] <STEAM_1:1:626078671> -> 5 HP bằng (súng) -> [LmaoLmao] <STEAM_1:0:606728972>
L 09/05/2026 - 20:20:05: [FF] [chimxanh] <STEAM_1:1:626078671> -> 5 HP bằng (súng) -> [LmaoLmao] <STEAM_1:0:606728972>
L 09/05/2026 - 20:20:05: [FF] [chimxanh] <STEAM_1:1:626078671> -> 5 HP bằng (súng) -> [LmaoLmao] <STEAM_1:0:606728972>
L 09/05/2026 - 20:20:05: [FF] [chimxanh] <STEAM_1:1:626078671> -> 5 HP bằng (súng) -> [LmaoLmao] <STEAM_1:0:606728972>
L 09/05/2026 - 20:20:09: [KILL] Zombie/Witch/Môi trường <N/A> đã giết Bảo Nguyên <STEAM_1:0:218160880> bằng (zombie cào/đấm)
L 09/05/2026 - 20:20:14: [HẠ GỤC] Zombie/Witch/Môi trường <N/A> đã hạ gục LmaoLmao <STEAM_1:0:606728972> bằng (môi trường/khác)
L 09/05/2026 - 20:20:15: [FF] [Lê Hải] <STEAM_1:0:471595906> -> 3 HP bằng (súng) -> [LmaoLmao] <STEAM_1:0:606728972>
L 09/05/2026 - 20:20:17: [FF] [Lê Hải] <STEAM_1:0:471595906> -> 3 HP bằng (súng) -> [chimxanh] <STEAM_1:1:626078671>
L 09/05/2026 - 20:20:17: [FF] [Lê Hải] <STEAM_1:0:471595906> -> 3 HP bằng (súng) -> [chimxanh] <STEAM_1:1:626078671>
L 09/05/2026 - 20:20:17: [FF] [Lê Hải] <STEAM_1:0:471595906> -> 3 HP bằng (súng) -> [chimxanh] <STEAM_1:1:626078671>
L 09/05/2026 - 20:20:17: [FF] [Lê Hải] <STEAM_1:0:471595906> -> 3 HP bằng (súng) -> [LmaoLmao] <STEAM_1:0:606728972>
L 09/05/2026 - 20:20:24: [FF] [LmaoLmao] <STEAM_1:0:606728972> -> 5 HP bằng (súng) -> [None :D] <STEAM_1:0:578030381>
L 09/05/2026 - 20:20:46: [HẠ GỤC] Zombie/Witch/Môi trường <N/A> đã hạ gục LmaoLmao <STEAM_1:0:606728972> bằng (môi trường/khác)
L 09/05/2026 - 20:20:46: [FF] [chimxanh] <STEAM_1:1:626078671> -> 10 HP bằng (súng) -> [None :D] <STEAM_1:0:578030381>
L 09/05/2026 - 20:21:11: [FF] [Chicoarun] <STEAM_1:0:952954061> -> 5 HP bằng (súng) -> [Lê Hải] <STEAM_1:0:471595906>
L 09/05/2026 - 20:21:11: [FF] [Chicoarun] <STEAM_1:0:952954061> -> 5 HP bằng (súng) -> [Lê Hải] <STEAM_1:0:471595906>
L 09/05/2026 - 20:21:11: [FF] [KeroN] <STEAM_1:1:161759963> -> 31 HP bằng (súng) -> [Lê Hải] <STEAM_1:0:471595906>
L 09/05/2026 - 20:21:11: [FF] [Chicoarun] <STEAM_1:0:952954061> -> 5 HP bằng (súng) -> [Lê Hải] <STEAM_1:0:471595906>
L 09/05/2026 - 20:21:11: [HẠ GỤC] Boomer Bot <BOT> đã hạ gục Lê Hải <STEAM_1:0:471595906> bằng (môi trường/khác)
L 09/05/2026 - 20:21:11: [FF] [Chicoarun] <STEAM_1:0:952954061> -> 5 HP bằng (súng) -> [Lê Hải] <STEAM_1:0:471595906>
L 09/05/2026 - 20:21:12: [FF] [Curren Bouquetd'or] <STEAM_1:1:524205977> -> 5 HP bằng (súng) -> [Chicoarun] <STEAM_1:0:952954061>
L 09/05/2026 - 20:21:12: [FF] [Curren Bouquetd'or] <STEAM_1:1:524205977> -> 5 HP bằng (súng) -> [Chicoarun] <STEAM_1:0:952954061>
L 09/05/2026 - 20:21:12: [FF] [Curren Bouquetd'or] <STEAM_1:1:524205977> -> 5 HP bằng (súng) -> [Chicoarun] <STEAM_1:0:952954061>
L 09/05/2026 - 20:21:13: [FF] [Curren Bouquetd'or] <STEAM_1:1:524205977> -> 5 HP bằng (súng) -> [Holo 40k] <STEAM_1:1:925049770>
L 09/05/2026 - 20:21:13: [FF] [Curren Bouquetd'or] <STEAM_1:1:524205977> -> 5 HP bằng (súng) -> [Holo 40k] <STEAM_1:1:925049770>
L 09/05/2026 - 20:21:13: [FF] [Curren Bouquetd'or] <STEAM_1:1:524205977> -> 5 HP bằng (súng) -> [Holo 40k] <STEAM_1:1:925049770>
L 09/05/2026 - 20:21:13: [FF] [Curren Bouquetd'or] <STEAM_1:1:524205977> -> 5 HP bằng (súng) -> [Holo 40k] <STEAM_1:1:925049770>
L 09/05/2026 - 20:21:13: [FF] [Curren Bouquetd'or] <STEAM_1:1:524205977> -> 5 HP bằng (súng) -> [chimxanh] <STEAM_1:1:626078671>
L 09/05/2026 - 20:21:13: [FF] [Curren Bouquetd'or] <STEAM_1:1:524205977> -> 5 HP bằng (súng) -> [chimxanh] <STEAM_1:1:626078671>
L 09/05/2026 - 20:21:14: [HẠ GỤC] Curren Bouquetd'or <STEAM_1:1:524205977> đã hạ gục chimxanh <STEAM_1:1:626078671> bằng (súng)
L 09/05/2026 - 20:21:20: [FF] [nikola25645] <STEAM_1:1:782248349> -> 1 HP bằng (súng) -> [Chicoarun] <STEAM_1:0:952954061>
L 09/05/2026 - 20:21:20: [FF] [nikola25645] <STEAM_1:1:782248349> -> 1 HP bằng (súng) -> [Chicoarun] <STEAM_1:0:952954061>
L 09/05/2026 - 20:21:20: [FF] [nikola25645] <STEAM_1:1:782248349> -> 1 HP bằng (súng) -> [Chicoarun] <STEAM_1:0:952954061>
L 09/05/2026 - 20:21:20: [FF] [nikola25645] <STEAM_1:1:782248349> -> 1 HP bằng (súng) -> [Chicoarun] <STEAM_1:0:952954061>
L 09/05/2026 - 20:21:20: [FF] [nikola25645] <STEAM_1:1:782248349> -> 1 HP bằng (súng) -> [Chicoarun] <STEAM_1:0:952954061>
L 09/05/2026 - 20:21:20: [FF] [nikola25645] <STEAM_1:1:782248349> -> 1 HP bằng (súng) -> [Chicoarun] <STEAM_1:0:952954061>
L 09/05/2026 - 20:21:20: [FF] [nikola25645] <STEAM_1:1:782248349> -> 1 HP bằng (súng) -> [Chicoarun] <STEAM_1:0:952954061>
L 09/05/2026 - 20:21:20: [FF] [nikola25645] <STEAM_1:1:782248349> -> 1 HP bằng (súng) -> [Chicoarun] <STEAM_1:0:952954061>
L 09/05/2026 - 20:21:20: [FF] [nikola25645] <STEAM_1:1:782248349> -> 1 HP bằng (súng) -> [Chicoarun] <STEAM_1:0:952954061>
L 09/05/2026 - 20:21:20: [FF] [nikola25645] <STEAM_1:1:782248349> -> 1 HP bằng (súng) -> [Chicoarun] <STEAM_1:0:952954061>
L 09/05/2026 - 20:21:20: [FF] [nikola25645] <STEAM_1:1:782248349> -> 1 HP bằng (súng) -> [Chicoarun] <STEAM_1:0:952954061>
L 09/05/2026 - 20:21:20: [FF] [nikola25645] <STEAM_1:1:782248349> -> 1 HP bằng (súng) -> [Chicoarun] <STEAM_1:0:952954061>
L 09/05/2026 - 20:21:20: [FF] [nikola25645] <STEAM_1:1:782248349> -> 1 HP bằng (súng) -> [Chicoarun] <STEAM_1:0:952954061>
L 09/05/2026 - 20:21:20: [FF] [nikola25645] <STEAM_1:1:782248349> -> 1 HP bằng (súng) -> [Chicoarun] <STEAM_1:0:952954061>
L 09/05/2026 - 20:21:20: [FF] [nikola25645] <STEAM_1:1:782248349> -> 1 HP bằng (súng) -> [Chicoarun] <STEAM_1:0:952954061>
L 09/05/2026 - 20:21:23: [FF] [nikola25645] <STEAM_1:1:782248349> -> 1 HP bằng (súng) -> [Bảo Nguyên] <STEAM_1:0:218160880>
L 09/05/2026 - 20:21:23: [FF] [nikola25645] <STEAM_1:1:782248349> -> 1 HP bằng (súng) -> [Bảo Nguyên] <STEAM_1:0:218160880>
L 09/05/2026 - 20:21:23: [FF] [nikola25645] <STEAM_1:1:782248349> -> 1 HP bằng (súng) -> [Bảo Nguyên] <STEAM_1:0:218160880>
L 09/05/2026 - 20:21:23: [FF] [nikola25645] <STEAM_1:1:782248349> -> 1 HP bằng (súng) -> [Bảo Nguyên] <STEAM_1:0:218160880>
L 09/05/2026 - 20:21:23: [FF] [nikola25645] <STEAM_1:1:782248349> -> 1 HP bằng (súng) -> [Bảo Nguyên] <STEAM_1:0:218160880>
L 09/05/2026 - 20:21:23: [FF] [nikola25645] <STEAM_1:1:782248349> -> 1 HP bằng (súng) -> [Bảo Nguyên] <STEAM_1:0:218160880>
L 09/05/2026 - 20:21:23: [FF] [nikola25645] <STEAM_1:1:782248349> -> 1 HP bằng (súng) -> [Bảo Nguyên] <STEAM_1:0:218160880>
L 09/05/2026 - 20:21:23: [FF] [nikola25645] <STEAM_1:1:782248349> -> 1 HP bằng (súng) -> [Bảo Nguyên] <STEAM_1:0:218160880>
L 09/05/2026 - 20:21:23: [FF] [nikola25645] <STEAM_1:1:782248349> -> 1 HP bằng (súng) -> [Bảo Nguyên] <STEAM_1:0:218160880>
L 09/05/2026 - 20:21:29: [FF] [Chicoarun] <STEAM_1:0:952954061> -> 5 HP bằng (súng) -> [None :D] <STEAM_1:0:578030381>
L 09/05/2026 - 20:21:29: [FF] [Chicoarun] <STEAM_1:0:952954061> -> 5 HP bằng (súng) -> [None :D] <STEAM_1:0:578030381>
L 09/05/2026 - 20:21:29: [FF] [Chicoarun] <STEAM_1:0:952954061> -> 5 HP bằng (súng) -> [None :D] <STEAM_1:0:578030381>
L 09/05/2026 - 20:21:32: [FF] [Chicoarun] <STEAM_1:0:952954061> -> 5 HP bằng (súng) -> [Curren Bouquetd'or] <STEAM_1:1:524205977>
L 09/05/2026 - 20:21:34: [FF] [nikola25645] <STEAM_1:1:782248349> -> 1 HP bằng (súng) -> [Bảo Nguyên] <STEAM_1:0:218160880>
L 09/05/2026 - 20:21:34: [FF] [nikola25645] <STEAM_1:1:782248349> -> 1 HP bằng (súng) -> [Bảo Nguyên] <STEAM_1:0:218160880>
L 09/05/2026 - 20:21:34: [FF] [nikola25645] <STEAM_1:1:782248349> -> 1 HP bằng (súng) -> [Bảo Nguyên] <STEAM_1:0:218160880>
L 09/05/2026 - 20:21:34: [FF] [nikola25645] <STEAM_1:1:782248349> -> 1 HP bằng (súng) -> [Bảo Nguyên] <STEAM_1:0:218160880>
L 09/05/2026 - 20:21:34: [FF] [nikola25645] <STEAM_1:1:782248349> -> 1 HP bằng (súng) -> [Bảo Nguyên] <STEAM_1:0:218160880>
L 09/05/2026 - 20:21:34: [FF] [nikola25645] <STEAM_1:1:782248349> -> 1 HP bằng (súng) -> [Bảo Nguyên] <STEAM_1:0:218160880>
L 09/05/2026 - 20:21:43: [FF] [chimxanh] <STEAM_1:1:626078671> -> 4 HP bằng (boom/fire) -> [nikola25645] <STEAM_1:1:782248349>
L 09/05/2026 - 20:21:46: [FF] [Curren Bouquetd'or] <STEAM_1:1:524205977> -> 5 HP bằng (súng) -> [Chicoarun] <STEAM_1:0:952954061>
L 09/05/2026 - 20:21:46: [FF] [Holo 40k] <STEAM_1:1:925049770> -> 8 HP bằng (melee) -> [Chicoarun] <STEAM_1:0:952954061>
L 09/05/2026 - 20:21:47: [FF] [Bảo Nguyên] <STEAM_1:0:218160880> -> 5 HP bằng (melee) -> [chimxanh] <STEAM_1:1:626078671>
L 09/05/2026 - 20:21:49: [FF] [Lê Hải] <STEAM_1:0:471595906> -> 3 HP bằng (súng) -> [chimxanh] <STEAM_1:1:626078671>
L 09/05/2026 - 20:21:49: [FF] [Lê Hải] <STEAM_1:0:471595906> -> 3 HP bằng (súng) -> [nikola25645] <STEAM_1:1:782248349>
L 09/05/2026 - 20:21:49: [FF] [Lê Hải] <STEAM_1:0:471595906> -> 3 HP bằng (súng) -> [chimxanh] <STEAM_1:1:626078671>
L 09/05/2026 - 20:21:49: [FF] [Lê Hải] <STEAM_1:0:471595906> -> 3 HP bằng (súng) -> [chimxanh] <STEAM_1:1:626078671>
L 09/05/2026 - 20:21:49: [FF] [Lê Hải] <STEAM_1:0:471595906> -> 3 HP bằng (súng) -> [chimxanh] <STEAM_1:1:626078671>
L 09/05/2026 - 20:21:49: [FF] [Lê Hải] <STEAM_1:0:471595906> -> 3 HP bằng (súng) -> [chimxanh] <STEAM_1:1:626078671>
L 09/05/2026 - 20:21:49: [FF] [Lê Hải] <STEAM_1:0:471595906> -> 3 HP bằng (súng) -> [Chicoarun] <STEAM_1:0:952954061>
L 09/05/2026 - 20:21:49: [FF] [Lê Hải] <STEAM_1:0:471595906> -> 3 HP bằng (súng) -> [nikola25645] <STEAM_1:1:782248349>
L 09/05/2026 - 20:21:49: [FF] [Lê Hải] <STEAM_1:0:471595906> -> 3 HP bằng (súng) -> [Chicoarun] <STEAM_1:0:952954061>
L 09/05/2026 - 20:21:49: [FF] [Lê Hải] <STEAM_1:0:471595906> -> 3 HP bằng (súng) -> [nikola25645] <STEAM_1:1:782248349>
L 09/05/2026 - 20:21:49: [FF] [Lê Hải] <STEAM_1:0:471595906> -> 3 HP bằng (súng) -> [nikola25645] <STEAM_1:1:782248349>
L 09/05/2026 - 20:21:49: [FF] [Lê Hải] <STEAM_1:0:471595906> -> 3 HP bằng (súng) -> [Chicoarun] <STEAM_1:0:952954061>
L 09/05/2026 - 20:21:49: [FF] [Lê Hải] <STEAM_1:0:471595906> -> 3 HP bằng (súng) -> [nikola25645] <STEAM_1:1:782248349>
L 09/05/2026 - 20:21:49: [FF] [Lê Hải] <STEAM_1:0:471595906> -> 3 HP bằng (súng) -> [nikola25645] <STEAM_1:1:782248349>
L 09/05/2026 - 20:21:50: [FF] [chimxanh] <STEAM_1:1:626078671> -> 16 HP bằng (boom/fire) -> [Bảo Nguyên] <STEAM_1:0:218160880>
L 09/05/2026 - 20:21:50: [FF] [chimxanh] <STEAM_1:1:626078671> -> 16 HP bằng (boom/fire) -> [Bảo Nguyên] <STEAM_1:0:218160880>
L 09/05/2026 - 20:21:50: [FF] [chimxanh] <STEAM_1:1:626078671> -> 16 HP bằng (boom/fire) -> [Bảo Nguyên] <STEAM_1:0:218160880>
L 09/05/2026 - 20:21:54: [HẠ GỤC] chimxanh <STEAM_1:1:626078671> đã hạ gục Bảo Nguyên <STEAM_1:0:218160880> bằng (boom/fire)
L 09/05/2026 - 20:21:54: [FF] [chimxanh] <STEAM_1:1:626078671> -> 16 HP bằng (boom/fire) -> [Bảo Nguyên] <STEAM_1:0:218160880>
L 09/05/2026 - 20:21:55: [FF] [chimxanh] <STEAM_1:1:626078671> -> 16 HP bằng (boom/fire) -> [Bảo Nguyên] <STEAM_1:0:218160880>
L 09/05/2026 - 20:21:55: [FF] [chimxanh] <STEAM_1:1:626078671> -> 16 HP bằng (boom/fire) -> [Bảo Nguyên] <STEAM_1:0:218160880>
L 09/05/2026 - 20:21:55: [FF] [chimxanh] <STEAM_1:1:626078671> -> 16 HP bằng (boom/fire) -> [Bảo Nguyên] <STEAM_1:0:218160880>
L 09/05/2026 - 20:21:55: [FF] [chimxanh] <STEAM_1:1:626078671> -> 16 HP bằng (boom/fire) -> [Bảo Nguyên] <STEAM_1:0:218160880>
L 09/05/2026 - 20:21:55: [FF] [Lê Hải] <STEAM_1:0:471595906> -> 3 HP bằng (súng) -> [LmaoLmao] <STEAM_1:0:606728972>
L 09/05/2026 - 20:21:55: [FF] [chimxanh] <STEAM_1:1:626078671> -> 16 HP bằng (boom/fire) -> [Bảo Nguyên] <STEAM_1:0:218160880>
L 09/05/2026 - 20:21:56: [FF] [chimxanh] <STEAM_1:1:626078671> -> 16 HP bằng (boom/fire) -> [Bảo Nguyên] <STEAM_1:0:218160880>
L 09/05/2026 - 20:21:56: [FF] [Lê Hải] <STEAM_1:0:471595906> -> 3 HP bằng (súng) -> [None :D] <STEAM_1:0:578030381>
L 09/05/2026 - 20:21:56: [FF] [Lê Hải] <STEAM_1:0:471595906> -> 3 HP bằng (súng) -> [None :D] <STEAM_1:0:578030381>
L 09/05/2026 - 20:21:56: [FF] [Lê Hải] <STEAM_1:0:471595906> -> 3 HP bằng (súng) -> [None :D] <STEAM_1:0:578030381>
L 09/05/2026 - 20:21:56: [FF] [Lê Hải] <STEAM_1:0:471595906> -> 3 HP bằng (súng) -> [None :D] <STEAM_1:0:578030381>
L 09/05/2026 - 20:21:56: [FF] [Lê Hải] <STEAM_1:0:471595906> -> 3 HP bằng (súng) -> [None :D] <STEAM_1:0:578030381>
L 09/05/2026 - 20:21:56: [FF] [Lê Hải] <STEAM_1:0:471595906> -> 3 HP bằng (súng) -> [None :D] <STEAM_1:0:578030381>
L 09/05/2026 - 20:21:56: [FF] [Lê Hải] <STEAM_1:0:471595906> -> 3 HP bằng (súng) -> [None :D] <STEAM_1:0:578030381>
L 09/05/2026 - 20:21:56: [FF] [Lê Hải] <STEAM_1:0:471595906> -> 3 HP bằng (súng) -> [None :D] <STEAM_1:0:578030381>
L 09/05/2026 - 20:21:57: [FF] [chimxanh] <STEAM_1:1:626078671> -> 16 HP bằng (boom/fire) -> [Curren Bouquetd'or] <STEAM_1:1:524205977>
L 09/05/2026 - 20:21:57: [FF] [chimxanh] <STEAM_1:1:626078671> -> 16 HP bằng (boom/fire) -> [Curren Bouquetd'or] <STEAM_1:1:524205977>
L 09/05/2026 - 20:21:57: [FF] [chimxanh] <STEAM_1:1:626078671> -> 16 HP bằng (boom/fire) -> [Curren Bouquetd'or] <STEAM_1:1:524205977>
L 09/05/2026 - 20:21:57: [FF] [chimxanh] <STEAM_1:1:626078671> -> 16 HP bằng (boom/fire) -> [Curren Bouquetd'or] <STEAM_1:1:524205977>
L 09/05/2026 - 20:21:59: [HẠ GỤC] Zombie/Witch/Môi trường <N/A> đã hạ gục Curren Bouquetd'or <STEAM_1:1:524205977> bằng (môi trường/khác)
L 09/05/2026 - 20:22:01: [FF] [KeroN] <STEAM_1:1:161759963> -> 1 HP bằng (môi trường/khác) -> [Lê Hải] <STEAM_1:0:471595906>
L 09/05/2026 - 20:22:01: [FF] [KeroN] <STEAM_1:1:161759963> -> 1 HP bằng (môi trường/khác) -> [nikola25645] <STEAM_1:1:782248349>
L 09/05/2026 - 20:22:01: [FF] [KeroN] <STEAM_1:1:161759963> -> 1 HP bằng (môi trường/khác) -> [LmaoLmao] <STEAM_1:0:606728972>
L 09/05/2026 - 20:22:01: [FF] [KeroN] <STEAM_1:1:161759963> -> 1 HP bằng (môi trường/khác) -> [chimxanh] <STEAM_1:1:626078671>
L 09/05/2026 - 20:22:01: [FF] [KeroN] <STEAM_1:1:161759963> -> 1 HP bằng (môi trường/khác) -> [Holo 40k] <STEAM_1:1:925049770>
L 09/05/2026 - 20:22:04: [HẠ GỤC] Zombie/Witch/Môi trường <N/A> đã hạ gục chimxanh <STEAM_1:1:626078671> bằng (môi trường/khác)
L 09/05/2026 - 20:22:11: [HẠ GỤC] Zombie/Witch/Môi trường <N/A> đã hạ gục Holo 40k <STEAM_1:1:925049770> bằng (môi trường/khác)
L 09/05/2026 - 20:22:14: [HẠ GỤC] Spitter Bot <BOT> đã hạ gục Bảo Nguyên <STEAM_1:0:218160880> bằng (môi trường/khác)
L 09/05/2026 - 20:22:16: [FF] [Holo 40k] <STEAM_1:1:925049770> -> 16 HP bằng (boom/fire) -> [Curren Bouquetd'or] <STEAM_1:1:524205977>
L 09/05/2026 - 20:22:17: [FF] [Holo 40k] <STEAM_1:1:925049770> -> 16 HP bằng (boom/fire) -> [Curren Bouquetd'or] <STEAM_1:1:524205977>
L 09/05/2026 - 20:22:17: [FF] [Holo 40k] <STEAM_1:1:925049770> -> 16 HP bằng (boom/fire) -> [Curren Bouquetd'or] <STEAM_1:1:524205977>
L 09/05/2026 - 20:22:17: [FF] [Holo 40k] <STEAM_1:1:925049770> -> 16 HP bằng (boom/fire) -> [Curren Bouquetd'or] <STEAM_1:1:524205977>
L 09/05/2026 - 20:22:17: [FF] [Holo 40k] <STEAM_1:1:925049770> -> 16 HP bằng (boom/fire) -> [Curren Bouquetd'or] <STEAM_1:1:524205977>
L 09/05/2026 - 20:22:17: [FF] [Holo 40k] <STEAM_1:1:925049770> -> 16 HP bằng (boom/fire) -> [Curren Bouquetd'or] <STEAM_1:1:524205977>
L 09/05/2026 - 20:22:18: [FF] [Holo 40k] <STEAM_1:1:925049770> -> 16 HP bằng (boom/fire) -> [Curren Bouquetd'or] <STEAM_1:1:524205977>
L 09/05/2026 - 20:22:18: [FF] [Holo 40k] <STEAM_1:1:925049770> -> 16 HP bằng (boom/fire) -> [Curren Bouquetd'or] <STEAM_1:1:524205977>
L 09/05/2026 - 20:22:18: [FF] [Holo 40k] <STEAM_1:1:925049770> -> 16 HP bằng (boom/fire) -> [Curren Bouquetd'or] <STEAM_1:1:524205977>
L 09/05/2026 - 20:22:18: [FF] [Holo 40k] <STEAM_1:1:925049770> -> 16 HP bằng (boom/fire) -> [Curren Bouquetd'or] <STEAM_1:1:524205977>
L 09/05/2026 - 20:22:18: [FF] [Holo 40k] <STEAM_1:1:925049770> -> 16 HP bằng (boom/fire) -> [Curren Bouquetd'or] <STEAM_1:1:524205977>
L 09/05/2026 - 20:22:19: [FF] [Holo 40k] <STEAM_1:1:925049770> -> 16 HP bằng (boom/fire) -> [Curren Bouquetd'or] <STEAM_1:1:524205977>
L 09/05/2026 - 20:22:19: [FF] [Holo 40k] <STEAM_1:1:925049770> -> 16 HP bằng (boom/fire) -> [Curren Bouquetd'or] <STEAM_1:1:524205977>
L 09/05/2026 - 20:22:19: [FF] [Holo 40k] <STEAM_1:1:925049770> -> 16 HP bằng (boom/fire) -> [Curren Bouquetd'or] <STEAM_1:1:524205977>
L 09/05/2026 - 20:22:19: [FF] [Holo 40k] <STEAM_1:1:925049770> -> 16 HP bằng (boom/fire) -> [Curren Bouquetd'or] <STEAM_1:1:524205977>
L 09/05/2026 - 20:22:19: [FF] [Holo 40k] <STEAM_1:1:925049770> -> 16 HP bằng (boom/fire) -> [Curren Bouquetd'or] <STEAM_1:1:524205977>
L 09/05/2026 - 20:22:20: [FF] [Holo 40k] <STEAM_1:1:925049770> -> 16 HP bằng (boom/fire) -> [Curren Bouquetd'or] <STEAM_1:1:524205977>
L 09/05/2026 - 20:22:20: [FF] [Holo 40k] <STEAM_1:1:925049770> -> 16 HP bằng (boom/fire) -> [Curren Bouquetd'or] <STEAM_1:1:524205977>
L 09/05/2026 - 20:22:20: [FF] [Holo 40k] <STEAM_1:1:925049770> -> 16 HP bằng (boom/fire) -> [Curren Bouquetd'or] <STEAM_1:1:524205977>
L 09/05/2026 - 20:22:20: [FF] [Holo 40k] <STEAM_1:1:925049770> -> 16 HP bằng (boom/fire) -> [Curren Bouquetd'or] <STEAM_1:1:524205977>
L 09/05/2026 - 20:22:20: [FF] [Holo 40k] <STEAM_1:1:925049770> -> 16 HP bằng (boom/fire) -> [Curren Bouquetd'or] <STEAM_1:1:524205977>
L 09/05/2026 - 20:22:21: [FF] [Holo 40k] <STEAM_1:1:925049770> -> 16 HP bằng (boom/fire) -> [Curren Bouquetd'or] <STEAM_1:1:524205977>
L 09/05/2026 - 20:22:21: [FF] [Holo 40k] <STEAM_1:1:925049770> -> 16 HP bằng (boom/fire) -> [Curren Bouquetd'or] <STEAM_1:1:524205977>
L 09/05/2026 - 20:22:21: [FF] [Holo 40k] <STEAM_1:1:925049770> -> 16 HP bằng (boom/fire) -> [Curren Bouquetd'or] <STEAM_1:1:524205977>
L 09/05/2026 - 20:22:21: [FF] [Holo 40k] <STEAM_1:1:925049770> -> 16 HP bằng (boom/fire) -> [Curren Bouquetd'or] <STEAM_1:1:524205977>
L 09/05/2026 - 20:22:21: [FF] [Holo 40k] <STEAM_1:1:925049770> -> 16 HP bằng (boom/fire) -> [Curren Bouquetd'or] <STEAM_1:1:524205977>
L 09/05/2026 - 20:22:22: [FF] [Holo 40k] <STEAM_1:1:925049770> -> 16 HP bằng (boom/fire) -> [Curren Bouquetd'or] <STEAM_1:1:524205977>
L 09/05/2026 - 20:22:22: [FF] [Holo 40k] <STEAM_1:1:925049770> -> 16 HP bằng (boom/fire) -> [Curren Bouquetd'or] <STEAM_1:1:524205977>
L 09/05/2026 - 20:22:22: [FF] [Holo 40k] <STEAM_1:1:925049770> -> 16 HP bằng (boom/fire) -> [Curren Bouquetd'or] <STEAM_1:1:524205977>
L 09/05/2026 - 20:22:22: [FF] [Holo 40k] <STEAM_1:1:925049770> -> 16 HP bằng (boom/fire) -> [Curren Bouquetd'or] <STEAM_1:1:524205977>
L 09/05/2026 - 20:22:22: [FF] [Holo 40k] <STEAM_1:1:925049770> -> 16 HP bằng (boom/fire) -> [Curren Bouquetd'or] <STEAM_1:1:524205977>
L 09/05/2026 - 20:22:23: [FF] [Holo 40k] <STEAM_1:1:925049770> -> 16 HP bằng (boom/fire) -> [Curren Bouquetd'or] <STEAM_1:1:524205977>
L 09/05/2026 - 20:22:23: [FF] [Holo 40k] <STEAM_1:1:925049770> -> 16 HP bằng (boom/fire) -> [Curren Bouquetd'or] <STEAM_1:1:524205977>
L 09/05/2026 - 20:22:23: [FF] [Holo 40k] <STEAM_1:1:925049770> -> 16 HP bằng (boom/fire) -> [Curren Bouquetd'or] <STEAM_1:1:524205977>
L 09/05/2026 - 20:22:23: [FF] [Holo 40k] <STEAM_1:1:925049770> -> 16 HP bằng (boom/fire) -> [Curren Bouquetd'or] <STEAM_1:1:524205977>
L 09/05/2026 - 20:22:23: [FF] [Holo 40k] <STEAM_1:1:925049770> -> 16 HP bằng (boom/fire) -> [Curren Bouquetd'or] <STEAM_1:1:524205977>
L 09/05/2026 - 20:22:24: [FF] [Holo 40k] <STEAM_1:1:925049770> -> 16 HP bằng (boom/fire) -> [Curren Bouquetd'or] <STEAM_1:1:524205977>
L 09/05/2026 - 20:22:24: [FF] [Holo 40k] <STEAM_1:1:925049770> -> 16 HP bằng (boom/fire) -> [Curren Bouquetd'or] <STEAM_1:1:524205977>
L 09/05/2026 - 20:22:24: [FF] [Holo 40k] <STEAM_1:1:925049770> -> 16 HP bằng (boom/fire) -> [Curren Bouquetd'or] <STEAM_1:1:524205977>
L 09/05/2026 - 20:22:24: [FF] [Holo 40k] <STEAM_1:1:925049770> -> 16 HP bằng (boom/fire) -> [Curren Bouquetd'or] <STEAM_1:1:524205977>
L 09/05/2026 - 20:22:24: [FF] [Holo 40k] <STEAM_1:1:925049770> -> 16 HP bằng (boom/fire) -> [Curren Bouquetd'or] <STEAM_1:1:524205977>
L 09/05/2026 - 20:22:25: [FF] [Holo 40k] <STEAM_1:1:925049770> -> 16 HP bằng (boom/fire) -> [Curren Bouquetd'or] <STEAM_1:1:524205977>
L 09/05/2026 - 20:22:25: [FF] [Holo 40k] <STEAM_1:1:925049770> -> 16 HP bằng (boom/fire) -> [Curren Bouquetd'or] <STEAM_1:1:524205977>
L 09/05/2026 - 20:22:25: [FF] [Holo 40k] <STEAM_1:1:925049770> -> 16 HP bằng (boom/fire) -> [Curren Bouquetd'or] <STEAM_1:1:524205977>
L 09/05/2026 - 20:22:25: [FF] [Holo 40k] <STEAM_1:1:925049770> -> 16 HP bằng (boom/fire) -> [Curren Bouquetd'or] <STEAM_1:1:524205977>
L 09/05/2026 - 20:22:27: [FF] [Holo 40k] <STEAM_1:1:925049770> -> 16 HP bằng (boom/fire) -> [Curren Bouquetd'or] <STEAM_1:1:524205977>
L 09/05/2026 - 20:22:28: [FF] [Holo 40k] <STEAM_1:1:925049770> -> 16 HP bằng (boom/fire) -> [Curren Bouquetd'or] <STEAM_1:1:524205977>
L 09/05/2026 - 20:22:40: [FF] [Curren Bouquetd'or] <STEAM_1:1:524205977> -> 5 HP bằng (súng) -> [nikola25645] <STEAM_1:1:782248349>
L 09/05/2026 - 20:22:41: [FF] [Curren Bouquetd'or] <STEAM_1:1:524205977> -> 5 HP bằng (súng) -> [nikola25645] <STEAM_1:1:782248349>
L 09/05/2026 - 20:22:41: [FF] [Curren Bouquetd'or] <STEAM_1:1:524205977> -> 6 HP bằng (súng) -> [nikola25645] <STEAM_1:1:782248349>
L 09/05/2026 - 20:22:41: [FF] [Curren Bouquetd'or] <STEAM_1:1:524205977> -> 6 HP bằng (súng) -> [nikola25645] <STEAM_1:1:782248349>
L 09/05/2026 - 20:22:46: [KILL] Spitter Bot <BOT> đã giết Bảo Nguyên <STEAM_1:0:218160880> bằng (môi trường/khác)
L 09/05/2026 - 20:24:44: [FF] [nikola25645] <STEAM_1:1:782248349> -> 1 HP bằng (súng) -> [Chicoarun] <STEAM_1:0:952954061>
L 09/05/2026 - 20:24:44: [FF] [nikola25645] <STEAM_1:1:782248349> -> 1 HP bằng (súng) -> [Chicoarun] <STEAM_1:0:952954061>
L 09/05/2026 - 20:24:44: [FF] [nikola25645] <STEAM_1:1:782248349> -> 1 HP bằng (súng) -> [Chicoarun] <STEAM_1:0:952954061>
L 09/05/2026 - 20:24:48: [FF] [Holo 40k] <STEAM_1:1:925049770> -> 7 HP bằng (melee) -> [Bảo Nguyên] <STEAM_1:0:218160880>
L 09/05/2026 - 20:24:51: [HẠ GỤC] Jockey Bot <BOT> đã hạ gục Chicoarun <STEAM_1:0:952954061> bằng (zombie cào/đấm)
L 09/05/2026 - 20:24:55: [FF] [Curren Bouquetd'or] <STEAM_1:1:524205977> -> 5 HP bằng (súng) -> [Rïçēz] <STEAM_1:1:558962692>
L 09/05/2026 - 20:24:55: [FF] [Curren Bouquetd'or] <STEAM_1:1:524205977> -> 5 HP bằng (súng) -> [Rïçēz] <STEAM_1:1:558962692>
L 09/05/2026 - 20:24:55: [FF] [Curren Bouquetd'or] <STEAM_1:1:524205977> -> 5 HP bằng (súng) -> [chimxanh] <STEAM_1:1:626078671>
L 09/05/2026 - 20:24:55: [FF] [Curren Bouquetd'or] <STEAM_1:1:524205977> -> 5 HP bằng (súng) -> [chimxanh] <STEAM_1:1:626078671>
L 09/05/2026 - 20:24:55: [FF] [Curren Bouquetd'or] <STEAM_1:1:524205977> -> 5 HP bằng (súng) -> [Rïçēz] <STEAM_1:1:558962692>
L 09/05/2026 - 20:24:56: [FF] [Curren Bouquetd'or] <STEAM_1:1:524205977> -> 5 HP bằng (súng) -> [Rïçēz] <STEAM_1:1:558962692>
L 09/05/2026 - 20:24:56: [FF] [Curren Bouquetd'or] <STEAM_1:1:524205977> -> 5 HP bằng (súng) -> [Rïçēz] <STEAM_1:1:558962692>
L 09/05/2026 - 20:24:56: [FF] [Curren Bouquetd'or] <STEAM_1:1:524205977> -> 5 HP bằng (súng) -> [Rïçēz] <STEAM_1:1:558962692>
L 09/05/2026 - 20:24:56: [FF] [Curren Bouquetd'or] <STEAM_1:1:524205977> -> 5 HP bằng (súng) -> [chimxanh] <STEAM_1:1:626078671>
L 09/05/2026 - 20:24:57: [FF] [Curren Bouquetd'or] <STEAM_1:1:524205977> -> 5 HP bằng (súng) -> [Nick] <BOT>
L 09/05/2026 - 20:24:57: [FF] [Bảo Nguyên] <STEAM_1:0:218160880> -> 5 HP bằng (súng) -> [Rïçēz] <STEAM_1:1:558962692>
L 09/05/2026 - 20:24:57: [FF] [Bảo Nguyên] <STEAM_1:0:218160880> -> 5 HP bằng (súng) -> [Rïçēz] <STEAM_1:1:558962692>
L 09/05/2026 - 20:24:57: [FF] [Bảo Nguyên] <STEAM_1:0:218160880> -> 5 HP bằng (súng) -> [Rïçēz] <STEAM_1:1:558962692>
L 09/05/2026 - 20:24:58: [FF] [Bảo Nguyên] <STEAM_1:0:218160880> -> 5 HP bằng (súng) -> [Nick] <BOT>
L 09/05/2026 - 20:24:58: [FF] [KeroN] <STEAM_1:1:161759963> -> 22 HP bằng (súng) -> [Nick] <BOT>
L 09/05/2026 - 20:25:00: [HẠ GỤC] (1)Spitter Bot <BOT> đã hạ gục Rïçēz <STEAM_1:1:558962692> bằng (môi trường/khác)
L 09/05/2026 - 20:25:00: [FF] [Bảo Nguyên] <STEAM_1:0:218160880> -> 5 HP bằng (súng) -> [Chicoarun] <STEAM_1:0:952954061>
L 09/05/2026 - 20:25:05: [HẠ GỤC] Zombie/Witch/Môi trường <N/A> đã hạ gục Holo 40k <STEAM_1:1:925049770> bằng (môi trường/khác)
L 09/05/2026 - 20:25:11: [FF] [chimxanh] <STEAM_1:1:626078671> -> 7 HP bằng (melee) -> [Chicoarun] <STEAM_1:0:952954061>
L 09/05/2026 - 20:25:20: [FF] [chimxanh] <STEAM_1:1:626078671> -> 7 HP bằng (melee) -> [Bảo Nguyên] <STEAM_1:0:218160880>
L 09/05/2026 - 20:25:21: [FF] [Bảo Nguyên] <STEAM_1:0:218160880> -> 6 HP bằng (súng) -> [chimxanh] <STEAM_1:1:626078671>
L 09/05/2026 - 20:25:21: [FF] [Holo 40k] <STEAM_1:1:925049770> -> 7 HP bằng (melee) -> [Bảo Nguyên] <STEAM_1:0:218160880>
L 09/05/2026 - 20:25:22: [FF] [Holo 40k] <STEAM_1:1:925049770> -> 7 HP bằng (melee) -> [Bảo Nguyên] <STEAM_1:0:218160880>
L 09/05/2026 - 20:25:31: [FF] [Rïçēz] <STEAM_1:1:558962692> -> 3 HP bằng (súng) -> [Nick] <BOT>
L 09/05/2026 - 20:25:31: [FF] [Rïçēz] <STEAM_1:1:558962692> -> 3 HP bằng (súng) -> [Nick] <BOT>
L 09/05/2026 - 20:25:31: [FF] [Rïçēz] <STEAM_1:1:558962692> -> 3 HP bằng (súng) -> [Nick] <BOT>
L 09/05/2026 - 20:25:31: [FF] [Rïçēz] <STEAM_1:1:558962692> -> 3 HP bằng (súng) -> [Nick] <BOT>
L 09/05/2026 - 20:25:31: [FF] [Rïçēz] <STEAM_1:1:558962692> -> 3 HP bằng (súng) -> [Nick] <BOT>
L 09/05/2026 - 20:25:31: [FF] [Rïçēz] <STEAM_1:1:558962692> -> 3 HP bằng (súng) -> [Nick] <BOT>
L 09/05/2026 - 20:25:31: [FF] [Rïçēz] <STEAM_1:1:558962692> -> 3 HP bằng (súng) -> [Nick] <BOT>
L 09/05/2026 - 20:25:31: [FF] [Rïçēz] <STEAM_1:1:558962692> -> 3 HP bằng (súng) -> [Nick] <BOT>
L 09/05/2026 - 20:25:36: [FF] [nikola25645] <STEAM_1:1:782248349> -> 1 HP bằng (súng) -> [Chicoarun] <STEAM_1:0:952954061>
L 09/05/2026 - 20:25:36: [FF] [Bảo Nguyên] <STEAM_1:0:218160880> -> 8 HP bằng (boom/fire) -> [Chicoarun] <STEAM_1:0:952954061>
L 09/05/2026 - 20:25:36: [FF] [Bảo Nguyên] <STEAM_1:0:218160880> -> 9 HP bằng (boom/fire) -> [Chicoarun] <STEAM_1:0:952954061>
L 09/05/2026 - 20:25:37: [FF] [Bảo Nguyên] <STEAM_1:0:218160880> -> 11 HP bằng (boom/fire) -> [Chicoarun] <STEAM_1:0:952954061>
L 09/05/2026 - 20:25:37: [FF] [Bảo Nguyên] <STEAM_1:0:218160880> -> 12 HP bằng (boom/fire) -> [Chicoarun] <STEAM_1:0:952954061>
L 09/05/2026 - 20:25:37: [FF] [Bảo Nguyên] <STEAM_1:0:218160880> -> 14 HP bằng (boom/fire) -> [Chicoarun] <STEAM_1:0:952954061>
L 09/05/2026 - 20:25:37: [FF] [Bảo Nguyên] <STEAM_1:0:218160880> -> 16 HP bằng (boom/fire) -> [Chicoarun] <STEAM_1:0:952954061>
L 09/05/2026 - 20:25:37: [FF] [Bảo Nguyên] <STEAM_1:0:218160880> -> 16 HP bằng (boom/fire) -> [Chicoarun] <STEAM_1:0:952954061>
L 09/05/2026 - 20:25:38: [FF] [nikola25645] <STEAM_1:1:782248349> -> 1 HP bằng (súng) -> [Chicoarun] <STEAM_1:0:952954061>
L 09/05/2026 - 20:25:38: [FF] [Bảo Nguyên] <STEAM_1:0:218160880> -> 16 HP bằng (boom/fire) -> [Chicoarun] <STEAM_1:0:952954061>
L 09/05/2026 - 20:25:38: [HẠ GỤC] Bảo Nguyên <STEAM_1:0:218160880> đã hạ gục Chicoarun <STEAM_1:0:952954061> bằng (boom/fire)
L 09/05/2026 - 20:25:38: [FF] [Bảo Nguyên] <STEAM_1:0:218160880> -> 16 HP bằng (boom/fire) -> [Chicoarun] <STEAM_1:0:952954061>
L 09/05/2026 - 20:25:38: [FF] [Bảo Nguyên] <STEAM_1:0:218160880> -> 16 HP bằng (boom/fire) -> [Chicoarun] <STEAM_1:0:952954061>
L 09/05/2026 - 20:25:38: [FF] [Bảo Nguyên] <STEAM_1:0:218160880> -> 16 HP bằng (boom/fire) -> [Chicoarun] <STEAM_1:0:952954061>
L 09/05/2026 - 20:25:39: [FF] [Bảo Nguyên] <STEAM_1:0:218160880> -> 16 HP bằng (boom/fire) -> [Chicoarun] <STEAM_1:0:952954061>
L 09/05/2026 - 20:25:39: [FF] [Bảo Nguyên] <STEAM_1:0:218160880> -> 16 HP bằng (boom/fire) -> [Chicoarun] <STEAM_1:0:952954061>
L 09/05/2026 - 20:25:39: [FF] [Bảo Nguyên] <STEAM_1:0:218160880> -> 16 HP bằng (boom/fire) -> [Chicoarun] <STEAM_1:0:952954061>
L 09/05/2026 - 20:25:39: [FF] [Bảo Nguyên] <STEAM_1:0:218160880> -> 16 HP bằng (boom/fire) -> [Chicoarun] <STEAM_1:0:952954061>
L 09/05/2026 - 20:25:39: [FF] [Bảo Nguyên] <STEAM_1:0:218160880> -> 16 HP bằng (boom/fire) -> [Chicoarun] <STEAM_1:0:952954061>
L 09/05/2026 - 20:25:40: [FF] [Bảo Nguyên] <STEAM_1:0:218160880> -> 16 HP bằng (boom/fire) -> [Chicoarun] <STEAM_1:0:952954061>
L 09/05/2026 - 20:25:40: [FF] [Bảo Nguyên] <STEAM_1:0:218160880> -> 16 HP bằng (boom/fire) -> [Chicoarun] <STEAM_1:0:952954061>
L 09/05/2026 - 20:25:40: [FF] [Bảo Nguyên] <STEAM_1:0:218160880> -> 16 HP bằng (boom/fire) -> [Chicoarun] <STEAM_1:0:952954061>
L 09/05/2026 - 20:25:40: [FF] [Bảo Nguyên] <STEAM_1:0:218160880> -> 16 HP bằng (boom/fire) -> [Chicoarun] <STEAM_1:0:952954061>
L 09/05/2026 - 20:25:40: [FF] [Bảo Nguyên] <STEAM_1:0:218160880> -> 16 HP bằng (boom/fire) -> [Chicoarun] <STEAM_1:0:952954061>
L 09/05/2026 - 20:25:41: [FF] [Bảo Nguyên] <STEAM_1:0:218160880> -> 16 HP bằng (boom/fire) -> [Chicoarun] <STEAM_1:0:952954061>
L 09/05/2026 - 20:25:41: [FF] [Bảo Nguyên] <STEAM_1:0:218160880> -> 16 HP bằng (boom/fire) -> [Chicoarun] <STEAM_1:0:952954061>
L 09/05/2026 - 20:25:41: [FF] [Bảo Nguyên] <STEAM_1:0:218160880> -> 16 HP bằng (boom/fire) -> [Chicoarun] <STEAM_1:0:952954061>
L 09/05/2026 - 20:25:53: [HẠ GỤC] Zombie/Witch/Môi trường <N/A> đã hạ gục Rïçēz <STEAM_1:1:558962692> bằng (môi trường/khác)
L 09/05/2026 - 20:25:57: [FF] [Bảo Nguyên] <STEAM_1:0:218160880> -> 1 HP bằng (môi trường/khác) -> [chimxanh] <STEAM_1:1:626078671>
L 09/05/2026 - 20:25:57: [FF] [Bảo Nguyên] <STEAM_1:0:218160880> -> 1 HP bằng (môi trường/khác) -> [KeroN] <STEAM_1:1:161759963>
L 09/05/2026 - 20:25:57: [FF] [Bảo Nguyên] <STEAM_1:0:218160880> -> 2 HP bằng (môi trường/khác) -> [nikola25645] <STEAM_1:1:782248349>
L 09/05/2026 - 20:25:57: [FF] [Bảo Nguyên] <STEAM_1:0:218160880> -> 1 HP bằng (môi trường/khác) -> [Curren Bouquetd'or] <STEAM_1:1:524205977>
L 09/05/2026 - 20:25:57: [FF] [Bảo Nguyên] <STEAM_1:0:218160880> -> 1 HP bằng (môi trường/khác) -> [Lê Hải] <STEAM_1:0:471595906>
L 09/05/2026 - 20:25:57: [FF] [Bảo Nguyên] <STEAM_1:0:218160880> -> 1 HP bằng (môi trường/khác) -> [Chicoarun] <STEAM_1:0:952954061>
L 09/05/2026 - 20:25:58: [FF] [Bảo Nguyên] <STEAM_1:0:218160880> -> 11 HP bằng (boom/fire) -> [Lê Hải] <STEAM_1:0:471595906>
L 09/05/2026 - 20:25:58: [FF] [Bảo Nguyên] <STEAM_1:0:218160880> -> 12 HP bằng (boom/fire) -> [Lê Hải] <STEAM_1:0:471595906>
L 09/05/2026 - 20:25:58: [FF] [Bảo Nguyên] <STEAM_1:0:218160880> -> 14 HP bằng (boom/fire) -> [Lê Hải] <STEAM_1:0:471595906>
L 09/05/2026 - 20:25:59: [FF] [Bảo Nguyên] <STEAM_1:0:218160880> -> 16 HP bằng (boom/fire) -> [Lê Hải] <STEAM_1:0:471595906>
L 09/05/2026 - 20:25:59: [HẠ GỤC] Hunter Bot <BOT> đã hạ gục Bảo Nguyên <STEAM_1:0:218160880> bằng (zombie cào/đấm)
L 09/05/2026 - 20:25:59: [FF] [Bảo Nguyên] <STEAM_1:0:218160880> -> 16 HP bằng (boom/fire) -> [Lê Hải] <STEAM_1:0:471595906>
L 09/05/2026 - 20:25:59: [FF] [Bảo Nguyên] <STEAM_1:0:218160880> -> 16 HP bằng (boom/fire) -> [Lê Hải] <STEAM_1:0:471595906>
L 09/05/2026 - 20:25:59: [FF] [Bảo Nguyên] <STEAM_1:0:218160880> -> 16 HP bằng (boom/fire) -> [Lê Hải] <STEAM_1:0:471595906>
L 09/05/2026 - 20:25:59: [FF] [Bảo Nguyên] <STEAM_1:0:218160880> -> 16 HP bằng (boom/fire) -> [Lê Hải] <STEAM_1:0:471595906>
L 09/05/2026 - 20:26:00: [FF] [Bảo Nguyên] <STEAM_1:0:218160880> -> 16 HP bằng (boom/fire) -> [Lê Hải] <STEAM_1:0:471595906>
L 09/05/2026 - 20:26:00: [HẠ GỤC] Bảo Nguyên <STEAM_1:0:218160880> đã hạ gục Lê Hải <STEAM_1:0:471595906> bằng (boom/fire)
L 09/05/2026 - 20:26:08: [FF] [nikola25645] <STEAM_1:1:782248349> -> 2 HP bằng (súng) -> [Lê Hải] <STEAM_1:0:471595906>
L 09/05/2026 - 20:26:08: [FF] [nikola25645] <STEAM_1:1:782248349> -> 1 HP bằng (súng) -> [Lê Hải] <STEAM_1:0:471595906>
L 09/05/2026 - 20:26:11: [FF] [Holo 40k] <STEAM_1:1:925049770> -> 7 HP bằng (melee) -> [Nick] <BOT>
L 09/05/2026 - 20:26:14: [FF] [Rïçēz] <STEAM_1:1:558962692> -> 3 HP bằng (súng) -> [KeroN] <STEAM_1:1:161759963>
L 09/05/2026 - 20:26:14: [FF] [Rïçēz] <STEAM_1:1:558962692> -> 3 HP bằng (súng) -> [KeroN] <STEAM_1:1:161759963>
L 09/05/2026 - 20:26:17: [FF] [Curren Bouquetd'or] <STEAM_1:1:524205977> -> 5 HP bằng (súng) -> [Bảo Nguyên] <STEAM_1:0:218160880>
L 09/05/2026 - 20:26:17: [FF] [Lê Hải] <STEAM_1:0:471595906> -> 3 HP bằng (súng) -> [KeroN] <STEAM_1:1:161759963>
L 09/05/2026 - 20:26:18: [FF] [Lê Hải] <STEAM_1:0:471595906> -> 3 HP bằng (súng) -> [Holo 40k] <STEAM_1:1:925049770>
L 09/05/2026 - 20:26:18: [FF] [Lê Hải] <STEAM_1:0:471595906> -> 3 HP bằng (súng) -> [Holo 40k] <STEAM_1:1:925049770>
L 09/05/2026 - 20:26:18: [FF] [Lê Hải] <STEAM_1:0:471595906> -> 3 HP bằng (súng) -> [Holo 40k] <STEAM_1:1:925049770>
L 09/05/2026 - 20:26:18: [FF] [Lê Hải] <STEAM_1:0:471595906> -> 3 HP bằng (súng) -> [Holo 40k] <STEAM_1:1:925049770>
L 09/05/2026 - 20:26:18: [FF] [Lê Hải] <STEAM_1:0:471595906> -> 3 HP bằng (súng) -> [Holo 40k] <STEAM_1:1:925049770>
L 09/05/2026 - 20:26:18: [FF] [Lê Hải] <STEAM_1:0:471595906> -> 3 HP bằng (súng) -> [Holo 40k] <STEAM_1:1:925049770>
L 09/05/2026 - 20:26:18: [FF] [Lê Hải] <STEAM_1:0:471595906> -> 3 HP bằng (súng) -> [Holo 40k] <STEAM_1:1:925049770>
L 09/05/2026 - 20:26:18: [FF] [Lê Hải] <STEAM_1:0:471595906> -> 3 HP bằng (súng) -> [Holo 40k] <STEAM_1:1:925049770>
L 09/05/2026 - 20:26:18: [FF] [Lê Hải] <STEAM_1:0:471595906> -> 3 HP bằng (súng) -> [Holo 40k] <STEAM_1:1:925049770>
L 09/05/2026 - 20:26:18: [FF] [Lê Hải] <STEAM_1:0:471595906> -> 3 HP bằng (súng) -> [Holo 40k] <STEAM_1:1:925049770>
L 09/05/2026 - 20:26:18: [FF] [Lê Hải] <STEAM_1:0:471595906> -> 3 HP bằng (súng) -> [Holo 40k] <STEAM_1:1:925049770>
L 09/05/2026 - 20:26:18: [FF] [Curren Bouquetd'or] <STEAM_1:1:524205977> -> 5 HP bằng (súng) -> [chimxanh] <STEAM_1:1:626078671>
L 09/05/2026 - 20:26:19: [FF] [chimxanh] <STEAM_1:1:626078671> -> 7 HP bằng (melee) -> [KeroN] <STEAM_1:1:161759963>
L 09/05/2026 - 20:26:28: [HẠ GỤC] Zombie/Witch/Môi trường <N/A> đã hạ gục Holo 40k <STEAM_1:1:925049770> bằng (môi trường/khác)
L 09/05/2026 - 20:26:36: [FF] [Curren Bouquetd'or] <STEAM_1:1:524205977> -> 6 HP bằng (súng) -> [chimxanh] <STEAM_1:1:626078671>
L 09/05/2026 - 20:26:37: [FF] [Curren Bouquetd'or] <STEAM_1:1:524205977> -> 5 HP bằng (súng) -> [Chicoarun] <STEAM_1:0:952954061>
L 09/05/2026 - 20:26:37: [FF] [None :D] <STEAM_1:0:578030381> -> 31 HP bằng (súng) -> [Curren Bouquetd'or] <STEAM_1:1:524205977>
L 09/05/2026 - 20:26:38: [FF] [Curren Bouquetd'or] <STEAM_1:1:524205977> -> 5 HP bằng (súng) -> [Holo 40k] <STEAM_1:1:925049770>
L 09/05/2026 - 20:26:46: [FF] [Bảo Nguyên] <STEAM_1:0:218160880> -> 7 HP bằng (melee) -> [Holo 40k] <STEAM_1:1:925049770>
L 09/05/2026 - 20:26:54: [FF] [Lê Hải] <STEAM_1:0:471595906> -> 3 HP bằng (súng) -> [Curren Bouquetd'or] <STEAM_1:1:524205977>
L 09/05/2026 - 20:26:55: [FF] [Bảo Nguyên] <STEAM_1:0:218160880> -> 1 HP bằng (môi trường/khác) -> [Curren Bouquetd'or] <STEAM_1:1:524205977>
L 09/05/2026 - 20:26:55: [FF] [Bảo Nguyên] <STEAM_1:0:218160880> -> 5 HP bằng (súng) -> [Lê Hải] <STEAM_1:0:471595906>
L 09/05/2026 - 20:26:56: [FF] [Bảo Nguyên] <STEAM_1:0:218160880> -> 4 HP bằng (boom/fire) -> [Curren Bouquetd'or] <STEAM_1:1:524205977>
L 09/05/2026 - 20:26:56: [FF] [Bảo Nguyên] <STEAM_1:0:218160880> -> 6 HP bằng (boom/fire) -> [Curren Bouquetd'or] <STEAM_1:1:524205977>
L 09/05/2026 - 20:26:56: [FF] [Bảo Nguyên] <STEAM_1:0:218160880> -> 8 HP bằng (boom/fire) -> [Curren Bouquetd'or] <STEAM_1:1:524205977>
L 09/05/2026 - 20:26:56: [FF] [Bảo Nguyên] <STEAM_1:0:218160880> -> 9 HP bằng (boom/fire) -> [Curren Bouquetd'or] <STEAM_1:1:524205977>
L 09/05/2026 - 20:26:57: [FF] [Bảo Nguyên] <STEAM_1:0:218160880> -> 11 HP bằng (boom/fire) -> [Curren Bouquetd'or] <STEAM_1:1:524205977>
L 09/05/2026 - 20:26:57: [FF] [Bảo Nguyên] <STEAM_1:0:218160880> -> 12 HP bằng (boom/fire) -> [Curren Bouquetd'or] <STEAM_1:1:524205977>
L 09/05/2026 - 20:26:57: [FF] [Bảo Nguyên] <STEAM_1:0:218160880> -> 14 HP bằng (boom/fire) -> [Curren Bouquetd'or] <STEAM_1:1:524205977>
L 09/05/2026 - 20:26:57: [FF] [Bảo Nguyên] <STEAM_1:0:218160880> -> 16 HP bằng (boom/fire) -> [Curren Bouquetd'or] <STEAM_1:1:524205977>
L 09/05/2026 - 20:26:57: [HẠ GỤC] Bảo Nguyên <STEAM_1:0:218160880> đã hạ gục Curren Bouquetd'or <STEAM_1:1:524205977> bằng (boom/fire)
L 09/05/2026 - 20:26:58: [FF] [Bảo Nguyên] <STEAM_1:0:218160880> -> 16 HP bằng (boom/fire) -> [Curren Bouquetd'or] <STEAM_1:1:524205977>
L 09/05/2026 - 20:26:58: [FF] [Bảo Nguyên] <STEAM_1:0:218160880> -> 16 HP bằng (boom/fire) -> [Curren Bouquetd'or] <STEAM_1:1:524205977>
L 09/05/2026 - 20:26:58: [FF] [Bảo Nguyên] <STEAM_1:0:218160880> -> 16 HP bằng (boom/fire) -> [Curren Bouquetd'or] <STEAM_1:1:524205977>
L 09/05/2026 - 20:26:58: [FF] [Bảo Nguyên] <STEAM_1:0:218160880> -> 16 HP bằng (boom/fire) -> [Curren Bouquetd'or] <STEAM_1:1:524205977>
L 09/05/2026 - 20:26:58: [FF] [Bảo Nguyên] <STEAM_1:0:218160880> -> 16 HP bằng (boom/fire) -> [Curren Bouquetd'or] <STEAM_1:1:524205977>
L 09/05/2026 - 20:26:59: [FF] [Bảo Nguyên] <STEAM_1:0:218160880> -> 16 HP bằng (boom/fire) -> [Curren Bouquetd'or] <STEAM_1:1:524205977>
L 09/05/2026 - 20:26:59: [FF] [Bảo Nguyên] <STEAM_1:0:218160880> -> 16 HP bằng (boom/fire) -> [Curren Bouquetd'or] <STEAM_1:1:524205977>
L 09/05/2026 - 20:26:59: [FF] [Bảo Nguyên] <STEAM_1:0:218160880> -> 16 HP bằng (boom/fire) -> [Curren Bouquetd'or] <STEAM_1:1:524205977>
L 09/05/2026 - 20:26:59: [FF] [Bảo Nguyên] <STEAM_1:0:218160880> -> 16 HP bằng (boom/fire) -> [Curren Bouquetd'or] <STEAM_1:1:524205977>
L 09/05/2026 - 20:26:59: [FF] [Bảo Nguyên] <STEAM_1:0:218160880> -> 16 HP bằng (boom/fire) -> [Curren Bouquetd'or] <STEAM_1:1:524205977>
L 09/05/2026 - 20:27:00: [FF] [Bảo Nguyên] <STEAM_1:0:218160880> -> 16 HP bằng (boom/fire) -> [Curren Bouquetd'or] <STEAM_1:1:524205977>
L 09/05/2026 - 20:27:00: [FF] [Bảo Nguyên] <STEAM_1:0:218160880> -> 16 HP bằng (boom/fire) -> [Curren Bouquetd'or] <STEAM_1:1:524205977>
L 09/05/2026 - 20:27:00: [FF] [Bảo Nguyên] <STEAM_1:0:218160880> -> 16 HP bằng (boom/fire) -> [Curren Bouquetd'or] <STEAM_1:1:524205977>
L 09/05/2026 - 20:27:00: [FF] [Bảo Nguyên] <STEAM_1:0:218160880> -> 16 HP bằng (boom/fire) -> [Curren Bouquetd'or] <STEAM_1:1:524205977>
L 09/05/2026 - 20:27:00: [FF] [Bảo Nguyên] <STEAM_1:0:218160880> -> 16 HP bằng (boom/fire) -> [Curren Bouquetd'or] <STEAM_1:1:524205977>
L 09/05/2026 - 20:27:01: [FF] [Bảo Nguyên] <STEAM_1:0:218160880> -> 16 HP bằng (boom/fire) -> [Curren Bouquetd'or] <STEAM_1:1:524205977>
L 09/05/2026 - 20:27:01: [FF] [Bảo Nguyên] <STEAM_1:0:218160880> -> 16 HP bằng (boom/fire) -> [Curren Bouquetd'or] <STEAM_1:1:524205977>
L 09/05/2026 - 20:27:01: [FF] [Bảo Nguyên] <STEAM_1:0:218160880> -> 16 HP bằng (boom/fire) -> [Curren Bouquetd'or] <STEAM_1:1:524205977>
L 09/05/2026 - 20:27:01: [FF] [Bảo Nguyên] <STEAM_1:0:218160880> -> 16 HP bằng (boom/fire) -> [Curren Bouquetd'or] <STEAM_1:1:524205977>
L 09/05/2026 - 20:27:01: [FF] [Bảo Nguyên] <STEAM_1:0:218160880> -> 16 HP bằng (boom/fire) -> [Curren Bouquetd'or] <STEAM_1:1:524205977>
L 09/05/2026 - 20:27:02: [FF] [Bảo Nguyên] <STEAM_1:0:218160880> -> 16 HP bằng (boom/fire) -> [Curren Bouquetd'or] <STEAM_1:1:524205977>
L 09/05/2026 - 20:27:02: [FF] [Bảo Nguyên] <STEAM_1:0:218160880> -> 16 HP bằng (boom/fire) -> [Curren Bouquetd'or] <STEAM_1:1:524205977>
L 09/05/2026 - 20:27:02: [FF] [Bảo Nguyên] <STEAM_1:0:218160880> -> 16 HP bằng (boom/fire) -> [Curren Bouquetd'or] <STEAM_1:1:524205977>
L 09/05/2026 - 20:27:02: [FF] [Bảo Nguyên] <STEAM_1:0:218160880> -> 16 HP bằng (boom/fire) -> [Curren Bouquetd'or] <STEAM_1:1:524205977>
L 09/05/2026 - 20:27:02: [FF] [Bảo Nguyên] <STEAM_1:0:218160880> -> 16 HP bằng (boom/fire) -> [Curren Bouquetd'or] <STEAM_1:1:524205977>
L 09/05/2026 - 20:27:02: [KILL] Spitter Bot <BOT> đã giết Chicoarun <STEAM_1:0:952954061> bằng (zombie cào/đấm)
L 09/05/2026 - 20:27:02: [FF] [boviet666] <STEAM_1:0:963323015> -> 3 HP bằng (súng) -> [None :D] <STEAM_1:0:578030381>
L 09/05/2026 - 20:27:02: [FF] [boviet666] <STEAM_1:0:963323015> -> 3 HP bằng (súng) -> [None :D] <STEAM_1:0:578030381>
L 09/05/2026 - 20:27:03: [FF] [Bảo Nguyên] <STEAM_1:0:218160880> -> 16 HP bằng (boom/fire) -> [Curren Bouquetd'or] <STEAM_1:1:524205977>
L 09/05/2026 - 20:27:03: [FF] [Bảo Nguyên] <STEAM_1:0:218160880> -> 16 HP bằng (boom/fire) -> [Curren Bouquetd'or] <STEAM_1:1:524205977>
L 09/05/2026 - 20:27:03: [FF] [Bảo Nguyên] <STEAM_1:0:218160880> -> 16 HP bằng (boom/fire) -> [Curren Bouquetd'or] <STEAM_1:1:524205977>
L 09/05/2026 - 20:27:03: [FF] [Bảo Nguyên] <STEAM_1:0:218160880> -> 16 HP bằng (boom/fire) -> [Curren Bouquetd'or] <STEAM_1:1:524205977>
L 09/05/2026 - 20:27:03: [FF] [Bảo Nguyên] <STEAM_1:0:218160880> -> 16 HP bằng (boom/fire) -> [Curren Bouquetd'or] <STEAM_1:1:524205977>
L 09/05/2026 - 20:27:04: [FF] [Bảo Nguyên] <STEAM_1:0:218160880> -> 16 HP bằng (boom/fire) -> [Curren Bouquetd'or] <STEAM_1:1:524205977>
L 09/05/2026 - 20:27:04: [FF] [Bảo Nguyên] <STEAM_1:0:218160880> -> 16 HP bằng (boom/fire) -> [Curren Bouquetd'or] <STEAM_1:1:524205977>
L 09/05/2026 - 20:27:07: [HẠ GỤC] Zombie/Witch/Môi trường <N/A> đã hạ gục Curren Bouquetd'or <STEAM_1:1:524205977> bằng (boom/fire)
L 09/05/2026 - 20:27:09: [FF] [nikola25645] <STEAM_1:1:782248349> -> 1 HP bằng (súng) -> [KeroN] <STEAM_1:1:161759963>
L 09/05/2026 - 20:27:09: [FF] [nikola25645] <STEAM_1:1:782248349> -> 1 HP bằng (súng) -> [KeroN] <STEAM_1:1:161759963>
L 09/05/2026 - 20:27:12: [HẠ GỤC] Hunter Bot <BOT> đã hạ gục Lê Hải <STEAM_1:0:471595906> bằng (zombie cào/đấm)
L 09/05/2026 - 20:27:15: [FF] [Bảo Nguyên] <STEAM_1:0:218160880> -> 1 HP bằng (môi trường/khác) -> [chimxanh] <STEAM_1:1:626078671>
L 09/05/2026 - 20:27:15: [FF] [Bảo Nguyên] <STEAM_1:0:218160880> -> 1 HP bằng (môi trường/khác) -> [Rïçēz] <STEAM_1:1:558962692>
L 09/05/2026 - 20:27:26: [FF] [Rïçēz] <STEAM_1:1:558962692> -> 7 HP bằng (melee) -> [Holo 40k] <STEAM_1:1:925049770>
L 09/05/2026 - 20:27:28: [HẠ GỤC] Zombie/Witch/Môi trường <N/A> đã hạ gục nikola25645 <STEAM_1:1:782248349> bằng (môi trường/khác)
L 09/05/2026 - 20:27:52: [FF] [None :D] <STEAM_1:0:578030381> -> 1 HP bằng (boom/fire) -> [nikola25645] <STEAM_1:1:782248349>
L 09/05/2026 - 20:27:52: [FF] [None :D] <STEAM_1:0:578030381> -> 1 HP bằng (boom/fire) -> [boviet666] <STEAM_1:0:963323015>
L 09/05/2026 - 20:27:52: [FF] [None :D] <STEAM_1:0:578030381> -> 3 HP bằng (boom/fire) -> [boviet666] <STEAM_1:0:963323015>
L 09/05/2026 - 20:27:52: [FF] [None :D] <STEAM_1:0:578030381> -> 5 HP bằng (boom/fire) -> [boviet666] <STEAM_1:0:963323015>
L 09/05/2026 - 20:27:52: [FF] [None :D] <STEAM_1:0:578030381> -> 5 HP bằng (boom/fire) -> [nikola25645] <STEAM_1:1:782248349>
L 09/05/2026 - 20:27:52: [FF] [None :D] <STEAM_1:0:578030381> -> 5 HP bằng (boom/fire) -> [Rïçēz] <STEAM_1:1:558962692>
L 09/05/2026 - 20:27:52: [FF] [None :D] <STEAM_1:0:578030381> -> 5 HP bằng (boom/fire) -> [Bảo Nguyên] <STEAM_1:0:218160880>
L 09/05/2026 - 20:27:52: [FF] [None :D] <STEAM_1:0:578030381> -> 7 HP bằng (boom/fire) -> [chimxanh] <STEAM_1:1:626078671>
L 09/05/2026 - 20:27:52: [FF] [None :D] <STEAM_1:0:578030381> -> 7 HP bằng (boom/fire) -> [Rïçēz] <STEAM_1:1:558962692>
L 09/05/2026 - 20:27:52: [FF] [None :D] <STEAM_1:0:578030381> -> 7 HP bằng (boom/fire) -> [nikola25645] <STEAM_1:1:782248349>
L 09/05/2026 - 20:27:52: [FF] [None :D] <STEAM_1:0:578030381> -> 7 HP bằng (boom/fire) -> [Bảo Nguyên] <STEAM_1:0:218160880>
L 09/05/2026 - 20:27:52: [FF] [None :D] <STEAM_1:0:578030381> -> 7 HP bằng (boom/fire) -> [boviet666] <STEAM_1:0:963323015>
L 09/05/2026 - 20:27:53: [FF] [None :D] <STEAM_1:0:578030381> -> 9 HP bằng (boom/fire) -> [chimxanh] <STEAM_1:1:626078671>
L 09/05/2026 - 20:27:53: [FF] [None :D] <STEAM_1:0:578030381> -> 9 HP bằng (boom/fire) -> [boviet666] <STEAM_1:0:963323015>
L 09/05/2026 - 20:27:53: [FF] [None :D] <STEAM_1:0:578030381> -> 9 HP bằng (boom/fire) -> [Rïçēz] <STEAM_1:1:558962692>
L 09/05/2026 - 20:27:53: [FF] [None :D] <STEAM_1:0:578030381> -> 9 HP bằng (boom/fire) -> [nikola25645] <STEAM_1:1:782248349>
L 09/05/2026 - 20:27:53: [FF] [None :D] <STEAM_1:0:578030381> -> 11 HP bằng (boom/fire) -> [boviet666] <STEAM_1:0:963323015>
L 09/05/2026 - 20:27:53: [HẠ GỤC] None :D <STEAM_1:0:578030381> đã hạ gục chimxanh <STEAM_1:1:626078671> bằng (boom/fire)
L 09/05/2026 - 20:27:53: [FF] [None :D] <STEAM_1:0:578030381> -> 11 HP bằng (boom/fire) -> [Lê Hải] <STEAM_1:0:471595906>
L 09/05/2026 - 20:27:53: [FF] [None :D] <STEAM_1:0:578030381> -> 11 HP bằng (boom/fire) -> [nikola25645] <STEAM_1:1:782248349>
L 09/05/2026 - 20:27:53: [FF] [None :D] <STEAM_1:0:578030381> -> 11 HP bằng (boom/fire) -> [Rïçēz] <STEAM_1:1:558962692>
L 09/05/2026 - 20:27:53: [FF] [None :D] <STEAM_1:0:578030381> -> 13 HP bằng (boom/fire) -> [boviet666] <STEAM_1:0:963323015>
L 09/05/2026 - 20:27:53: [FF] [None :D] <STEAM_1:0:578030381> -> 13 HP bằng (boom/fire) -> [chimxanh] <STEAM_1:1:626078671>
L 09/05/2026 - 20:27:53: [FF] [None :D] <STEAM_1:0:578030381> -> 13 HP bằng (boom/fire) -> [Lê Hải] <STEAM_1:0:471595906>
L 09/05/2026 - 20:27:53: [FF] [None :D] <STEAM_1:0:578030381> -> 13 HP bằng (boom/fire) -> [nikola25645] <STEAM_1:1:782248349>
L 09/05/2026 - 20:27:53: [FF] [None :D] <STEAM_1:0:578030381> -> 13 HP bằng (boom/fire) -> [Rïçēz] <STEAM_1:1:558962692>
L 09/05/2026 - 20:27:53: [FF] [None :D] <STEAM_1:0:578030381> -> 15 HP bằng (boom/fire) -> [Lê Hải] <STEAM_1:0:471595906>
L 09/05/2026 - 20:27:53: [FF] [None :D] <STEAM_1:0:578030381> -> 15 HP bằng (boom/fire) -> [boviet666] <STEAM_1:0:963323015>
L 09/05/2026 - 20:27:53: [FF] [None :D] <STEAM_1:0:578030381> -> 15 HP bằng (boom/fire) -> [chimxanh] <STEAM_1:1:626078671>
L 09/05/2026 - 20:27:53: [FF] [None :D] <STEAM_1:0:578030381> -> 15 HP bằng (boom/fire) -> [Rïçēz] <STEAM_1:1:558962692>
L 09/05/2026 - 20:27:53: [FF] [None :D] <STEAM_1:0:578030381> -> 15 HP bằng (boom/fire) -> [nikola25645] <STEAM_1:1:782248349>
L 09/05/2026 - 20:27:54: [FF] [None :D] <STEAM_1:0:578030381> -> 16 HP bằng (boom/fire) -> [Lê Hải] <STEAM_1:0:471595906>
L 09/05/2026 - 20:27:54: [FF] [None :D] <STEAM_1:0:578030381> -> 16 HP bằng (boom/fire) -> [boviet666] <STEAM_1:0:963323015>
L 09/05/2026 - 20:27:54: [FF] [None :D] <STEAM_1:0:578030381> -> 16 HP bằng (boom/fire) -> [chimxanh] <STEAM_1:1:626078671>
L 09/05/2026 - 20:27:54: [FF] [None :D] <STEAM_1:0:578030381> -> 16 HP bằng (boom/fire) -> [nikola25645] <STEAM_1:1:782248349>
L 09/05/2026 - 20:27:54: [FF] [Curren Bouquetd'or] <STEAM_1:1:524205977> -> 5 HP bằng (súng) -> [Chicoarun] <STEAM_1:0:952954061>
L 09/05/2026 - 20:27:54: [HẠ GỤC] Spitter Bot <BOT> đã hạ gục Holo 40k <STEAM_1:1:925049770> bằng (môi trường/khác)
L 09/05/2026 - 20:27:54: [FF] [Curren Bouquetd'or] <STEAM_1:1:524205977> -> 5 HP bằng (súng) -> [Chicoarun] <STEAM_1:0:952954061>
L 09/05/2026 - 20:27:54: [FF] [None :D] <STEAM_1:0:578030381> -> 16 HP bằng (boom/fire) -> [boviet666] <STEAM_1:0:963323015>
L 09/05/2026 - 20:27:54: [FF] [None :D] <STEAM_1:0:578030381> -> 16 HP bằng (boom/fire) -> [Lê Hải] <STEAM_1:0:471595906>
L 09/05/2026 - 20:27:54: [FF] [None :D] <STEAM_1:0:578030381> -> 16 HP bằng (boom/fire) -> [chimxanh] <STEAM_1:1:626078671>
L 09/05/2026 - 20:27:54: [FF] [None :D] <STEAM_1:0:578030381> -> 16 HP bằng (boom/fire) -> [nikola25645] <STEAM_1:1:782248349>
L 09/05/2026 - 20:27:54: [FF] [Curren Bouquetd'or] <STEAM_1:1:524205977> -> 5 HP bằng (súng) -> [Chicoarun] <STEAM_1:0:952954061>
L 09/05/2026 - 20:27:54: [FF] [Curren Bouquetd'or] <STEAM_1:1:524205977> -> 5 HP bằng (súng) -> [Chicoarun] <STEAM_1:0:952954061>
L 09/05/2026 - 20:27:54: [HẠ GỤC] None :D <STEAM_1:0:578030381> đã hạ gục nikola25645 <STEAM_1:1:782248349> bằng (boom/fire)
L 09/05/2026 - 20:27:54: [FF] [None :D] <STEAM_1:0:578030381> -> 16 HP bằng (boom/fire) -> [Lê Hải] <STEAM_1:0:471595906>
L 09/05/2026 - 20:27:54: [KILL] None :D <STEAM_1:0:578030381> đã giết Lê Hải <STEAM_1:0:471595906> bằng (boom/fire)
L 09/05/2026 - 20:27:54: [FF] [None :D] <STEAM_1:0:578030381> -> 16 HP bằng (boom/fire) -> [boviet666] <STEAM_1:0:963323015>
L 09/05/2026 - 20:27:54: [FF] [None :D] <STEAM_1:0:578030381> -> 16 HP bằng (boom/fire) -> [chimxanh] <STEAM_1:1:626078671>
L 09/05/2026 - 20:27:54: [FF] [None :D] <STEAM_1:0:578030381> -> 16 HP bằng (boom/fire) -> [chimxanh] <STEAM_1:1:626078671>
L 09/05/2026 - 20:27:54: [FF] [None :D] <STEAM_1:0:578030381> -> 16 HP bằng (boom/fire) -> [boviet666] <STEAM_1:0:963323015>
L 09/05/2026 - 20:27:54: [FF] [None :D] <STEAM_1:0:578030381> -> 16 HP bằng (boom/fire) -> [nikola25645] <STEAM_1:1:782248349>
L 09/05/2026 - 20:27:55: [HẠ GỤC] None :D <STEAM_1:0:578030381> đã hạ gục boviet666 <STEAM_1:0:963323015> bằng (boom/fire)
L 09/05/2026 - 20:27:55: [FF] [None :D] <STEAM_1:0:578030381> -> 16 HP bằng (boom/fire) -> [chimxanh] <STEAM_1:1:626078671>
L 09/05/2026 - 20:27:55: [FF] [None :D] <STEAM_1:0:578030381> -> 16 HP bằng (boom/fire) -> [nikola25645] <STEAM_1:1:782248349>
L 09/05/2026 - 20:27:55: [FF] [None :D] <STEAM_1:0:578030381> -> 16 HP bằng (boom/fire) -> [Bảo Nguyên] <STEAM_1:0:218160880>
L 09/05/2026 - 20:27:55: [FF] [None :D] <STEAM_1:0:578030381> -> 16 HP bằng (boom/fire) -> [chimxanh] <STEAM_1:1:626078671>
L 09/05/2026 - 20:27:55: [FF] [None :D] <STEAM_1:0:578030381> -> 16 HP bằng (boom/fire) -> [nikola25645] <STEAM_1:1:782248349>
L 09/05/2026 - 20:27:55: [FF] [None :D] <STEAM_1:0:578030381> -> 16 HP bằng (boom/fire) -> [boviet666] <STEAM_1:0:963323015>
L 09/05/2026 - 20:27:55: [FF] [None :D] <STEAM_1:0:578030381> -> 16 HP bằng (boom/fire) -> [Bảo Nguyên] <STEAM_1:0:218160880>
L 09/05/2026 - 20:27:55: [FF] [None :D] <STEAM_1:0:578030381> -> 16 HP bằng (boom/fire) -> [KeroN] <STEAM_1:1:161759963>
L 09/05/2026 - 20:27:55: [FF] [None :D] <STEAM_1:0:578030381> -> 16 HP bằng (boom/fire) -> [chimxanh] <STEAM_1:1:626078671>
L 09/05/2026 - 20:27:55: [FF] [None :D] <STEAM_1:0:578030381> -> 16 HP bằng (boom/fire) -> [nikola25645] <STEAM_1:1:782248349>
L 09/05/2026 - 20:27:55: [FF] [None :D] <STEAM_1:0:578030381> -> 16 HP bằng (boom/fire) -> [boviet666] <STEAM_1:0:963323015>
L 09/05/2026 - 20:27:55: [HẠ GỤC] None :D <STEAM_1:0:578030381> đã hạ gục Bảo Nguyên <STEAM_1:0:218160880> bằng (boom/fire)
L 09/05/2026 - 20:27:55: [HẠ GỤC] None :D <STEAM_1:0:578030381> đã hạ gục KeroN <STEAM_1:1:161759963> bằng (boom/fire)
L 09/05/2026 - 20:27:55: [FF] [None :D] <STEAM_1:0:578030381> -> 16 HP bằng (boom/fire) -> [chimxanh] <STEAM_1:1:626078671>
L 09/05/2026 - 20:27:55: [FF] [None :D] <STEAM_1:0:578030381> -> 16 HP bằng (boom/fire) -> [nikola25645] <STEAM_1:1:782248349>
L 09/05/2026 - 20:27:55: [FF] [None :D] <STEAM_1:0:578030381> -> 16 HP bằng (boom/fire) -> [boviet666] <STEAM_1:0:963323015>
L 09/05/2026 - 20:27:55: [FF] [None :D] <STEAM_1:0:578030381> -> 16 HP bằng (boom/fire) -> [Bảo Nguyên] <STEAM_1:0:218160880>
L 09/05/2026 - 20:27:56: [FF] [None :D] <STEAM_1:0:578030381> -> 16 HP bằng (boom/fire) -> [boviet666] <STEAM_1:0:963323015>
L 09/05/2026 - 20:27:56: [FF] [None :D] <STEAM_1:0:578030381> -> 16 HP bằng (boom/fire) -> [chimxanh] <STEAM_1:1:626078671>
L 09/05/2026 - 20:27:56: [FF] [None :D] <STEAM_1:0:578030381> -> 16 HP bằng (boom/fire) -> [nikola25645] <STEAM_1:1:782248349>
L 09/05/2026 - 20:27:56: [FF] [None :D] <STEAM_1:0:578030381> -> 16 HP bằng (boom/fire) -> [KeroN] <STEAM_1:1:161759963>
L 09/05/2026 - 20:27:56: [FF] [None :D] <STEAM_1:0:578030381> -> 16 HP bằng (boom/fire) -> [Bảo Nguyên] <STEAM_1:0:218160880>
L 09/05/2026 - 20:27:56: [FF] [None :D] <STEAM_1:0:578030381> -> 16 HP bằng (boom/fire) -> [boviet666] <STEAM_1:0:963323015>
L 09/05/2026 - 20:27:56: [FF] [None :D] <STEAM_1:0:578030381> -> 16 HP bằng (boom/fire) -> [nikola25645] <STEAM_1:1:782248349>
L 09/05/2026 - 20:27:56: [FF] [None :D] <STEAM_1:0:578030381> -> 16 HP bằng (boom/fire) -> [chimxanh] <STEAM_1:1:626078671>
L 09/05/2026 - 20:27:56: [FF] [None :D] <STEAM_1:0:578030381> -> 16 HP bằng (boom/fire) -> [KeroN] <STEAM_1:1:161759963>
L 09/05/2026 - 20:27:56: [FF] [None :D] <STEAM_1:0:578030381> -> 16 HP bằng (boom/fire) -> [Bảo Nguyên] <STEAM_1:0:218160880>
L 09/05/2026 - 20:27:56: [FF] [None :D] <STEAM_1:0:578030381> -> 16 HP bằng (boom/fire) -> [KeroN] <STEAM_1:1:161759963>
L 09/05/2026 - 20:27:56: [FF] [None :D] <STEAM_1:0:578030381> -> 16 HP bằng (boom/fire) -> [nikola25645] <STEAM_1:1:782248349>
L 09/05/2026 - 20:27:56: [FF] [None :D] <STEAM_1:0:578030381> -> 16 HP bằng (boom/fire) -> [boviet666] <STEAM_1:0:963323015>
L 09/05/2026 - 20:27:56: [FF] [None :D] <STEAM_1:0:578030381> -> 16 HP bằng (boom/fire) -> [chimxanh] <STEAM_1:1:626078671>
L 09/05/2026 - 20:27:56: [FF] [None :D] <STEAM_1:0:578030381> -> 16 HP bằng (boom/fire) -> [Bảo Nguyên] <STEAM_1:0:218160880>
L 09/05/2026 - 20:27:56: [FF] [None :D] <STEAM_1:0:578030381> -> 16 HP bằng (boom/fire) -> [KeroN] <STEAM_1:1:161759963>
L 09/05/2026 - 20:27:56: [FF] [None :D] <STEAM_1:0:578030381> -> 16 HP bằng (boom/fire) -> [nikola25645] <STEAM_1:1:782248349>
L 09/05/2026 - 20:27:56: [FF] [None :D] <STEAM_1:0:578030381> -> 16 HP bằng (boom/fire) -> [boviet666] <STEAM_1:0:963323015>
L 09/05/2026 - 20:27:56: [FF] [None :D] <STEAM_1:0:578030381> -> 16 HP bằng (boom/fire) -> [chimxanh] <STEAM_1:1:626078671>
L 09/05/2026 - 20:27:56: [FF] [None :D] <STEAM_1:0:578030381> -> 16 HP bằng (boom/fire) -> [Bảo Nguyên] <STEAM_1:0:218160880>
L 09/05/2026 - 20:27:57: [FF] [None :D] <STEAM_1:0:578030381> -> 16 HP bằng (boom/fire) -> [chimxanh] <STEAM_1:1:626078671>
L 09/05/2026 - 20:27:57: [FF] [None :D] <STEAM_1:0:578030381> -> 16 HP bằng (boom/fire) -> [nikola25645] <STEAM_1:1:782248349>
L 09/05/2026 - 20:27:57: [FF] [None :D] <STEAM_1:0:578030381> -> 16 HP bằng (boom/fire) -> [KeroN] <STEAM_1:1:161759963>
L 09/05/2026 - 20:27:57: [FF] [None :D] <STEAM_1:0:578030381> -> 16 HP bằng (boom/fire) -> [boviet666] <STEAM_1:0:963323015>
L 09/05/2026 - 20:27:57: [FF] [None :D] <STEAM_1:0:578030381> -> 16 HP bằng (boom/fire) -> [Bảo Nguyên] <STEAM_1:0:218160880>
L 09/05/2026 - 20:27:57: [FF] [None :D] <STEAM_1:0:578030381> -> 16 HP bằng (boom/fire) -> [KeroN] <STEAM_1:1:161759963>
L 09/05/2026 - 20:27:57: [FF] [None :D] <STEAM_1:0:578030381> -> 16 HP bằng (boom/fire) -> [chimxanh] <STEAM_1:1:626078671>
L 09/05/2026 - 20:27:57: [FF] [None :D] <STEAM_1:0:578030381> -> 16 HP bằng (boom/fire) -> [nikola25645] <STEAM_1:1:782248349>
L 09/05/2026 - 20:27:57: [FF] [None :D] <STEAM_1:0:578030381> -> 16 HP bằng (boom/fire) -> [boviet666] <STEAM_1:0:963323015>
L 09/05/2026 - 20:27:57: [FF] [None :D] <STEAM_1:0:578030381> -> 16 HP bằng (boom/fire) -> [Bảo Nguyên] <STEAM_1:0:218160880>
L 09/05/2026 - 20:27:57: [FF] [None :D] <STEAM_1:0:578030381> -> 16 HP bằng (boom/fire) -> [nikola25645] <STEAM_1:1:782248349>
L 09/05/2026 - 20:27:57: [FF] [None :D] <STEAM_1:0:578030381> -> 16 HP bằng (boom/fire) -> [chimxanh] <STEAM_1:1:626078671>
L 09/05/2026 - 20:27:57: [FF] [None :D] <STEAM_1:0:578030381> -> 16 HP bằng (boom/fire) -> [boviet666] <STEAM_1:0:963323015>
L 09/05/2026 - 20:27:57: [FF] [None :D] <STEAM_1:0:578030381> -> 16 HP bằng (boom/fire) -> [Bảo Nguyên] <STEAM_1:0:218160880>
L 09/05/2026 - 20:27:57: [FF] [None :D] <STEAM_1:0:578030381> -> 16 HP bằng (boom/fire) -> [nikola25645] <STEAM_1:1:782248349>
L 09/05/2026 - 20:27:57: [FF] [None :D] <STEAM_1:0:578030381> -> 16 HP bằng (boom/fire) -> [chimxanh] <STEAM_1:1:626078671>
L 09/05/2026 - 20:27:57: [FF] [None :D] <STEAM_1:0:578030381> -> 16 HP bằng (boom/fire) -> [boviet666] <STEAM_1:0:963323015>
L 09/05/2026 - 20:27:57: [FF] [None :D] <STEAM_1:0:578030381> -> 16 HP bằng (boom/fire) -> [Bảo Nguyên] <STEAM_1:0:218160880>
L 09/05/2026 - 20:27:58: [FF] [None :D] <STEAM_1:0:578030381> -> 16 HP bằng (boom/fire) -> [nikola25645] <STEAM_1:1:782248349>
L 09/05/2026 - 20:27:58: [FF] [None :D] <STEAM_1:0:578030381> -> 16 HP bằng (boom/fire) -> [Bảo Nguyên] <STEAM_1:0:218160880>
L 09/05/2026 - 20:27:58: [FF] [None :D] <STEAM_1:0:578030381> -> 16 HP bằng (boom/fire) -> [chimxanh] <STEAM_1:1:626078671>
L 09/05/2026 - 20:27:58: [FF] [None :D] <STEAM_1:0:578030381> -> 16 HP bằng (boom/fire) -> [boviet666] <STEAM_1:0:963323015>
L 09/05/2026 - 20:27:58: [FF] [None :D] <STEAM_1:0:578030381> -> 16 HP bằng (boom/fire) -> [chimxanh] <STEAM_1:1:626078671>
L 09/05/2026 - 20:27:58: [FF] [None :D] <STEAM_1:0:578030381> -> 16 HP bằng (boom/fire) -> [nikola25645] <STEAM_1:1:782248349>
L 09/05/2026 - 20:27:58: [FF] [None :D] <STEAM_1:0:578030381> -> 16 HP bằng (boom/fire) -> [Bảo Nguyên] <STEAM_1:0:218160880>
L 09/05/2026 - 20:27:58: [FF] [None :D] <STEAM_1:0:578030381> -> 16 HP bằng (boom/fire) -> [boviet666] <STEAM_1:0:963323015>
L 09/05/2026 - 20:27:58: [FF] [None :D] <STEAM_1:0:578030381> -> 16 HP bằng (boom/fire) -> [nikola25645] <STEAM_1:1:782248349>
L 09/05/2026 - 20:27:58: [FF] [None :D] <STEAM_1:0:578030381> -> 16 HP bằng (boom/fire) -> [chimxanh] <STEAM_1:1:626078671>
L 09/05/2026 - 20:27:58: [FF] [None :D] <STEAM_1:0:578030381> -> 16 HP bằng (boom/fire) -> [Bảo Nguyên] <STEAM_1:0:218160880>
L 09/05/2026 - 20:27:58: [FF] [None :D] <STEAM_1:0:578030381> -> 16 HP bằng (boom/fire) -> [boviet666] <STEAM_1:0:963323015>
L 09/05/2026 - 20:27:58: [FF] [None :D] <STEAM_1:0:578030381> -> 16 HP bằng (boom/fire) -> [chimxanh] <STEAM_1:1:626078671>
L 09/05/2026 - 20:27:58: [FF] [None :D] <STEAM_1:0:578030381> -> 16 HP bằng (boom/fire) -> [nikola25645] <STEAM_1:1:782248349>
L 09/05/2026 - 20:27:58: [FF] [None :D] <STEAM_1:0:578030381> -> 16 HP bằng (boom/fire) -> [Bảo Nguyên] <STEAM_1:0:218160880>
L 09/05/2026 - 20:27:58: [FF] [None :D] <STEAM_1:0:578030381> -> 16 HP bằng (boom/fire) -> [boviet666] <STEAM_1:0:963323015>
L 09/05/2026 - 20:27:59: [FF] [None :D] <STEAM_1:0:578030381> -> 16 HP bằng (boom/fire) -> [chimxanh] <STEAM_1:1:626078671>
L 09/05/2026 - 20:27:59: [FF] [None :D] <STEAM_1:0:578030381> -> 16 HP bằng (boom/fire) -> [Bảo Nguyên] <STEAM_1:0:218160880>
L 09/05/2026 - 20:27:59: [FF] [None :D] <STEAM_1:0:578030381> -> 16 HP bằng (boom/fire) -> [nikola25645] <STEAM_1:1:782248349>
L 09/05/2026 - 20:27:59: [FF] [None :D] <STEAM_1:0:578030381> -> 16 HP bằng (boom/fire) -> [boviet666] <STEAM_1:0:963323015>
L 09/05/2026 - 20:27:59: [FF] [None :D] <STEAM_1:0:578030381> -> 16 HP bằng (boom/fire) -> [Bảo Nguyên] <STEAM_1:0:218160880>
L 09/05/2026 - 20:27:59: [FF] [None :D] <STEAM_1:0:578030381> -> 16 HP bằng (boom/fire) -> [chimxanh] <STEAM_1:1:626078671>
L 09/05/2026 - 20:27:59: [FF] [None :D] <STEAM_1:0:578030381> -> 16 HP bằng (boom/fire) -> [nikola25645] <STEAM_1:1:782248349>
L 09/05/2026 - 20:27:59: [FF] [None :D] <STEAM_1:0:578030381> -> 16 HP bằng (boom/fire) -> [boviet666] <STEAM_1:0:963323015>
L 09/05/2026 - 20:27:59: [FF] [None :D] <STEAM_1:0:578030381> -> 16 HP bằng (boom/fire) -> [boviet666] <STEAM_1:0:963323015>
L 09/05/2026 - 20:27:59: [FF] [None :D] <STEAM_1:0:578030381> -> 16 HP bằng (boom/fire) -> [Bảo Nguyên] <STEAM_1:0:218160880>
L 09/05/2026 - 20:27:59: [FF] [None :D] <STEAM_1:0:578030381> -> 16 HP bằng (boom/fire) -> [chimxanh] <STEAM_1:1:626078671>
L 09/05/2026 - 20:27:59: [FF] [None :D] <STEAM_1:0:578030381> -> 16 HP bằng (boom/fire) -> [nikola25645] <STEAM_1:1:782248349>
L 09/05/2026 - 20:27:59: [FF] [None :D] <STEAM_1:0:578030381> -> 16 HP bằng (boom/fire) -> [boviet666] <STEAM_1:0:963323015>
L 09/05/2026 - 20:27:59: [FF] [None :D] <STEAM_1:0:578030381> -> 16 HP bằng (boom/fire) -> [Bảo Nguyên] <STEAM_1:0:218160880>
L 09/05/2026 - 20:27:59: [FF] [None :D] <STEAM_1:0:578030381> -> 16 HP bằng (boom/fire) -> [chimxanh] <STEAM_1:1:626078671>
L 09/05/2026 - 20:27:59: [FF] [None :D] <STEAM_1:0:578030381> -> 16 HP bằng (boom/fire) -> [nikola25645] <STEAM_1:1:782248349>
L 09/05/2026 - 20:28:00: [FF] [None :D] <STEAM_1:0:578030381> -> 16 HP bằng (boom/fire) -> [boviet666] <STEAM_1:0:963323015>
L 09/05/2026 - 20:28:00: [FF] [None :D] <STEAM_1:0:578030381> -> 16 HP bằng (boom/fire) -> [Bảo Nguyên] <STEAM_1:0:218160880>
L 09/05/2026 - 20:28:00: [FF] [None :D] <STEAM_1:0:578030381> -> 16 HP bằng (boom/fire) -> [chimxanh] <STEAM_1:1:626078671>
L 09/05/2026 - 20:28:00: [FF] [None :D] <STEAM_1:0:578030381> -> 16 HP bằng (boom/fire) -> [nikola25645] <STEAM_1:1:782248349>
L 09/05/2026 - 20:28:00: [FF] [None :D] <STEAM_1:0:578030381> -> 16 HP bằng (boom/fire) -> [boviet666] <STEAM_1:0:963323015>
L 09/05/2026 - 20:28:00: [FF] [None :D] <STEAM_1:0:578030381> -> 16 HP bằng (boom/fire) -> [chimxanh] <STEAM_1:1:626078671>
L 09/05/2026 - 20:28:00: [FF] [None :D] <STEAM_1:0:578030381> -> 16 HP bằng (boom/fire) -> [Bảo Nguyên] <STEAM_1:0:218160880>
L 09/05/2026 - 20:28:00: [FF] [None :D] <STEAM_1:0:578030381> -> 16 HP bằng (boom/fire) -> [nikola25645] <STEAM_1:1:782248349>
L 09/05/2026 - 20:28:00: [HẠ GỤC] Hunter Bot <BOT> đã hạ gục Chicoarun <STEAM_1:0:952954061> bằng (zombie cào/đấm)
L 09/05/2026 - 20:28:00: [FF] [None :D] <STEAM_1:0:578030381> -> 16 HP bằng (boom/fire) -> [Bảo Nguyên] <STEAM_1:0:218160880>
L 09/05/2026 - 20:28:00: [FF] [None :D] <STEAM_1:0:578030381> -> 16 HP bằng (boom/fire) -> [boviet666] <STEAM_1:0:963323015>
L 09/05/2026 - 20:28:00: [FF] [None :D] <STEAM_1:0:578030381> -> 16 HP bằng (boom/fire) -> [chimxanh] <STEAM_1:1:626078671>
L 09/05/2026 - 20:28:00: [FF] [None :D] <STEAM_1:0:578030381> -> 16 HP bằng (boom/fire) -> [nikola25645] <STEAM_1:1:782248349>
L 09/05/2026 - 20:28:00: [FF] [None :D] <STEAM_1:0:578030381> -> 16 HP bằng (boom/fire) -> [Bảo Nguyên] <STEAM_1:0:218160880>
L 09/05/2026 - 20:28:00: [FF] [None :D] <STEAM_1:0:578030381> -> 16 HP bằng (boom/fire) -> [chimxanh] <STEAM_1:1:626078671>
L 09/05/2026 - 20:28:00: [FF] [None :D] <STEAM_1:0:578030381> -> 16 HP bằng (boom/fire) -> [boviet666] <STEAM_1:0:963323015>
L 09/05/2026 - 20:28:00: [FF] [None :D] <STEAM_1:0:578030381> -> 16 HP bằng (boom/fire) -> [nikola25645] <STEAM_1:1:782248349>
L 09/05/2026 - 20:28:01: [FF] [None :D] <STEAM_1:0:578030381> -> 16 HP bằng (boom/fire) -> [boviet666] <STEAM_1:0:963323015>
L 09/05/2026 - 20:28:01: [FF] [None :D] <STEAM_1:0:578030381> -> 16 HP bằng (boom/fire) -> [chimxanh] <STEAM_1:1:626078671>
L 09/05/2026 - 20:28:01: [FF] [None :D] <STEAM_1:0:578030381> -> 16 HP bằng (boom/fire) -> [Bảo Nguyên] <STEAM_1:0:218160880>
L 09/05/2026 - 20:28:01: [FF] [None :D] <STEAM_1:0:578030381> -> 16 HP bằng (boom/fire) -> [nikola25645] <STEAM_1:1:782248349>
L 09/05/2026 - 20:28:01: [FF] [None :D] <STEAM_1:0:578030381> -> 16 HP bằng (boom/fire) -> [boviet666] <STEAM_1:0:963323015>
L 09/05/2026 - 20:28:01: [FF] [None :D] <STEAM_1:0:578030381> -> 16 HP bằng (boom/fire) -> [chimxanh] <STEAM_1:1:626078671>
L 09/05/2026 - 20:28:01: [FF] [None :D] <STEAM_1:0:578030381> -> 16 HP bằng (boom/fire) -> [Bảo Nguyên] <STEAM_1:0:218160880>
L 09/05/2026 - 20:28:01: [FF] [None :D] <STEAM_1:0:578030381> -> 16 HP bằng (boom/fire) -> [nikola25645] <STEAM_1:1:782248349>
L 09/05/2026 - 20:28:01: [FF] [None :D] <STEAM_1:0:578030381> -> 16 HP bằng (boom/fire) -> [boviet666] <STEAM_1:0:963323015>
L 09/05/2026 - 20:28:01: [FF] [None :D] <STEAM_1:0:578030381> -> 16 HP bằng (boom/fire) -> [chimxanh] <STEAM_1:1:626078671>
L 09/05/2026 - 20:28:01: [FF] [None :D] <STEAM_1:0:578030381> -> 16 HP bằng (boom/fire) -> [Bảo Nguyên] <STEAM_1:0:218160880>
L 09/05/2026 - 20:28:01: [FF] [None :D] <STEAM_1:0:578030381> -> 16 HP bằng (boom/fire) -> [nikola25645] <STEAM_1:1:782248349>
L 09/05/2026 - 20:28:01: [FF] [None :D] <STEAM_1:0:578030381> -> 16 HP bằng (boom/fire) -> [chimxanh] <STEAM_1:1:626078671>
L 09/05/2026 - 20:28:01: [FF] [None :D] <STEAM_1:0:578030381> -> 16 HP bằng (boom/fire) -> [boviet666] <STEAM_1:0:963323015>
L 09/05/2026 - 20:28:01: [FF] [None :D] <STEAM_1:0:578030381> -> 16 HP bằng (boom/fire) -> [Bảo Nguyên] <STEAM_1:0:218160880>
L 09/05/2026 - 20:28:01: [FF] [None :D] <STEAM_1:0:578030381> -> 16 HP bằng (boom/fire) -> [nikola25645] <STEAM_1:1:782248349>
L 09/05/2026 - 20:28:02: [FF] [None :D] <STEAM_1:0:578030381> -> 16 HP bằng (boom/fire) -> [chimxanh] <STEAM_1:1:626078671>
L 09/05/2026 - 20:28:02: [FF] [None :D] <STEAM_1:0:578030381> -> 16 HP bằng (boom/fire) -> [boviet666] <STEAM_1:0:963323015>
L 09/05/2026 - 20:28:02: [FF] [None :D] <STEAM_1:0:578030381> -> 16 HP bằng (boom/fire) -> [Bảo Nguyên] <STEAM_1:0:218160880>
L 09/05/2026 - 20:28:02: [FF] [None :D] <STEAM_1:0:578030381> -> 16 HP bằng (boom/fire) -> [chimxanh] <STEAM_1:1:626078671>
L 09/05/2026 - 20:28:02: [FF] [None :D] <STEAM_1:0:578030381> -> 16 HP bằng (boom/fire) -> [boviet666] <STEAM_1:0:963323015>
L 09/05/2026 - 20:28:02: [FF] [None :D] <STEAM_1:0:578030381> -> 16 HP bằng (boom/fire) -> [Bảo Nguyên] <STEAM_1:0:218160880>
L 09/05/2026 - 20:28:02: [FF] [None :D] <STEAM_1:0:578030381> -> 16 HP bằng (boom/fire) -> [boviet666] <STEAM_1:0:963323015>
L 09/05/2026 - 20:28:02: [FF] [None :D] <STEAM_1:0:578030381> -> 16 HP bằng (boom/fire) -> [chimxanh] <STEAM_1:1:626078671>
L 09/05/2026 - 20:28:02: [FF] [None :D] <STEAM_1:0:578030381> -> 16 HP bằng (boom/fire) -> [Bảo Nguyên] <STEAM_1:0:218160880>
L 09/05/2026 - 20:28:02: [FF] [None :D] <STEAM_1:0:578030381> -> 16 HP bằng (boom/fire) -> [chimxanh] <STEAM_1:1:626078671>
L 09/05/2026 - 20:28:02: [FF] [None :D] <STEAM_1:0:578030381> -> 16 HP bằng (boom/fire) -> [boviet666] <STEAM_1:0:963323015>
L 09/05/2026 - 20:28:02: [FF] [None :D] <STEAM_1:0:578030381> -> 16 HP bằng (boom/fire) -> [Bảo Nguyên] <STEAM_1:0:218160880>
L 09/05/2026 - 20:28:03: [FF] [None :D] <STEAM_1:0:578030381> -> 16 HP bằng (boom/fire) -> [boviet666] <STEAM_1:0:963323015>
L 09/05/2026 - 20:28:03: [FF] [None :D] <STEAM_1:0:578030381> -> 16 HP bằng (boom/fire) -> [chimxanh] <STEAM_1:1:626078671>
L 09/05/2026 - 20:28:03: [FF] [None :D] <STEAM_1:0:578030381> -> 16 HP bằng (boom/fire) -> [Bảo Nguyên] <STEAM_1:0:218160880>
L 09/05/2026 - 20:28:03: [FF] [None :D] <STEAM_1:0:578030381> -> 16 HP bằng (boom/fire) -> [Curren Bouquetd'or] <STEAM_1:1:524205977>
L 09/05/2026 - 20:28:03: [FF] [None :D] <STEAM_1:0:578030381> -> 16 HP bằng (boom/fire) -> [boviet666] <STEAM_1:0:963323015>
L 09/05/2026 - 20:28:03: [FF] [None :D] <STEAM_1:0:578030381> -> 16 HP bằng (boom/fire) -> [Bảo Nguyên] <STEAM_1:0:218160880>
L 09/05/2026 - 20:28:03: [FF] [None :D] <STEAM_1:0:578030381> -> 16 HP bằng (boom/fire) -> [Curren Bouquetd'or] <STEAM_1:1:524205977>
L 09/05/2026 - 20:28:03: [FF] [None :D] <STEAM_1:0:578030381> -> 16 HP bằng (boom/fire) -> [boviet666] <STEAM_1:0:963323015>
L 09/05/2026 - 20:28:03: [FF] [None :D] <STEAM_1:0:578030381> -> 16 HP bằng (boom/fire) -> [Bảo Nguyên] <STEAM_1:0:218160880>
L 09/05/2026 - 20:28:03: [FF] [None :D] <STEAM_1:0:578030381> -> 16 HP bằng (boom/fire) -> [boviet666] <STEAM_1:0:963323015>
L 09/05/2026 - 20:28:03: [HẠ GỤC] None :D <STEAM_1:0:578030381> đã hạ gục Curren Bouquetd'or <STEAM_1:1:524205977> bằng (boom/fire)
L 09/05/2026 - 20:28:03: [FF] [None :D] <STEAM_1:0:578030381> -> 16 HP bằng (boom/fire) -> [Bảo Nguyên] <STEAM_1:0:218160880>
L 09/05/2026 - 20:28:04: [FF] [None :D] <STEAM_1:0:578030381> -> 16 HP bằng (boom/fire) -> [Bảo Nguyên] <STEAM_1:0:218160880>
L 09/05/2026 - 20:28:04: [FF] [None :D] <STEAM_1:0:578030381> -> 16 HP bằng (boom/fire) -> [boviet666] <STEAM_1:0:963323015>
L 09/05/2026 - 20:28:04: [FF] [None :D] <STEAM_1:0:578030381> -> 16 HP bằng (boom/fire) -> [Curren Bouquetd'or] <STEAM_1:1:524205977>
L 09/05/2026 - 20:28:04: [FF] [None :D] <STEAM_1:0:578030381> -> 16 HP bằng (boom/fire) -> [Curren Bouquetd'or] <STEAM_1:1:524205977>
L 09/05/2026 - 20:28:04: [FF] [None :D] <STEAM_1:0:578030381> -> 16 HP bằng (boom/fire) -> [boviet666] <STEAM_1:0:963323015>
L 09/05/2026 - 20:28:04: [FF] [None :D] <STEAM_1:0:578030381> -> 16 HP bằng (boom/fire) -> [Bảo Nguyên] <STEAM_1:0:218160880>
L 09/05/2026 - 20:28:04: [FF] [None :D] <STEAM_1:0:578030381> -> 16 HP bằng (boom/fire) -> [Bảo Nguyên] <STEAM_1:0:218160880>
L 09/05/2026 - 20:28:04: [FF] [None :D] <STEAM_1:0:578030381> -> 16 HP bằng (boom/fire) -> [boviet666] <STEAM_1:0:963323015>
L 09/05/2026 - 20:28:04: [FF] [None :D] <STEAM_1:0:578030381> -> 16 HP bằng (boom/fire) -> [Curren Bouquetd'or] <STEAM_1:1:524205977>
L 09/05/2026 - 20:28:04: [FF] [None :D] <STEAM_1:0:578030381> -> 16 HP bằng (boom/fire) -> [Bảo Nguyên] <STEAM_1:0:218160880>
L 09/05/2026 - 20:28:04: [FF] [None :D] <STEAM_1:0:578030381> -> 16 HP bằng (boom/fire) -> [Curren Bouquetd'or] <STEAM_1:1:524205977>
L 09/05/2026 - 20:28:04: [FF] [None :D] <STEAM_1:0:578030381> -> 16 HP bằng (boom/fire) -> [boviet666] <STEAM_1:0:963323015>
L 09/05/2026 - 20:28:05: [FF] [None :D] <STEAM_1:0:578030381> -> 16 HP bằng (boom/fire) -> [Curren Bouquetd'or] <STEAM_1:1:524205977>
L 09/05/2026 - 20:28:05: [FF] [None :D] <STEAM_1:0:578030381> -> 16 HP bằng (boom/fire) -> [boviet666] <STEAM_1:0:963323015>
L 09/05/2026 - 20:28:05: [FF] [None :D] <STEAM_1:0:578030381> -> 16 HP bằng (boom/fire) -> [Bảo Nguyên] <STEAM_1:0:218160880>
L 09/05/2026 - 20:28:05: [FF] [None :D] <STEAM_1:0:578030381> -> 16 HP bằng (boom/fire) -> [Curren Bouquetd'or] <STEAM_1:1:524205977>
L 09/05/2026 - 20:28:05: [FF] [None :D] <STEAM_1:0:578030381> -> 16 HP bằng (boom/fire) -> [boviet666] <STEAM_1:0:963323015>
L 09/05/2026 - 20:28:05: [FF] [None :D] <STEAM_1:0:578030381> -> 16 HP bằng (boom/fire) -> [Bảo Nguyên] <STEAM_1:0:218160880>
L 09/05/2026 - 20:28:05: [FF] [None :D] <STEAM_1:0:578030381> -> 16 HP bằng (boom/fire) -> [Bảo Nguyên] <STEAM_1:0:218160880>
L 09/05/2026 - 20:28:05: [FF] [None :D] <STEAM_1:0:578030381> -> 16 HP bằng (boom/fire) -> [Curren Bouquetd'or] <STEAM_1:1:524205977>
L 09/05/2026 - 20:28:05: [FF] [None :D] <STEAM_1:0:578030381> -> 16 HP bằng (boom/fire) -> [boviet666] <STEAM_1:0:963323015>
L 09/05/2026 - 20:28:05: [FF] [None :D] <STEAM_1:0:578030381> -> 16 HP bằng (boom/fire) -> [Curren Bouquetd'or] <STEAM_1:1:524205977>
L 09/05/2026 - 20:28:05: [FF] [None :D] <STEAM_1:0:578030381> -> 16 HP bằng (boom/fire) -> [Bảo Nguyên] <STEAM_1:0:218160880>
L 09/05/2026 - 20:28:05: [FF] [None :D] <STEAM_1:0:578030381> -> 16 HP bằng (boom/fire) -> [boviet666] <STEAM_1:0:963323015>
L 09/05/2026 - 20:28:06: [FF] [None :D] <STEAM_1:0:578030381> -> 16 HP bằng (boom/fire) -> [Bảo Nguyên] <STEAM_1:0:218160880>
L 09/05/2026 - 20:28:06: [FF] [None :D] <STEAM_1:0:578030381> -> 16 HP bằng (boom/fire) -> [Curren Bouquetd'or] <STEAM_1:1:524205977>
L 09/05/2026 - 20:28:06: [FF] [None :D] <STEAM_1:0:578030381> -> 16 HP bằng (boom/fire) -> [boviet666] <STEAM_1:0:963323015>
L 09/05/2026 - 20:28:06: [FF] [None :D] <STEAM_1:0:578030381> -> 16 HP bằng (boom/fire) -> [Bảo Nguyên] <STEAM_1:0:218160880>
L 09/05/2026 - 20:28:06: [FF] [None :D] <STEAM_1:0:578030381> -> 16 HP bằng (boom/fire) -> [boviet666] <STEAM_1:0:963323015>
L 09/05/2026 - 20:28:06: [FF] [None :D] <STEAM_1:0:578030381> -> 16 HP bằng (boom/fire) -> [Bảo Nguyên] <STEAM_1:0:218160880>
L 09/05/2026 - 20:28:06: [FF] [None :D] <STEAM_1:0:578030381> -> 16 HP bằng (boom/fire) -> [boviet666] <STEAM_1:0:963323015>
L 09/05/2026 - 20:28:06: [FF] [None :D] <STEAM_1:0:578030381> -> 16 HP bằng (boom/fire) -> [Bảo Nguyên] <STEAM_1:0:218160880>
L 09/05/2026 - 20:28:06: [FF] [None :D] <STEAM_1:0:578030381> -> 16 HP bằng (boom/fire) -> [boviet666] <STEAM_1:0:963323015>
L 09/05/2026 - 20:28:16: [FF] [Rïçēz] <STEAM_1:1:558962692> -> 3 HP bằng (súng) -> [Chicoarun] <STEAM_1:0:952954061>
L 09/05/2026 - 20:28:16: [FF] [Rïçēz] <STEAM_1:1:558962692> -> 3 HP bằng (súng) -> [Chicoarun] <STEAM_1:0:952954061>
L 09/05/2026 - 20:28:16: [FF] [Rïçēz] <STEAM_1:1:558962692> -> 3 HP bằng (súng) -> [Chicoarun] <STEAM_1:0:952954061>
L 09/05/2026 - 20:28:24: [KILL] Smoker Bot <BOT> đã giết nikola25645 <STEAM_1:1:782248349> bằng (zombie cào/đấm)
L 09/05/2026 - 20:28:46: [FF] [Bảo Nguyên] <STEAM_1:0:218160880> -> 1 HP bằng (môi trường/khác) -> [Rïçēz] <STEAM_1:1:558962692>
L 09/05/2026 - 20:28:55: [FF] [boviet666] <STEAM_1:0:963323015> -> 3 HP bằng (boom/fire) -> [chimxanh] <STEAM_1:1:626078671>
L 09/05/2026 - 20:28:55: [FF] [boviet666] <STEAM_1:0:963323015> -> 3 HP bằng (boom/fire) -> [chimxanh] <STEAM_1:1:626078671>
L 09/05/2026 - 20:28:55: [FF] [boviet666] <STEAM_1:0:963323015> -> 3 HP bằng (boom/fire) -> [chimxanh] <STEAM_1:1:626078671>
L 09/05/2026 - 20:28:55: [FF] [boviet666] <STEAM_1:0:963323015> -> 3 HP bằng (boom/fire) -> [chimxanh] <STEAM_1:1:626078671>
L 09/05/2026 - 20:28:55: [FF] [boviet666] <STEAM_1:0:963323015> -> 3 HP bằng (boom/fire) -> [chimxanh] <STEAM_1:1:626078671>
L 09/05/2026 - 20:28:55: [FF] [boviet666] <STEAM_1:0:963323015> -> 3 HP bằng (boom/fire) -> [chimxanh] <STEAM_1:1:626078671>
L 09/05/2026 - 20:28:55: [FF] [boviet666] <STEAM_1:0:963323015> -> 3 HP bằng (boom/fire) -> [chimxanh] <STEAM_1:1:626078671>
L 09/05/2026 - 20:28:55: [FF] [boviet666] <STEAM_1:0:963323015> -> 3 HP bằng (boom/fire) -> [chimxanh] <STEAM_1:1:626078671>
L 09/05/2026 - 20:28:55: [FF] [boviet666] <STEAM_1:0:963323015> -> 3 HP bằng (boom/fire) -> [chimxanh] <STEAM_1:1:626078671>
L 09/05/2026 - 20:28:55: [FF] [boviet666] <STEAM_1:0:963323015> -> 3 HP bằng (boom/fire) -> [chimxanh] <STEAM_1:1:626078671>
L 09/05/2026 - 20:28:55: [FF] [boviet666] <STEAM_1:0:963323015> -> 3 HP bằng (boom/fire) -> [chimxanh] <STEAM_1:1:626078671>
L 09/05/2026 - 20:28:55: [FF] [boviet666] <STEAM_1:0:963323015> -> 3 HP bằng (boom/fire) -> [chimxanh] <STEAM_1:1:626078671>
L 09/05/2026 - 20:28:55: [FF] [boviet666] <STEAM_1:0:963323015> -> 3 HP bằng (boom/fire) -> [chimxanh] <STEAM_1:1:626078671>
L 09/05/2026 - 20:28:55: [FF] [boviet666] <STEAM_1:0:963323015> -> 3 HP bằng (boom/fire) -> [chimxanh] <STEAM_1:1:626078671>
L 09/05/2026 - 20:28:55: [FF] [boviet666] <STEAM_1:0:963323015> -> 3 HP bằng (boom/fire) -> [chimxanh] <STEAM_1:1:626078671>
L 09/05/2026 - 20:29:10: [FF] [chimxanh] <STEAM_1:1:626078671> -> 7 HP bằng (boom/fire) -> [Chicoarun] <STEAM_1:0:952954061>
L 09/05/2026 - 20:29:16: [HẠ GỤC] None :D <STEAM_1:0:578030381> đã hạ gục Holo 40k <STEAM_1:1:925049770> bằng (boom/fire)
L 09/05/2026 - 20:29:17: [HẠ GỤC] Zombie/Witch/Môi trường <N/A> đã hạ gục boviet666 <STEAM_1:0:963323015> bằng (môi trường/khác)
L 09/05/2026 - 20:29:18: [FF] [Lê Hải] <STEAM_1:0:471595906> -> 3 HP bằng (súng) -> [None :D] <STEAM_1:0:578030381>
L 09/05/2026 - 20:29:18: [FF] [Lê Hải] <STEAM_1:0:471595906> -> 3 HP bằng (súng) -> [None :D] <STEAM_1:0:578030381>
L 09/05/2026 - 20:29:18: [FF] [Lê Hải] <STEAM_1:0:471595906> -> 3 HP bằng (súng) -> [None :D] <STEAM_1:0:578030381>
L 09/05/2026 - 20:29:18: [FF] [Lê Hải] <STEAM_1:0:471595906> -> 3 HP bằng (súng) -> [None :D] <STEAM_1:0:578030381>
L 09/05/2026 - 20:29:18: [FF] [Lê Hải] <STEAM_1:0:471595906> -> 3 HP bằng (súng) -> [None :D] <STEAM_1:0:578030381>
L 09/05/2026 - 20:29:18: [FF] [Lê Hải] <STEAM_1:0:471595906> -> 3 HP bằng (súng) -> [None :D] <STEAM_1:0:578030381>
L 09/05/2026 - 20:29:18: [FF] [Lê Hải] <STEAM_1:0:471595906> -> 3 HP bằng (súng) -> [None :D] <STEAM_1:0:578030381>
L 09/05/2026 - 20:29:18: [FF] [Lê Hải] <STEAM_1:0:471595906> -> 3 HP bằng (súng) -> [None :D] <STEAM_1:0:578030381>
L 09/05/2026 - 20:29:18: [FF] [Chicoarun] <STEAM_1:0:952954061> -> 1 HP bằng (môi trường/khác) -> [Rïçēz] <STEAM_1:1:558962692>
L 09/05/2026 - 20:29:18: [FF] [Chicoarun] <STEAM_1:0:952954061> -> 1 HP bằng (môi trường/khác) -> [Bảo Nguyên] <STEAM_1:0:218160880>
L 09/05/2026 - 20:29:18: [HẠ GỤC] Chicoarun <STEAM_1:0:952954061> đã hạ gục Chicoarun <STEAM_1:0:952954061> bằng (môi trường/khác)
L 09/05/2026 - 20:29:18: [FF] [Chicoarun] <STEAM_1:0:952954061> -> 1 HP bằng (môi trường/khác) -> [chimxanh] <STEAM_1:1:626078671>
L 09/05/2026 - 20:29:19: [HẠ GỤC] Zombie/Witch/Môi trường <N/A> đã hạ gục Bảo Nguyên <STEAM_1:0:218160880> bằng (môi trường/khác)
L 09/05/2026 - 20:29:20: [KILL] Zombie/Witch/Môi trường <N/A> đã giết Bảo Nguyên <STEAM_1:0:218160880> bằng (môi trường/khác)
L 09/05/2026 - 20:29:22: [FF] [Lê Hải] <STEAM_1:0:471595906> -> 3 HP bằng (súng) -> [Rïçēz] <STEAM_1:1:558962692>
L 09/05/2026 - 20:29:22: [FF] [Lê Hải] <STEAM_1:0:471595906> -> 3 HP bằng (súng) -> [Rïçēz] <STEAM_1:1:558962692>
L 09/05/2026 - 20:29:22: [FF] [Lê Hải] <STEAM_1:0:471595906> -> 3 HP bằng (súng) -> [Rïçēz] <STEAM_1:1:558962692>
L 09/05/2026 - 20:29:22: [FF] [Lê Hải] <STEAM_1:0:471595906> -> 3 HP bằng (súng) -> [Rïçēz] <STEAM_1:1:558962692>
L 09/05/2026 - 20:29:22: [FF] [Lê Hải] <STEAM_1:0:471595906> -> 3 HP bằng (súng) -> [Rïçēz] <STEAM_1:1:558962692>
L 09/05/2026 - 20:29:22: [FF] [Lê Hải] <STEAM_1:0:471595906> -> 3 HP bằng (súng) -> [Rïçēz] <STEAM_1:1:558962692>
L 09/05/2026 - 20:29:22: [FF] [Lê Hải] <STEAM_1:0:471595906> -> 3 HP bằng (súng) -> [Rïçēz] <STEAM_1:1:558962692>
L 09/05/2026 - 20:29:22: [FF] [Lê Hải] <STEAM_1:0:471595906> -> 3 HP bằng (súng) -> [Rïçēz] <STEAM_1:1:558962692>
L 09/05/2026 - 20:29:27: [HẠ GỤC] Zombie/Witch/Môi trường <N/A> đã hạ gục Curren Bouquetd'or <STEAM_1:1:524205977> bằng (môi trường/khác)
L 09/05/2026 - 20:29:53: [FF] [Rïçēz] <STEAM_1:1:558962692> -> 3 HP bằng (súng) -> [Holo 40k] <STEAM_1:1:925049770>
L 09/05/2026 - 20:29:53: [FF] [Rïçēz] <STEAM_1:1:558962692> -> 3 HP bằng (súng) -> [Holo 40k] <STEAM_1:1:925049770>
L 09/05/2026 - 20:29:53: [FF] [Rïçēz] <STEAM_1:1:558962692> -> 3 HP bằng (súng) -> [Holo 40k] <STEAM_1:1:925049770>
L 09/05/2026 - 20:29:53: [FF] [Curren Bouquetd'or] <STEAM_1:1:524205977> -> 6 HP bằng (súng) -> [Holo 40k] <STEAM_1:1:925049770>
L 09/05/2026 - 20:29:55: [FF] [Curren Bouquetd'or] <STEAM_1:1:524205977> -> 6 HP bằng (súng) -> [Holo 40k] <STEAM_1:1:925049770>
L 09/05/2026 - 20:29:56: [FF] [Rïçēz] <STEAM_1:1:558962692> -> 5 HP bằng (boom/fire) -> [Holo 40k] <STEAM_1:1:925049770>
L 09/05/2026 - 20:29:56: [FF] [Rïçēz] <STEAM_1:1:558962692> -> 7 HP bằng (boom/fire) -> [Holo 40k] <STEAM_1:1:925049770>
L 09/05/2026 - 20:29:56: [FF] [Rïçēz] <STEAM_1:1:558962692> -> 9 HP bằng (boom/fire) -> [Holo 40k] <STEAM_1:1:925049770>
L 09/05/2026 - 20:29:59: [FF] [Rïçēz] <STEAM_1:1:558962692> -> 16 HP bằng (boom/fire) -> [Curren Bouquetd'or] <STEAM_1:1:524205977>
L 09/05/2026 - 20:30:00: [FF] [Rïçēz] <STEAM_1:1:558962692> -> 16 HP bằng (boom/fire) -> [Curren Bouquetd'or] <STEAM_1:1:524205977>
L 09/05/2026 - 20:30:00: [FF] [Rïçēz] <STEAM_1:1:558962692> -> 16 HP bằng (boom/fire) -> [Curren Bouquetd'or] <STEAM_1:1:524205977>
L 09/05/2026 - 20:30:00: [FF] [Rïçēz] <STEAM_1:1:558962692> -> 16 HP bằng (boom/fire) -> [Curren Bouquetd'or] <STEAM_1:1:524205977>
L 09/05/2026 - 20:30:00: [FF] [Rïçēz] <STEAM_1:1:558962692> -> 16 HP bằng (boom/fire) -> [Curren Bouquetd'or] <STEAM_1:1:524205977>
L 09/05/2026 - 20:30:01: [FF] [Rïçēz] <STEAM_1:1:558962692> -> 16 HP bằng (boom/fire) -> [Curren Bouquetd'or] <STEAM_1:1:524205977>
L 09/05/2026 - 20:30:01: [KILL] Rïçēz <STEAM_1:1:558962692> đã giết Curren Bouquetd'or <STEAM_1:1:524205977> bằng (boom/fire)
L 09/05/2026 - 20:30:04: [FF] [Rïçēz] <STEAM_1:1:558962692> -> 3 HP bằng (súng) -> [nikola25645] <STEAM_1:1:782248349>
L 09/05/2026 - 20:30:06: [HẠ GỤC] Zombie/Witch/Môi trường <N/A> đã hạ gục nikola25645 <STEAM_1:1:782248349> bằng (môi trường/khác)
L 09/05/2026 - 20:30:20: [FF] [Lê Hải] <STEAM_1:0:471595906> -> 5 HP bằng (súng) -> [Rïçēz] <STEAM_1:1:558962692>
L 09/05/2026 - 20:30:25: [KILL] Hunter Bot <BOT> đã giết boviet666 <STEAM_1:0:963323015> bằng (zombie cào/đấm)
L 09/05/2026 - 20:30:30: [FF] [Lê Hải] <STEAM_1:0:471595906> -> 6 HP bằng (súng) -> [None :D] <STEAM_1:0:578030381>
L 09/05/2026 - 20:30:43: [HẠ GỤC] Tank <BOT> đã hạ gục nikola25645 <STEAM_1:1:782248349> bằng (môi trường/khác)
L 09/05/2026 - 20:30:46: [KILL] Tank <BOT> đã giết Holo 40k <STEAM_1:1:925049770> bằng (môi trường/khác)
L 09/05/2026 - 20:31:01: [FF] [KeroN] <STEAM_1:1:161759963> -> 45 HP bằng (súng) -> [Bảo Nguyên] <STEAM_1:0:218160880>
L 09/05/2026 - 20:31:33: [HẠ GỤC] Zombie/Witch/Môi trường <N/A> đã hạ gục chimxanh <STEAM_1:1:626078671> bằng (môi trường/khác)
L 09/05/2026 - 20:31:36: [FF] [Curren Bouquetd'or] <STEAM_1:1:524205977> -> 3 HP bằng (súng) -> [None :D] <STEAM_1:0:578030381>
L 09/05/2026 - 20:31:36: [FF] [Curren Bouquetd'or] <STEAM_1:1:524205977> -> 3 HP bằng (súng) -> [None :D] <STEAM_1:0:578030381>
L 09/05/2026 - 20:31:36: [FF] [Curren Bouquetd'or] <STEAM_1:1:524205977> -> 3 HP bằng (súng) -> [None :D] <STEAM_1:0:578030381>
L 09/05/2026 - 20:31:36: [FF] [Curren Bouquetd'or] <STEAM_1:1:524205977> -> 3 HP bằng (súng) -> [None :D] <STEAM_1:0:578030381>
L 09/05/2026 - 20:31:36: [FF] [Curren Bouquetd'or] <STEAM_1:1:524205977> -> 3 HP bằng (súng) -> [None :D] <STEAM_1:0:578030381>
L 09/05/2026 - 20:31:36: [FF] [Curren Bouquetd'or] <STEAM_1:1:524205977> -> 3 HP bằng (súng) -> [None :D] <STEAM_1:0:578030381>
L 09/05/2026 - 20:31:36: [FF] [Curren Bouquetd'or] <STEAM_1:1:524205977> -> 3 HP bằng (súng) -> [None :D] <STEAM_1:0:578030381>
L 09/05/2026 - 20:31:36: [FF] [Curren Bouquetd'or] <STEAM_1:1:524205977> -> 3 HP bằng (súng) -> [None :D] <STEAM_1:0:578030381>
L 09/05/2026 - 20:31:36: [FF] [Curren Bouquetd'or] <STEAM_1:1:524205977> -> 3 HP bằng (súng) -> [None :D] <STEAM_1:0:578030381>
L 09/05/2026 - 20:31:36: [FF] [Curren Bouquetd'or] <STEAM_1:1:524205977> -> 3 HP bằng (súng) -> [None :D] <STEAM_1:0:578030381>
L 09/05/2026 - 20:31:39: [FF] [Chicoarun] <STEAM_1:0:952954061> -> 9 HP bằng (súng) -> [Curren Bouquetd'or] <STEAM_1:1:524205977>
L 09/05/2026 - 20:31:40: [HẠ GỤC] Tank <BOT> đã hạ gục Nick <BOT> bằng (môi trường/khác)
L 09/05/2026 - 20:31:40: [FF] [Chicoarun] <STEAM_1:0:952954061> -> 5 HP bằng (súng) -> [Curren Bouquetd'or] <STEAM_1:1:524205977>
L 09/05/2026 - 20:31:44: [HẠ GỤC] Tank <BOT> đã hạ gục None :D <STEAM_1:0:578030381> bằng (môi trường/khác)
L 09/05/2026 - 20:32:17: [FF] [KeroN] <STEAM_1:1:161759963> -> 45 HP bằng (súng) -> [Curren Bouquetd'or] <STEAM_1:1:524205977>
L 09/05/2026 - 20:32:26: [HẠ GỤC] Tank <BOT> đã hạ gục boviet666 <STEAM_1:0:963323015> bằng (môi trường/khác)
L 09/05/2026 - 20:32:29: [KILL] Tank <BOT> đã giết nikola25645 <STEAM_1:1:782248349> bằng (môi trường/khác)
L 09/05/2026 - 20:32:34: [HẠ GỤC] Tank <BOT> đã hạ gục Lê Hải <STEAM_1:0:471595906> bằng (môi trường/khác)
L 09/05/2026 - 20:32:39: [HẠ GỤC] Tank <BOT> đã hạ gục Rïçēz <STEAM_1:1:558962692> bằng (môi trường/khác)
L 09/05/2026 - 20:32:43: [HẠ GỤC] Tank <BOT> đã hạ gục Curren Bouquetd'or <STEAM_1:1:524205977> bằng (môi trường/khác)
L 09/05/2026 - 20:32:54: [HẠ GỤC] Tank <BOT> đã hạ gục Rïçēz <STEAM_1:1:558962692> bằng (môi trường/khác)
L 09/05/2026 - 20:32:56: [HẠ GỤC] Tank <BOT> đã hạ gục Curren Bouquetd'or <STEAM_1:1:524205977> bằng (môi trường/khác)
L 09/05/2026 - 20:33:00: [FF] [Rïçēz] <STEAM_1:1:558962692> -> 16 HP bằng (boom/fire) -> [Curren Bouquetd'or] <STEAM_1:1:524205977>
L 09/05/2026 - 20:33:00: [FF] [Rïçēz] <STEAM_1:1:558962692> -> 16 HP bằng (boom/fire) -> [Curren Bouquetd'or] <STEAM_1:1:524205977>
L 09/05/2026 - 20:33:01: [FF] [Rïçēz] <STEAM_1:1:558962692> -> 16 HP bằng (boom/fire) -> [Curren Bouquetd'or] <STEAM_1:1:524205977>
L 09/05/2026 - 20:33:01: [FF] [Rïçēz] <STEAM_1:1:558962692> -> 16 HP bằng (boom/fire) -> [Curren Bouquetd'or] <STEAM_1:1:524205977>
L 09/05/2026 - 20:33:01: [FF] [Rïçēz] <STEAM_1:1:558962692> -> 16 HP bằng (boom/fire) -> [Curren Bouquetd'or] <STEAM_1:1:524205977>
L 09/05/2026 - 20:33:01: [FF] [Rïçēz] <STEAM_1:1:558962692> -> 16 HP bằng (boom/fire) -> [Curren Bouquetd'or] <STEAM_1:1:524205977>
L 09/05/2026 - 20:33:02: [FF] [Rïçēz] <STEAM_1:1:558962692> -> 16 HP bằng (boom/fire) -> [Curren Bouquetd'or] <STEAM_1:1:524205977>
L 09/05/2026 - 20:33:02: [FF] [Rïçēz] <STEAM_1:1:558962692> -> 16 HP bằng (boom/fire) -> [Curren Bouquetd'or] <STEAM_1:1:524205977>
L 09/05/2026 - 20:33:02: [FF] [Rïçēz] <STEAM_1:1:558962692> -> 16 HP bằng (boom/fire) -> [Curren Bouquetd'or] <STEAM_1:1:524205977>
L 09/05/2026 - 20:33:02: [FF] [Rïçēz] <STEAM_1:1:558962692> -> 16 HP bằng (boom/fire) -> [Curren Bouquetd'or] <STEAM_1:1:524205977>
L 09/05/2026 - 20:33:03: [FF] [Rïçēz] <STEAM_1:1:558962692> -> 16 HP bằng (boom/fire) -> [Curren Bouquetd'or] <STEAM_1:1:524205977>
L 09/05/2026 - 20:33:03: [FF] [Rïçēz] <STEAM_1:1:558962692> -> 16 HP bằng (boom/fire) -> [Curren Bouquetd'or] <STEAM_1:1:524205977>
L 09/05/2026 - 20:33:03: [FF] [Rïçēz] <STEAM_1:1:558962692> -> 16 HP bằng (boom/fire) -> [Curren Bouquetd'or] <STEAM_1:1:524205977>
L 09/05/2026 - 20:33:03: [FF] [Rïçēz] <STEAM_1:1:558962692> -> 16 HP bằng (boom/fire) -> [Curren Bouquetd'or] <STEAM_1:1:524205977>
L 09/05/2026 - 20:33:04: [FF] [Rïçēz] <STEAM_1:1:558962692> -> 16 HP bằng (boom/fire) -> [Curren Bouquetd'or] <STEAM_1:1:524205977>
L 09/05/2026 - 20:33:04: [FF] [Rïçēz] <STEAM_1:1:558962692> -> 16 HP bằng (boom/fire) -> [Curren Bouquetd'or] <STEAM_1:1:524205977>
L 09/05/2026 - 20:33:04: [FF] [Rïçēz] <STEAM_1:1:558962692> -> 16 HP bằng (boom/fire) -> [Curren Bouquetd'or] <STEAM_1:1:524205977>
L 09/05/2026 - 20:33:04: [FF] [Rïçēz] <STEAM_1:1:558962692> -> 16 HP bằng (boom/fire) -> [Curren Bouquetd'or] <STEAM_1:1:524205977>
L 09/05/2026 - 20:33:05: [FF] [Rïçēz] <STEAM_1:1:558962692> -> 16 HP bằng (boom/fire) -> [Curren Bouquetd'or] <STEAM_1:1:524205977>
L 09/05/2026 - 20:33:05: [FF] [Rïçēz] <STEAM_1:1:558962692> -> 16 HP bằng (boom/fire) -> [Curren Bouquetd'or] <STEAM_1:1:524205977>
L 09/05/2026 - 20:33:05: [FF] [Rïçēz] <STEAM_1:1:558962692> -> 16 HP bằng (boom/fire) -> [Curren Bouquetd'or] <STEAM_1:1:524205977>
L 09/05/2026 - 20:33:05: [FF] [Rïçēz] <STEAM_1:1:558962692> -> 16 HP bằng (boom/fire) -> [Curren Bouquetd'or] <STEAM_1:1:524205977>
L 09/05/2026 - 20:33:06: [FF] [Rïçēz] <STEAM_1:1:558962692> -> 16 HP bằng (boom/fire) -> [Curren Bouquetd'or] <STEAM_1:1:524205977>
L 09/05/2026 - 20:33:06: [FF] [Rïçēz] <STEAM_1:1:558962692> -> 16 HP bằng (boom/fire) -> [Curren Bouquetd'or] <STEAM_1:1:524205977>
L 09/05/2026 - 20:33:06: [FF] [Rïçēz] <STEAM_1:1:558962692> -> 16 HP bằng (boom/fire) -> [Curren Bouquetd'or] <STEAM_1:1:524205977>
L 09/05/2026 - 20:33:06: [FF] [Rïçēz] <STEAM_1:1:558962692> -> 16 HP bằng (boom/fire) -> [Curren Bouquetd'or] <STEAM_1:1:524205977>
L 09/05/2026 - 20:33:07: [FF] [Rïçēz] <STEAM_1:1:558962692> -> 16 HP bằng (boom/fire) -> [Curren Bouquetd'or] <STEAM_1:1:524205977>
L 09/05/2026 - 20:33:07: [FF] [Rïçēz] <STEAM_1:1:558962692> -> 16 HP bằng (boom/fire) -> [Curren Bouquetd'or] <STEAM_1:1:524205977>
L 09/05/2026 - 20:33:07: [FF] [Rïçēz] <STEAM_1:1:558962692> -> 16 HP bằng (boom/fire) -> [Curren Bouquetd'or] <STEAM_1:1:524205977>
L 09/05/2026 - 20:33:07: [FF] [Rïçēz] <STEAM_1:1:558962692> -> 16 HP bằng (boom/fire) -> [Curren Bouquetd'or] <STEAM_1:1:524205977>
L 09/05/2026 - 20:33:08: [FF] [Rïçēz] <STEAM_1:1:558962692> -> 16 HP bằng (boom/fire) -> [Curren Bouquetd'or] <STEAM_1:1:524205977>
L 09/05/2026 - 20:33:13: [KILL] Zombie/Witch/Môi trường <N/A> đã giết boviet666 <STEAM_1:0:963323015> bằng (môi trường/khác)
L 09/05/2026 - 20:33:15: [HẠ GỤC] Tank <BOT> đã hạ gục KeroN <STEAM_1:1:161759963> bằng (môi trường/khác)
L 09/05/2026 - 20:33:17: [FF] [Chicoarun] <STEAM_1:0:952954061> -> 15 HP bằng (súng) -> [None :D] <STEAM_1:0:578030381>
L 09/05/2026 - 20:33:17: [FF] [Chicoarun] <STEAM_1:0:952954061> -> 11 HP bằng (súng) -> [None :D] <STEAM_1:0:578030381>
L 09/05/2026 - 20:33:22: [FF] [chimxanh] <STEAM_1:1:626078671> -> 10 HP bằng (súng) -> [Holo 40k] <STEAM_1:1:925049770>
L 09/05/2026 - 20:33:24: [FF] [KeroN] <STEAM_1:1:161759963> -> 7 HP bằng (melee) -> [Rïçēz] <STEAM_1:1:558962692>
L 09/05/2026 - 20:33:24: [HẠ GỤC] Zombie/Witch/Môi trường <N/A> đã hạ gục Lê Hải <STEAM_1:0:471595906> bằng (môi trường/khác)
L 09/05/2026 - 20:33:28: [HẠ GỤC] Tank <BOT> đã hạ gục Holo 40k <STEAM_1:1:925049770> bằng (môi trường/khác)
L 09/05/2026 - 20:33:39: [FF] [Bảo Nguyên] <STEAM_1:0:218160880> -> 5 HP bằng (súng) -> [nikola25645] <STEAM_1:1:782248349>
L 09/05/2026 - 20:33:39: [FF] [Bảo Nguyên] <STEAM_1:0:218160880> -> 5 HP bằng (súng) -> [nikola25645] <STEAM_1:1:782248349>
L 09/05/2026 - 20:33:39: [FF] [Bảo Nguyên] <STEAM_1:0:218160880> -> 5 HP bằng (súng) -> [nikola25645] <STEAM_1:1:782248349>
L 09/05/2026 - 20:33:40: [FF] [Rïçēz] <STEAM_1:1:558962692> -> 2 HP bằng (boom/fire) -> [Lê Hải] <STEAM_1:0:471595906>
L 09/05/2026 - 20:33:48: [KILL] Zombie/Witch/Môi trường <N/A> đã giết Chicoarun <STEAM_1:0:952954061> bằng (môi trường/khác)
L 09/05/2026 - 20:33:53: [FF] [KeroN] <STEAM_1:1:161759963> -> 3 HP bằng (súng) -> [None :D] <STEAM_1:0:578030381>
L 09/05/2026 - 20:33:53: [FF] [KeroN] <STEAM_1:1:161759963> -> 3 HP bằng (súng) -> [None :D] <STEAM_1:0:578030381>
L 09/05/2026 - 20:33:53: [FF] [KeroN] <STEAM_1:1:161759963> -> 3 HP bằng (súng) -> [None :D] <STEAM_1:0:578030381>
L 09/05/2026 - 20:33:53: [FF] [KeroN] <STEAM_1:1:161759963> -> 3 HP bằng (súng) -> [None :D] <STEAM_1:0:578030381>
L 09/05/2026 - 20:33:53: [FF] [KeroN] <STEAM_1:1:161759963> -> 3 HP bằng (súng) -> [None :D] <STEAM_1:0:578030381>
L 09/05/2026 - 20:33:53: [FF] [KeroN] <STEAM_1:1:161759963> -> 3 HP bằng (súng) -> [None :D] <STEAM_1:0:578030381>
L 09/05/2026 - 20:33:53: [FF] [KeroN] <STEAM_1:1:161759963> -> 3 HP bằng (súng) -> [None :D] <STEAM_1:0:578030381>
L 09/05/2026 - 20:33:53: [FF] [KeroN] <STEAM_1:1:161759963> -> 3 HP bằng (súng) -> [None :D] <STEAM_1:0:578030381>
L 09/05/2026 - 20:33:53: [FF] [KeroN] <STEAM_1:1:161759963> -> 3 HP bằng (súng) -> [None :D] <STEAM_1:0:578030381>
L 09/05/2026 - 20:33:53: [FF] [KeroN] <STEAM_1:1:161759963> -> 3 HP bằng (súng) -> [None :D] <STEAM_1:0:578030381>
L 09/05/2026 - 20:33:53: [FF] [KeroN] <STEAM_1:1:161759963> -> 3 HP bằng (súng) -> [None :D] <STEAM_1:0:578030381>
L 09/05/2026 - 20:33:55: [FF] [None :D] <STEAM_1:0:578030381> -> 31 HP bằng (súng) -> [KeroN] <STEAM_1:1:161759963>
L 09/05/2026 - 20:34:05: [FF] [KeroN] <STEAM_1:1:161759963> -> 3 HP bằng (súng) -> [Rïçēz] <STEAM_1:1:558962692>
L 09/05/2026 - 20:34:09: [HẠ GỤC] Tank <BOT> đã hạ gục Holo 40k <STEAM_1:1:925049770> bằng (môi trường/khác)
L 09/05/2026 - 20:34:11: [FF] [KeroN] <STEAM_1:1:161759963> -> 3 HP bằng (súng) -> [Rïçēz] <STEAM_1:1:558962692>
L 09/05/2026 - 20:34:11: [FF] [KeroN] <STEAM_1:1:161759963> -> 3 HP bằng (súng) -> [Rïçēz] <STEAM_1:1:558962692>
L 09/05/2026 - 20:34:11: [FF] [KeroN] <STEAM_1:1:161759963> -> 3 HP bằng (súng) -> [Rïçēz] <STEAM_1:1:558962692>
L 09/05/2026 - 20:34:11: [FF] [KeroN] <STEAM_1:1:161759963> -> 3 HP bằng (súng) -> [Rïçēz] <STEAM_1:1:558962692>
L 09/05/2026 - 20:34:11: [FF] [KeroN] <STEAM_1:1:161759963> -> 3 HP bằng (súng) -> [Rïçēz] <STEAM_1:1:558962692>
L 09/05/2026 - 20:34:11: [FF] [KeroN] <STEAM_1:1:161759963> -> 3 HP bằng (súng) -> [Rïçēz] <STEAM_1:1:558962692>
L 09/05/2026 - 20:34:11: [FF] [KeroN] <STEAM_1:1:161759963> -> 3 HP bằng (súng) -> [Rïçēz] <STEAM_1:1:558962692>
L 09/05/2026 - 20:34:11: [FF] [KeroN] <STEAM_1:1:161759963> -> 3 HP bằng (súng) -> [Rïçēz] <STEAM_1:1:558962692>
L 09/05/2026 - 20:34:11: [FF] [KeroN] <STEAM_1:1:161759963> -> 3 HP bằng (súng) -> [Rïçēz] <STEAM_1:1:558962692>
L 09/05/2026 - 20:34:13: [FF] [chimxanh] <STEAM_1:1:626078671> -> 5 HP bằng (súng) -> [Holo 40k] <STEAM_1:1:925049770>
L 09/05/2026 - 20:34:16: [FF] [KeroN] <STEAM_1:1:161759963> -> 3 HP bằng (súng) -> [Rïçēz] <STEAM_1:1:558962692>
L 09/05/2026 - 20:34:16: [FF] [KeroN] <STEAM_1:1:161759963> -> 3 HP bằng (súng) -> [Rïçēz] <STEAM_1:1:558962692>
L 09/05/2026 - 20:34:16: [FF] [KeroN] <STEAM_1:1:161759963> -> 3 HP bằng (súng) -> [Rïçēz] <STEAM_1:1:558962692>
L 09/05/2026 - 20:34:16: [FF] [KeroN] <STEAM_1:1:161759963> -> 3 HP bằng (súng) -> [Rïçēz] <STEAM_1:1:558962692>
L 09/05/2026 - 20:34:16: [FF] [KeroN] <STEAM_1:1:161759963> -> 3 HP bằng (súng) -> [Rïçēz] <STEAM_1:1:558962692>
L 09/05/2026 - 20:34:16: [FF] [KeroN] <STEAM_1:1:161759963> -> 3 HP bằng (súng) -> [Rïçēz] <STEAM_1:1:558962692>
L 09/05/2026 - 20:34:16: [FF] [KeroN] <STEAM_1:1:161759963> -> 3 HP bằng (súng) -> [Rïçēz] <STEAM_1:1:558962692>
L 09/05/2026 - 20:34:28: [HẠ GỤC] Tank <BOT> đã hạ gục nikola25645 <STEAM_1:1:782248349> bằng (môi trường/khác)
L 09/05/2026 - 20:34:33: [HẠ GỤC] Zombie/Witch/Môi trường <N/A> đã hạ gục boviet666 <STEAM_1:0:963323015> bằng (môi trường/khác)
L 09/05/2026 - 20:34:40: [KILL] Tank <BOT> đã giết Curren Bouquetd'or <STEAM_1:1:524205977> bằng (môi trường/khác)
L 09/05/2026 - 20:34:52: [HẠ GỤC] Zombie/Witch/Môi trường <N/A> đã hạ gục Rïçēz <STEAM_1:1:558962692> bằng (môi trường/khác)
L 09/05/2026 - 20:34:58: [FF] [Lê Hải] <STEAM_1:0:471595906> -> 5 HP bằng (súng) -> [Chicoarun] <STEAM_1:0:952954061>
L 09/05/2026 - 20:35:07: [FF] [Holo 40k] <STEAM_1:1:925049770> -> 15 HP bằng (súng) -> [nikola25645] <STEAM_1:1:782248349>
L 09/05/2026 - 20:35:14: [HẠ GỤC] Zombie/Witch/Môi trường <N/A> đã hạ gục boviet666 <STEAM_1:0:963323015> bằng (môi trường/khác)
L 09/05/2026 - 20:35:19: [FF] [Lê Hải] <STEAM_1:0:471595906> -> 7 HP bằng (melee) -> [Rïçēz] <STEAM_1:1:558962692>
L 09/05/2026 - 20:35:19: [FF] [KeroN] <STEAM_1:1:161759963> -> 3 HP bằng (súng) -> [Rïçēz] <STEAM_1:1:558962692>
L 09/05/2026 - 20:35:19: [FF] [KeroN] <STEAM_1:1:161759963> -> 3 HP bằng (súng) -> [Rïçēz] <STEAM_1:1:558962692>
L 09/05/2026 - 20:35:19: [FF] [KeroN] <STEAM_1:1:161759963> -> 3 HP bằng (súng) -> [Rïçēz] <STEAM_1:1:558962692>
L 09/05/2026 - 20:35:19: [FF] [KeroN] <STEAM_1:1:161759963> -> 3 HP bằng (súng) -> [Rïçēz] <STEAM_1:1:558962692>
L 09/05/2026 - 20:35:19: [FF] [KeroN] <STEAM_1:1:161759963> -> 3 HP bằng (súng) -> [Rïçēz] <STEAM_1:1:558962692>
L 09/05/2026 - 20:35:19: [FF] [KeroN] <STEAM_1:1:161759963> -> 3 HP bằng (súng) -> [Rïçēz] <STEAM_1:1:558962692>
L 09/05/2026 - 20:35:19: [FF] [KeroN] <STEAM_1:1:161759963> -> 3 HP bằng (súng) -> [Rïçēz] <STEAM_1:1:558962692>
L 09/05/2026 - 20:35:19: [FF] [KeroN] <STEAM_1:1:161759963> -> 3 HP bằng (súng) -> [Rïçēz] <STEAM_1:1:558962692>
L 09/05/2026 - 20:35:19: [FF] [KeroN] <STEAM_1:1:161759963> -> 3 HP bằng (súng) -> [Rïçēz] <STEAM_1:1:558962692>
L 09/05/2026 - 20:35:19: [FF] [KeroN] <STEAM_1:1:161759963> -> 3 HP bằng (súng) -> [Rïçēz] <STEAM_1:1:558962692>
L 09/05/2026 - 20:35:19: [FF] [KeroN] <STEAM_1:1:161759963> -> 3 HP bằng (súng) -> [Rïçēz] <STEAM_1:1:558962692>
L 09/05/2026 - 20:35:36: [FF] [KeroN] <STEAM_1:1:161759963> -> 3 HP bằng (súng) -> [Nick] <BOT>
L 09/05/2026 - 20:35:36: [FF] [KeroN] <STEAM_1:1:161759963> -> 3 HP bằng (súng) -> [Nick] <BOT>
L 09/05/2026 - 20:35:36: [FF] [KeroN] <STEAM_1:1:161759963> -> 3 HP bằng (súng) -> [Nick] <BOT>
L 09/05/2026 - 20:35:36: [FF] [KeroN] <STEAM_1:1:161759963> -> 3 HP bằng (súng) -> [Nick] <BOT>
L 09/05/2026 - 20:35:36: [FF] [KeroN] <STEAM_1:1:161759963> -> 3 HP bằng (súng) -> [Nick] <BOT>
L 09/05/2026 - 20:35:36: [FF] [KeroN] <STEAM_1:1:161759963> -> 3 HP bằng (súng) -> [Nick] <BOT>
L 09/05/2026 - 20:35:36: [FF] [KeroN] <STEAM_1:1:161759963> -> 3 HP bằng (súng) -> [Nick] <BOT>
L 09/05/2026 - 20:35:36: [FF] [KeroN] <STEAM_1:1:161759963> -> 3 HP bằng (súng) -> [Nick] <BOT>
L 09/05/2026 - 20:35:36: [FF] [KeroN] <STEAM_1:1:161759963> -> 3 HP bằng (súng) -> [Nick] <BOT>
L 09/05/2026 - 20:35:36: [FF] [KeroN] <STEAM_1:1:161759963> -> 3 HP bằng (súng) -> [Nick] <BOT>
L 09/05/2026 - 20:35:36: [FF] [KeroN] <STEAM_1:1:161759963> -> 3 HP bằng (súng) -> [Nick] <BOT>
L 09/05/2026 - 20:35:42: [HẠ GỤC] (1)Smoker Bot <BOT> đã hạ gục Nick <BOT> bằng (zombie cào/đấm)
L 09/05/2026 - 20:36:01: [FF] [Chicoarun] <STEAM_1:0:952954061> -> 1 HP bằng (môi trường/khác) -> [Holo 40k] <STEAM_1:1:925049770>
L 09/05/2026 - 20:36:05: [FF] [KeroN] <STEAM_1:1:161759963> -> 3 HP bằng (súng) -> [Chicoarun] <STEAM_1:0:952954061>
L 09/05/2026 - 20:36:05: [FF] [KeroN] <STEAM_1:1:161759963> -> 3 HP bằng (súng) -> [Chicoarun] <STEAM_1:0:952954061>
L 09/05/2026 - 20:36:05: [FF] [KeroN] <STEAM_1:1:161759963> -> 3 HP bằng (súng) -> [Chicoarun] <STEAM_1:0:952954061>
L 09/05/2026 - 20:36:05: [FF] [KeroN] <STEAM_1:1:161759963> -> 3 HP bằng (súng) -> [Chicoarun] <STEAM_1:0:952954061>
L 09/05/2026 - 20:36:05: [FF] [KeroN] <STEAM_1:1:161759963> -> 3 HP bằng (súng) -> [Chicoarun] <STEAM_1:0:952954061>
L 09/05/2026 - 20:36:07: [KILL] (1)Smoker Bot <BOT> đã giết Nick <BOT> bằng (zombie cào/đấm)
L 09/05/2026 - 20:36:10: [FF] [Bảo Nguyên] <STEAM_1:0:218160880> -> 1 HP bằng (môi trường/khác) -> [Curren Bouquetd'or] <STEAM_1:1:524205977>
L 09/05/2026 - 20:36:23: [HẠ GỤC] Smoker <BOT> đã hạ gục Curren Bouquetd'or <STEAM_1:1:524205977> bằng (zombie cào/đấm)
L 09/05/2026 - 20:36:43: [KILL] Smoker <BOT> đã giết Curren Bouquetd'or <STEAM_1:1:524205977> bằng (zombie cào/đấm)
L 09/05/2026 - 20:36:43: [FF] [KeroN] <STEAM_1:1:161759963> -> 1 HP bằng (môi trường/khác) -> [Rïçēz] <STEAM_1:1:558962692>
L 09/05/2026 - 20:36:44: [HẠ GỤC] Spitter Bot <BOT> đã hạ gục chimxanh <STEAM_1:1:626078671> bằng (môi trường/khác)
L 09/05/2026 - 20:36:49: [HẠ GỤC] Jockey <BOT> đã hạ gục Holo 40k <STEAM_1:1:925049770> bằng (zombie cào/đấm)
L 09/05/2026 - 20:36:51: [HẠ GỤC] (1)Smoker <BOT> đã hạ gục nikola25645 <STEAM_1:1:782248349> bằng (zombie cào/đấm)
L 09/05/2026 - 20:37:43: [HẠ GỤC] (1)Jockey Bot <BOT> đã hạ gục KeroN <STEAM_1:1:161759963> bằng (zombie cào/đấm)
L 09/05/2026 - 20:37:46: [FF] [None :D] <STEAM_1:0:578030381> -> 13 HP bằng (môi trường/khác) -> [Bảo Nguyên] <STEAM_1:0:218160880>
L 09/05/2026 - 20:37:46: [FF] [None :D] <STEAM_1:0:578030381> -> 5 HP bằng (môi trường/khác) -> [nikola25645] <STEAM_1:1:782248349>
L 09/05/2026 - 20:37:46: [FF] [None :D] <STEAM_1:0:578030381> -> 1 HP bằng (môi trường/khác) -> [Bảo Nguyên] <STEAM_1:0:218160880>
L 09/05/2026 - 20:37:46: [FF] [None :D] <STEAM_1:0:578030381> -> 1 HP bằng (môi trường/khác) -> [nikola25645] <STEAM_1:1:782248349>
L 09/05/2026 - 20:37:47: [FF] [None :D] <STEAM_1:0:578030381> -> 15 HP bằng (môi trường/khác) -> [Bảo Nguyên] <STEAM_1:0:218160880>
L 09/05/2026 - 20:37:47: [FF] [None :D] <STEAM_1:0:578030381> -> 6 HP bằng (môi trường/khác) -> [nikola25645] <STEAM_1:1:782248349>
L 09/05/2026 - 20:37:47: [FF] [None :D] <STEAM_1:0:578030381> -> 1 HP bằng (môi trường/khác) -> [Bảo Nguyên] <STEAM_1:0:218160880>
L 09/05/2026 - 20:37:47: [FF] [None :D] <STEAM_1:0:578030381> -> 1 HP bằng (môi trường/khác) -> [nikola25645] <STEAM_1:1:782248349>
L 09/05/2026 - 20:37:47: [FF] [Holo 40k] <STEAM_1:1:925049770> -> 15 HP bằng (súng) -> [chimxanh] <STEAM_1:1:626078671>
L 09/05/2026 - 20:38:09: [HẠ GỤC] Spitter Bot <BOT> đã hạ gục Nick <BOT> bằng (môi trường/khác)
L 09/05/2026 - 20:38:30: [HẠ GỤC] Zombie/Witch/Môi trường <N/A> đã hạ gục boviet666 <STEAM_1:0:963323015> bằng (môi trường/khác)
L 09/05/2026 - 20:38:35: [HẠ GỤC] Zombie/Witch/Môi trường <N/A> đã hạ gục Chicoarun <STEAM_1:0:952954061> bằng (môi trường/khác)
L 09/05/2026 - 20:38:42: [FF] [None :D] <STEAM_1:0:578030381> -> 9 HP bằng (môi trường/khác) -> [Curren Bouquetd'or] <STEAM_1:1:524205977>
L 09/05/2026 - 20:38:42: [FF] [None :D] <STEAM_1:0:578030381> -> 1 HP bằng (môi trường/khác) -> [Curren Bouquetd'or] <STEAM_1:1:524205977>
L 09/05/2026 - 20:38:47: [FF] [boviet666] <STEAM_1:0:963323015> -> 6 HP bằng (súng) -> [Holo 40k] <STEAM_1:1:925049770>
L 09/05/2026 - 20:38:59: [HẠ GỤC] Jockey Bot <BOT> đã hạ gục Holo 40k <STEAM_1:1:925049770> bằng (zombie cào/đấm)
L 09/05/2026 - 20:39:01: [FF] [KeroN] <STEAM_1:1:161759963> -> 3 HP bằng (súng) -> [boviet666] <STEAM_1:0:963323015>
L 09/05/2026 - 20:39:03: [FF] [nikola25645] <STEAM_1:1:782248349> -> 2 HP bằng (súng) -> [KeroN] <STEAM_1:1:161759963>
L 09/05/2026 - 20:39:03: [FF] [nikola25645] <STEAM_1:1:782248349> -> 2 HP bằng (súng) -> [boviet666] <STEAM_1:0:963323015>
L 09/05/2026 - 20:39:06: [FF] [Chicoarun] <STEAM_1:0:952954061> -> 1 HP bằng (môi trường/khác) -> [Curren Bouquetd'or] <STEAM_1:1:524205977>
L 09/05/2026 - 20:39:06: [FF] [Chicoarun] <STEAM_1:0:952954061> -> 1 HP bằng (môi trường/khác) -> [None :D] <STEAM_1:0:578030381>
L 09/05/2026 - 20:39:12: [FF] [Chicoarun] <STEAM_1:0:952954061> -> 1 HP bằng (môi trường/khác) -> [None :D] <STEAM_1:0:578030381>
L 09/05/2026 - 20:39:12: [FF] [Chicoarun] <STEAM_1:0:952954061> -> 1 HP bằng (môi trường/khác) -> [Curren Bouquetd'or] <STEAM_1:1:524205977>
L 09/05/2026 - 20:39:12: [FF] [Chicoarun] <STEAM_1:0:952954061> -> 3 HP bằng (súng) -> [None :D] <STEAM_1:0:578030381>
L 09/05/2026 - 20:39:12: [FF] [Chicoarun] <STEAM_1:0:952954061> -> 3 HP bằng (súng) -> [None :D] <STEAM_1:0:578030381>
L 09/05/2026 - 20:39:16: [KILL] Jockey Bot <BOT> đã giết boviet666 <STEAM_1:0:963323015> bằng (zombie cào/đấm)
L 09/05/2026 - 20:39:16: [HẠ GỤC] Hunter Bot <BOT> đã hạ gục Chicoarun <STEAM_1:0:952954061> bằng (zombie cào/đấm)
L 09/05/2026 - 20:39:31: [FF] [None :D] <STEAM_1:0:578030381> -> 1 HP bằng (môi trường/khác) -> [Bảo Nguyên] <STEAM_1:0:218160880>
L 09/05/2026 - 20:39:31: [FF] [None :D] <STEAM_1:0:578030381> -> 1 HP bằng (môi trường/khác) -> [Chicoarun] <STEAM_1:0:952954061>
L 09/05/2026 - 20:39:52: [KILL] Jockey Bot <BOT> đã giết Chicoarun <STEAM_1:0:952954061> bằng (zombie cào/đấm)
L 09/05/2026 - 20:39:54: [HẠ GỤC] Rïçēz <STEAM_1:1:558962692> đã hạ gục Rïçēz <STEAM_1:1:558962692> bằng (súng)
L 09/05/2026 - 20:39:54: [FF] [Curren Bouquetd'or] <STEAM_1:1:524205977> -> 11 HP bằng (súng) -> [Bảo Nguyên] <STEAM_1:0:218160880>
L 09/05/2026 - 20:39:54: [FF] [nikola25645] <STEAM_1:1:782248349> -> 1 HP bằng (súng) -> [Lê Hải] <STEAM_1:0:471595906>
L 09/05/2026 - 20:39:54: [HẠ GỤC] Spitter Bot <BOT> đã hạ gục Bảo Nguyên <STEAM_1:0:218160880> bằng (môi trường/khác)
L 09/05/2026 - 20:39:55: [FF] [Curren Bouquetd'or] <STEAM_1:1:524205977> -> 11 HP bằng (súng) -> [Bảo Nguyên] <STEAM_1:0:218160880>
L 09/05/2026 - 20:39:55: [HẠ GỤC] Spitter Bot <BOT> đã hạ gục KeroN <STEAM_1:1:161759963> bằng (môi trường/khác)
L 09/05/2026 - 20:39:56: [HẠ GỤC] Spitter Bot <BOT> đã hạ gục Lê Hải <STEAM_1:0:471595906> bằng (môi trường/khác)
L 09/05/2026 - 20:39:59: [HẠ GỤC] Spitter Bot <BOT> đã hạ gục nikola25645 <STEAM_1:1:782248349> bằng (môi trường/khác)
L 09/05/2026 - 20:40:01: [HẠ GỤC] Hunter Bot <BOT> đã hạ gục Curren Bouquetd'or <STEAM_1:1:524205977> bằng (zombie cào/đấm)
L 09/05/2026 - 20:40:02: [FF] [None :D] <STEAM_1:0:578030381> -> 4 HP bằng (môi trường/khác) -> [Lê Hải] <STEAM_1:0:471595906>
L 09/05/2026 - 20:40:02: [FF] [None :D] <STEAM_1:0:578030381> -> 1 HP bằng (môi trường/khác) -> [Lê Hải] <STEAM_1:0:471595906>
L 09/05/2026 - 20:40:02: [FF] [Lê Hải] <STEAM_1:0:471595906> -> 5 HP bằng (súng) -> [None :D] <STEAM_1:0:578030381>
L 09/05/2026 - 20:40:03: [FF] [Lê Hải] <STEAM_1:0:471595906> -> 5 HP bằng (súng) -> [None :D] <STEAM_1:0:578030381>
L 09/05/2026 - 20:40:04: [FF] [Lê Hải] <STEAM_1:0:471595906> -> 5 HP bằng (súng) -> [None :D] <STEAM_1:0:578030381>
L 09/05/2026 - 20:40:11: [FF] [Curren Bouquetd'or] <STEAM_1:1:524205977> -> 1 HP bằng (môi trường/khác) -> [Bảo Nguyên] <STEAM_1:0:218160880>
L 09/05/2026 - 20:40:23: [FF] [Lê Hải] <STEAM_1:0:471595906> -> 7 HP bằng (melee) -> [Curren Bouquetd'or] <STEAM_1:1:524205977>
L 09/05/2026 - 20:40:23: [FF] [Lê Hải] <STEAM_1:0:471595906> -> 7 HP bằng (melee) -> [KeroN] <STEAM_1:1:161759963>
L 09/05/2026 - 20:40:26: [FF] [Curren Bouquetd'or] <STEAM_1:1:524205977> -> 15 HP bằng (súng) -> [None :D] <STEAM_1:0:578030381>
L 09/05/2026 - 20:40:31: [HẠ GỤC] Spitter Bot <BOT> đã hạ gục Bảo Nguyên <STEAM_1:0:218160880> bằng (môi trường/khác)
L 09/05/2026 - 20:40:32: [HẠ GỤC] Spitter Bot <BOT> đã hạ gục Curren Bouquetd'or <STEAM_1:1:524205977> bằng (môi trường/khác)
L 09/05/2026 - 20:40:41: [FF] [nikola25645] <STEAM_1:1:782248349> -> 1 HP bằng (súng) -> [Bảo Nguyên] <STEAM_1:0:218160880>
L 09/05/2026 - 20:40:41: [FF] [nikola25645] <STEAM_1:1:782248349> -> 1 HP bằng (súng) -> [Bảo Nguyên] <STEAM_1:0:218160880>
L 09/05/2026 - 20:40:51: [FF] [Lê Hải] <STEAM_1:0:471595906> -> 22 HP bằng (boom/fire) -> [Rïçēz] <STEAM_1:1:558962692>
L 09/05/2026 - 20:40:55: [FF] [Bảo Nguyên] <STEAM_1:0:218160880> -> 1 HP bằng (môi trường/khác) -> [KeroN] <STEAM_1:1:161759963>
L 09/05/2026 - 20:40:57: [FF] [None :D] <STEAM_1:0:578030381> -> 8 HP bằng (môi trường/khác) -> [Curren Bouquetd'or] <STEAM_1:1:524205977>
L 09/05/2026 - 20:40:57: [FF] [None :D] <STEAM_1:0:578030381> -> 1 HP bằng (môi trường/khác) -> [Bảo Nguyên] <STEAM_1:0:218160880>
L 09/05/2026 - 20:40:57: [FF] [None :D] <STEAM_1:0:578030381> -> 1 HP bằng (môi trường/khác) -> [KeroN] <STEAM_1:1:161759963>
L 09/05/2026 - 20:40:57: [FF] [None :D] <STEAM_1:0:578030381> -> 1 HP bằng (môi trường/khác) -> [Curren Bouquetd'or] <STEAM_1:1:524205977>
L 09/05/2026 - 20:40:59: [KILL] Zombie/Witch/Môi trường <N/A> đã giết nikola25645 <STEAM_1:1:782248349> bằng (môi trường/khác)
L 09/05/2026 - 20:41:04: [FF] [KeroN] <STEAM_1:1:161759963> -> 3 HP bằng (boom/fire) -> [Chicoarun] <STEAM_1:0:952954061>
L 09/05/2026 - 20:41:04: [FF] [KeroN] <STEAM_1:1:161759963> -> 3 HP bằng (boom/fire) -> [Chicoarun] <STEAM_1:0:952954061>
L 09/05/2026 - 20:41:04: [FF] [KeroN] <STEAM_1:1:161759963> -> 3 HP bằng (boom/fire) -> [Chicoarun] <STEAM_1:0:952954061>
L 09/05/2026 - 20:41:04: [FF] [KeroN] <STEAM_1:1:161759963> -> 3 HP bằng (boom/fire) -> [Chicoarun] <STEAM_1:0:952954061>
L 09/05/2026 - 20:41:04: [FF] [KeroN] <STEAM_1:1:161759963> -> 3 HP bằng (boom/fire) -> [Chicoarun] <STEAM_1:0:952954061>
L 09/05/2026 - 20:41:04: [FF] [KeroN] <STEAM_1:1:161759963> -> 3 HP bằng (boom/fire) -> [Chicoarun] <STEAM_1:0:952954061>
L 09/05/2026 - 20:41:17: [FF] [None :D] <STEAM_1:0:578030381> -> 1 HP bằng (môi trường/khác) -> [KeroN] <STEAM_1:1:161759963>
L 09/05/2026 - 20:41:17: [FF] [KeroN] <STEAM_1:1:161759963> -> 3 HP bằng (boom/fire) -> [Chicoarun] <STEAM_1:0:952954061>
L 09/05/2026 - 20:41:17: [FF] [KeroN] <STEAM_1:1:161759963> -> 3 HP bằng (boom/fire) -> [Chicoarun] <STEAM_1:0:952954061>
L 09/05/2026 - 20:41:17: [FF] [KeroN] <STEAM_1:1:161759963> -> 3 HP bằng (boom/fire) -> [Chicoarun] <STEAM_1:0:952954061>
L 09/05/2026 - 20:41:17: [FF] [KeroN] <STEAM_1:1:161759963> -> 3 HP bằng (boom/fire) -> [Chicoarun] <STEAM_1:0:952954061>
L 09/05/2026 - 20:41:17: [FF] [KeroN] <STEAM_1:1:161759963> -> 3 HP bằng (boom/fire) -> [Chicoarun] <STEAM_1:0:952954061>
L 09/05/2026 - 20:41:17: [FF] [KeroN] <STEAM_1:1:161759963> -> 3 HP bằng (boom/fire) -> [Chicoarun] <STEAM_1:0:952954061>
L 09/05/2026 - 20:41:17: [FF] [KeroN] <STEAM_1:1:161759963> -> 3 HP bằng (boom/fire) -> [Chicoarun] <STEAM_1:0:952954061>
L 09/05/2026 - 20:41:18: [FF] [None :D] <STEAM_1:0:578030381> -> 1 HP bằng (môi trường/khác) -> [Chicoarun] <STEAM_1:0:952954061>
L 09/05/2026 - 20:41:18: [FF] [None :D] <STEAM_1:0:578030381> -> 1 HP bằng (môi trường/khác) -> [Chicoarun] <STEAM_1:0:952954061>
L 09/05/2026 - 20:41:18: [FF] [KeroN] <STEAM_1:1:161759963> -> 3 HP bằng (boom/fire) -> [Chicoarun] <STEAM_1:0:952954061>
L 09/05/2026 - 20:41:18: [FF] [KeroN] <STEAM_1:1:161759963> -> 3 HP bằng (boom/fire) -> [Chicoarun] <STEAM_1:0:952954061>
L 09/05/2026 - 20:41:18: [FF] [KeroN] <STEAM_1:1:161759963> -> 3 HP bằng (boom/fire) -> [Chicoarun] <STEAM_1:0:952954061>
L 09/05/2026 - 20:41:18: [FF] [KeroN] <STEAM_1:1:161759963> -> 3 HP bằng (boom/fire) -> [Chicoarun] <STEAM_1:0:952954061>
L 09/05/2026 - 20:41:18: [FF] [KeroN] <STEAM_1:1:161759963> -> 3 HP bằng (boom/fire) -> [Chicoarun] <STEAM_1:0:952954061>
L 09/05/2026 - 20:41:20: [KILL] Spitter Bot <BOT> đã giết KeroN <STEAM_1:1:161759963> bằng (môi trường/khác)
L 09/05/2026 - 20:41:20: [KILL] Spitter Bot <BOT> đã giết Curren Bouquetd'or <STEAM_1:1:524205977> bằng (môi trường/khác)
L 09/05/2026 - 20:41:20: [HẠ GỤC] Spitter Bot <BOT> đã hạ gục Chicoarun <STEAM_1:0:952954061> bằng (môi trường/khác)
L 09/05/2026 - 20:41:20: [HẠ GỤC] Spitter Bot <BOT> đã hạ gục None :D <STEAM_1:0:578030381> bằng (môi trường/khác)
L 09/05/2026 - 20:41:20: [HẠ GỤC] Spitter Bot <BOT> đã hạ gục Bảo Nguyên <STEAM_1:0:218160880> bằng (môi trường/khác)
L 09/05/2026 - 20:41:30: [HẠ GỤC] Zombie/Witch/Môi trường <N/A> đã hạ gục boviet666 <STEAM_1:0:963323015> bằng (môi trường/khác)
L 09/05/2026 - 20:41:39: [HẠ GỤC] Zombie/Witch/Môi trường <N/A> đã hạ gục Lê Hải <STEAM_1:0:471595906> bằng (môi trường/khác)
L 09/05/2026 - 20:41:40: [HẠ GỤC] Spitter Bot <BOT> đã hạ gục chimxanh <STEAM_1:1:626078671> bằng (môi trường/khác)
L 09/05/2026 - 20:41:41: [HẠ GỤC] Spitter Bot <BOT> đã hạ gục KeroN <STEAM_1:1:161759963> bằng (môi trường/khác)
L 09/05/2026 - 20:41:41: [HẠ GỤC] Spitter Bot <BOT> đã hạ gục Holo 40k <STEAM_1:1:925049770> bằng (môi trường/khác)
L 09/05/2026 - 20:41:47: [KILL] Spitter Bot <BOT> đã giết Rïçēz <STEAM_1:1:558962692> bằng (môi trường/khác)
L 09/05/2026 - 20:41:48: [FF] [Chicoarun] <STEAM_1:0:952954061> -> 1 HP bằng (môi trường/khác) -> [Bảo Nguyên] <STEAM_1:0:218160880>
L 09/05/2026 - 20:42:07: [FF] [Chicoarun] <STEAM_1:0:952954061> -> 1 HP bằng (môi trường/khác) -> [None :D] <STEAM_1:0:578030381>
L 09/05/2026 - 20:42:11: [HẠ GỤC] Spitter Bot <BOT> đã hạ gục KeroN <STEAM_1:1:161759963> bằng (môi trường/khác)
L 09/05/2026 - 20:42:15: [HẠ GỤC] Spitter Bot <BOT> đã hạ gục Bảo Nguyên <STEAM_1:0:218160880> bằng (môi trường/khác)
L 09/05/2026 - 20:42:28: [FF] [nikola25645] <STEAM_1:1:782248349> -> 8 HP bằng (boom/fire) -> [chimxanh] <STEAM_1:1:626078671>
L 09/05/2026 - 20:42:32: [KILL] Zombie/Witch/Môi trường <N/A> đã giết nikola25645 <STEAM_1:1:782248349> bằng (zombie cào/đấm)
L 09/05/2026 - 20:42:32: [HẠ GỤC] Spitter Bot <BOT> đã hạ gục Chicoarun <STEAM_1:0:952954061> bằng (môi trường/khác)
L 09/05/2026 - 20:42:33: [FF] [None :D] <STEAM_1:0:578030381> -> 1 HP bằng (boom/fire) -> [Bảo Nguyên] <STEAM_1:0:218160880>
L 09/05/2026 - 20:42:33: [FF] [None :D] <STEAM_1:0:578030381> -> 1 HP bằng (boom/fire) -> [Chicoarun] <STEAM_1:0:952954061>
L 09/05/2026 - 20:42:36: [FF] [KeroN] <STEAM_1:1:161759963> -> 45 HP bằng (boom/fire) -> [None :D] <STEAM_1:0:578030381>
L 09/05/2026 - 20:42:36: [FF] [None :D] <STEAM_1:0:578030381> -> 5 HP bằng (môi trường/khác) -> [chimxanh] <STEAM_1:1:626078671>
L 09/05/2026 - 20:42:36: [FF] [None :D] <STEAM_1:0:578030381> -> 1 HP bằng (môi trường/khác) -> [Curren Bouquetd'or] <STEAM_1:1:524205977>
L 09/05/2026 - 20:42:36: [FF] [None :D] <STEAM_1:0:578030381> -> 1 HP bằng (boom/fire) -> [chimxanh] <STEAM_1:1:626078671>
L 09/05/2026 - 20:42:36: [FF] [None :D] <STEAM_1:0:578030381> -> 1 HP bằng (boom/fire) -> [Lê Hải] <STEAM_1:0:471595906>
L 09/05/2026 - 20:42:36: [FF] [None :D] <STEAM_1:0:578030381> -> 1 HP bằng (boom/fire) -> [Curren Bouquetd'or] <STEAM_1:1:524205977>
L 09/05/2026 - 20:42:37: [FF] [None :D] <STEAM_1:0:578030381> -> 2 HP bằng (môi trường/khác) -> [chimxanh] <STEAM_1:1:626078671>
L 09/05/2026 - 20:42:37: [FF] [None :D] <STEAM_1:0:578030381> -> 2 HP bằng (môi trường/khác) -> [Holo 40k] <STEAM_1:1:925049770>
L 09/05/2026 - 20:42:37: [FF] [None :D] <STEAM_1:0:578030381> -> 1 HP bằng (boom/fire) -> [chimxanh] <STEAM_1:1:626078671>
L 09/05/2026 - 20:42:37: [FF] [None :D] <STEAM_1:0:578030381> -> 1 HP bằng (boom/fire) -> [Chicoarun] <STEAM_1:0:952954061>
L 09/05/2026 - 20:42:37: [FF] [None :D] <STEAM_1:0:578030381> -> 1 HP bằng (boom/fire) -> [Lê Hải] <STEAM_1:0:471595906>
L 09/05/2026 - 20:42:37: [FF] [None :D] <STEAM_1:0:578030381> -> 1 HP bằng (boom/fire) -> [Holo 40k] <STEAM_1:1:925049770>
L 09/05/2026 - 20:42:42: [FF] [None :D] <STEAM_1:0:578030381> -> 2 HP bằng (môi trường/khác) -> [chimxanh] <STEAM_1:1:626078671>
L 09/05/2026 - 20:42:42: [FF] [None :D] <STEAM_1:0:578030381> -> 7 HP bằng (môi trường/khác) -> [Chicoarun] <STEAM_1:0:952954061>
L 09/05/2026 - 20:42:42: [FF] [None :D] <STEAM_1:0:578030381> -> 1 HP bằng (môi trường/khác) -> [Curren Bouquetd'or] <STEAM_1:1:524205977>
L 09/05/2026 - 20:42:42: [FF] [None :D] <STEAM_1:0:578030381> -> 1 HP bằng (môi trường/khác) -> [chimxanh] <STEAM_1:1:626078671>
L 09/05/2026 - 20:42:42: [FF] [None :D] <STEAM_1:0:578030381> -> 1 HP bằng (môi trường/khác) -> [Chicoarun] <STEAM_1:0:952954061>
L 09/05/2026 - 20:42:47: [FF] [Curren Bouquetd'or] <STEAM_1:1:524205977> -> 5 HP bằng (melee) -> [Lê Hải] <STEAM_1:0:471595906>
L 09/05/2026 - 20:42:47: [FF] [Curren Bouquetd'or] <STEAM_1:1:524205977> -> 5 HP bằng (melee) -> [Bảo Nguyên] <STEAM_1:0:218160880>
L 09/05/2026 - 20:42:47: [FF] [Bảo Nguyên] <STEAM_1:0:218160880> -> 7 HP bằng (melee) -> [Lê Hải] <STEAM_1:0:471595906>
L 09/05/2026 - 20:42:48: [FF] [Curren Bouquetd'or] <STEAM_1:1:524205977> -> 5 HP bằng (melee) -> [Bảo Nguyên] <STEAM_1:0:218160880>
L 09/05/2026 - 20:42:49: [FF] [None :D] <STEAM_1:0:578030381> -> 13 HP bằng (môi trường/khác) -> [chimxanh] <STEAM_1:1:626078671>
L 09/05/2026 - 20:42:49: [FF] [None :D] <STEAM_1:0:578030381> -> 1 HP bằng (môi trường/khác) -> [chimxanh] <STEAM_1:1:626078671>
L 09/05/2026 - 20:42:51: [FF] [None :D] <STEAM_1:0:578030381> -> 1 HP bằng (môi trường/khác) -> [boviet666] <STEAM_1:0:963323015>
L 09/05/2026 - 20:42:51: [FF] [None :D] <STEAM_1:0:578030381> -> 1 HP bằng (môi trường/khác) -> [boviet666] <STEAM_1:0:963323015>
L 09/05/2026 - 20:42:52: [FF] [None :D] <STEAM_1:0:578030381> -> 2 HP bằng (môi trường/khác) -> [boviet666] <STEAM_1:0:963323015>
L 09/05/2026 - 20:42:52: [FF] [None :D] <STEAM_1:0:578030381> -> 1 HP bằng (môi trường/khác) -> [boviet666] <STEAM_1:0:963323015>
L 09/05/2026 - 20:42:52: [HẠ GỤC] Zombie/Witch/Môi trường <N/A> đã hạ gục None :D <STEAM_1:0:578030381> bằng (môi trường/khác)
L 09/05/2026 - 20:43:10: [FF] [None :D] <STEAM_1:0:578030381> -> 3 HP bằng (môi trường/khác) -> [Bảo Nguyên] <STEAM_1:0:218160880>
L 09/05/2026 - 20:43:10: [FF] [None :D] <STEAM_1:0:578030381> -> 7 HP bằng (môi trường/khác) -> [chimxanh] <STEAM_1:1:626078671>
L 09/05/2026 - 20:43:10: [FF] [None :D] <STEAM_1:0:578030381> -> 1 HP bằng (môi trường/khác) -> [Bảo Nguyên] <STEAM_1:0:218160880>
L 09/05/2026 - 20:43:10: [FF] [None :D] <STEAM_1:0:578030381> -> 1 HP bằng (môi trường/khác) -> [chimxanh] <STEAM_1:1:626078671>
L 09/05/2026 - 20:43:10: [KILL] Charger Bot <BOT> đã giết chimxanh <STEAM_1:1:626078671> bằng (zombie cào/đấm)
L 09/05/2026 - 20:43:11: [FF] [None :D] <STEAM_1:0:578030381> -> 1 HP bằng (môi trường/khác) -> [Bảo Nguyên] <STEAM_1:0:218160880>
L 09/05/2026 - 20:43:11: [FF] [None :D] <STEAM_1:0:578030381> -> 1 HP bằng (môi trường/khác) -> [Bảo Nguyên] <STEAM_1:0:218160880>
L 09/05/2026 - 20:43:12: [HẠ GỤC] Zombie/Witch/Môi trường <N/A> đã hạ gục boviet666 <STEAM_1:0:963323015> bằng (môi trường/khác)
L 09/05/2026 - 20:43:15: [KILL] Zombie/Witch/Môi trường <N/A> đã giết Bảo Nguyên <STEAM_1:0:218160880> bằng (môi trường/khác)
L 09/05/2026 - 20:43:25: [KILL] Spitter Bot <BOT> đã giết Chicoarun <STEAM_1:0:952954061> bằng (môi trường/khác)
L 09/05/2026 - 20:43:29: [HẠ GỤC] Zombie/Witch/Môi trường <N/A> đã hạ gục Curren Bouquetd'or <STEAM_1:1:524205977> bằng (môi trường/khác)
L 09/05/2026 - 20:44:00: [FF] [None :D] <STEAM_1:0:578030381> -> 6 HP bằng (môi trường/khác) -> [Holo 40k] <STEAM_1:1:925049770>
L 09/05/2026 - 20:44:00: [FF] [None :D] <STEAM_1:0:578030381> -> 1 HP bằng (môi trường/khác) -> [Curren Bouquetd'or] <STEAM_1:1:524205977>
L 09/05/2026 - 20:44:00: [FF] [None :D] <STEAM_1:0:578030381> -> 1 HP bằng (môi trường/khác) -> [Holo 40k] <STEAM_1:1:925049770>
L 09/05/2026 - 20:44:02: [FF] [None :D] <STEAM_1:0:578030381> -> 1 HP bằng (môi trường/khác) -> [Curren Bouquetd'or] <STEAM_1:1:524205977>
L 09/05/2026 - 20:44:02: [FF] [None :D] <STEAM_1:0:578030381> -> 1 HP bằng (môi trường/khác) -> [Holo 40k] <STEAM_1:1:925049770>
L 09/05/2026 - 20:44:15: [HẠ GỤC] (1)Boomer Bot <BOT> đã hạ gục Holo 40k <STEAM_1:1:925049770> bằng (môi trường/khác)
L 09/05/2026 - 20:44:17: [FF] [None :D] <STEAM_1:0:578030381> -> 1 HP bằng (môi trường/khác) -> [KeroN] <STEAM_1:1:161759963>
L 09/05/2026 - 20:44:28: [FF] [Lê Hải] <STEAM_1:0:471595906> -> 45 HP bằng (súng) -> [Bảo Nguyên] <STEAM_1:0:218160880>
L 09/05/2026 - 20:44:30: [FF] [Curren Bouquetd'or] <STEAM_1:1:524205977> -> 1 HP bằng (môi trường/khác) -> [Bảo Nguyên] <STEAM_1:0:218160880>
L 09/05/2026 - 20:44:35: [FF] [None :D] <STEAM_1:0:578030381> -> 1 HP bằng (môi trường/khác) -> [Bảo Nguyên] <STEAM_1:0:218160880>
L 09/05/2026 - 20:44:35: [FF] [None :D] <STEAM_1:0:578030381> -> 1 HP bằng (môi trường/khác) -> [Curren Bouquetd'or] <STEAM_1:1:524205977>
L 09/05/2026 - 20:44:35: [FF] [None :D] <STEAM_1:0:578030381> -> 1 HP bằng (môi trường/khác) -> [Bảo Nguyên] <STEAM_1:0:218160880>
L 09/05/2026 - 20:44:43: [FF] [None :D] <STEAM_1:0:578030381> -> 1 HP bằng (môi trường/khác) -> [Bảo Nguyên] <STEAM_1:0:218160880>
L 09/05/2026 - 20:44:43: [FF] [None :D] <STEAM_1:0:578030381> -> 1 HP bằng (môi trường/khác) -> [Holo 40k] <STEAM_1:1:925049770>
L 09/05/2026 - 20:44:45: [FF] [None :D] <STEAM_1:0:578030381> -> 5 HP bằng (môi trường/khác) -> [Holo 40k] <STEAM_1:1:925049770>
L 09/05/2026 - 20:44:45: [FF] [None :D] <STEAM_1:0:578030381> -> 1 HP bằng (môi trường/khác) -> [Holo 40k] <STEAM_1:1:925049770>
L 09/05/2026 - 20:44:45: [FF] [None :D] <STEAM_1:0:578030381> -> 1 HP bằng (môi trường/khác) -> [Bảo Nguyên] <STEAM_1:0:218160880>
L 09/05/2026 - 20:44:52: [FF] [Bảo Nguyên] <STEAM_1:0:218160880> -> 22 HP bằng (súng) -> [None :D] <STEAM_1:0:578030381>
L 09/05/2026 - 20:44:52: [FF] [Curren Bouquetd'or] <STEAM_1:1:524205977> -> 31 HP bằng (súng) -> [None :D] <STEAM_1:0:578030381>
L 09/05/2026 - 20:44:52: [KILL] Curren Bouquetd'or <STEAM_1:1:524205977> đã giết None :D <STEAM_1:0:578030381> bằng (súng)
L 09/05/2026 - 20:44:54: [FF] [Bảo Nguyên] <STEAM_1:0:218160880> -> 15 HP bằng (súng) -> [Holo 40k] <STEAM_1:1:925049770>
L 09/05/2026 - 20:44:55: [KILL] Zombie/Witch/Môi trường <N/A> đã giết Holo 40k <STEAM_1:1:925049770> bằng (zombie cào/đấm)
L 09/05/2026 - 20:44:58: [KILL] Zombie/Witch/Môi trường <N/A> đã giết Bảo Nguyên <STEAM_1:0:218160880> bằng (zombie cào/đấm)
L 09/05/2026 - 20:45:00: [FF] [Lê Hải] <STEAM_1:0:471595906> -> 31 HP bằng (súng) -> [Chicoarun] <STEAM_1:0:952954061>
L 09/05/2026 - 20:45:00: [KILL] Zombie/Witch/Môi trường <N/A> đã giết Chicoarun <STEAM_1:0:952954061> bằng (zombie cào/đấm)
L 09/05/2026 - 20:45:02: [KILL] Zombie/Witch/Môi trường <N/A> đã giết Rïçēz <STEAM_1:1:558962692> bằng (zombie cào/đấm)
L 09/05/2026 - 20:45:03: [FF] [Lê Hải] <STEAM_1:0:471595906> -> 45 HP bằng (súng) -> [chimxanh] <STEAM_1:1:626078671>
L 09/05/2026 - 20:45:04: [KILL] Zombie/Witch/Môi trường <N/A> đã giết chimxanh <STEAM_1:1:626078671> bằng (zombie cào/đấm)
L 09/05/2026 - 20:45:09: [FF] [nikola25645] <STEAM_1:1:782248349> -> 14 HP bằng (boom/fire) -> [KeroN] <STEAM_1:1:161759963>
L 09/05/2026 - 20:45:10: [FF] [nikola25645] <STEAM_1:1:782248349> -> 16 HP bằng (boom/fire) -> [KeroN] <STEAM_1:1:161759963>
L 09/05/2026 - 20:45:10: [FF] [nikola25645] <STEAM_1:1:782248349> -> 16 HP bằng (boom/fire) -> [KeroN] <STEAM_1:1:161759963>
L 09/05/2026 - 20:45:10: [FF] [nikola25645] <STEAM_1:1:782248349> -> 16 HP bằng (boom/fire) -> [KeroN] <STEAM_1:1:161759963>
L 09/05/2026 - 20:45:10: [KILL] nikola25645 <STEAM_1:1:782248349> đã giết KeroN <STEAM_1:1:161759963> bằng (boom/fire)
L 09/05/2026 - 20:45:13: [FF] [nikola25645] <STEAM_1:1:782248349> -> 16 HP bằng (boom/fire) -> [Curren Bouquetd'or] <STEAM_1:1:524205977>
L 09/05/2026 - 20:45:14: [FF] [nikola25645] <STEAM_1:1:782248349> -> 16 HP bằng (boom/fire) -> [Curren Bouquetd'or] <STEAM_1:1:524205977>
L 09/05/2026 - 20:45:14: [FF] [nikola25645] <STEAM_1:1:782248349> -> 16 HP bằng (boom/fire) -> [Curren Bouquetd'or] <STEAM_1:1:524205977>
L 09/05/2026 - 20:45:14: [HẠ GỤC] nikola25645 <STEAM_1:1:782248349> đã hạ gục Curren Bouquetd'or <STEAM_1:1:524205977> bằng (boom/fire)
L 09/05/2026 - 20:45:14: [FF] [nikola25645] <STEAM_1:1:782248349> -> 16 HP bằng (boom/fire) -> [Curren Bouquetd'or] <STEAM_1:1:524205977>
L 09/05/2026 - 20:45:14: [HẠ GỤC] Hunter Bot <BOT> đã hạ gục nikola25645 <STEAM_1:1:782248349> bằng (zombie cào/đấm)
L 09/05/2026 - 20:45:14: [FF] [nikola25645] <STEAM_1:1:782248349> -> 16 HP bằng (boom/fire) -> [Curren Bouquetd'or] <STEAM_1:1:524205977>
L 09/05/2026 - 20:45:15: [FF] [nikola25645] <STEAM_1:1:782248349> -> 16 HP bằng (boom/fire) -> [Curren Bouquetd'or] <STEAM_1:1:524205977>
L 09/05/2026 - 20:45:15: [FF] [nikola25645] <STEAM_1:1:782248349> -> 16 HP bằng (boom/fire) -> [Curren Bouquetd'or] <STEAM_1:1:524205977>
L 09/05/2026 - 20:45:15: [FF] [nikola25645] <STEAM_1:1:782248349> -> 16 HP bằng (boom/fire) -> [Curren Bouquetd'or] <STEAM_1:1:524205977>
L 09/05/2026 - 20:45:15: [FF] [nikola25645] <STEAM_1:1:782248349> -> 16 HP bằng (boom/fire) -> [Curren Bouquetd'or] <STEAM_1:1:524205977>
L 09/05/2026 - 20:45:15: [FF] [nikola25645] <STEAM_1:1:782248349> -> 16 HP bằng (boom/fire) -> [Curren Bouquetd'or] <STEAM_1:1:524205977>
L 09/05/2026 - 20:45:16: [FF] [nikola25645] <STEAM_1:1:782248349> -> 16 HP bằng (boom/fire) -> [Curren Bouquetd'or] <STEAM_1:1:524205977>
L 09/05/2026 - 20:45:16: [FF] [nikola25645] <STEAM_1:1:782248349> -> 16 HP bằng (boom/fire) -> [Curren Bouquetd'or] <STEAM_1:1:524205977>
L 09/05/2026 - 20:45:16: [FF] [nikola25645] <STEAM_1:1:782248349> -> 16 HP bằng (boom/fire) -> [Curren Bouquetd'or] <STEAM_1:1:524205977>
L 09/05/2026 - 20:45:16: [FF] [nikola25645] <STEAM_1:1:782248349> -> 16 HP bằng (boom/fire) -> [Curren Bouquetd'or] <STEAM_1:1:524205977>
L 09/05/2026 - 20:45:16: [FF] [nikola25645] <STEAM_1:1:782248349> -> 16 HP bằng (boom/fire) -> [Curren Bouquetd'or] <STEAM_1:1:524205977>
L 09/05/2026 - 20:45:17: [FF] [nikola25645] <STEAM_1:1:782248349> -> 16 HP bằng (boom/fire) -> [Curren Bouquetd'or] <STEAM_1:1:524205977>
L 09/05/2026 - 20:45:17: [FF] [nikola25645] <STEAM_1:1:782248349> -> 16 HP bằng (boom/fire) -> [Curren Bouquetd'or] <STEAM_1:1:524205977>
L 09/05/2026 - 20:45:17: [FF] [nikola25645] <STEAM_1:1:782248349> -> 16 HP bằng (boom/fire) -> [Curren Bouquetd'or] <STEAM_1:1:524205977>
L 09/05/2026 - 20:45:17: [FF] [nikola25645] <STEAM_1:1:782248349> -> 16 HP bằng (boom/fire) -> [Curren Bouquetd'or] <STEAM_1:1:524205977>
L 09/05/2026 - 20:45:17: [FF] [nikola25645] <STEAM_1:1:782248349> -> 16 HP bằng (boom/fire) -> [Curren Bouquetd'or] <STEAM_1:1:524205977>
L 09/05/2026 - 20:45:18: [FF] [nikola25645] <STEAM_1:1:782248349> -> 16 HP bằng (boom/fire) -> [Curren Bouquetd'or] <STEAM_1:1:524205977>
L 09/05/2026 - 20:45:18: [FF] [nikola25645] <STEAM_1:1:782248349> -> 16 HP bằng (boom/fire) -> [Curren Bouquetd'or] <STEAM_1:1:524205977>
L 09/05/2026 - 20:45:18: [FF] [nikola25645] <STEAM_1:1:782248349> -> 16 HP bằng (boom/fire) -> [Curren Bouquetd'or] <STEAM_1:1:524205977>
L 09/05/2026 - 20:45:18: [FF] [nikola25645] <STEAM_1:1:782248349> -> 16 HP bằng (boom/fire) -> [Curren Bouquetd'or] <STEAM_1:1:524205977>
L 09/05/2026 - 20:45:18: [FF] [nikola25645] <STEAM_1:1:782248349> -> 16 HP bằng (boom/fire) -> [Curren Bouquetd'or] <STEAM_1:1:524205977>
L 09/05/2026 - 20:45:19: [FF] [nikola25645] <STEAM_1:1:782248349> -> 16 HP bằng (boom/fire) -> [Curren Bouquetd'or] <STEAM_1:1:524205977>
L 09/05/2026 - 20:45:19: [FF] [nikola25645] <STEAM_1:1:782248349> -> 16 HP bằng (boom/fire) -> [Curren Bouquetd'or] <STEAM_1:1:524205977>
L 09/05/2026 - 20:45:19: [FF] [nikola25645] <STEAM_1:1:782248349> -> 16 HP bằng (boom/fire) -> [Curren Bouquetd'or] <STEAM_1:1:524205977>
L 09/05/2026 - 20:45:19: [FF] [nikola25645] <STEAM_1:1:782248349> -> 16 HP bằng (boom/fire) -> [Curren Bouquetd'or] <STEAM_1:1:524205977>
L 09/05/2026 - 20:45:19: [FF] [nikola25645] <STEAM_1:1:782248349> -> 16 HP bằng (boom/fire) -> [Curren Bouquetd'or] <STEAM_1:1:524205977>
L 09/05/2026 - 20:45:20: [FF] [nikola25645] <STEAM_1:1:782248349> -> 16 HP bằng (boom/fire) -> [Curren Bouquetd'or] <STEAM_1:1:524205977>
L 09/05/2026 - 20:45:20: [FF] [nikola25645] <STEAM_1:1:782248349> -> 16 HP bằng (boom/fire) -> [Curren Bouquetd'or] <STEAM_1:1:524205977>
L 09/05/2026 - 20:45:20: [FF] [nikola25645] <STEAM_1:1:782248349> -> 16 HP bằng (boom/fire) -> [Curren Bouquetd'or] <STEAM_1:1:524205977>
L 09/05/2026 - 20:45:21: [FF] [nikola25645] <STEAM_1:1:782248349> -> 16 HP bằng (boom/fire) -> [Curren Bouquetd'or] <STEAM_1:1:524205977>
L 09/05/2026 - 20:45:21: [FF] [nikola25645] <STEAM_1:1:782248349> -> 16 HP bằng (boom/fire) -> [Curren Bouquetd'or] <STEAM_1:1:524205977>
L 09/05/2026 - 20:45:21: [FF] [nikola25645] <STEAM_1:1:782248349> -> 16 HP bằng (boom/fire) -> [Curren Bouquetd'or] <STEAM_1:1:524205977>
L 09/05/2026 - 20:45:21: [FF] [nikola25645] <STEAM_1:1:782248349> -> 16 HP bằng (boom/fire) -> [Curren Bouquetd'or] <STEAM_1:1:524205977>
L 09/05/2026 - 20:45:21: [FF] [nikola25645] <STEAM_1:1:782248349> -> 16 HP bằng (boom/fire) -> [Curren Bouquetd'or] <STEAM_1:1:524205977>
L 09/05/2026 - 20:45:36: [KILL] Zombie/Witch/Môi trường <N/A> đã giết Coach <BOT> bằng (môi trường/khác)
L 09/05/2026 - 20:46:10: [FF] [Lê Hải] <STEAM_1:0:471595906> -> 3 HP bằng (boom/fire) -> [Bảo Nguyên] <STEAM_1:0:218160880>
L 09/05/2026 - 20:46:11: [FF] [Lê Hải] <STEAM_1:0:471595906> -> 4 HP bằng (boom/fire) -> [Bảo Nguyên] <STEAM_1:0:218160880>
L 09/05/2026 - 20:46:11: [FF] [Lê Hải] <STEAM_1:0:471595906> -> 6 HP bằng (boom/fire) -> [Bảo Nguyên] <STEAM_1:0:218160880>
L 09/05/2026 - 20:46:11: [FF] [Lê Hải] <STEAM_1:0:471595906> -> 8 HP bằng (boom/fire) -> [Bảo Nguyên] <STEAM_1:0:218160880>
L 09/05/2026 - 20:46:11: [FF] [Lê Hải] <STEAM_1:0:471595906> -> 9 HP bằng (boom/fire) -> [Bảo Nguyên] <STEAM_1:0:218160880>
L 09/05/2026 - 20:46:11: [FF] [Lê Hải] <STEAM_1:0:471595906> -> 11 HP bằng (boom/fire) -> [Bảo Nguyên] <STEAM_1:0:218160880>
L 09/05/2026 - 20:46:13: [FF] [Lê Hải] <STEAM_1:0:471595906> -> 16 HP bằng (boom/fire) -> [Bảo Nguyên] <STEAM_1:0:218160880>
L 09/05/2026 - 20:46:13: [FF] [Lê Hải] <STEAM_1:0:471595906> -> 16 HP bằng (boom/fire) -> [Bảo Nguyên] <STEAM_1:0:218160880>
L 09/05/2026 - 20:46:13: [FF] [Lê Hải] <STEAM_1:0:471595906> -> 16 HP bằng (boom/fire) -> [Bảo Nguyên] <STEAM_1:0:218160880>
L 09/05/2026 - 20:46:14: [FF] [Lê Hải] <STEAM_1:0:471595906> -> 16 HP bằng (boom/fire) -> [Bảo Nguyên] <STEAM_1:0:218160880>
L 09/05/2026 - 20:46:14: [HẠ GỤC] Charger Bot <BOT> đã hạ gục Bảo Nguyên <STEAM_1:0:218160880> bằng (zombie cào/đấm)
L 09/05/2026 - 20:46:16: [FF] [Lê Hải] <STEAM_1:0:471595906> -> 16 HP bằng (boom/fire) -> [None :D] <STEAM_1:0:578030381>
L 09/05/2026 - 20:46:16: [FF] [Lê Hải] <STEAM_1:0:471595906> -> 16 HP bằng (boom/fire) -> [None :D] <STEAM_1:0:578030381>
L 09/05/2026 - 20:46:16: [FF] [Lê Hải] <STEAM_1:0:471595906> -> 16 HP bằng (boom/fire) -> [None :D] <STEAM_1:0:578030381>
L 09/05/2026 - 20:46:16: [FF] [Lê Hải] <STEAM_1:0:471595906> -> 16 HP bằng (boom/fire) -> [None :D] <STEAM_1:0:578030381>
L 09/05/2026 - 20:46:17: [FF] [Lê Hải] <STEAM_1:0:471595906> -> 16 HP bằng (boom/fire) -> [None :D] <STEAM_1:0:578030381>
L 09/05/2026 - 20:46:17: [FF] [Lê Hải] <STEAM_1:0:471595906> -> 16 HP bằng (boom/fire) -> [None :D] <STEAM_1:0:578030381>
L 09/05/2026 - 20:46:18: [FF] [Lê Hải] <STEAM_1:0:471595906> -> 16 HP bằng (boom/fire) -> [Bảo Nguyên] <STEAM_1:0:218160880>
L 09/05/2026 - 20:46:18: [FF] [Lê Hải] <STEAM_1:0:471595906> -> 16 HP bằng (boom/fire) -> [Bảo Nguyên] <STEAM_1:0:218160880>
L 09/05/2026 - 20:46:18: [FF] [Lê Hải] <STEAM_1:0:471595906> -> 16 HP bằng (boom/fire) -> [Bảo Nguyên] <STEAM_1:0:218160880>
L 09/05/2026 - 20:46:19: [FF] [Lê Hải] <STEAM_1:0:471595906> -> 16 HP bằng (boom/fire) -> [Bảo Nguyên] <STEAM_1:0:218160880>
L 09/05/2026 - 20:46:19: [FF] [Lê Hải] <STEAM_1:0:471595906> -> 16 HP bằng (boom/fire) -> [Bảo Nguyên] <STEAM_1:0:218160880>
L 09/05/2026 - 20:46:19: [FF] [Lê Hải] <STEAM_1:0:471595906> -> 16 HP bằng (boom/fire) -> [Bảo Nguyên] <STEAM_1:0:218160880>
L 09/05/2026 - 20:46:19: [FF] [Lê Hải] <STEAM_1:0:471595906> -> 16 HP bằng (boom/fire) -> [Bảo Nguyên] <STEAM_1:0:218160880>
L 09/05/2026 - 20:46:19: [FF] [Lê Hải] <STEAM_1:0:471595906> -> 16 HP bằng (boom/fire) -> [Bảo Nguyên] <STEAM_1:0:218160880>
L 09/05/2026 - 20:46:20: [FF] [Lê Hải] <STEAM_1:0:471595906> -> 16 HP bằng (boom/fire) -> [Bảo Nguyên] <STEAM_1:0:218160880>
L 09/05/2026 - 20:46:20: [FF] [Lê Hải] <STEAM_1:0:471595906> -> 16 HP bằng (boom/fire) -> [Bảo Nguyên] <STEAM_1:0:218160880>
L 09/05/2026 - 20:46:20: [FF] [Lê Hải] <STEAM_1:0:471595906> -> 16 HP bằng (boom/fire) -> [KeroN] <STEAM_1:1:161759963>
L 09/05/2026 - 20:46:20: [FF] [Lê Hải] <STEAM_1:0:471595906> -> 16 HP bằng (boom/fire) -> [Bảo Nguyên] <STEAM_1:0:218160880>
L 09/05/2026 - 20:46:20: [FF] [Lê Hải] <STEAM_1:0:471595906> -> 16 HP bằng (boom/fire) -> [KeroN] <STEAM_1:1:161759963>
L 09/05/2026 - 20:46:20: [FF] [Lê Hải] <STEAM_1:0:471595906> -> 16 HP bằng (boom/fire) -> [Bảo Nguyên] <STEAM_1:0:218160880>
L 09/05/2026 - 20:46:20: [FF] [Lê Hải] <STEAM_1:0:471595906> -> 16 HP bằng (boom/fire) -> [KeroN] <STEAM_1:1:161759963>
L 09/05/2026 - 20:46:20: [FF] [Lê Hải] <STEAM_1:0:471595906> -> 16 HP bằng (boom/fire) -> [Bảo Nguyên] <STEAM_1:0:218160880>
L 09/05/2026 - 20:46:21: [FF] [Lê Hải] <STEAM_1:0:471595906> -> 16 HP bằng (boom/fire) -> [KeroN] <STEAM_1:1:161759963>
L 09/05/2026 - 20:46:21: [FF] [Lê Hải] <STEAM_1:0:471595906> -> 16 HP bằng (boom/fire) -> [Bảo Nguyên] <STEAM_1:0:218160880>
L 09/05/2026 - 20:46:21: [FF] [Lê Hải] <STEAM_1:0:471595906> -> 16 HP bằng (boom/fire) -> [KeroN] <STEAM_1:1:161759963>
L 09/05/2026 - 20:46:21: [FF] [Lê Hải] <STEAM_1:0:471595906> -> 16 HP bằng (boom/fire) -> [Bảo Nguyên] <STEAM_1:0:218160880>
L 09/05/2026 - 20:46:21: [FF] [Lê Hải] <STEAM_1:0:471595906> -> 16 HP bằng (boom/fire) -> [KeroN] <STEAM_1:1:161759963>
L 09/05/2026 - 20:46:21: [FF] [Lê Hải] <STEAM_1:0:471595906> -> 16 HP bằng (boom/fire) -> [Bảo Nguyên] <STEAM_1:0:218160880>
L 09/05/2026 - 20:46:21: [FF] [Lê Hải] <STEAM_1:0:471595906> -> 16 HP bằng (boom/fire) -> [Bảo Nguyên] <STEAM_1:0:218160880>
L 09/05/2026 - 20:46:28: [FF] [Holo 40k] <STEAM_1:1:925049770> -> 3 HP bằng (boom/fire) -> [None :D] <STEAM_1:0:578030381>
L 09/05/2026 - 20:46:28: [FF] [Holo 40k] <STEAM_1:1:925049770> -> 3 HP bằng (boom/fire) -> [None :D] <STEAM_1:0:578030381>
L 09/05/2026 - 20:46:28: [FF] [Holo 40k] <STEAM_1:1:925049770> -> 3 HP bằng (boom/fire) -> [None :D] <STEAM_1:0:578030381>
L 09/05/2026 - 20:46:28: [FF] [Holo 40k] <STEAM_1:1:925049770> -> 3 HP bằng (boom/fire) -> [None :D] <STEAM_1:0:578030381>
L 09/05/2026 - 20:46:28: [FF] [Holo 40k] <STEAM_1:1:925049770> -> 3 HP bằng (boom/fire) -> [None :D] <STEAM_1:0:578030381>
L 09/05/2026 - 20:46:28: [FF] [Holo 40k] <STEAM_1:1:925049770> -> 3 HP bằng (boom/fire) -> [None :D] <STEAM_1:0:578030381>
L 09/05/2026 - 20:46:28: [FF] [Holo 40k] <STEAM_1:1:925049770> -> 3 HP bằng (boom/fire) -> [None :D] <STEAM_1:0:578030381>
L 09/05/2026 - 20:46:31: [FF] [nikola25645] <STEAM_1:1:782248349> -> 16 HP bằng (boom/fire) -> [Chicoarun] <STEAM_1:0:952954061>
L 09/05/2026 - 20:46:31: [FF] [nikola25645] <STEAM_1:1:782248349> -> 16 HP bằng (boom/fire) -> [Chicoarun] <STEAM_1:0:952954061>
L 09/05/2026 - 20:46:31: [FF] [nikola25645] <STEAM_1:1:782248349> -> 16 HP bằng (boom/fire) -> [Chicoarun] <STEAM_1:0:952954061>
L 09/05/2026 - 20:46:32: [FF] [nikola25645] <STEAM_1:1:782248349> -> 16 HP bằng (boom/fire) -> [Chicoarun] <STEAM_1:0:952954061>
L 09/05/2026 - 20:46:32: [FF] [nikola25645] <STEAM_1:1:782248349> -> 16 HP bằng (boom/fire) -> [Chicoarun] <STEAM_1:0:952954061>
L 09/05/2026 - 20:46:32: [FF] [nikola25645] <STEAM_1:1:782248349> -> 16 HP bằng (boom/fire) -> [Chicoarun] <STEAM_1:0:952954061>
L 09/05/2026 - 20:46:32: [FF] [nikola25645] <STEAM_1:1:782248349> -> 16 HP bằng (boom/fire) -> [Chicoarun] <STEAM_1:0:952954061>
L 09/05/2026 - 20:46:32: [HẠ GỤC] nikola25645 <STEAM_1:1:782248349> đã hạ gục Chicoarun <STEAM_1:0:952954061> bằng (boom/fire)
L 09/05/2026 - 20:46:33: [FF] [nikola25645] <STEAM_1:1:782248349> -> 16 HP bằng (boom/fire) -> [Chicoarun] <STEAM_1:0:952954061>
L 09/05/2026 - 20:46:33: [FF] [nikola25645] <STEAM_1:1:782248349> -> 16 HP bằng (boom/fire) -> [Chicoarun] <STEAM_1:0:952954061>
L 09/05/2026 - 20:46:39: [FF] [nikola25645] <STEAM_1:1:782248349> -> 16 HP bằng (boom/fire) -> [Holo 40k] <STEAM_1:1:925049770>
L 09/05/2026 - 20:46:39: [FF] [nikola25645] <STEAM_1:1:782248349> -> 16 HP bằng (boom/fire) -> [Holo 40k] <STEAM_1:1:925049770>
L 09/05/2026 - 20:46:39: [FF] [nikola25645] <STEAM_1:1:782248349> -> 16 HP bằng (boom/fire) -> [Holo 40k] <STEAM_1:1:925049770>
L 09/05/2026 - 20:46:40: [FF] [nikola25645] <STEAM_1:1:782248349> -> 16 HP bằng (boom/fire) -> [Holo 40k] <STEAM_1:1:925049770>
L 09/05/2026 - 20:46:40: [FF] [nikola25645] <STEAM_1:1:782248349> -> 16 HP bằng (boom/fire) -> [Holo 40k] <STEAM_1:1:925049770>
L 09/05/2026 - 20:46:40: [FF] [nikola25645] <STEAM_1:1:782248349> -> 16 HP bằng (boom/fire) -> [Holo 40k] <STEAM_1:1:925049770>
L 09/05/2026 - 20:46:43: [FF] [Bảo Nguyên] <STEAM_1:0:218160880> -> 3 HP bằng (môi trường/khác) -> [KeroN] <STEAM_1:1:161759963>
L 09/05/2026 - 20:46:43: [FF] [Bảo Nguyên] <STEAM_1:0:218160880> -> 5 HP bằng (môi trường/khác) -> [Rïçēz] <STEAM_1:1:558962692>
L 09/05/2026 - 20:46:43: [FF] [Bảo Nguyên] <STEAM_1:0:218160880> -> 2 HP bằng (môi trường/khác) -> [chimxanh] <STEAM_1:1:626078671>
L 09/05/2026 - 20:46:43: [FF] [Bảo Nguyên] <STEAM_1:0:218160880> -> 1 HP bằng (môi trường/khác) -> [Holo 40k] <STEAM_1:1:925049770>
L 09/05/2026 - 20:46:43: [FF] [Bảo Nguyên] <STEAM_1:0:218160880> -> 1 HP bằng (môi trường/khác) -> [nikola25645] <STEAM_1:1:782248349>
L 09/05/2026 - 20:46:43: [FF] [Bảo Nguyên] <STEAM_1:0:218160880> -> 1 HP bằng (môi trường/khác) -> [Curren Bouquetd'or] <STEAM_1:1:524205977>
L 09/05/2026 - 20:46:45: [FF] [Bảo Nguyên] <STEAM_1:0:218160880> -> 11 HP bằng (boom/fire) -> [KeroN] <STEAM_1:1:161759963>
L 09/05/2026 - 20:46:45: [FF] [Bảo Nguyên] <STEAM_1:0:218160880> -> 12 HP bằng (boom/fire) -> [KeroN] <STEAM_1:1:161759963>
L 09/05/2026 - 20:46:45: [FF] [Bảo Nguyên] <STEAM_1:0:218160880> -> 14 HP bằng (boom/fire) -> [KeroN] <STEAM_1:1:161759963>
L 09/05/2026 - 20:46:45: [FF] [Bảo Nguyên] <STEAM_1:0:218160880> -> 16 HP bằng (boom/fire) -> [KeroN] <STEAM_1:1:161759963>
L 09/05/2026 - 20:46:46: [FF] [Bảo Nguyên] <STEAM_1:0:218160880> -> 16 HP bằng (boom/fire) -> [KeroN] <STEAM_1:1:161759963>
L 09/05/2026 - 20:46:46: [FF] [Bảo Nguyên] <STEAM_1:0:218160880> -> 16 HP bằng (boom/fire) -> [KeroN] <STEAM_1:1:161759963>
L 09/05/2026 - 20:46:46: [FF] [Bảo Nguyên] <STEAM_1:0:218160880> -> 16 HP bằng (boom/fire) -> [KeroN] <STEAM_1:1:161759963>
L 09/05/2026 - 20:46:46: [HẠ GỤC] Bảo Nguyên <STEAM_1:0:218160880> đã hạ gục KeroN <STEAM_1:1:161759963> bằng (boom/fire)
L 09/05/2026 - 20:46:46: [FF] [Bảo Nguyên] <STEAM_1:0:218160880> -> 16 HP bằng (boom/fire) -> [KeroN] <STEAM_1:1:161759963>
L 09/05/2026 - 20:46:47: [FF] [Bảo Nguyên] <STEAM_1:0:218160880> -> 16 HP bằng (boom/fire) -> [KeroN] <STEAM_1:1:161759963>
L 09/05/2026 - 20:46:47: [FF] [Bảo Nguyên] <STEAM_1:0:218160880> -> 16 HP bằng (boom/fire) -> [KeroN] <STEAM_1:1:161759963>
L 09/05/2026 - 20:46:47: [FF] [Bảo Nguyên] <STEAM_1:0:218160880> -> 16 HP bằng (boom/fire) -> [KeroN] <STEAM_1:1:161759963>
L 09/05/2026 - 20:46:47: [FF] [Bảo Nguyên] <STEAM_1:0:218160880> -> 16 HP bằng (boom/fire) -> [KeroN] <STEAM_1:1:161759963>
L 09/05/2026 - 20:46:47: [FF] [Bảo Nguyên] <STEAM_1:0:218160880> -> 16 HP bằng (boom/fire) -> [KeroN] <STEAM_1:1:161759963>
L 09/05/2026 - 20:46:48: [FF] [Bảo Nguyên] <STEAM_1:0:218160880> -> 16 HP bằng (boom/fire) -> [KeroN] <STEAM_1:1:161759963>
L 09/05/2026 - 20:46:48: [FF] [Bảo Nguyên] <STEAM_1:0:218160880> -> 16 HP bằng (boom/fire) -> [KeroN] <STEAM_1:1:161759963>
L 09/05/2026 - 20:46:48: [FF] [Bảo Nguyên] <STEAM_1:0:218160880> -> 16 HP bằng (boom/fire) -> [KeroN] <STEAM_1:1:161759963>
L 09/05/2026 - 20:46:48: [FF] [Bảo Nguyên] <STEAM_1:0:218160880> -> 16 HP bằng (boom/fire) -> [KeroN] <STEAM_1:1:161759963>
L 09/05/2026 - 20:46:48: [FF] [Bảo Nguyên] <STEAM_1:0:218160880> -> 16 HP bằng (boom/fire) -> [KeroN] <STEAM_1:1:161759963>
L 09/05/2026 - 20:46:49: [FF] [Bảo Nguyên] <STEAM_1:0:218160880> -> 16 HP bằng (boom/fire) -> [KeroN] <STEAM_1:1:161759963>
L 09/05/2026 - 20:46:49: [FF] [Bảo Nguyên] <STEAM_1:0:218160880> -> 16 HP bằng (boom/fire) -> [KeroN] <STEAM_1:1:161759963>
L 09/05/2026 - 20:46:49: [FF] [Bảo Nguyên] <STEAM_1:0:218160880> -> 16 HP bằng (boom/fire) -> [KeroN] <STEAM_1:1:161759963>
L 09/05/2026 - 20:46:49: [FF] [Bảo Nguyên] <STEAM_1:0:218160880> -> 16 HP bằng (boom/fire) -> [KeroN] <STEAM_1:1:161759963>
L 09/05/2026 - 20:46:49: [FF] [Bảo Nguyên] <STEAM_1:0:218160880> -> 16 HP bằng (boom/fire) -> [KeroN] <STEAM_1:1:161759963>
L 09/05/2026 - 20:46:50: [FF] [Bảo Nguyên] <STEAM_1:0:218160880> -> 16 HP bằng (boom/fire) -> [KeroN] <STEAM_1:1:161759963>
L 09/05/2026 - 20:46:50: [FF] [Bảo Nguyên] <STEAM_1:0:218160880> -> 16 HP bằng (boom/fire) -> [KeroN] <STEAM_1:1:161759963>
L 09/05/2026 - 20:46:50: [FF] [Bảo Nguyên] <STEAM_1:0:218160880> -> 16 HP bằng (boom/fire) -> [KeroN] <STEAM_1:1:161759963>
L 09/05/2026 - 20:46:50: [FF] [Bảo Nguyên] <STEAM_1:0:218160880> -> 16 HP bằng (boom/fire) -> [KeroN] <STEAM_1:1:161759963>
L 09/05/2026 - 20:46:50: [FF] [Bảo Nguyên] <STEAM_1:0:218160880> -> 16 HP bằng (boom/fire) -> [KeroN] <STEAM_1:1:161759963>
L 09/05/2026 - 20:46:51: [FF] [Bảo Nguyên] <STEAM_1:0:218160880> -> 16 HP bằng (boom/fire) -> [KeroN] <STEAM_1:1:161759963>
L 09/05/2026 - 20:46:51: [FF] [Bảo Nguyên] <STEAM_1:0:218160880> -> 16 HP bằng (boom/fire) -> [KeroN] <STEAM_1:1:161759963>
L 09/05/2026 - 20:46:51: [FF] [Bảo Nguyên] <STEAM_1:0:218160880> -> 16 HP bằng (boom/fire) -> [KeroN] <STEAM_1:1:161759963>
L 09/05/2026 - 20:46:51: [FF] [Bảo Nguyên] <STEAM_1:0:218160880> -> 16 HP bằng (boom/fire) -> [KeroN] <STEAM_1:1:161759963>
L 09/05/2026 - 20:46:51: [FF] [Bảo Nguyên] <STEAM_1:0:218160880> -> 16 HP bằng (boom/fire) -> [KeroN] <STEAM_1:1:161759963>
L 09/05/2026 - 20:46:52: [FF] [Bảo Nguyên] <STEAM_1:0:218160880> -> 16 HP bằng (boom/fire) -> [KeroN] <STEAM_1:1:161759963>
L 09/05/2026 - 20:46:52: [FF] [Bảo Nguyên] <STEAM_1:0:218160880> -> 16 HP bằng (boom/fire) -> [KeroN] <STEAM_1:1:161759963>
L 09/05/2026 - 20:46:52: [FF] [Bảo Nguyên] <STEAM_1:0:218160880> -> 16 HP bằng (boom/fire) -> [KeroN] <STEAM_1:1:161759963>
L 09/05/2026 - 20:46:52: [FF] [Bảo Nguyên] <STEAM_1:0:218160880> -> 16 HP bằng (boom/fire) -> [KeroN] <STEAM_1:1:161759963>
L 09/05/2026 - 20:46:52: [FF] [Bảo Nguyên] <STEAM_1:0:218160880> -> 16 HP bằng (boom/fire) -> [KeroN] <STEAM_1:1:161759963>
L 09/05/2026 - 20:46:53: [FF] [Bảo Nguyên] <STEAM_1:0:218160880> -> 16 HP bằng (boom/fire) -> [KeroN] <STEAM_1:1:161759963>
L 09/05/2026 - 20:46:53: [FF] [Bảo Nguyên] <STEAM_1:0:218160880> -> 16 HP bằng (boom/fire) -> [KeroN] <STEAM_1:1:161759963>
L 09/05/2026 - 20:46:53: [FF] [Bảo Nguyên] <STEAM_1:0:218160880> -> 16 HP bằng (boom/fire) -> [KeroN] <STEAM_1:1:161759963>
L 09/05/2026 - 20:46:53: [FF] [Bảo Nguyên] <STEAM_1:0:218160880> -> 16 HP bằng (boom/fire) -> [Chicoarun] <STEAM_1:0:952954061>
L 09/05/2026 - 20:46:53: [HẠ GỤC] Charger Bot <BOT> đã hạ gục None :D <STEAM_1:0:578030381> bằng (zombie cào/đấm)
L 09/05/2026 - 20:46:53: [FF] [Bảo Nguyên] <STEAM_1:0:218160880> -> 16 HP bằng (boom/fire) -> [KeroN] <STEAM_1:1:161759963>
L 09/05/2026 - 20:46:53: [FF] [Bảo Nguyên] <STEAM_1:0:218160880> -> 16 HP bằng (boom/fire) -> [Chicoarun] <STEAM_1:0:952954061>
L 09/05/2026 - 20:46:53: [FF] [Bảo Nguyên] <STEAM_1:0:218160880> -> 16 HP bằng (boom/fire) -> [Chicoarun] <STEAM_1:0:952954061>
L 09/05/2026 - 20:46:53: [FF] [Bảo Nguyên] <STEAM_1:0:218160880> -> 16 HP bằng (boom/fire) -> [KeroN] <STEAM_1:1:161759963>
L 09/05/2026 - 20:46:54: [FF] [Bảo Nguyên] <STEAM_1:0:218160880> -> 16 HP bằng (boom/fire) -> [KeroN] <STEAM_1:1:161759963>
L 09/05/2026 - 20:46:54: [FF] [Bảo Nguyên] <STEAM_1:0:218160880> -> 16 HP bằng (boom/fire) -> [Chicoarun] <STEAM_1:0:952954061>
L 09/05/2026 - 20:46:54: [FF] [Bảo Nguyên] <STEAM_1:0:218160880> -> 16 HP bằng (boom/fire) -> [KeroN] <STEAM_1:1:161759963>
L 09/05/2026 - 20:46:54: [FF] [Bảo Nguyên] <STEAM_1:0:218160880> -> 16 HP bằng (boom/fire) -> [Chicoarun] <STEAM_1:0:952954061>
L 09/05/2026 - 20:46:54: [FF] [Bảo Nguyên] <STEAM_1:0:218160880> -> 16 HP bằng (boom/fire) -> [KeroN] <STEAM_1:1:161759963>
L 09/05/2026 - 20:46:54: [HẠ GỤC] Bảo Nguyên <STEAM_1:0:218160880> đã hạ gục Chicoarun <STEAM_1:0:952954061> bằng (boom/fire)
L 09/05/2026 - 20:46:54: [HẠ GỤC] Charger Bot <BOT> đã hạ gục Rïçēz <STEAM_1:1:558962692> bằng (zombie cào/đấm)
L 09/05/2026 - 20:46:54: [FF] [Bảo Nguyên] <STEAM_1:0:218160880> -> 16 HP bằng (boom/fire) -> [KeroN] <STEAM_1:1:161759963>
L 09/05/2026 - 20:46:54: [FF] [Bảo Nguyên] <STEAM_1:0:218160880> -> 16 HP bằng (boom/fire) -> [Chicoarun] <STEAM_1:0:952954061>
L 09/05/2026 - 20:46:54: [FF] [Bảo Nguyên] <STEAM_1:0:218160880> -> 16 HP bằng (boom/fire) -> [KeroN] <STEAM_1:1:161759963>
L 09/05/2026 - 20:46:54: [FF] [Bảo Nguyên] <STEAM_1:0:218160880> -> 16 HP bằng (boom/fire) -> [Chicoarun] <STEAM_1:0:952954061>
L 09/05/2026 - 20:46:55: [FF] [Bảo Nguyên] <STEAM_1:0:218160880> -> 16 HP bằng (boom/fire) -> [KeroN] <STEAM_1:1:161759963>
L 09/05/2026 - 20:46:55: [FF] [Bảo Nguyên] <STEAM_1:0:218160880> -> 16 HP bằng (boom/fire) -> [Chicoarun] <STEAM_1:0:952954061>
L 09/05/2026 - 20:46:55: [FF] [Bảo Nguyên] <STEAM_1:0:218160880> -> 16 HP bằng (boom/fire) -> [Chicoarun] <STEAM_1:0:952954061>
L 09/05/2026 - 20:46:55: [FF] [Bảo Nguyên] <STEAM_1:0:218160880> -> 16 HP bằng (boom/fire) -> [KeroN] <STEAM_1:1:161759963>
L 09/05/2026 - 20:46:55: [FF] [Bảo Nguyên] <STEAM_1:0:218160880> -> 16 HP bằng (boom/fire) -> [KeroN] <STEAM_1:1:161759963>
L 09/05/2026 - 20:46:55: [FF] [Bảo Nguyên] <STEAM_1:0:218160880> -> 16 HP bằng (boom/fire) -> [Chicoarun] <STEAM_1:0:952954061>
L 09/05/2026 - 20:46:55: [FF] [Bảo Nguyên] <STEAM_1:0:218160880> -> 16 HP bằng (boom/fire) -> [KeroN] <STEAM_1:1:161759963>
L 09/05/2026 - 20:46:55: [FF] [Bảo Nguyên] <STEAM_1:0:218160880> -> 16 HP bằng (boom/fire) -> [Chicoarun] <STEAM_1:0:952954061>
L 09/05/2026 - 20:46:55: [FF] [Holo 40k] <STEAM_1:1:925049770> -> 3 HP bằng (súng) -> [Chicoarun] <STEAM_1:0:952954061>
L 09/05/2026 - 20:46:55: [FF] [Holo 40k] <STEAM_1:1:925049770> -> 3 HP bằng (súng) -> [Chicoarun] <STEAM_1:0:952954061>
L 09/05/2026 - 20:46:55: [FF] [Holo 40k] <STEAM_1:1:925049770> -> 3 HP bằng (súng) -> [Chicoarun] <STEAM_1:0:952954061>
L 09/05/2026 - 20:46:55: [FF] [Bảo Nguyên] <STEAM_1:0:218160880> -> 16 HP bằng (boom/fire) -> [Chicoarun] <STEAM_1:0:952954061>
L 09/05/2026 - 20:46:55: [FF] [Bảo Nguyên] <STEAM_1:0:218160880> -> 16 HP bằng (boom/fire) -> [KeroN] <STEAM_1:1:161759963>
L 09/05/2026 - 20:46:56: [FF] [Bảo Nguyên] <STEAM_1:0:218160880> -> 16 HP bằng (boom/fire) -> [KeroN] <STEAM_1:1:161759963>
L 09/05/2026 - 20:46:56: [FF] [Bảo Nguyên] <STEAM_1:0:218160880> -> 16 HP bằng (boom/fire) -> [Chicoarun] <STEAM_1:0:952954061>
L 09/05/2026 - 20:46:56: [FF] [Bảo Nguyên] <STEAM_1:0:218160880> -> 16 HP bằng (boom/fire) -> [Chicoarun] <STEAM_1:0:952954061>
L 09/05/2026 - 20:46:56: [FF] [Bảo Nguyên] <STEAM_1:0:218160880> -> 16 HP bằng (boom/fire) -> [KeroN] <STEAM_1:1:161759963>
L 09/05/2026 - 20:46:56: [HẠ GỤC] Hunter Bot <BOT> đã hạ gục Holo 40k <STEAM_1:1:925049770> bằng (zombie cào/đấm)
L 09/05/2026 - 20:46:56: [FF] [Bảo Nguyên] <STEAM_1:0:218160880> -> 16 HP bằng (boom/fire) -> [KeroN] <STEAM_1:1:161759963>
L 09/05/2026 - 20:46:56: [FF] [Bảo Nguyên] <STEAM_1:0:218160880> -> 16 HP bằng (boom/fire) -> [Chicoarun] <STEAM_1:0:952954061>
L 09/05/2026 - 20:46:56: [FF] [Bảo Nguyên] <STEAM_1:0:218160880> -> 16 HP bằng (boom/fire) -> [KeroN] <STEAM_1:1:161759963>
L 09/05/2026 - 20:46:56: [FF] [Bảo Nguyên] <STEAM_1:0:218160880> -> 16 HP bằng (boom/fire) -> [Chicoarun] <STEAM_1:0:952954061>
L 09/05/2026 - 20:46:56: [FF] [Bảo Nguyên] <STEAM_1:0:218160880> -> 16 HP bằng (boom/fire) -> [KeroN] <STEAM_1:1:161759963>
L 09/05/2026 - 20:46:56: [FF] [Bảo Nguyên] <STEAM_1:0:218160880> -> 16 HP bằng (boom/fire) -> [Chicoarun] <STEAM_1:0:952954061>
L 09/05/2026 - 20:46:57: [FF] [Bảo Nguyên] <STEAM_1:0:218160880> -> 16 HP bằng (boom/fire) -> [KeroN] <STEAM_1:1:161759963>
L 09/05/2026 - 20:46:57: [FF] [Bảo Nguyên] <STEAM_1:0:218160880> -> 16 HP bằng (boom/fire) -> [Chicoarun] <STEAM_1:0:952954061>
L 09/05/2026 - 20:46:57: [FF] [Bảo Nguyên] <STEAM_1:0:218160880> -> 16 HP bằng (boom/fire) -> [KeroN] <STEAM_1:1:161759963>
L 09/05/2026 - 20:46:57: [FF] [Bảo Nguyên] <STEAM_1:0:218160880> -> 16 HP bằng (boom/fire) -> [Chicoarun] <STEAM_1:0:952954061>
L 09/05/2026 - 20:46:57: [FF] [Bảo Nguyên] <STEAM_1:0:218160880> -> 16 HP bằng (boom/fire) -> [KeroN] <STEAM_1:1:161759963>
L 09/05/2026 - 20:46:57: [FF] [Bảo Nguyên] <STEAM_1:0:218160880> -> 16 HP bằng (boom/fire) -> [Chicoarun] <STEAM_1:0:952954061>
L 09/05/2026 - 20:46:57: [FF] [Bảo Nguyên] <STEAM_1:0:218160880> -> 16 HP bằng (boom/fire) -> [KeroN] <STEAM_1:1:161759963>
L 09/05/2026 - 20:46:57: [FF] [Bảo Nguyên] <STEAM_1:0:218160880> -> 16 HP bằng (boom/fire) -> [Chicoarun] <STEAM_1:0:952954061>
L 09/05/2026 - 20:46:57: [FF] [Bảo Nguyên] <STEAM_1:0:218160880> -> 16 HP bằng (boom/fire) -> [KeroN] <STEAM_1:1:161759963>
L 09/05/2026 - 20:46:57: [FF] [Bảo Nguyên] <STEAM_1:0:218160880> -> 16 HP bằng (boom/fire) -> [Chicoarun] <STEAM_1:0:952954061>
L 09/05/2026 - 20:46:58: [FF] [Bảo Nguyên] <STEAM_1:0:218160880> -> 16 HP bằng (boom/fire) -> [KeroN] <STEAM_1:1:161759963>
L 09/05/2026 - 20:46:58: [FF] [Bảo Nguyên] <STEAM_1:0:218160880> -> 16 HP bằng (boom/fire) -> [Chicoarun] <STEAM_1:0:952954061>
L 09/05/2026 - 20:46:58: [FF] [Bảo Nguyên] <STEAM_1:0:218160880> -> 16 HP bằng (boom/fire) -> [KeroN] <STEAM_1:1:161759963>
L 09/05/2026 - 20:46:58: [FF] [Bảo Nguyên] <STEAM_1:0:218160880> -> 16 HP bằng (boom/fire) -> [Chicoarun] <STEAM_1:0:952954061>
L 09/05/2026 - 20:46:58: [FF] [Bảo Nguyên] <STEAM_1:0:218160880> -> 16 HP bằng (boom/fire) -> [KeroN] <STEAM_1:1:161759963>
L 09/05/2026 - 20:46:58: [FF] [Bảo Nguyên] <STEAM_1:0:218160880> -> 16 HP bằng (boom/fire) -> [chimxanh] <STEAM_1:1:626078671>
L 09/05/2026 - 20:46:58: [FF] [Bảo Nguyên] <STEAM_1:0:218160880> -> 16 HP bằng (boom/fire) -> [Chicoarun] <STEAM_1:0:952954061>
L 09/05/2026 - 20:46:58: [FF] [Bảo Nguyên] <STEAM_1:0:218160880> -> 16 HP bằng (boom/fire) -> [KeroN] <STEAM_1:1:161759963>
L 09/05/2026 - 20:46:58: [KILL] Bảo Nguyên <STEAM_1:0:218160880> đã giết KeroN <STEAM_1:1:161759963> bằng (boom/fire)
L 09/05/2026 - 20:46:58: [FF] [Bảo Nguyên] <STEAM_1:0:218160880> -> 16 HP bằng (boom/fire) -> [Chicoarun] <STEAM_1:0:952954061>
L 09/05/2026 - 20:46:58: [FF] [Bảo Nguyên] <STEAM_1:0:218160880> -> 16 HP bằng (boom/fire) -> [chimxanh] <STEAM_1:1:626078671>
L 09/05/2026 - 20:47:02: [FF] [Lê Hải] <STEAM_1:0:471595906> -> 45 HP bằng (súng) -> [Curren Bouquetd'or] <STEAM_1:1:524205977>
L 09/05/2026 - 20:47:04: [KILL] Spitter Bot <BOT> đã giết Chicoarun <STEAM_1:0:952954061> bằng (môi trường/khác)
L 09/05/2026 - 20:47:05: [FF] [Curren Bouquetd'or] <STEAM_1:1:524205977> -> 45 HP bằng (súng) -> [nikola25645] <STEAM_1:1:782248349>
L 09/05/2026 - 20:47:08: [HẠ GỤC] Spitter Bot <BOT> đã hạ gục Holo 40k <STEAM_1:1:925049770> bằng (zombie cào/đấm)
L 09/05/2026 - 20:47:09: [FF] [Lê Hải] <STEAM_1:0:471595906> -> 31 HP bằng (súng) -> [Holo 40k] <STEAM_1:1:925049770>
L 09/05/2026 - 20:47:09: [FF] [Curren Bouquetd'or] <STEAM_1:1:524205977> -> 22 HP bằng (súng) -> [Holo 40k] <STEAM_1:1:925049770>
L 09/05/2026 - 20:49:36: [FF] [None :D] <STEAM_1:0:578030381> -> 6 HP bằng (môi trường/khác) -> [Holo 40k] <STEAM_1:1:925049770>
L 09/05/2026 - 20:49:36: [FF] [None :D] <STEAM_1:0:578030381> -> 4 HP bằng (môi trường/khác) -> [Curren Bouquetd'or] <STEAM_1:1:524205977>
L 09/05/2026 - 20:49:36: [FF] [None :D] <STEAM_1:0:578030381> -> 4 HP bằng (môi trường/khác) -> [Bảo Nguyên] <STEAM_1:0:218160880>
L 09/05/2026 - 20:49:36: [FF] [None :D] <STEAM_1:0:578030381> -> 5 HP bằng (môi trường/khác) -> [KeroN] <STEAM_1:1:161759963>
L 09/05/2026 - 20:49:36: [FF] [None :D] <STEAM_1:0:578030381> -> 9 HP bằng (môi trường/khác) -> [Chicoarun] <STEAM_1:0:952954061>
L 09/05/2026 - 20:49:36: [FF] [None :D] <STEAM_1:0:578030381> -> 2 HP bằng (môi trường/khác) -> [nikola25645] <STEAM_1:1:782248349>
L 09/05/2026 - 20:49:36: [FF] [None :D] <STEAM_1:0:578030381> -> 1 HP bằng (boom/fire) -> [Holo 40k] <STEAM_1:1:925049770>
L 09/05/2026 - 20:49:36: [FF] [None :D] <STEAM_1:0:578030381> -> 1 HP bằng (boom/fire) -> [chimxanh] <STEAM_1:1:626078671>
L 09/05/2026 - 20:49:36: [FF] [None :D] <STEAM_1:0:578030381> -> 1 HP bằng (boom/fire) -> [Curren Bouquetd'or] <STEAM_1:1:524205977>
L 09/05/2026 - 20:49:36: [FF] [None :D] <STEAM_1:0:578030381> -> 1 HP bằng (boom/fire) -> [Bảo Nguyên] <STEAM_1:0:218160880>
L 09/05/2026 - 20:49:36: [FF] [None :D] <STEAM_1:0:578030381> -> 1 HP bằng (boom/fire) -> [KeroN] <STEAM_1:1:161759963>
L 09/05/2026 - 20:49:36: [FF] [None :D] <STEAM_1:0:578030381> -> 1 HP bằng (boom/fire) -> [Chicoarun] <STEAM_1:0:952954061>
L 09/05/2026 - 20:49:36: [FF] [None :D] <STEAM_1:0:578030381> -> 1 HP bằng (boom/fire) -> [nikola25645] <STEAM_1:1:782248349>
L 09/05/2026 - 20:49:36: [FF] [None :D] <STEAM_1:0:578030381> -> 1 HP bằng (boom/fire) -> [Rïçēz] <STEAM_1:1:558962692>
L 09/05/2026 - 20:49:38: [FF] [boviet666] <STEAM_1:0:963323015> -> 5 HP bằng (melee) -> [chimxanh] <STEAM_1:1:626078671>
L 09/05/2026 - 20:49:39: [FF] [Bảo Nguyên] <STEAM_1:0:218160880> -> 15 HP bằng (boom/fire) -> [None :D] <STEAM_1:0:578030381>
L 09/05/2026 - 20:49:44: [FF] [None :D] <STEAM_1:0:578030381> -> 1 HP bằng (môi trường/khác) -> [Curren Bouquetd'or] <STEAM_1:1:524205977>
L 09/05/2026 - 20:49:44: [FF] [None :D] <STEAM_1:0:578030381> -> 1 HP bằng (boom/fire) -> [Curren Bouquetd'or] <STEAM_1:1:524205977>
L 09/05/2026 - 20:49:44: [FF] [None :D] <STEAM_1:0:578030381> -> 1 HP bằng (boom/fire) -> [Holo 40k] <STEAM_1:1:925049770>
L 09/05/2026 - 20:49:45: [FF] [Chicoarun] <STEAM_1:0:952954061> -> 1 HP bằng (boom/fire) -> [Bảo Nguyên] <STEAM_1:0:218160880>
L 09/05/2026 - 20:49:45: [FF] [Chicoarun] <STEAM_1:0:952954061> -> 3 HP bằng (boom/fire) -> [Bảo Nguyên] <STEAM_1:0:218160880>
L 09/05/2026 - 20:49:45: [FF] [Chicoarun] <STEAM_1:0:952954061> -> 3 HP bằng (boom/fire) -> [nikola25645] <STEAM_1:1:782248349>
L 09/05/2026 - 20:49:45: [FF] [Chicoarun] <STEAM_1:0:952954061> -> 4 HP bằng (boom/fire) -> [Bảo Nguyên] <STEAM_1:0:218160880>
L 09/05/2026 - 20:49:45: [FF] [Chicoarun] <STEAM_1:0:952954061> -> 4 HP bằng (boom/fire) -> [nikola25645] <STEAM_1:1:782248349>
L 09/05/2026 - 20:49:45: [FF] [Chicoarun] <STEAM_1:0:952954061> -> 6 HP bằng (boom/fire) -> [Bảo Nguyên] <STEAM_1:0:218160880>
L 09/05/2026 - 20:49:45: [FF] [Chicoarun] <STEAM_1:0:952954061> -> 6 HP bằng (boom/fire) -> [nikola25645] <STEAM_1:1:782248349>
L 09/05/2026 - 20:49:45: [FF] [Chicoarun] <STEAM_1:0:952954061> -> 8 HP bằng (boom/fire) -> [Bảo Nguyên] <STEAM_1:0:218160880>
L 09/05/2026 - 20:49:45: [FF] [Chicoarun] <STEAM_1:0:952954061> -> 8 HP bằng (boom/fire) -> [nikola25645] <STEAM_1:1:782248349>
L 09/05/2026 - 20:49:46: [FF] [Chicoarun] <STEAM_1:0:952954061> -> 9 HP bằng (boom/fire) -> [nikola25645] <STEAM_1:1:782248349>
L 09/05/2026 - 20:49:46: [FF] [Chicoarun] <STEAM_1:0:952954061> -> 9 HP bằng (boom/fire) -> [Bảo Nguyên] <STEAM_1:0:218160880>
L 09/05/2026 - 20:49:46: [FF] [Chicoarun] <STEAM_1:0:952954061> -> 11 HP bằng (boom/fire) -> [nikola25645] <STEAM_1:1:782248349>
L 09/05/2026 - 20:49:46: [FF] [Chicoarun] <STEAM_1:0:952954061> -> 11 HP bằng (boom/fire) -> [Bảo Nguyên] <STEAM_1:0:218160880>
L 09/05/2026 - 20:49:46: [FF] [Chicoarun] <STEAM_1:0:952954061> -> 12 HP bằng (boom/fire) -> [Bảo Nguyên] <STEAM_1:0:218160880>
L 09/05/2026 - 20:49:46: [FF] [Chicoarun] <STEAM_1:0:952954061> -> 12 HP bằng (boom/fire) -> [nikola25645] <STEAM_1:1:782248349>
L 09/05/2026 - 20:49:46: [FF] [Chicoarun] <STEAM_1:0:952954061> -> 14 HP bằng (boom/fire) -> [Bảo Nguyên] <STEAM_1:0:218160880>
L 09/05/2026 - 20:49:46: [FF] [Chicoarun] <STEAM_1:0:952954061> -> 16 HP bằng (boom/fire) -> [Bảo Nguyên] <STEAM_1:0:218160880>
L 09/05/2026 - 20:49:47: [FF] [Chicoarun] <STEAM_1:0:952954061> -> 16 HP bằng (boom/fire) -> [Bảo Nguyên] <STEAM_1:0:218160880>
L 09/05/2026 - 20:49:47: [FF] [Chicoarun] <STEAM_1:0:952954061> -> 16 HP bằng (boom/fire) -> [Bảo Nguyên] <STEAM_1:0:218160880>
L 09/05/2026 - 20:49:47: [FF] [Chicoarun] <STEAM_1:0:952954061> -> 16 HP bằng (boom/fire) -> [Bảo Nguyên] <STEAM_1:0:218160880>
L 09/05/2026 - 20:49:47: [HẠ GỤC] Chicoarun <STEAM_1:0:952954061> đã hạ gục Bảo Nguyên <STEAM_1:0:218160880> bằng (boom/fire)
L 09/05/2026 - 20:49:47: [FF] [Chicoarun] <STEAM_1:0:952954061> -> 16 HP bằng (boom/fire) -> [Bảo Nguyên] <STEAM_1:0:218160880>
L 09/05/2026 - 20:49:48: [FF] [Chicoarun] <STEAM_1:0:952954061> -> 16 HP bằng (boom/fire) -> [Bảo Nguyên] <STEAM_1:0:218160880>
L 09/05/2026 - 20:49:48: [FF] [Chicoarun] <STEAM_1:0:952954061> -> 16 HP bằng (boom/fire) -> [Bảo Nguyên] <STEAM_1:0:218160880>
L 09/05/2026 - 20:49:48: [FF] [Chicoarun] <STEAM_1:0:952954061> -> 16 HP bằng (boom/fire) -> [Bảo Nguyên] <STEAM_1:0:218160880>
L 09/05/2026 - 20:49:48: [FF] [Chicoarun] <STEAM_1:0:952954061> -> 16 HP bằng (boom/fire) -> [Bảo Nguyên] <STEAM_1:0:218160880>
L 09/05/2026 - 20:49:48: [FF] [Chicoarun] <STEAM_1:0:952954061> -> 16 HP bằng (boom/fire) -> [Bảo Nguyên] <STEAM_1:0:218160880>
L 09/05/2026 - 20:49:49: [FF] [Chicoarun] <STEAM_1:0:952954061> -> 16 HP bằng (boom/fire) -> [Bảo Nguyên] <STEAM_1:0:218160880>
L 09/05/2026 - 20:49:49: [FF] [Chicoarun] <STEAM_1:0:952954061> -> 16 HP bằng (boom/fire) -> [Bảo Nguyên] <STEAM_1:0:218160880>
L 09/05/2026 - 20:49:49: [FF] [Chicoarun] <STEAM_1:0:952954061> -> 16 HP bằng (boom/fire) -> [Bảo Nguyên] <STEAM_1:0:218160880>
L 09/05/2026 - 20:49:49: [FF] [Chicoarun] <STEAM_1:0:952954061> -> 16 HP bằng (boom/fire) -> [Bảo Nguyên] <STEAM_1:0:218160880>
L 09/05/2026 - 20:49:49: [FF] [Chicoarun] <STEAM_1:0:952954061> -> 16 HP bằng (boom/fire) -> [Bảo Nguyên] <STEAM_1:0:218160880>
L 09/05/2026 - 20:49:50: [FF] [Chicoarun] <STEAM_1:0:952954061> -> 16 HP bằng (boom/fire) -> [boviet666] <STEAM_1:0:963323015>
L 09/05/2026 - 20:49:50: [FF] [Chicoarun] <STEAM_1:0:952954061> -> 16 HP bằng (boom/fire) -> [Bảo Nguyên] <STEAM_1:0:218160880>
L 09/05/2026 - 20:49:50: [FF] [Chicoarun] <STEAM_1:0:952954061> -> 16 HP bằng (boom/fire) -> [boviet666] <STEAM_1:0:963323015>
L 09/05/2026 - 20:49:50: [FF] [Chicoarun] <STEAM_1:0:952954061> -> 16 HP bằng (boom/fire) -> [Bảo Nguyên] <STEAM_1:0:218160880>
L 09/05/2026 - 20:49:50: [FF] [Chicoarun] <STEAM_1:0:952954061> -> 16 HP bằng (boom/fire) -> [boviet666] <STEAM_1:0:963323015>
L 09/05/2026 - 20:49:50: [FF] [Chicoarun] <STEAM_1:0:952954061> -> 16 HP bằng (boom/fire) -> [Bảo Nguyên] <STEAM_1:0:218160880>
L 09/05/2026 - 20:49:52: [FF] [Chicoarun] <STEAM_1:0:952954061> -> 16 HP bằng (boom/fire) -> [Bảo Nguyên] <STEAM_1:0:218160880>
L 09/05/2026 - 20:49:52: [FF] [Chicoarun] <STEAM_1:0:952954061> -> 16 HP bằng (boom/fire) -> [Holo 40k] <STEAM_1:1:925049770>
L 09/05/2026 - 20:49:52: [FF] [Chicoarun] <STEAM_1:0:952954061> -> 16 HP bằng (boom/fire) -> [Bảo Nguyên] <STEAM_1:0:218160880>
L 09/05/2026 - 20:49:52: [FF] [Chicoarun] <STEAM_1:0:952954061> -> 16 HP bằng (boom/fire) -> [boviet666] <STEAM_1:0:963323015>
L 09/05/2026 - 20:49:53: [FF] [Chicoarun] <STEAM_1:0:952954061> -> 16 HP bằng (boom/fire) -> [Bảo Nguyên] <STEAM_1:0:218160880>
L 09/05/2026 - 20:49:53: [FF] [Chicoarun] <STEAM_1:0:952954061> -> 16 HP bằng (boom/fire) -> [boviet666] <STEAM_1:0:963323015>
L 09/05/2026 - 20:49:53: [FF] [Chicoarun] <STEAM_1:0:952954061> -> 16 HP bằng (boom/fire) -> [boviet666] <STEAM_1:0:963323015>
L 09/05/2026 - 20:49:53: [FF] [Chicoarun] <STEAM_1:0:952954061> -> 16 HP bằng (boom/fire) -> [Bảo Nguyên] <STEAM_1:0:218160880>
L 09/05/2026 - 20:49:53: [FF] [Chicoarun] <STEAM_1:0:952954061> -> 16 HP bằng (boom/fire) -> [boviet666] <STEAM_1:0:963323015>
L 09/05/2026 - 20:49:53: [FF] [Chicoarun] <STEAM_1:0:952954061> -> 16 HP bằng (boom/fire) -> [Bảo Nguyên] <STEAM_1:0:218160880>
L 09/05/2026 - 20:49:53: [HẠ GỤC] Chicoarun <STEAM_1:0:952954061> đã hạ gục Bảo Nguyên <STEAM_1:0:218160880> bằng (boom/fire)
L 09/05/2026 - 20:49:57: [FF] [Chicoarun] <STEAM_1:0:952954061> -> 16 HP bằng (boom/fire) -> [None :D] <STEAM_1:0:578030381>
L 09/05/2026 - 20:49:57: [FF] [Chicoarun] <STEAM_1:0:952954061> -> 16 HP bằng (boom/fire) -> [None :D] <STEAM_1:0:578030381>
L 09/05/2026 - 20:49:57: [FF] [Chicoarun] <STEAM_1:0:952954061> -> 16 HP bằng (boom/fire) -> [None :D] <STEAM_1:0:578030381>
L 09/05/2026 - 20:49:57: [FF] [Chicoarun] <STEAM_1:0:952954061> -> 16 HP bằng (boom/fire) -> [None :D] <STEAM_1:0:578030381>
L 09/05/2026 - 20:49:57: [FF] [Chicoarun] <STEAM_1:0:952954061> -> 16 HP bằng (boom/fire) -> [None :D] <STEAM_1:0:578030381>
L 09/05/2026 - 20:49:58: [FF] [Chicoarun] <STEAM_1:0:952954061> -> 16 HP bằng (boom/fire) -> [None :D] <STEAM_1:0:578030381>
L 09/05/2026 - 20:49:58: [HẠ GỤC] Chicoarun <STEAM_1:0:952954061> đã hạ gục None :D <STEAM_1:0:578030381> bằng (boom/fire)
L 09/05/2026 - 20:49:58: [FF] [Chicoarun] <STEAM_1:0:952954061> -> 16 HP bằng (boom/fire) -> [None :D] <STEAM_1:0:578030381>
L 09/05/2026 - 20:49:58: [FF] [Chicoarun] <STEAM_1:0:952954061> -> 16 HP bằng (boom/fire) -> [None :D] <STEAM_1:0:578030381>
L 09/05/2026 - 20:49:58: [FF] [Chicoarun] <STEAM_1:0:952954061> -> 16 HP bằng (boom/fire) -> [None :D] <STEAM_1:0:578030381>
L 09/05/2026 - 20:49:59: [FF] [Chicoarun] <STEAM_1:0:952954061> -> 16 HP bằng (boom/fire) -> [None :D] <STEAM_1:0:578030381>
L 09/05/2026 - 20:49:59: [FF] [Chicoarun] <STEAM_1:0:952954061> -> 16 HP bằng (boom/fire) -> [None :D] <STEAM_1:0:578030381>
L 09/05/2026 - 20:49:59: [FF] [Chicoarun] <STEAM_1:0:952954061> -> 16 HP bằng (boom/fire) -> [None :D] <STEAM_1:0:578030381>
L 09/05/2026 - 20:49:59: [FF] [Chicoarun] <STEAM_1:0:952954061> -> 16 HP bằng (boom/fire) -> [None :D] <STEAM_1:0:578030381>
L 09/05/2026 - 20:50:04: [FF] [boviet666] <STEAM_1:0:963323015> -> 5 HP bằng (melee) -> [chimxanh] <STEAM_1:1:626078671>
L 09/05/2026 - 20:50:16: [FF] [nikola25645] <STEAM_1:1:782248349> -> 1 HP bằng (môi trường/khác) -> [Holo 40k] <STEAM_1:1:925049770>
L 09/05/2026 - 20:50:22: [FF] [Holo 40k] <STEAM_1:1:925049770> -> 7 HP bằng (melee) -> [KeroN] <STEAM_1:1:161759963>
L 09/05/2026 - 20:50:24: [FF] [None :D] <STEAM_1:0:578030381> -> 1 HP bằng (môi trường/khác) -> [Bảo Nguyên] <STEAM_1:0:218160880>
L 09/05/2026 - 20:50:27: [FF] [Bảo Nguyên] <STEAM_1:0:218160880> -> 22 HP bằng (boom/fire) -> [Chicoarun] <STEAM_1:0:952954061>
L 09/05/2026 - 20:50:27: [FF] [Bảo Nguyên] <STEAM_1:0:218160880> -> 15 HP bằng (boom/fire) -> [Chicoarun] <STEAM_1:0:952954061>
L 09/05/2026 - 20:50:27: [FF] [Bảo Nguyên] <STEAM_1:0:218160880> -> 15 HP bằng (boom/fire) -> [Chicoarun] <STEAM_1:0:952954061>
L 09/05/2026 - 20:50:30: [HẠ GỤC] (1)Spitter Bot <BOT> đã hạ gục Chicoarun <STEAM_1:0:952954061> bằng (môi trường/khác)
L 09/05/2026 - 20:50:32: [KILL] Tank <BOT> đã giết Bảo Nguyên <STEAM_1:0:218160880> bằng (môi trường/khác)
L 09/05/2026 - 20:50:45: [FF] [None :D] <STEAM_1:0:578030381> -> 7 HP bằng (môi trường/khác) -> [KeroN] <STEAM_1:1:161759963>
L 09/05/2026 - 20:50:45: [FF] [None :D] <STEAM_1:0:578030381> -> 1 HP bằng (môi trường/khác) -> [KeroN] <STEAM_1:1:161759963>
L 09/05/2026 - 20:50:48: [FF] [Holo 40k] <STEAM_1:1:925049770> -> 6 HP bằng (môi trường/khác) -> [boviet666] <STEAM_1:0:963323015>
L 09/05/2026 - 20:50:48: [FF] [Holo 40k] <STEAM_1:1:925049770> -> 6 HP bằng (môi trường/khác) -> [boviet666] <STEAM_1:0:963323015>
L 09/05/2026 - 20:50:48: [FF] [Holo 40k] <STEAM_1:1:925049770> -> 6 HP bằng (môi trường/khác) -> [boviet666] <STEAM_1:0:963323015>
L 09/05/2026 - 20:50:48: [FF] [Holo 40k] <STEAM_1:1:925049770> -> 6 HP bằng (môi trường/khác) -> [boviet666] <STEAM_1:0:963323015>
L 09/05/2026 - 20:50:49: [FF] [Holo 40k] <STEAM_1:1:925049770> -> 6 HP bằng (môi trường/khác) -> [boviet666] <STEAM_1:0:963323015>
L 09/05/2026 - 20:50:49: [FF] [Holo 40k] <STEAM_1:1:925049770> -> 6 HP bằng (môi trường/khác) -> [boviet666] <STEAM_1:0:963323015>
L 09/05/2026 - 20:50:49: [HẠ GỤC] Holo 40k <STEAM_1:1:925049770> đã hạ gục boviet666 <STEAM_1:0:963323015> bằng (môi trường/khác)
L 09/05/2026 - 20:50:49: [FF] [Holo 40k] <STEAM_1:1:925049770> -> 6 HP bằng (môi trường/khác) -> [boviet666] <STEAM_1:0:963323015>
L 09/05/2026 - 20:50:49: [FF] [Holo 40k] <STEAM_1:1:925049770> -> 6 HP bằng (môi trường/khác) -> [boviet666] <STEAM_1:0:963323015>
L 09/05/2026 - 20:50:49: [FF] [Holo 40k] <STEAM_1:1:925049770> -> 6 HP bằng (môi trường/khác) -> [boviet666] <STEAM_1:0:963323015>
L 09/05/2026 - 20:50:49: [FF] [Holo 40k] <STEAM_1:1:925049770> -> 6 HP bằng (môi trường/khác) -> [boviet666] <STEAM_1:0:963323015>
L 09/05/2026 - 20:50:52: [FF] [Holo 40k] <STEAM_1:1:925049770> -> 6 HP bằng (môi trường/khác) -> [boviet666] <STEAM_1:0:963323015>
L 09/05/2026 - 20:51:09: [HẠ GỤC] Tank <BOT> đã hạ gục Holo 40k <STEAM_1:1:925049770> bằng (môi trường/khác)
L 09/05/2026 - 20:51:10: [FF] [Holo 40k] <STEAM_1:1:925049770> -> 6 HP bằng (môi trường/khác) -> [boviet666] <STEAM_1:0:963323015>
L 09/05/2026 - 20:51:10: [FF] [Holo 40k] <STEAM_1:1:925049770> -> 6 HP bằng (môi trường/khác) -> [boviet666] <STEAM_1:0:963323015>
L 09/05/2026 - 20:51:16: [FF] [KeroN] <STEAM_1:1:161759963> -> 6 HP bằng (súng) -> [boviet666] <STEAM_1:0:963323015>
L 09/05/2026 - 20:51:16: [FF] [KeroN] <STEAM_1:1:161759963> -> 9 HP bằng (súng) -> [boviet666] <STEAM_1:0:963323015>
L 09/05/2026 - 20:51:16: [FF] [Holo 40k] <STEAM_1:1:925049770> -> 6 HP bằng (môi trường/khác) -> [Chicoarun] <STEAM_1:0:952954061>
L 09/05/2026 - 20:51:16: [FF] [Holo 40k] <STEAM_1:1:925049770> -> 6 HP bằng (môi trường/khác) -> [Chicoarun] <STEAM_1:0:952954061>
L 09/05/2026 - 20:51:16: [FF] [Holo 40k] <STEAM_1:1:925049770> -> 6 HP bằng (môi trường/khác) -> [Chicoarun] <STEAM_1:0:952954061>
L 09/05/2026 - 20:51:16: [FF] [Holo 40k] <STEAM_1:1:925049770> -> 6 HP bằng (môi trường/khác) -> [nikola25645] <STEAM_1:1:782248349>
L 09/05/2026 - 20:51:16: [FF] [Holo 40k] <STEAM_1:1:925049770> -> 6 HP bằng (môi trường/khác) -> [Chicoarun] <STEAM_1:0:952954061>
L 09/05/2026 - 20:51:16: [FF] [Holo 40k] <STEAM_1:1:925049770> -> 6 HP bằng (môi trường/khác) -> [boviet666] <STEAM_1:0:963323015>
L 09/05/2026 - 20:51:16: [FF] [Holo 40k] <STEAM_1:1:925049770> -> 6 HP bằng (môi trường/khác) -> [Chicoarun] <STEAM_1:0:952954061>
L 09/05/2026 - 20:51:16: [FF] [Holo 40k] <STEAM_1:1:925049770> -> 6 HP bằng (môi trường/khác) -> [boviet666] <STEAM_1:0:963323015>
L 09/05/2026 - 20:51:16: [FF] [Holo 40k] <STEAM_1:1:925049770> -> 6 HP bằng (môi trường/khác) -> [Chicoarun] <STEAM_1:0:952954061>
L 09/05/2026 - 20:51:16: [FF] [Holo 40k] <STEAM_1:1:925049770> -> 6 HP bằng (môi trường/khác) -> [boviet666] <STEAM_1:0:963323015>
L 09/05/2026 - 20:51:16: [FF] [Holo 40k] <STEAM_1:1:925049770> -> 6 HP bằng (môi trường/khác) -> [nikola25645] <STEAM_1:1:782248349>
L 09/05/2026 - 20:51:16: [FF] [Holo 40k] <STEAM_1:1:925049770> -> 6 HP bằng (môi trường/khác) -> [boviet666] <STEAM_1:0:963323015>
L 09/05/2026 - 20:51:16: [FF] [Holo 40k] <STEAM_1:1:925049770> -> 6 HP bằng (môi trường/khác) -> [Chicoarun] <STEAM_1:0:952954061>
L 09/05/2026 - 20:51:16: [FF] [Holo 40k] <STEAM_1:1:925049770> -> 6 HP bằng (môi trường/khác) -> [Chicoarun] <STEAM_1:0:952954061>
L 09/05/2026 - 20:51:16: [FF] [Holo 40k] <STEAM_1:1:925049770> -> 6 HP bằng (môi trường/khác) -> [nikola25645] <STEAM_1:1:782248349>
L 09/05/2026 - 20:51:16: [FF] [Holo 40k] <STEAM_1:1:925049770> -> 6 HP bằng (môi trường/khác) -> [nikola25645] <STEAM_1:1:782248349>
L 09/05/2026 - 20:51:17: [FF] [Holo 40k] <STEAM_1:1:925049770> -> 6 HP bằng (môi trường/khác) -> [nikola25645] <STEAM_1:1:782248349>
L 09/05/2026 - 20:51:20: [FF] [None :D] <STEAM_1:0:578030381> -> 5 HP bằng (môi trường/khác) -> [Holo 40k] <STEAM_1:1:925049770>
L 09/05/2026 - 20:51:20: [FF] [None :D] <STEAM_1:0:578030381> -> 1 HP bằng (môi trường/khác) -> [Holo 40k] <STEAM_1:1:925049770>
L 09/05/2026 - 20:51:20: [FF] [None :D] <STEAM_1:0:578030381> -> 13 HP bằng (môi trường/khác) -> [Holo 40k] <STEAM_1:1:925049770>
L 09/05/2026 - 20:51:21: [FF] [None :D] <STEAM_1:0:578030381> -> 1 HP bằng (môi trường/khác) -> [Holo 40k] <STEAM_1:1:925049770>
L 09/05/2026 - 20:51:23: [FF] [None :D] <STEAM_1:0:578030381> -> 3 HP bằng (boom/fire) -> [Chicoarun] <STEAM_1:0:952954061>
L 09/05/2026 - 20:51:24: [FF] [None :D] <STEAM_1:0:578030381> -> 4 HP bằng (boom/fire) -> [Chicoarun] <STEAM_1:0:952954061>
L 09/05/2026 - 20:51:24: [FF] [None :D] <STEAM_1:0:578030381> -> 6 HP bằng (boom/fire) -> [Chicoarun] <STEAM_1:0:952954061>
L 09/05/2026 - 20:51:24: [FF] [boviet666] <STEAM_1:0:963323015> -> 3 HP bằng (súng) -> [Holo 40k] <STEAM_1:1:925049770>
L 09/05/2026 - 20:51:24: [FF] [None :D] <STEAM_1:0:578030381> -> 8 HP bằng (boom/fire) -> [Chicoarun] <STEAM_1:0:952954061>
L 09/05/2026 - 20:51:24: [FF] [None :D] <STEAM_1:0:578030381> -> 9 HP bằng (boom/fire) -> [Chicoarun] <STEAM_1:0:952954061>
L 09/05/2026 - 20:51:24: [FF] [Holo 40k] <STEAM_1:1:925049770> -> 6 HP bằng (môi trường/khác) -> [Lê Hải] <STEAM_1:0:471595906>
L 09/05/2026 - 20:51:24: [FF] [Holo 40k] <STEAM_1:1:925049770> -> 6 HP bằng (môi trường/khác) -> [Lê Hải] <STEAM_1:0:471595906>
L 09/05/2026 - 20:51:24: [FF] [Holo 40k] <STEAM_1:1:925049770> -> 6 HP bằng (môi trường/khác) -> [Lê Hải] <STEAM_1:0:471595906>
L 09/05/2026 - 20:51:24: [FF] [Holo 40k] <STEAM_1:1:925049770> -> 6 HP bằng (môi trường/khác) -> [Lê Hải] <STEAM_1:0:471595906>
L 09/05/2026 - 20:51:24: [FF] [Holo 40k] <STEAM_1:1:925049770> -> 6 HP bằng (môi trường/khác) -> [Lê Hải] <STEAM_1:0:471595906>
L 09/05/2026 - 20:51:24: [FF] [Holo 40k] <STEAM_1:1:925049770> -> 6 HP bằng (môi trường/khác) -> [Lê Hải] <STEAM_1:0:471595906>
L 09/05/2026 - 20:51:24: [FF] [None :D] <STEAM_1:0:578030381> -> 2 HP bằng (boom/fire) -> [Chicoarun] <STEAM_1:0:952954061>
L 09/05/2026 - 20:51:25: [FF] [None :D] <STEAM_1:0:578030381> -> 14 HP bằng (boom/fire) -> [Chicoarun] <STEAM_1:0:952954061>
L 09/05/2026 - 20:51:25: [FF] [None :D] <STEAM_1:0:578030381> -> 3 HP bằng (boom/fire) -> [Chicoarun] <STEAM_1:0:952954061>
L 09/05/2026 - 20:51:25: [FF] [None :D] <STEAM_1:0:578030381> -> 3 HP bằng (boom/fire) -> [Chicoarun] <STEAM_1:0:952954061>
L 09/05/2026 - 20:51:25: [FF] [None :D] <STEAM_1:0:578030381> -> 3 HP bằng (boom/fire) -> [Chicoarun] <STEAM_1:0:952954061>
L 09/05/2026 - 20:51:26: [FF] [None :D] <STEAM_1:0:578030381> -> 16 HP bằng (boom/fire) -> [Rïçēz] <STEAM_1:1:558962692>
L 09/05/2026 - 20:51:26: [FF] [None :D] <STEAM_1:0:578030381> -> 16 HP bằng (boom/fire) -> [Rïçēz] <STEAM_1:1:558962692>
L 09/05/2026 - 20:51:27: [FF] [None :D] <STEAM_1:0:578030381> -> 16 HP bằng (boom/fire) -> [Rïçēz] <STEAM_1:1:558962692>
L 09/05/2026 - 20:51:27: [FF] [None :D] <STEAM_1:0:578030381> -> 16 HP bằng (boom/fire) -> [Rïçēz] <STEAM_1:1:558962692>
L 09/05/2026 - 20:51:29: [HẠ GỤC] Tank <BOT> đã hạ gục Lê Hải <STEAM_1:0:471595906> bằng (môi trường/khác)
L 09/05/2026 - 20:51:29: [FF] [None :D] <STEAM_1:0:578030381> -> 16 HP bằng (boom/fire) -> [Chicoarun] <STEAM_1:0:952954061>
L 09/05/2026 - 20:51:29: [FF] [None :D] <STEAM_1:0:578030381> -> 16 HP bằng (boom/fire) -> [Chicoarun] <STEAM_1:0:952954061>
L 09/05/2026 - 20:51:30: [HẠ GỤC] None :D <STEAM_1:0:578030381> đã hạ gục Chicoarun <STEAM_1:0:952954061> bằng (boom/fire)
L 09/05/2026 - 20:51:30: [FF] [None :D] <STEAM_1:0:578030381> -> 2 HP bằng (môi trường/khác) -> [Lê Hải] <STEAM_1:0:471595906>
L 09/05/2026 - 20:51:30: [FF] [None :D] <STEAM_1:0:578030381> -> 1 HP bằng (môi trường/khác) -> [Lê Hải] <STEAM_1:0:471595906>
L 09/05/2026 - 20:51:30: [FF] [None :D] <STEAM_1:0:578030381> -> 16 HP bằng (boom/fire) -> [Chicoarun] <STEAM_1:0:952954061>
L 09/05/2026 - 20:51:30: [FF] [None :D] <STEAM_1:0:578030381> -> 16 HP bằng (boom/fire) -> [Chicoarun] <STEAM_1:0:952954061>
L 09/05/2026 - 20:51:30: [FF] [None :D] <STEAM_1:0:578030381> -> 16 HP bằng (boom/fire) -> [Chicoarun] <STEAM_1:0:952954061>
L 09/05/2026 - 20:51:30: [FF] [None :D] <STEAM_1:0:578030381> -> 1 HP bằng (môi trường/khác) -> [Lê Hải] <STEAM_1:0:471595906>
L 09/05/2026 - 20:51:30: [FF] [None :D] <STEAM_1:0:578030381> -> 1 HP bằng (môi trường/khác) -> [Lê Hải] <STEAM_1:0:471595906>
L 09/05/2026 - 20:51:30: [FF] [None :D] <STEAM_1:0:578030381> -> 16 HP bằng (boom/fire) -> [Chicoarun] <STEAM_1:0:952954061>
L 09/05/2026 - 20:51:31: [FF] [None :D] <STEAM_1:0:578030381> -> 16 HP bằng (boom/fire) -> [Chicoarun] <STEAM_1:0:952954061>
L 09/05/2026 - 20:51:31: [FF] [None :D] <STEAM_1:0:578030381> -> 16 HP bằng (boom/fire) -> [Chicoarun] <STEAM_1:0:952954061>
L 09/05/2026 - 20:51:31: [FF] [None :D] <STEAM_1:0:578030381> -> 16 HP bằng (boom/fire) -> [Chicoarun] <STEAM_1:0:952954061>
L 09/05/2026 - 20:51:31: [FF] [None :D] <STEAM_1:0:578030381> -> 16 HP bằng (boom/fire) -> [Chicoarun] <STEAM_1:0:952954061>
L 09/05/2026 - 20:51:31: [FF] [None :D] <STEAM_1:0:578030381> -> 16 HP bằng (boom/fire) -> [Chicoarun] <STEAM_1:0:952954061>
L 09/05/2026 - 20:51:32: [FF] [None :D] <STEAM_1:0:578030381> -> 16 HP bằng (boom/fire) -> [Chicoarun] <STEAM_1:0:952954061>
L 09/05/2026 - 20:51:32: [FF] [None :D] <STEAM_1:0:578030381> -> 16 HP bằng (boom/fire) -> [Chicoarun] <STEAM_1:0:952954061>
L 09/05/2026 - 20:51:32: [FF] [None :D] <STEAM_1:0:578030381> -> 16 HP bằng (boom/fire) -> [Chicoarun] <STEAM_1:0:952954061>
L 09/05/2026 - 20:51:32: [FF] [None :D] <STEAM_1:0:578030381> -> 16 HP bằng (boom/fire) -> [Chicoarun] <STEAM_1:0:952954061>
L 09/05/2026 - 20:51:32: [FF] [None :D] <STEAM_1:0:578030381> -> 16 HP bằng (boom/fire) -> [Chicoarun] <STEAM_1:0:952954061>
L 09/05/2026 - 20:51:33: [FF] [None :D] <STEAM_1:0:578030381> -> 16 HP bằng (boom/fire) -> [Chicoarun] <STEAM_1:0:952954061>
L 09/05/2026 - 20:51:33: [FF] [None :D] <STEAM_1:0:578030381> -> 16 HP bằng (boom/fire) -> [Chicoarun] <STEAM_1:0:952954061>
L 09/05/2026 - 20:51:33: [FF] [None :D] <STEAM_1:0:578030381> -> 16 HP bằng (boom/fire) -> [Chicoarun] <STEAM_1:0:952954061>
L 09/05/2026 - 20:51:33: [FF] [None :D] <STEAM_1:0:578030381> -> 16 HP bằng (boom/fire) -> [Chicoarun] <STEAM_1:0:952954061>
L 09/05/2026 - 20:51:33: [FF] [None :D] <STEAM_1:0:578030381> -> 16 HP bằng (boom/fire) -> [Chicoarun] <STEAM_1:0:952954061>
L 09/05/2026 - 20:51:34: [FF] [None :D] <STEAM_1:0:578030381> -> 16 HP bằng (boom/fire) -> [Chicoarun] <STEAM_1:0:952954061>
L 09/05/2026 - 20:51:34: [FF] [None :D] <STEAM_1:0:578030381> -> 16 HP bằng (boom/fire) -> [Chicoarun] <STEAM_1:0:952954061>
L 09/05/2026 - 20:51:34: [FF] [None :D] <STEAM_1:0:578030381> -> 16 HP bằng (boom/fire) -> [Chicoarun] <STEAM_1:0:952954061>
L 09/05/2026 - 20:51:34: [FF] [None :D] <STEAM_1:0:578030381> -> 16 HP bằng (boom/fire) -> [Chicoarun] <STEAM_1:0:952954061>
L 09/05/2026 - 20:51:34: [FF] [None :D] <STEAM_1:0:578030381> -> 16 HP bằng (boom/fire) -> [Chicoarun] <STEAM_1:0:952954061>
L 09/05/2026 - 20:51:36: [FF] [None :D] <STEAM_1:0:578030381> -> 16 HP bằng (boom/fire) -> [Lê Hải] <STEAM_1:0:471595906>
L 09/05/2026 - 20:51:36: [FF] [None :D] <STEAM_1:0:578030381> -> 16 HP bằng (boom/fire) -> [Lê Hải] <STEAM_1:0:471595906>
L 09/05/2026 - 20:51:36: [FF] [None :D] <STEAM_1:0:578030381> -> 16 HP bằng (boom/fire) -> [Lê Hải] <STEAM_1:0:471595906>
L 09/05/2026 - 20:51:36: [FF] [None :D] <STEAM_1:0:578030381> -> 16 HP bằng (boom/fire) -> [Lê Hải] <STEAM_1:0:471595906>
L 09/05/2026 - 20:51:37: [FF] [None :D] <STEAM_1:0:578030381> -> 16 HP bằng (boom/fire) -> [Chicoarun] <STEAM_1:0:952954061>
L 09/05/2026 - 20:51:37: [FF] [None :D] <STEAM_1:0:578030381> -> 16 HP bằng (boom/fire) -> [Chicoarun] <STEAM_1:0:952954061>
L 09/05/2026 - 20:51:38: [FF] [None :D] <STEAM_1:0:578030381> -> 16 HP bằng (boom/fire) -> [Chicoarun] <STEAM_1:0:952954061>
L 09/05/2026 - 20:51:38: [FF] [None :D] <STEAM_1:0:578030381> -> 16 HP bằng (boom/fire) -> [Chicoarun] <STEAM_1:0:952954061>
L 09/05/2026 - 20:51:49: [FF] [KeroN] <STEAM_1:1:161759963> -> 6 HP bằng (súng) -> [Curren Bouquetd'or] <STEAM_1:1:524205977>
L 09/05/2026 - 20:51:49: [FF] [KeroN] <STEAM_1:1:161759963> -> 5 HP bằng (súng) -> [Curren Bouquetd'or] <STEAM_1:1:524205977>
L 09/05/2026 - 20:51:49: [FF] [KeroN] <STEAM_1:1:161759963> -> 5 HP bằng (súng) -> [Curren Bouquetd'or] <STEAM_1:1:524205977>
L 09/05/2026 - 20:51:50: [FF] [Holo 40k] <STEAM_1:1:925049770> -> 1 HP bằng (môi trường/khác) -> [Chicoarun] <STEAM_1:0:952954061>
L 09/05/2026 - 20:51:50: [FF] [Holo 40k] <STEAM_1:1:925049770> -> 1 HP bằng (môi trường/khác) -> [Chicoarun] <STEAM_1:0:952954061>
L 09/05/2026 - 20:51:50: [FF] [Holo 40k] <STEAM_1:1:925049770> -> 1 HP bằng (môi trường/khác) -> [Chicoarun] <STEAM_1:0:952954061>
L 09/05/2026 - 20:51:50: [FF] [Holo 40k] <STEAM_1:1:925049770> -> 1 HP bằng (môi trường/khác) -> [Chicoarun] <STEAM_1:0:952954061>
L 09/05/2026 - 20:51:50: [FF] [Holo 40k] <STEAM_1:1:925049770> -> 1 HP bằng (môi trường/khác) -> [Chicoarun] <STEAM_1:0:952954061>
L 09/05/2026 - 20:51:50: [FF] [Holo 40k] <STEAM_1:1:925049770> -> 1 HP bằng (môi trường/khác) -> [Chicoarun] <STEAM_1:0:952954061>
L 09/05/2026 - 20:51:50: [FF] [Holo 40k] <STEAM_1:1:925049770> -> 1 HP bằng (môi trường/khác) -> [Chicoarun] <STEAM_1:0:952954061>
L 09/05/2026 - 20:51:50: [FF] [Holo 40k] <STEAM_1:1:925049770> -> 1 HP bằng (môi trường/khác) -> [Chicoarun] <STEAM_1:0:952954061>
L 09/05/2026 - 20:51:50: [FF] [Holo 40k] <STEAM_1:1:925049770> -> 1 HP bằng (môi trường/khác) -> [Chicoarun] <STEAM_1:0:952954061>
L 09/05/2026 - 20:51:50: [KILL] Holo 40k <STEAM_1:1:925049770> đã giết Chicoarun <STEAM_1:0:952954061> bằng (môi trường/khác)
L 09/05/2026 - 20:51:52: [HẠ GỤC] Tank <BOT> đã hạ gục Holo 40k <STEAM_1:1:925049770> bằng (môi trường/khác)
L 09/05/2026 - 20:51:53: [FF] [boviet666] <STEAM_1:0:963323015> -> 3 HP bằng (súng) -> [nikola25645] <STEAM_1:1:782248349>
L 09/05/2026 - 20:51:53: [FF] [boviet666] <STEAM_1:0:963323015> -> 3 HP bằng (súng) -> [nikola25645] <STEAM_1:1:782248349>
L 09/05/2026 - 20:51:53: [FF] [boviet666] <STEAM_1:0:963323015> -> 3 HP bằng (súng) -> [nikola25645] <STEAM_1:1:782248349>
L 09/05/2026 - 20:51:53: [HẠ GỤC] Tank <BOT> đã hạ gục Rïçēz <STEAM_1:1:558962692> bằng (môi trường/khác)
L 09/05/2026 - 20:52:03: [FF] [None :D] <STEAM_1:0:578030381> -> 1 HP bằng (môi trường/khác) -> [Holo 40k] <STEAM_1:1:925049770>
L 09/05/2026 - 20:52:04: [FF] [None :D] <STEAM_1:0:578030381> -> 15 HP bằng (môi trường/khác) -> [chimxanh] <STEAM_1:1:626078671>
L 09/05/2026 - 20:52:04: [FF] [None :D] <STEAM_1:0:578030381> -> 1 HP bằng (môi trường/khác) -> [chimxanh] <STEAM_1:1:626078671>
L 09/05/2026 - 20:52:04: [FF] [None :D] <STEAM_1:0:578030381> -> 1 HP bằng (môi trường/khác) -> [KeroN] <STEAM_1:1:161759963>
L 09/05/2026 - 20:52:05: [FF] [Holo 40k] <STEAM_1:1:925049770> -> 6 HP bằng (môi trường/khác) -> [Rïçēz] <STEAM_1:1:558962692>
L 09/05/2026 - 20:52:05: [FF] [Holo 40k] <STEAM_1:1:925049770> -> 6 HP bằng (môi trường/khác) -> [Rïçēz] <STEAM_1:1:558962692>
L 09/05/2026 - 20:52:05: [FF] [Holo 40k] <STEAM_1:1:925049770> -> 6 HP bằng (môi trường/khác) -> [Bảo Nguyên] <STEAM_1:0:218160880>
L 09/05/2026 - 20:52:05: [FF] [Holo 40k] <STEAM_1:1:925049770> -> 6 HP bằng (môi trường/khác) -> [Rïçēz] <STEAM_1:1:558962692>
L 09/05/2026 - 20:52:05: [FF] [Holo 40k] <STEAM_1:1:925049770> -> 6 HP bằng (môi trường/khác) -> [Bảo Nguyên] <STEAM_1:0:218160880>
L 09/05/2026 - 20:52:22: [HẠ GỤC] chimxanh <STEAM_1:1:626078671> đã hạ gục boviet666 <STEAM_1:0:963323015> bằng (boom/fire)
L 09/05/2026 - 20:52:22: [FF] [Lê Hải] <STEAM_1:0:471595906> -> 45 HP bằng (boom/fire) -> [KeroN] <STEAM_1:1:161759963>
L 09/05/2026 - 20:52:23: [FF] [None :D] <STEAM_1:0:578030381> -> 3 HP bằng (môi trường/khác) -> [Curren Bouquetd'or] <STEAM_1:1:524205977>
L 09/05/2026 - 20:52:23: [FF] [None :D] <STEAM_1:0:578030381> -> 1 HP bằng (môi trường/khác) -> [Curren Bouquetd'or] <STEAM_1:1:524205977>
L 09/05/2026 - 20:52:23: [FF] [None :D] <STEAM_1:0:578030381> -> 1 HP bằng (môi trường/khác) -> [nikola25645] <STEAM_1:1:782248349>
L 09/05/2026 - 20:52:24: [FF] [None :D] <STEAM_1:0:578030381> -> 1 HP bằng (môi trường/khác) -> [boviet666] <STEAM_1:0:963323015>
L 09/05/2026 - 20:52:24: [FF] [None :D] <STEAM_1:0:578030381> -> 1 HP bằng (môi trường/khác) -> [Curren Bouquetd'or] <STEAM_1:1:524205977>
L 09/05/2026 - 20:52:27: [HẠ GỤC] Tank <BOT> đã hạ gục Curren Bouquetd'or <STEAM_1:1:524205977> bằng (môi trường/khác)
L 09/05/2026 - 20:52:35: [FF] [boviet666] <STEAM_1:0:963323015> -> 4 HP bằng (súng) -> [Rïçēz] <STEAM_1:1:558962692>
L 09/05/2026 - 20:52:35: [FF] [boviet666] <STEAM_1:0:963323015> -> 4 HP bằng (súng) -> [Rïçēz] <STEAM_1:1:558962692>
L 09/05/2026 - 20:52:35: [FF] [boviet666] <STEAM_1:0:963323015> -> 4 HP bằng (súng) -> [Rïçēz] <STEAM_1:1:558962692>
L 09/05/2026 - 20:52:42: [FF] [KeroN] <STEAM_1:1:161759963> -> 9 HP bằng (súng) -> [Lê Hải] <STEAM_1:0:471595906>
L 09/05/2026 - 20:52:44: [HẠ GỤC] Tank <BOT> đã hạ gục None :D <STEAM_1:0:578030381> bằng (môi trường/khác)
L 09/05/2026 - 20:52:44: [FF] [KeroN] <STEAM_1:1:161759963> -> 9 HP bằng (súng) -> [Lê Hải] <STEAM_1:0:471595906>
L 09/05/2026 - 20:52:44: [FF] [KeroN] <STEAM_1:1:161759963> -> 9 HP bằng (súng) -> [Lê Hải] <STEAM_1:0:471595906>
L 09/05/2026 - 20:52:45: [HẠ GỤC] boviet666 <STEAM_1:0:963323015> đã hạ gục Bảo Nguyên <STEAM_1:0:218160880> bằng (súng)
L 09/05/2026 - 20:52:45: [FF] [boviet666] <STEAM_1:0:963323015> -> 3 HP bằng (súng) -> [Bảo Nguyên] <STEAM_1:0:218160880>
L 09/05/2026 - 20:52:45: [FF] [boviet666] <STEAM_1:0:963323015> -> 3 HP bằng (súng) -> [Bảo Nguyên] <STEAM_1:0:218160880>
L 09/05/2026 - 20:52:51: [KILL] Tank <BOT> đã giết boviet666 <STEAM_1:0:963323015> bằng (môi trường/khác)
L 09/05/2026 - 20:52:51: [FF] [KeroN] <STEAM_1:1:161759963> -> 5 HP bằng (súng) -> [Rïçēz] <STEAM_1:1:558962692>
L 09/05/2026 - 20:52:52: [FF] [KeroN] <STEAM_1:1:161759963> -> 9 HP bằng (súng) -> [Lê Hải] <STEAM_1:0:471595906>
L 09/05/2026 - 20:52:52: [FF] [KeroN] <STEAM_1:1:161759963> -> 6 HP bằng (súng) -> [Lê Hải] <STEAM_1:0:471595906>
L 09/05/2026 - 20:53:05: [HẠ GỤC] Tank <BOT> đã hạ gục Holo 40k <STEAM_1:1:925049770> bằng (môi trường/khác)
L 09/05/2026 - 20:53:12: [FF] [Rïçēz] <STEAM_1:1:558962692> -> 31 HP bằng (súng) -> [chimxanh] <STEAM_1:1:626078671>
L 09/05/2026 - 20:53:13: [HẠ GỤC] Tank <BOT> đã hạ gục Chicoarun <STEAM_1:0:952954061> bằng (môi trường/khác)
L 09/05/2026 - 20:53:15: [FF] [Rïçēz] <STEAM_1:1:558962692> -> 22 HP bằng (súng) -> [Nick] <BOT>
L 09/05/2026 - 20:53:18: [FF] [KeroN] <STEAM_1:1:161759963> -> 22 HP bằng (boom/fire) -> [Rïçēz] <STEAM_1:1:558962692>
L 09/05/2026 - 20:53:26: [HẠ GỤC] Tank <BOT> đã hạ gục nikola25645 <STEAM_1:1:782248349> bằng (môi trường/khác)
L 09/05/2026 - 20:53:27: [FF] [chimxanh] <STEAM_1:1:626078671> -> 15 HP bằng (súng) -> [Bảo Nguyên] <STEAM_1:0:218160880>
L 09/05/2026 - 20:53:31: [HẠ GỤC] Tank <BOT> đã hạ gục Nick <BOT> bằng (môi trường/khác)
L 09/05/2026 - 20:53:40: [FF] [Chicoarun] <STEAM_1:0:952954061> -> 6 HP bằng (môi trường/khác) -> [Rïçēz] <STEAM_1:1:558962692>
L 09/05/2026 - 20:53:40: [FF] [Chicoarun] <STEAM_1:0:952954061> -> 6 HP bằng (môi trường/khác) -> [Rïçēz] <STEAM_1:1:558962692>
L 09/05/2026 - 20:53:40: [FF] [Chicoarun] <STEAM_1:0:952954061> -> 6 HP bằng (môi trường/khác) -> [Rïçēz] <STEAM_1:1:558962692>
L 09/05/2026 - 20:53:43: [HẠ GỤC] Tank <BOT> đã hạ gục Chicoarun <STEAM_1:0:952954061> bằng (môi trường/khác)
L 09/05/2026 - 20:53:54: [FF] [Holo 40k] <STEAM_1:1:925049770> -> 6 HP bằng (môi trường/khác) -> [chimxanh] <STEAM_1:1:626078671>
L 09/05/2026 - 20:53:54: [FF] [Holo 40k] <STEAM_1:1:925049770> -> 6 HP bằng (môi trường/khác) -> [chimxanh] <STEAM_1:1:626078671>
L 09/05/2026 - 20:53:54: [HẠ GỤC] Zombie/Witch/Môi trường <N/A> đã hạ gục chimxanh <STEAM_1:1:626078671> bằng (môi trường/khác)
L 09/05/2026 - 20:53:55: [FF] [Holo 40k] <STEAM_1:1:925049770> -> 6 HP bằng (môi trường/khác) -> [chimxanh] <STEAM_1:1:626078671>
L 09/05/2026 - 20:53:55: [FF] [Holo 40k] <STEAM_1:1:925049770> -> 6 HP bằng (môi trường/khác) -> [chimxanh] <STEAM_1:1:626078671>
L 09/05/2026 - 20:53:55: [FF] [Holo 40k] <STEAM_1:1:925049770> -> 6 HP bằng (môi trường/khác) -> [chimxanh] <STEAM_1:1:626078671>
L 09/05/2026 - 20:53:55: [HẠ GỤC] Tank <BOT> đã hạ gục Holo 40k <STEAM_1:1:925049770> bằng (môi trường/khác)
L 09/05/2026 - 20:53:57: [FF] [KeroN] <STEAM_1:1:161759963> -> 22 HP bằng (súng) -> [Curren Bouquetd'or] <STEAM_1:1:524205977>
L 09/05/2026 - 20:53:57: [FF] [Chicoarun] <STEAM_1:0:952954061> -> 3 HP bằng (súng) -> [Lê Hải] <STEAM_1:0:471595906>
L 09/05/2026 - 20:54:06: [FF] [Chicoarun] <STEAM_1:0:952954061> -> 3 HP bằng (súng) -> [Holo 40k] <STEAM_1:1:925049770>
L 09/05/2026 - 20:54:06: [FF] [Chicoarun] <STEAM_1:0:952954061> -> 3 HP bằng (súng) -> [Holo 40k] <STEAM_1:1:925049770>
L 09/05/2026 - 20:54:12: [FF] [chimxanh] <STEAM_1:1:626078671> -> 11 HP bằng (súng) -> [Holo 40k] <STEAM_1:1:925049770>
L 09/05/2026 - 20:54:26: [HẠ GỤC] Jockey <BOT> đã hạ gục Bảo Nguyên <STEAM_1:0:218160880> bằng (zombie cào/đấm)
L 09/05/2026 - 20:54:28: [FF] [Curren Bouquetd'or] <STEAM_1:1:524205977> -> 5 HP bằng (súng) -> [Chicoarun] <STEAM_1:0:952954061>
L 09/05/2026 - 20:54:36: [HẠ GỤC] Jockey <BOT> đã hạ gục Nick <BOT> bằng (zombie cào/đấm)
L 09/05/2026 - 20:54:38: [FF] [chimxanh] <STEAM_1:1:626078671> -> 15 HP bằng (súng) -> [Holo 40k] <STEAM_1:1:925049770>
L 09/05/2026 - 20:54:38: [FF] [chimxanh] <STEAM_1:1:626078671> -> 15 HP bằng (súng) -> [Holo 40k] <STEAM_1:1:925049770>
L 09/05/2026 - 20:54:38: [FF] [None :D] <STEAM_1:0:578030381> -> 1 HP bằng (môi trường/khác) -> [Holo 40k] <STEAM_1:1:925049770>
L 09/05/2026 - 20:54:39: [FF] [None :D] <STEAM_1:0:578030381> -> 1 HP bằng (môi trường/khác) -> [Holo 40k] <STEAM_1:1:925049770>
L 09/05/2026 - 20:54:44: [FF] [None :D] <STEAM_1:0:578030381> -> 1 HP bằng (môi trường/khác) -> [Holo 40k] <STEAM_1:1:925049770>
L 09/05/2026 - 20:54:52: [HẠ GỤC] Tank <BOT> đã hạ gục nikola25645 <STEAM_1:1:782248349> bằng (môi trường/khác)
L 09/05/2026 - 20:54:54: [HẠ GỤC] Tank <BOT> đã hạ gục boviet666 <STEAM_1:0:963323015> bằng (môi trường/khác)
L 09/05/2026 - 20:54:59: [HẠ GỤC] Tank <BOT> đã hạ gục Curren Bouquetd'or <STEAM_1:1:524205977> bằng (môi trường/khác)
L 09/05/2026 - 20:55:02: [KILL] Tank <BOT> đã giết Bảo Nguyên <STEAM_1:0:218160880> bằng (môi trường/khác)
L 09/05/2026 - 20:55:06: [KILL] Zombie/Witch/Môi trường <N/A> đã giết Curren Bouquetd'or <STEAM_1:1:524205977> bằng (boom/fire)
L 09/05/2026 - 20:55:07: [FF] [Chicoarun] <STEAM_1:0:952954061> -> 3 HP bằng (súng) -> [Rïçēz] <STEAM_1:1:558962692>
L 09/05/2026 - 20:55:07: [FF] [Chicoarun] <STEAM_1:0:952954061> -> 3 HP bằng (súng) -> [Rïçēz] <STEAM_1:1:558962692>
L 09/05/2026 - 20:55:07: [FF] [Chicoarun] <STEAM_1:0:952954061> -> 3 HP bằng (súng) -> [Rïçēz] <STEAM_1:1:558962692>
L 09/05/2026 - 20:55:07: [FF] [Chicoarun] <STEAM_1:0:952954061> -> 3 HP bằng (súng) -> [Rïçēz] <STEAM_1:1:558962692>
L 09/05/2026 - 20:55:07: [FF] [Chicoarun] <STEAM_1:0:952954061> -> 3 HP bằng (súng) -> [Rïçēz] <STEAM_1:1:558962692>
L 09/05/2026 - 20:55:07: [FF] [Chicoarun] <STEAM_1:0:952954061> -> 3 HP bằng (súng) -> [Rïçēz] <STEAM_1:1:558962692>
L 09/05/2026 - 20:55:07: [FF] [Chicoarun] <STEAM_1:0:952954061> -> 3 HP bằng (súng) -> [Rïçēz] <STEAM_1:1:558962692>
L 09/05/2026 - 20:55:07: [FF] [Chicoarun] <STEAM_1:0:952954061> -> 3 HP bằng (súng) -> [Rïçēz] <STEAM_1:1:558962692>
L 09/05/2026 - 20:55:07: [FF] [Chicoarun] <STEAM_1:0:952954061> -> 3 HP bằng (súng) -> [Rïçēz] <STEAM_1:1:558962692>
L 09/05/2026 - 20:55:07: [FF] [Chicoarun] <STEAM_1:0:952954061> -> 3 HP bằng (súng) -> [Rïçēz] <STEAM_1:1:558962692>
L 09/05/2026 - 20:55:07: [FF] [Chicoarun] <STEAM_1:0:952954061> -> 3 HP bằng (súng) -> [Rïçēz] <STEAM_1:1:558962692>
L 09/05/2026 - 20:55:08: [FF] [None :D] <STEAM_1:0:578030381> -> 25 HP bằng (melee) -> [Lê Hải] <STEAM_1:0:471595906>
L 09/05/2026 - 20:55:08: [HẠ GỤC] Hunter <BOT> đã hạ gục Lê Hải <STEAM_1:0:471595906> bằng (zombie cào/đấm)
L 09/05/2026 - 20:55:09: [FF] [Chicoarun] <STEAM_1:0:952954061> -> 3 HP bằng (súng) -> [None :D] <STEAM_1:0:578030381>
L 09/05/2026 - 20:55:09: [FF] [Chicoarun] <STEAM_1:0:952954061> -> 3 HP bằng (súng) -> [None :D] <STEAM_1:0:578030381>
L 09/05/2026 - 20:55:09: [FF] [Chicoarun] <STEAM_1:0:952954061> -> 3 HP bằng (súng) -> [None :D] <STEAM_1:0:578030381>
L 09/05/2026 - 20:55:09: [FF] [Chicoarun] <STEAM_1:0:952954061> -> 3 HP bằng (súng) -> [None :D] <STEAM_1:0:578030381>
L 09/05/2026 - 20:55:09: [FF] [Chicoarun] <STEAM_1:0:952954061> -> 3 HP bằng (súng) -> [None :D] <STEAM_1:0:578030381>
L 09/05/2026 - 20:55:09: [FF] [Chicoarun] <STEAM_1:0:952954061> -> 3 HP bằng (súng) -> [None :D] <STEAM_1:0:578030381>
L 09/05/2026 - 20:55:12: [FF] [None :D] <STEAM_1:0:578030381> -> 5 HP bằng (melee) -> [Lê Hải] <STEAM_1:0:471595906>
L 09/05/2026 - 20:55:18: [FF] [nikola25645] <STEAM_1:1:782248349> -> 2 HP bằng (boom/fire) -> [boviet666] <STEAM_1:0:963323015>
L 09/05/2026 - 20:55:20: [FF] [nikola25645] <STEAM_1:1:782248349> -> 16 HP bằng (boom/fire) -> [boviet666] <STEAM_1:0:963323015>
L 09/05/2026 - 20:55:20: [HẠ GỤC] nikola25645 <STEAM_1:1:782248349> đã hạ gục boviet666 <STEAM_1:0:963323015> bằng (boom/fire)
L 09/05/2026 - 20:55:21: [FF] [nikola25645] <STEAM_1:1:782248349> -> 16 HP bằng (boom/fire) -> [boviet666] <STEAM_1:0:963323015>
L 09/05/2026 - 20:55:21: [FF] [nikola25645] <STEAM_1:1:782248349> -> 16 HP bằng (boom/fire) -> [boviet666] <STEAM_1:0:963323015>
L 09/05/2026 - 20:55:21: [FF] [nikola25645] <STEAM_1:1:782248349> -> 16 HP bằng (boom/fire) -> [boviet666] <STEAM_1:0:963323015>
L 09/05/2026 - 20:55:21: [FF] [nikola25645] <STEAM_1:1:782248349> -> 16 HP bằng (boom/fire) -> [boviet666] <STEAM_1:0:963323015>
L 09/05/2026 - 20:55:22: [FF] [nikola25645] <STEAM_1:1:782248349> -> 16 HP bằng (boom/fire) -> [boviet666] <STEAM_1:0:963323015>
L 09/05/2026 - 20:55:22: [FF] [nikola25645] <STEAM_1:1:782248349> -> 16 HP bằng (boom/fire) -> [boviet666] <STEAM_1:0:963323015>
L 09/05/2026 - 20:55:22: [FF] [nikola25645] <STEAM_1:1:782248349> -> 16 HP bằng (boom/fire) -> [boviet666] <STEAM_1:0:963323015>
L 09/05/2026 - 20:55:22: [FF] [nikola25645] <STEAM_1:1:782248349> -> 7 HP bằng (melee) -> [boviet666] <STEAM_1:0:963323015>
L 09/05/2026 - 20:55:22: [FF] [nikola25645] <STEAM_1:1:782248349> -> 16 HP bằng (boom/fire) -> [boviet666] <STEAM_1:0:963323015>
L 09/05/2026 - 20:55:23: [FF] [nikola25645] <STEAM_1:1:782248349> -> 16 HP bằng (boom/fire) -> [boviet666] <STEAM_1:0:963323015>
L 09/05/2026 - 20:55:23: [FF] [nikola25645] <STEAM_1:1:782248349> -> 16 HP bằng (boom/fire) -> [boviet666] <STEAM_1:0:963323015>
L 09/05/2026 - 20:55:23: [FF] [nikola25645] <STEAM_1:1:782248349> -> 16 HP bằng (boom/fire) -> [boviet666] <STEAM_1:0:963323015>
L 09/05/2026 - 20:55:23: [FF] [nikola25645] <STEAM_1:1:782248349> -> 16 HP bằng (boom/fire) -> [boviet666] <STEAM_1:0:963323015>
L 09/05/2026 - 20:55:24: [FF] [nikola25645] <STEAM_1:1:782248349> -> 16 HP bằng (boom/fire) -> [boviet666] <STEAM_1:0:963323015>
L 09/05/2026 - 20:55:24: [FF] [nikola25645] <STEAM_1:1:782248349> -> 16 HP bằng (boom/fire) -> [boviet666] <STEAM_1:0:963323015>
L 09/05/2026 - 20:55:24: [FF] [nikola25645] <STEAM_1:1:782248349> -> 16 HP bằng (boom/fire) -> [boviet666] <STEAM_1:0:963323015>
L 09/05/2026 - 20:55:28: [FF] [nikola25645] <STEAM_1:1:782248349> -> 16 HP bằng (boom/fire) -> [Chicoarun] <STEAM_1:0:952954061>
L 09/05/2026 - 20:55:28: [FF] [nikola25645] <STEAM_1:1:782248349> -> 16 HP bằng (boom/fire) -> [Chicoarun] <STEAM_1:0:952954061>
L 09/05/2026 - 20:55:28: [FF] [nikola25645] <STEAM_1:1:782248349> -> 16 HP bằng (boom/fire) -> [Chicoarun] <STEAM_1:0:952954061>
L 09/05/2026 - 20:55:29: [FF] [nikola25645] <STEAM_1:1:782248349> -> 16 HP bằng (boom/fire) -> [Chicoarun] <STEAM_1:0:952954061>
L 09/05/2026 - 20:55:29: [FF] [nikola25645] <STEAM_1:1:782248349> -> 16 HP bằng (boom/fire) -> [Chicoarun] <STEAM_1:0:952954061>
L 09/05/2026 - 20:55:29: [FF] [nikola25645] <STEAM_1:1:782248349> -> 16 HP bằng (boom/fire) -> [Chicoarun] <STEAM_1:0:952954061>
L 09/05/2026 - 20:55:29: [FF] [nikola25645] <STEAM_1:1:782248349> -> 16 HP bằng (boom/fire) -> [Rïçēz] <STEAM_1:1:558962692>
L 09/05/2026 - 20:55:30: [FF] [nikola25645] <STEAM_1:1:782248349> -> 16 HP bằng (boom/fire) -> [Rïçēz] <STEAM_1:1:558962692>
L 09/05/2026 - 20:55:32: [FF] [nikola25645] <STEAM_1:1:782248349> -> 16 HP bằng (boom/fire) -> [boviet666] <STEAM_1:0:963323015>
L 09/05/2026 - 20:55:32: [FF] [nikola25645] <STEAM_1:1:782248349> -> 16 HP bằng (boom/fire) -> [boviet666] <STEAM_1:0:963323015>
L 09/05/2026 - 20:55:32: [FF] [nikola25645] <STEAM_1:1:782248349> -> 16 HP bằng (boom/fire) -> [boviet666] <STEAM_1:0:963323015>
L 09/05/2026 - 20:55:36: [FF] [Chicoarun] <STEAM_1:0:952954061> -> 4 HP bằng (môi trường/khác) -> [nikola25645] <STEAM_1:1:782248349>
L 09/05/2026 - 20:55:36: [FF] [Chicoarun] <STEAM_1:0:952954061> -> 1 HP bằng (môi trường/khác) -> [nikola25645] <STEAM_1:1:782248349>
L 09/05/2026 - 20:55:37: [FF] [boviet666] <STEAM_1:0:963323015> -> 1 HP bằng (môi trường/khác) -> [Lê Hải] <STEAM_1:0:471595906>
L 09/05/2026 - 20:55:40: [FF] [Chicoarun] <STEAM_1:0:952954061> -> 3 HP bằng (môi trường/khác) -> [nikola25645] <STEAM_1:1:782248349>
L 09/05/2026 - 20:55:40: [FF] [Chicoarun] <STEAM_1:0:952954061> -> 1 HP bằng (môi trường/khác) -> [nikola25645] <STEAM_1:1:782248349>
L 09/05/2026 - 20:55:43: [FF] [KeroN] <STEAM_1:1:161759963> -> 11 HP bằng (súng) -> [Rïçēz] <STEAM_1:1:558962692>
L 09/05/2026 - 20:55:43: [FF] [KeroN] <STEAM_1:1:161759963> -> 11 HP bằng (súng) -> [Rïçēz] <STEAM_1:1:558962692>
L 09/05/2026 - 20:55:44: [FF] [KeroN] <STEAM_1:1:161759963> -> 22 HP bằng (súng) -> [Rïçēz] <STEAM_1:1:558962692>
L 09/05/2026 - 20:55:44: [HẠ GỤC] Zombie/Witch/Môi trường <N/A> đã hạ gục Rïçēz <STEAM_1:1:558962692> bằng (môi trường/khác)
L 09/05/2026 - 20:55:46: [FF] [KeroN] <STEAM_1:1:161759963> -> 15 HP bằng (súng) -> [Nick] <BOT>
L 09/05/2026 - 20:55:50: [FF] [KeroN] <STEAM_1:1:161759963> -> 7 HP bằng (melee) -> [Nick] <BOT>
L 09/05/2026 - 20:55:52: [FF] [boviet666] <STEAM_1:0:963323015> -> 1 HP bằng (môi trường/khác) -> [Rïçēz] <STEAM_1:1:558962692>
L 09/05/2026 - 20:55:54: [FF] [boviet666] <STEAM_1:0:963323015> -> 3 HP bằng (môi trường/khác) -> [KeroN] <STEAM_1:1:161759963>
L 09/05/2026 - 20:55:54: [FF] [boviet666] <STEAM_1:0:963323015> -> 1 HP bằng (môi trường/khác) -> [Nick] <BOT>
L 09/05/2026 - 20:55:54: [FF] [boviet666] <STEAM_1:0:963323015> -> 1 HP bằng (môi trường/khác) -> [Rïçēz] <STEAM_1:1:558962692>
L 09/05/2026 - 20:55:54: [FF] [boviet666] <STEAM_1:0:963323015> -> 1 HP bằng (môi trường/khác) -> [KeroN] <STEAM_1:1:161759963>
L 09/05/2026 - 20:56:02: [FF] [chimxanh] <STEAM_1:1:626078671> -> 22 HP bằng (súng) -> [KeroN] <STEAM_1:1:161759963>
L 09/05/2026 - 20:56:03: [FF] [Lê Hải] <STEAM_1:0:471595906> -> 1 HP bằng (môi trường/khác) -> [Chicoarun] <STEAM_1:0:952954061>
L 09/05/2026 - 20:56:03: [FF] [Lê Hải] <STEAM_1:0:471595906> -> 1 HP bằng (môi trường/khác) -> [Rïçēz] <STEAM_1:1:558962692>
L 09/05/2026 - 20:56:06: [HẠ GỤC] Zombie/Witch/Môi trường <N/A> đã hạ gục Nick <BOT> bằng (môi trường/khác)
L 09/05/2026 - 20:56:09: [FF] [Chicoarun] <STEAM_1:0:952954061> -> 1 HP bằng (môi trường/khác) -> [nikola25645] <STEAM_1:1:782248349>
L 09/05/2026 - 20:56:10: [FF] [Chicoarun] <STEAM_1:0:952954061> -> 1 HP bằng (môi trường/khác) -> [nikola25645] <STEAM_1:1:782248349>
L 09/05/2026 - 20:56:11: [HẠ GỤC] Spitter Bot <BOT> đã hạ gục nikola25645 <STEAM_1:1:782248349> bằng (môi trường/khác)
L 09/05/2026 - 20:56:14: [FF] [Chicoarun] <STEAM_1:0:952954061> -> 1 HP bằng (môi trường/khác) -> [nikola25645] <STEAM_1:1:782248349>
L 09/05/2026 - 20:56:14: [FF] [Chicoarun] <STEAM_1:0:952954061> -> 1 HP bằng (môi trường/khác) -> [Bảo Nguyên] <STEAM_1:0:218160880>
L 09/05/2026 - 20:56:19: [HẠ GỤC] Zombie/Witch/Môi trường <N/A> đã hạ gục Chicoarun <STEAM_1:0:952954061> bằng (môi trường/khác)
L 09/05/2026 - 20:56:26: [FF] [boviet666] <STEAM_1:0:963323015> -> 16 HP bằng (boom/fire) -> [Chicoarun] <STEAM_1:0:952954061>
L 09/05/2026 - 20:56:26: [FF] [boviet666] <STEAM_1:0:963323015> -> 16 HP bằng (boom/fire) -> [Chicoarun] <STEAM_1:0:952954061>
L 09/05/2026 - 20:56:26: [FF] [boviet666] <STEAM_1:0:963323015> -> 16 HP bằng (boom/fire) -> [Chicoarun] <STEAM_1:0:952954061>
L 09/05/2026 - 20:56:27: [FF] [boviet666] <STEAM_1:0:963323015> -> 16 HP bằng (boom/fire) -> [Chicoarun] <STEAM_1:0:952954061>
L 09/05/2026 - 20:56:27: [FF] [boviet666] <STEAM_1:0:963323015> -> 16 HP bằng (boom/fire) -> [Chicoarun] <STEAM_1:0:952954061>
L 09/05/2026 - 20:56:27: [HẠ GỤC] boviet666 <STEAM_1:0:963323015> đã hạ gục Chicoarun <STEAM_1:0:952954061> bằng (boom/fire)
L 09/05/2026 - 20:56:27: [FF] [boviet666] <STEAM_1:0:963323015> -> 16 HP bằng (boom/fire) -> [Chicoarun] <STEAM_1:0:952954061>
L 09/05/2026 - 20:56:28: [FF] [boviet666] <STEAM_1:0:963323015> -> 16 HP bằng (boom/fire) -> [Chicoarun] <STEAM_1:0:952954061>
L 09/05/2026 - 20:56:28: [FF] [boviet666] <STEAM_1:0:963323015> -> 16 HP bằng (boom/fire) -> [Chicoarun] <STEAM_1:0:952954061>
L 09/05/2026 - 20:56:28: [FF] [boviet666] <STEAM_1:0:963323015> -> 16 HP bằng (boom/fire) -> [Chicoarun] <STEAM_1:0:952954061>
L 09/05/2026 - 20:56:28: [FF] [boviet666] <STEAM_1:0:963323015> -> 16 HP bằng (boom/fire) -> [Chicoarun] <STEAM_1:0:952954061>
L 09/05/2026 - 20:56:29: [FF] [boviet666] <STEAM_1:0:963323015> -> 16 HP bằng (boom/fire) -> [Chicoarun] <STEAM_1:0:952954061>
L 09/05/2026 - 20:56:30: [FF] [Curren Bouquetd'or] <STEAM_1:1:524205977> -> 1 HP bằng (môi trường/khác) -> [Holo 40k] <STEAM_1:1:925049770>
L 09/05/2026 - 20:56:36: [FF] [boviet666] <STEAM_1:0:963323015> -> 2 HP bằng (môi trường/khác) -> [None :D] <STEAM_1:0:578030381>
L 09/05/2026 - 20:56:36: [FF] [boviet666] <STEAM_1:0:963323015> -> 1 HP bằng (môi trường/khác) -> [None :D] <STEAM_1:0:578030381>
L 09/05/2026 - 20:56:38: [FF] [Chicoarun] <STEAM_1:0:952954061> -> 1 HP bằng (môi trường/khác) -> [None :D] <STEAM_1:0:578030381>
L 09/05/2026 - 20:56:38: [FF] [Chicoarun] <STEAM_1:0:952954061> -> 2 HP bằng (môi trường/khác) -> [Curren Bouquetd'or] <STEAM_1:1:524205977>
L 09/05/2026 - 20:56:38: [FF] [Chicoarun] <STEAM_1:0:952954061> -> 6 HP bằng (môi trường/khác) -> [Holo 40k] <STEAM_1:1:925049770>
L 09/05/2026 - 20:56:38: [FF] [Chicoarun] <STEAM_1:0:952954061> -> 13 HP bằng (môi trường/khác) -> [Rïçēz] <STEAM_1:1:558962692>
L 09/05/2026 - 20:56:38: [FF] [Chicoarun] <STEAM_1:0:952954061> -> 1 HP bằng (môi trường/khác) -> [Curren Bouquetd'or] <STEAM_1:1:524205977>
L 09/05/2026 - 20:56:38: [FF] [Chicoarun] <STEAM_1:0:952954061> -> 1 HP bằng (môi trường/khác) -> [Holo 40k] <STEAM_1:1:925049770>
L 09/05/2026 - 20:56:38: [FF] [Chicoarun] <STEAM_1:0:952954061> -> 1 HP bằng (môi trường/khác) -> [Rïçēz] <STEAM_1:1:558962692>
L 09/05/2026 - 20:56:40: [FF] [boviet666] <STEAM_1:0:963323015> -> 3 HP bằng (môi trường/khác) -> [KeroN] <STEAM_1:1:161759963>
L 09/05/2026 - 20:56:40: [FF] [boviet666] <STEAM_1:0:963323015> -> 10 HP bằng (môi trường/khác) -> [Rïçēz] <STEAM_1:1:558962692>
L 09/05/2026 - 20:56:40: [FF] [boviet666] <STEAM_1:0:963323015> -> 1 HP bằng (môi trường/khác) -> [Chicoarun] <STEAM_1:0:952954061>
L 09/05/2026 - 20:56:40: [FF] [boviet666] <STEAM_1:0:963323015> -> 1 HP bằng (môi trường/khác) -> [KeroN] <STEAM_1:1:161759963>
L 09/05/2026 - 20:56:40: [FF] [boviet666] <STEAM_1:0:963323015> -> 1 HP bằng (môi trường/khác) -> [Rïçēz] <STEAM_1:1:558962692>
L 09/05/2026 - 20:56:40: [FF] [boviet666] <STEAM_1:0:963323015> -> 1 HP bằng (môi trường/khác) -> [Chicoarun] <STEAM_1:0:952954061>
L 09/05/2026 - 20:56:45: [FF] [Chicoarun] <STEAM_1:0:952954061> -> 1 HP bằng (môi trường/khác) -> [Holo 40k] <STEAM_1:1:925049770>
L 09/05/2026 - 20:56:45: [FF] [Chicoarun] <STEAM_1:0:952954061> -> 1 HP bằng (môi trường/khác) -> [Holo 40k] <STEAM_1:1:925049770>
L 09/05/2026 - 20:57:08: [HẠ GỤC] Smoker Bot <BOT> đã hạ gục boviet666 <STEAM_1:0:963323015> bằng (zombie cào/đấm)
L 09/05/2026 - 20:57:20: [HẠ GỤC] Spitter Bot <BOT> đã hạ gục Rïçēz <STEAM_1:1:558962692> bằng (môi trường/khác)
L 09/05/2026 - 20:57:21: [HẠ GỤC] Spitter Bot <BOT> đã hạ gục Bảo Nguyên <STEAM_1:0:218160880> bằng (môi trường/khác)
L 09/05/2026 - 20:57:43: [HẠ GỤC] Zombie/Witch/Môi trường <N/A> đã hạ gục nikola25645 <STEAM_1:1:782248349> bằng (môi trường/khác)
L 09/05/2026 - 20:57:43: [FF] [Chicoarun] <STEAM_1:0:952954061> -> 11 HP bằng (súng) -> [nikola25645] <STEAM_1:1:782248349>
L 09/05/2026 - 20:57:46: [FF] [Rïçēz] <STEAM_1:1:558962692> -> 31 HP bằng (súng) -> [Holo 40k] <STEAM_1:1:925049770>
L 09/05/2026 - 20:57:59: [FF] [Holo 40k] <STEAM_1:1:925049770> -> 3 HP bằng (súng) -> [boviet666] <STEAM_1:0:963323015>
L 09/05/2026 - 20:57:59: [FF] [Holo 40k] <STEAM_1:1:925049770> -> 3 HP bằng (súng) -> [boviet666] <STEAM_1:0:963323015>
L 09/05/2026 - 20:57:59: [FF] [Holo 40k] <STEAM_1:1:925049770> -> 3 HP bằng (súng) -> [boviet666] <STEAM_1:0:963323015>
L 09/05/2026 - 20:57:59: [FF] [Holo 40k] <STEAM_1:1:925049770> -> 3 HP bằng (súng) -> [boviet666] <STEAM_1:0:963323015>
L 09/05/2026 - 20:57:59: [FF] [Holo 40k] <STEAM_1:1:925049770> -> 3 HP bằng (súng) -> [boviet666] <STEAM_1:0:963323015>
L 09/05/2026 - 20:57:59: [FF] [Holo 40k] <STEAM_1:1:925049770> -> 3 HP bằng (súng) -> [boviet666] <STEAM_1:0:963323015>
L 09/05/2026 - 20:57:59: [FF] [Holo 40k] <STEAM_1:1:925049770> -> 3 HP bằng (súng) -> [boviet666] <STEAM_1:0:963323015>
L 09/05/2026 - 20:58:07: [KILL] Spitter Bot <BOT> đã giết nikola25645 <STEAM_1:1:782248349> bằng (môi trường/khác)
L 09/05/2026 - 20:58:31: [FF] [Curren Bouquetd'or] <STEAM_1:1:524205977> -> 3 HP bằng (súng) -> [KeroN] <STEAM_1:1:161759963>
L 09/05/2026 - 20:58:31: [FF] [Curren Bouquetd'or] <STEAM_1:1:524205977> -> 3 HP bằng (súng) -> [KeroN] <STEAM_1:1:161759963>
L 09/05/2026 - 20:58:31: [FF] [Curren Bouquetd'or] <STEAM_1:1:524205977> -> 3 HP bằng (súng) -> [KeroN] <STEAM_1:1:161759963>
L 09/05/2026 - 20:58:31: [FF] [Curren Bouquetd'or] <STEAM_1:1:524205977> -> 3 HP bằng (súng) -> [KeroN] <STEAM_1:1:161759963>
L 09/05/2026 - 20:58:31: [FF] [Curren Bouquetd'or] <STEAM_1:1:524205977> -> 3 HP bằng (súng) -> [KeroN] <STEAM_1:1:161759963>
L 09/05/2026 - 20:58:40: [HẠ GỤC] Zombie/Witch/Môi trường <N/A> đã hạ gục Chicoarun <STEAM_1:0:952954061> bằng (môi trường/khác)
L 09/05/2026 - 20:59:00: [KILL] Zombie/Witch/Môi trường <N/A> đã giết Chicoarun <STEAM_1:0:952954061> bằng (zombie cào/đấm)
L 09/05/2026 - 20:59:12: [FF] [boviet666] <STEAM_1:0:963323015> -> 14 HP bằng (môi trường/khác) -> [Bảo Nguyên] <STEAM_1:0:218160880>
L 09/05/2026 - 20:59:12: [FF] [boviet666] <STEAM_1:0:963323015> -> 10 HP bằng (môi trường/khác) -> [Lê Hải] <STEAM_1:0:471595906>
L 09/05/2026 - 20:59:12: [FF] [boviet666] <STEAM_1:0:963323015> -> 1 HP bằng (môi trường/khác) -> [Bảo Nguyên] <STEAM_1:0:218160880>
L 09/05/2026 - 20:59:12: [FF] [boviet666] <STEAM_1:0:963323015> -> 1 HP bằng (môi trường/khác) -> [Lê Hải] <STEAM_1:0:471595906>
L 09/05/2026 - 20:59:14: [KILL] Zombie/Witch/Môi trường <N/A> đã giết Lê Hải <STEAM_1:0:471595906> bằng (zombie cào/đấm)
L 09/05/2026 - 20:59:15: [HẠ GỤC] Zombie/Witch/Môi trường <N/A> đã hạ gục Holo 40k <STEAM_1:1:925049770> bằng (môi trường/khác)
L 09/05/2026 - 20:59:16: [KILL] Zombie/Witch/Môi trường <N/A> đã giết Bảo Nguyên <STEAM_1:0:218160880> bằng (zombie cào/đấm)
L 09/05/2026 - 20:59:16: [FF] [boviet666] <STEAM_1:0:963323015> -> 1 HP bằng (môi trường/khác) -> [None :D] <STEAM_1:0:578030381>
L 09/05/2026 - 20:59:16: [FF] [boviet666] <STEAM_1:0:963323015> -> 1 HP bằng (môi trường/khác) -> [chimxanh] <STEAM_1:1:626078671>
L 09/05/2026 - 20:59:16: [FF] [boviet666] <STEAM_1:0:963323015> -> 1 HP bằng (môi trường/khác) -> [None :D] <STEAM_1:0:578030381>
L 09/05/2026 - 20:59:16: [FF] [boviet666] <STEAM_1:0:963323015> -> 1 HP bằng (môi trường/khác) -> [KeroN] <STEAM_1:1:161759963>
L 09/05/2026 - 20:59:16: [FF] [boviet666] <STEAM_1:0:963323015> -> 1 HP bằng (môi trường/khác) -> [chimxanh] <STEAM_1:1:626078671>
L 09/05/2026 - 20:59:17: [FF] [KeroN] <STEAM_1:1:161759963> -> 7 HP bằng (melee) -> [None :D] <STEAM_1:0:578030381>
L 09/05/2026 - 20:59:18: [KILL] Zombie/Witch/Môi trường <N/A> đã giết chimxanh <STEAM_1:1:626078671> bằng (zombie cào/đấm)
L 09/05/2026 - 20:59:18: [FF] [boviet666] <STEAM_1:0:963323015> -> 3 HP bằng (môi trường/khác) -> [Holo 40k] <STEAM_1:1:925049770>
L 09/05/2026 - 20:59:18: [FF] [boviet666] <STEAM_1:0:963323015> -> 1 HP bằng (môi trường/khác) -> [Holo 40k] <STEAM_1:1:925049770>
L 09/05/2026 - 20:59:19: [KILL] Zombie/Witch/Môi trường <N/A> đã giết None :D <STEAM_1:0:578030381> bằng (zombie cào/đấm)
L 09/05/2026 - 20:59:21: [KILL] Zombie/Witch/Môi trường <N/A> đã giết KeroN <STEAM_1:1:161759963> bằng (zombie cào/đấm)
L 09/05/2026 - 20:59:22: [FF] [boviet666] <STEAM_1:0:963323015> -> 1 HP bằng (môi trường/khác) -> [nikola25645] <STEAM_1:1:782248349>
L 09/05/2026 - 20:59:23: [HẠ GỤC] Smoker Bot <BOT> đã hạ gục Curren Bouquetd'or <STEAM_1:1:524205977> bằng (zombie cào/đấm)
L 09/05/2026 - 20:59:24: [KILL] Zombie/Witch/Môi trường <N/A> đã giết boviet666 <STEAM_1:0:963323015> bằng (zombie cào/đấm)
L 09/05/2026 - 20:59:30: [KILL] Zombie/Witch/Môi trường <N/A> đã giết nikola25645 <STEAM_1:1:782248349> bằng (zombie cào/đấm)
L 09/05/2026 - 20:59:37: [KILL] Zombie/Witch/Môi trường <N/A> đã giết Rïçēz <STEAM_1:1:558962692> bằng (zombie cào/đấm)
L 09/05/2026 - 20:59:50: [KILL] Smoker Bot <BOT> đã giết Curren Bouquetd'or <STEAM_1:1:524205977> bằng (zombie cào/đấm)
L 09/05/2026 - 21:00:21: [HẠ GỤC] Spitter Bot <BOT> đã hạ gục Holo 40k <STEAM_1:1:925049770> bằng (môi trường/khác)
L 09/05/2026 - 21:00:52: [FF] [Lê Hải] <STEAM_1:0:471595906> -> 3 HP bằng (súng) -> [chimxanh] <STEAM_1:1:626078671>
L 09/05/2026 - 21:00:52: [FF] [Lê Hải] <STEAM_1:0:471595906> -> 3 HP bằng (súng) -> [chimxanh] <STEAM_1:1:626078671>
L 09/05/2026 - 21:00:52: [FF] [Lê Hải] <STEAM_1:0:471595906> -> 3 HP bằng (súng) -> [chimxanh] <STEAM_1:1:626078671>
L 09/05/2026 - 21:00:52: [FF] [Lê Hải] <STEAM_1:0:471595906> -> 3 HP bằng (súng) -> [chimxanh] <STEAM_1:1:626078671>
L 09/05/2026 - 21:00:52: [FF] [Lê Hải] <STEAM_1:0:471595906> -> 3 HP bằng (súng) -> [chimxanh] <STEAM_1:1:626078671>
L 09/05/2026 - 21:01:13: [FF] [Lê Hải] <STEAM_1:0:471595906> -> 7 HP bằng (súng) -> [Chicoarun] <STEAM_1:0:952954061>
L 09/05/2026 - 21:01:14: [FF] [Curren Bouquetd'or] <STEAM_1:1:524205977> -> 15 HP bằng (súng) -> [Chicoarun] <STEAM_1:0:952954061>
L 09/05/2026 - 21:01:26: [HẠ GỤC] Smoker Bot <BOT> đã hạ gục Rïçēz <STEAM_1:1:558962692> bằng (zombie cào/đấm)
L 09/05/2026 - 21:01:41: [HẠ GỤC] Boomer Bot <BOT> đã hạ gục Bảo Nguyên <STEAM_1:0:218160880> bằng (zombie cào/đấm)
L 09/05/2026 - 21:01:45: [FF] [Curren Bouquetd'or] <STEAM_1:1:524205977> -> 11 HP bằng (súng) -> [Chicoarun] <STEAM_1:0:952954061>
L 09/05/2026 - 21:01:45: [HẠ GỤC] Curren Bouquetd'or <STEAM_1:1:524205977> đã hạ gục Chicoarun <STEAM_1:0:952954061> bằng (súng)
L 09/05/2026 - 21:01:47: [HẠ GỤC] Zombie/Witch/Môi trường <N/A> đã hạ gục nikola25645 <STEAM_1:1:782248349> bằng (môi trường/khác)
L 09/05/2026 - 21:01:47: [FF] [boviet666] <STEAM_1:0:963323015> -> 11 HP bằng (súng) -> [KeroN] <STEAM_1:1:161759963>
L 09/05/2026 - 21:01:48: [FF] [boviet666] <STEAM_1:0:963323015> -> 15 HP bằng (súng) -> [KeroN] <STEAM_1:1:161759963>
L 09/05/2026 - 21:01:58: [FF] [boviet666] <STEAM_1:0:963323015> -> 22 HP bằng (súng) -> [None :D] <STEAM_1:0:578030381>
L 09/05/2026 - 21:01:58: [FF] [boviet666] <STEAM_1:0:963323015> -> 22 HP bằng (súng) -> [KeroN] <STEAM_1:1:161759963>
L 09/05/2026 - 21:02:04: [FF] [KeroN] <STEAM_1:1:161759963> -> 7 HP bằng (súng) -> [chimxanh] <STEAM_1:1:626078671>
L 09/05/2026 - 21:02:11: [KILL] Zombie/Witch/Môi trường <N/A> đã giết Rïçēz <STEAM_1:1:558962692> bằng (môi trường/khác)
L 09/05/2026 - 21:02:16: [HẠ GỤC] Spitter Bot <BOT> đã hạ gục KeroN <STEAM_1:1:161759963> bằng (môi trường/khác)
L 09/05/2026 - 21:02:23: [FF] [chimxanh] <STEAM_1:1:626078671> -> 14 HP bằng (môi trường/khác) -> [nikola25645] <STEAM_1:1:782248349>
L 09/05/2026 - 21:02:23: [FF] [chimxanh] <STEAM_1:1:626078671> -> 1 HP bằng (môi trường/khác) -> [nikola25645] <STEAM_1:1:782248349>
L 09/05/2026 - 21:02:23: [FF] [chimxanh] <STEAM_1:1:626078671> -> 1 HP bằng (môi trường/khác) -> [KeroN] <STEAM_1:1:161759963>
L 09/05/2026 - 21:02:26: [FF] [nikola25645] <STEAM_1:1:782248349> -> 1 HP bằng (súng) -> [Ellis] <BOT>
L 09/05/2026 - 21:02:27: [FF] [nikola25645] <STEAM_1:1:782248349> -> 1 HP bằng (súng) -> [Chicoarun] <STEAM_1:0:952954061>
L 09/05/2026 - 21:02:27: [FF] [Chicoarun] <STEAM_1:0:952954061> -> 1 HP bằng (boom/fire) -> [nikola25645] <STEAM_1:1:782248349>
L 09/05/2026 - 21:02:27: [FF] [Chicoarun] <STEAM_1:0:952954061> -> 3 HP bằng (boom/fire) -> [nikola25645] <STEAM_1:1:782248349>
L 09/05/2026 - 21:02:27: [FF] [Chicoarun] <STEAM_1:0:952954061> -> 4 HP bằng (boom/fire) -> [Ellis] <BOT>
L 09/05/2026 - 21:02:27: [FF] [Chicoarun] <STEAM_1:0:952954061> -> 4 HP bằng (boom/fire) -> [chimxanh] <STEAM_1:1:626078671>
L 09/05/2026 - 21:02:27: [FF] [Chicoarun] <STEAM_1:0:952954061> -> 4 HP bằng (boom/fire) -> [Lê Hải] <STEAM_1:0:471595906>
L 09/05/2026 - 21:02:27: [FF] [Chicoarun] <STEAM_1:0:952954061> -> 4 HP bằng (boom/fire) -> [Curren Bouquetd'or] <STEAM_1:1:524205977>
L 09/05/2026 - 21:02:27: [FF] [Chicoarun] <STEAM_1:0:952954061> -> 4 HP bằng (boom/fire) -> [nikola25645] <STEAM_1:1:782248349>
L 09/05/2026 - 21:02:27: [FF] [Chicoarun] <STEAM_1:0:952954061> -> 6 HP bằng (boom/fire) -> [chimxanh] <STEAM_1:1:626078671>
L 09/05/2026 - 21:02:27: [FF] [Chicoarun] <STEAM_1:0:952954061> -> 6 HP bằng (boom/fire) -> [Ellis] <BOT>
L 09/05/2026 - 21:02:27: [FF] [Chicoarun] <STEAM_1:0:952954061> -> 6 HP bằng (boom/fire) -> [Lê Hải] <STEAM_1:0:471595906>
L 09/05/2026 - 21:02:27: [FF] [Chicoarun] <STEAM_1:0:952954061> -> 6 HP bằng (boom/fire) -> [Curren Bouquetd'or] <STEAM_1:1:524205977>
L 09/05/2026 - 21:02:27: [FF] [Chicoarun] <STEAM_1:0:952954061> -> 6 HP bằng (boom/fire) -> [nikola25645] <STEAM_1:1:782248349>
L 09/05/2026 - 21:02:28: [FF] [Chicoarun] <STEAM_1:0:952954061> -> 8 HP bằng (boom/fire) -> [chimxanh] <STEAM_1:1:626078671>
L 09/05/2026 - 21:02:28: [FF] [Chicoarun] <STEAM_1:0:952954061> -> 8 HP bằng (boom/fire) -> [Bảo Nguyên] <STEAM_1:0:218160880>
L 09/05/2026 - 21:02:28: [FF] [Chicoarun] <STEAM_1:0:952954061> -> 8 HP bằng (boom/fire) -> [Lê Hải] <STEAM_1:0:471595906>
L 09/05/2026 - 21:02:28: [FF] [Chicoarun] <STEAM_1:0:952954061> -> 8 HP bằng (boom/fire) -> [Curren Bouquetd'or] <STEAM_1:1:524205977>
L 09/05/2026 - 21:02:28: [FF] [Chicoarun] <STEAM_1:0:952954061> -> 8 HP bằng (boom/fire) -> [nikola25645] <STEAM_1:1:782248349>
L 09/05/2026 - 21:02:28: [FF] [Chicoarun] <STEAM_1:0:952954061> -> 10 HP bằng (boom/fire) -> [Bảo Nguyên] <STEAM_1:0:218160880>
L 09/05/2026 - 21:02:28: [FF] [Chicoarun] <STEAM_1:0:952954061> -> 10 HP bằng (boom/fire) -> [chimxanh] <STEAM_1:1:626078671>
L 09/05/2026 - 21:02:28: [FF] [Chicoarun] <STEAM_1:0:952954061> -> 10 HP bằng (boom/fire) -> [Lê Hải] <STEAM_1:0:471595906>
L 09/05/2026 - 21:02:28: [FF] [Chicoarun] <STEAM_1:0:952954061> -> 10 HP bằng (boom/fire) -> [nikola25645] <STEAM_1:1:782248349>
L 09/05/2026 - 21:02:28: [FF] [Chicoarun] <STEAM_1:0:952954061> -> 12 HP bằng (boom/fire) -> [Bảo Nguyên] <STEAM_1:0:218160880>
L 09/05/2026 - 21:02:28: [FF] [Chicoarun] <STEAM_1:0:952954061> -> 12 HP bằng (boom/fire) -> [chimxanh] <STEAM_1:1:626078671>
L 09/05/2026 - 21:02:28: [FF] [Chicoarun] <STEAM_1:0:952954061> -> 12 HP bằng (boom/fire) -> [Lê Hải] <STEAM_1:0:471595906>
L 09/05/2026 - 21:02:28: [FF] [Chicoarun] <STEAM_1:0:952954061> -> 12 HP bằng (boom/fire) -> [nikola25645] <STEAM_1:1:782248349>
L 09/05/2026 - 21:02:28: [FF] [Chicoarun] <STEAM_1:0:952954061> -> 14 HP bằng (boom/fire) -> [Bảo Nguyên] <STEAM_1:0:218160880>
L 09/05/2026 - 21:02:28: [FF] [Chicoarun] <STEAM_1:0:952954061> -> 14 HP bằng (boom/fire) -> [chimxanh] <STEAM_1:1:626078671>
L 09/05/2026 - 21:02:28: [FF] [Chicoarun] <STEAM_1:0:952954061> -> 14 HP bằng (boom/fire) -> [Lê Hải] <STEAM_1:0:471595906>
L 09/05/2026 - 21:02:28: [FF] [Chicoarun] <STEAM_1:0:952954061> -> 14 HP bằng (boom/fire) -> [nikola25645] <STEAM_1:1:782248349>
L 09/05/2026 - 21:02:29: [FF] [chimxanh] <STEAM_1:1:626078671> -> 7 HP bằng (melee) -> [Lê Hải] <STEAM_1:0:471595906>
L 09/05/2026 - 21:02:29: [FF] [Chicoarun] <STEAM_1:0:952954061> -> 16 HP bằng (boom/fire) -> [Lê Hải] <STEAM_1:0:471595906>
L 09/05/2026 - 21:02:29: [FF] [Chicoarun] <STEAM_1:0:952954061> -> 16 HP bằng (boom/fire) -> [chimxanh] <STEAM_1:1:626078671>
L 09/05/2026 - 21:02:29: [FF] [Chicoarun] <STEAM_1:0:952954061> -> 16 HP bằng (boom/fire) -> [Bảo Nguyên] <STEAM_1:0:218160880>
L 09/05/2026 - 21:02:29: [FF] [Chicoarun] <STEAM_1:0:952954061> -> 16 HP bằng (boom/fire) -> [nikola25645] <STEAM_1:1:782248349>
L 09/05/2026 - 21:02:29: [HẠ GỤC] Chicoarun <STEAM_1:0:952954061> đã hạ gục chimxanh <STEAM_1:1:626078671> bằng (boom/fire)
L 09/05/2026 - 21:02:29: [FF] [Chicoarun] <STEAM_1:0:952954061> -> 16 HP bằng (boom/fire) -> [Lê Hải] <STEAM_1:0:471595906>
L 09/05/2026 - 21:02:29: [FF] [Chicoarun] <STEAM_1:0:952954061> -> 16 HP bằng (boom/fire) -> [Bảo Nguyên] <STEAM_1:0:218160880>
L 09/05/2026 - 21:02:29: [FF] [Chicoarun] <STEAM_1:0:952954061> -> 16 HP bằng (boom/fire) -> [nikola25645] <STEAM_1:1:782248349>
L 09/05/2026 - 21:02:29: [FF] [Chicoarun] <STEAM_1:0:952954061> -> 16 HP bằng (boom/fire) -> [chimxanh] <STEAM_1:1:626078671>
L 09/05/2026 - 21:02:29: [HẠ GỤC] Chicoarun <STEAM_1:0:952954061> đã hạ gục Lê Hải <STEAM_1:0:471595906> bằng (boom/fire)
L 09/05/2026 - 21:02:29: [HẠ GỤC] Chicoarun <STEAM_1:0:952954061> đã hạ gục nikola25645 <STEAM_1:1:782248349> bằng (boom/fire)
L 09/05/2026 - 21:02:29: [FF] [Chicoarun] <STEAM_1:0:952954061> -> 16 HP bằng (boom/fire) -> [Bảo Nguyên] <STEAM_1:0:218160880>
L 09/05/2026 - 21:02:29: [FF] [Chicoarun] <STEAM_1:0:952954061> -> 16 HP bằng (boom/fire) -> [chimxanh] <STEAM_1:1:626078671>
L 09/05/2026 - 21:02:29: [FF] [Chicoarun] <STEAM_1:0:952954061> -> 16 HP bằng (boom/fire) -> [Lê Hải] <STEAM_1:0:471595906>
L 09/05/2026 - 21:02:29: [FF] [Chicoarun] <STEAM_1:0:952954061> -> 16 HP bằng (boom/fire) -> [Bảo Nguyên] <STEAM_1:0:218160880>
L 09/05/2026 - 21:02:29: [FF] [Chicoarun] <STEAM_1:0:952954061> -> 16 HP bằng (boom/fire) -> [nikola25645] <STEAM_1:1:782248349>
L 09/05/2026 - 21:02:29: [KILL] Zombie/Witch/Môi trường <N/A> đã giết nikola25645 <STEAM_1:1:782248349> bằng (zombie cào/đấm)
L 09/05/2026 - 21:02:30: [FF] [Chicoarun] <STEAM_1:0:952954061> -> 16 HP bằng (boom/fire) -> [chimxanh] <STEAM_1:1:626078671>
L 09/05/2026 - 21:02:30: [FF] [Chicoarun] <STEAM_1:0:952954061> -> 16 HP bằng (boom/fire) -> [Lê Hải] <STEAM_1:0:471595906>
L 09/05/2026 - 21:02:30: [FF] [Chicoarun] <STEAM_1:0:952954061> -> 16 HP bằng (boom/fire) -> [Bảo Nguyên] <STEAM_1:0:218160880>
L 09/05/2026 - 21:02:30: [FF] [Chicoarun] <STEAM_1:0:952954061> -> 16 HP bằng (boom/fire) -> [chimxanh] <STEAM_1:1:626078671>
L 09/05/2026 - 21:02:30: [FF] [Chicoarun] <STEAM_1:0:952954061> -> 16 HP bằng (boom/fire) -> [Lê Hải] <STEAM_1:0:471595906>
L 09/05/2026 - 21:02:30: [HẠ GỤC] Chicoarun <STEAM_1:0:952954061> đã hạ gục Bảo Nguyên <STEAM_1:0:218160880> bằng (boom/fire)
L 09/05/2026 - 21:02:30: [FF] [Chicoarun] <STEAM_1:0:952954061> -> 16 HP bằng (boom/fire) -> [chimxanh] <STEAM_1:1:626078671>
L 09/05/2026 - 21:02:30: [FF] [Chicoarun] <STEAM_1:0:952954061> -> 16 HP bằng (boom/fire) -> [Lê Hải] <STEAM_1:0:471595906>
L 09/05/2026 - 21:02:30: [FF] [Chicoarun] <STEAM_1:0:952954061> -> 16 HP bằng (boom/fire) -> [Bảo Nguyên] <STEAM_1:0:218160880>
L 09/05/2026 - 21:02:30: [FF] [Chicoarun] <STEAM_1:0:952954061> -> 16 HP bằng (boom/fire) -> [chimxanh] <STEAM_1:1:626078671>
L 09/05/2026 - 21:02:30: [FF] [Chicoarun] <STEAM_1:0:952954061> -> 16 HP bằng (boom/fire) -> [Lê Hải] <STEAM_1:0:471595906>
L 09/05/2026 - 21:02:30: [FF] [Chicoarun] <STEAM_1:0:952954061> -> 16 HP bằng (boom/fire) -> [Bảo Nguyên] <STEAM_1:0:218160880>
L 09/05/2026 - 21:02:31: [FF] [Chicoarun] <STEAM_1:0:952954061> -> 16 HP bằng (boom/fire) -> [chimxanh] <STEAM_1:1:626078671>
L 09/05/2026 - 21:02:31: [FF] [Chicoarun] <STEAM_1:0:952954061> -> 16 HP bằng (boom/fire) -> [Lê Hải] <STEAM_1:0:471595906>
L 09/05/2026 - 21:02:31: [FF] [Chicoarun] <STEAM_1:0:952954061> -> 16 HP bằng (boom/fire) -> [Bảo Nguyên] <STEAM_1:0:218160880>
L 09/05/2026 - 21:02:31: [FF] [Chicoarun] <STEAM_1:0:952954061> -> 16 HP bằng (boom/fire) -> [chimxanh] <STEAM_1:1:626078671>
L 09/05/2026 - 21:02:31: [FF] [Chicoarun] <STEAM_1:0:952954061> -> 16 HP bằng (boom/fire) -> [Lê Hải] <STEAM_1:0:471595906>
L 09/05/2026 - 21:02:31: [FF] [Chicoarun] <STEAM_1:0:952954061> -> 16 HP bằng (boom/fire) -> [Bảo Nguyên] <STEAM_1:0:218160880>
L 09/05/2026 - 21:02:31: [FF] [Chicoarun] <STEAM_1:0:952954061> -> 16 HP bằng (boom/fire) -> [chimxanh] <STEAM_1:1:626078671>
L 09/05/2026 - 21:02:31: [FF] [Chicoarun] <STEAM_1:0:952954061> -> 16 HP bằng (boom/fire) -> [Lê Hải] <STEAM_1:0:471595906>
L 09/05/2026 - 21:02:31: [FF] [Chicoarun] <STEAM_1:0:952954061> -> 16 HP bằng (boom/fire) -> [Bảo Nguyên] <STEAM_1:0:218160880>
L 09/05/2026 - 21:02:31: [FF] [Chicoarun] <STEAM_1:0:952954061> -> 16 HP bằng (boom/fire) -> [chimxanh] <STEAM_1:1:626078671>
L 09/05/2026 - 21:02:31: [FF] [Chicoarun] <STEAM_1:0:952954061> -> 16 HP bằng (boom/fire) -> [Lê Hải] <STEAM_1:0:471595906>
L 09/05/2026 - 21:02:31: [FF] [Chicoarun] <STEAM_1:0:952954061> -> 16 HP bằng (boom/fire) -> [Bảo Nguyên] <STEAM_1:0:218160880>
L 09/05/2026 - 21:02:32: [FF] [Chicoarun] <STEAM_1:0:952954061> -> 16 HP bằng (boom/fire) -> [chimxanh] <STEAM_1:1:626078671>
L 09/05/2026 - 21:02:32: [FF] [Chicoarun] <STEAM_1:0:952954061> -> 16 HP bằng (boom/fire) -> [Lê Hải] <STEAM_1:0:471595906>
L 09/05/2026 - 21:02:32: [FF] [Chicoarun] <STEAM_1:0:952954061> -> 16 HP bằng (boom/fire) -> [Bảo Nguyên] <STEAM_1:0:218160880>
L 09/05/2026 - 21:02:32: [FF] [Chicoarun] <STEAM_1:0:952954061> -> 16 HP bằng (boom/fire) -> [chimxanh] <STEAM_1:1:626078671>
L 09/05/2026 - 21:02:32: [FF] [Chicoarun] <STEAM_1:0:952954061> -> 16 HP bằng (boom/fire) -> [Lê Hải] <STEAM_1:0:471595906>
L 09/05/2026 - 21:02:32: [FF] [Chicoarun] <STEAM_1:0:952954061> -> 16 HP bằng (boom/fire) -> [Bảo Nguyên] <STEAM_1:0:218160880>
L 09/05/2026 - 21:02:32: [FF] [Chicoarun] <STEAM_1:0:952954061> -> 16 HP bằng (boom/fire) -> [chimxanh] <STEAM_1:1:626078671>
L 09/05/2026 - 21:02:32: [FF] [Chicoarun] <STEAM_1:0:952954061> -> 16 HP bằng (boom/fire) -> [Lê Hải] <STEAM_1:0:471595906>
L 09/05/2026 - 21:02:32: [FF] [Chicoarun] <STEAM_1:0:952954061> -> 16 HP bằng (boom/fire) -> [Bảo Nguyên] <STEAM_1:0:218160880>
L 09/05/2026 - 21:02:32: [FF] [Chicoarun] <STEAM_1:0:952954061> -> 16 HP bằng (boom/fire) -> [chimxanh] <STEAM_1:1:626078671>
L 09/05/2026 - 21:02:32: [FF] [Chicoarun] <STEAM_1:0:952954061> -> 16 HP bằng (boom/fire) -> [Lê Hải] <STEAM_1:0:471595906>
L 09/05/2026 - 21:02:32: [FF] [Chicoarun] <STEAM_1:0:952954061> -> 16 HP bằng (boom/fire) -> [Bảo Nguyên] <STEAM_1:0:218160880>
L 09/05/2026 - 21:02:33: [FF] [Chicoarun] <STEAM_1:0:952954061> -> 16 HP bằng (boom/fire) -> [Lê Hải] <STEAM_1:0:471595906>
L 09/05/2026 - 21:02:33: [FF] [Chicoarun] <STEAM_1:0:952954061> -> 16 HP bằng (boom/fire) -> [chimxanh] <STEAM_1:1:626078671>
L 09/05/2026 - 21:02:33: [FF] [Chicoarun] <STEAM_1:0:952954061> -> 16 HP bằng (boom/fire) -> [Bảo Nguyên] <STEAM_1:0:218160880>
L 09/05/2026 - 21:02:33: [FF] [Chicoarun] <STEAM_1:0:952954061> -> 16 HP bằng (boom/fire) -> [Lê Hải] <STEAM_1:0:471595906>
L 09/05/2026 - 21:02:33: [FF] [Chicoarun] <STEAM_1:0:952954061> -> 16 HP bằng (boom/fire) -> [chimxanh] <STEAM_1:1:626078671>
L 09/05/2026 - 21:02:33: [FF] [Chicoarun] <STEAM_1:0:952954061> -> 16 HP bằng (boom/fire) -> [Bảo Nguyên] <STEAM_1:0:218160880>
L 09/05/2026 - 21:02:33: [FF] [Chicoarun] <STEAM_1:0:952954061> -> 16 HP bằng (boom/fire) -> [Lê Hải] <STEAM_1:0:471595906>
L 09/05/2026 - 21:02:33: [FF] [Chicoarun] <STEAM_1:0:952954061> -> 16 HP bằng (boom/fire) -> [Bảo Nguyên] <STEAM_1:0:218160880>
L 09/05/2026 - 21:02:33: [FF] [Chicoarun] <STEAM_1:0:952954061> -> 16 HP bằng (boom/fire) -> [chimxanh] <STEAM_1:1:626078671>
L 09/05/2026 - 21:02:33: [FF] [Chicoarun] <STEAM_1:0:952954061> -> 16 HP bằng (boom/fire) -> [None :D] <STEAM_1:0:578030381>
L 09/05/2026 - 21:02:33: [FF] [Chicoarun] <STEAM_1:0:952954061> -> 16 HP bằng (boom/fire) -> [Lê Hải] <STEAM_1:0:471595906>
L 09/05/2026 - 21:02:33: [FF] [Chicoarun] <STEAM_1:0:952954061> -> 16 HP bằng (boom/fire) -> [Bảo Nguyên] <STEAM_1:0:218160880>
L 09/05/2026 - 21:02:33: [FF] [Chicoarun] <STEAM_1:0:952954061> -> 16 HP bằng (boom/fire) -> [chimxanh] <STEAM_1:1:626078671>
L 09/05/2026 - 21:02:33: [FF] [Chicoarun] <STEAM_1:0:952954061> -> 16 HP bằng (boom/fire) -> [None :D] <STEAM_1:0:578030381>
L 09/05/2026 - 21:02:34: [FF] [Chicoarun] <STEAM_1:0:952954061> -> 16 HP bằng (boom/fire) -> [Lê Hải] <STEAM_1:0:471595906>
L 09/05/2026 - 21:02:34: [FF] [Chicoarun] <STEAM_1:0:952954061> -> 16 HP bằng (boom/fire) -> [Bảo Nguyên] <STEAM_1:0:218160880>
L 09/05/2026 - 21:02:34: [FF] [Chicoarun] <STEAM_1:0:952954061> -> 16 HP bằng (boom/fire) -> [chimxanh] <STEAM_1:1:626078671>
L 09/05/2026 - 21:02:34: [FF] [Chicoarun] <STEAM_1:0:952954061> -> 16 HP bằng (boom/fire) -> [None :D] <STEAM_1:0:578030381>
L 09/05/2026 - 21:02:34: [FF] [Chicoarun] <STEAM_1:0:952954061> -> 16 HP bằng (boom/fire) -> [Lê Hải] <STEAM_1:0:471595906>
L 09/05/2026 - 21:02:34: [FF] [Chicoarun] <STEAM_1:0:952954061> -> 16 HP bằng (boom/fire) -> [Bảo Nguyên] <STEAM_1:0:218160880>
L 09/05/2026 - 21:02:34: [FF] [Chicoarun] <STEAM_1:0:952954061> -> 16 HP bằng (boom/fire) -> [chimxanh] <STEAM_1:1:626078671>
L 09/05/2026 - 21:02:34: [FF] [Chicoarun] <STEAM_1:0:952954061> -> 16 HP bằng (boom/fire) -> [None :D] <STEAM_1:0:578030381>
L 09/05/2026 - 21:02:34: [FF] [Chicoarun] <STEAM_1:0:952954061> -> 16 HP bằng (boom/fire) -> [Lê Hải] <STEAM_1:0:471595906>
L 09/05/2026 - 21:02:34: [FF] [Chicoarun] <STEAM_1:0:952954061> -> 16 HP bằng (boom/fire) -> [Bảo Nguyên] <STEAM_1:0:218160880>
L 09/05/2026 - 21:02:34: [FF] [Chicoarun] <STEAM_1:0:952954061> -> 16 HP bằng (boom/fire) -> [chimxanh] <STEAM_1:1:626078671>
L 09/05/2026 - 21:02:34: [FF] [Chicoarun] <STEAM_1:0:952954061> -> 16 HP bằng (boom/fire) -> [None :D] <STEAM_1:0:578030381>
L 09/05/2026 - 21:02:34: [FF] [Chicoarun] <STEAM_1:0:952954061> -> 16 HP bằng (boom/fire) -> [Lê Hải] <STEAM_1:0:471595906>
L 09/05/2026 - 21:02:34: [FF] [Chicoarun] <STEAM_1:0:952954061> -> 16 HP bằng (boom/fire) -> [Bảo Nguyên] <STEAM_1:0:218160880>
L 09/05/2026 - 21:02:34: [FF] [Chicoarun] <STEAM_1:0:952954061> -> 16 HP bằng (boom/fire) -> [chimxanh] <STEAM_1:1:626078671>
L 09/05/2026 - 21:02:34: [FF] [Chicoarun] <STEAM_1:0:952954061> -> 16 HP bằng (boom/fire) -> [None :D] <STEAM_1:0:578030381>
L 09/05/2026 - 21:02:35: [FF] [Chicoarun] <STEAM_1:0:952954061> -> 16 HP bằng (boom/fire) -> [Lê Hải] <STEAM_1:0:471595906>
L 09/05/2026 - 21:02:35: [FF] [Chicoarun] <STEAM_1:0:952954061> -> 16 HP bằng (boom/fire) -> [Bảo Nguyên] <STEAM_1:0:218160880>
L 09/05/2026 - 21:02:35: [FF] [Chicoarun] <STEAM_1:0:952954061> -> 16 HP bằng (boom/fire) -> [chimxanh] <STEAM_1:1:626078671>
L 09/05/2026 - 21:02:35: [FF] [Chicoarun] <STEAM_1:0:952954061> -> 16 HP bằng (boom/fire) -> [None :D] <STEAM_1:0:578030381>
L 09/05/2026 - 21:02:35: [FF] [Chicoarun] <STEAM_1:0:952954061> -> 16 HP bằng (boom/fire) -> [Lê Hải] <STEAM_1:0:471595906>
L 09/05/2026 - 21:02:35: [FF] [Chicoarun] <STEAM_1:0:952954061> -> 16 HP bằng (boom/fire) -> [Bảo Nguyên] <STEAM_1:0:218160880>
L 09/05/2026 - 21:02:35: [FF] [Chicoarun] <STEAM_1:0:952954061> -> 16 HP bằng (boom/fire) -> [None :D] <STEAM_1:0:578030381>
L 09/05/2026 - 21:02:35: [FF] [Chicoarun] <STEAM_1:0:952954061> -> 16 HP bằng (boom/fire) -> [chimxanh] <STEAM_1:1:626078671>
L 09/05/2026 - 21:02:35: [FF] [Chicoarun] <STEAM_1:0:952954061> -> 16 HP bằng (boom/fire) -> [Lê Hải] <STEAM_1:0:471595906>
L 09/05/2026 - 21:02:35: [FF] [Chicoarun] <STEAM_1:0:952954061> -> 16 HP bằng (boom/fire) -> [Bảo Nguyên] <STEAM_1:0:218160880>
L 09/05/2026 - 21:02:35: [FF] [Chicoarun] <STEAM_1:0:952954061> -> 16 HP bằng (boom/fire) -> [chimxanh] <STEAM_1:1:626078671>
L 09/05/2026 - 21:02:35: [FF] [Chicoarun] <STEAM_1:0:952954061> -> 16 HP bằng (boom/fire) -> [Lê Hải] <STEAM_1:0:471595906>
L 09/05/2026 - 21:02:35: [FF] [Chicoarun] <STEAM_1:0:952954061> -> 16 HP bằng (boom/fire) -> [Bảo Nguyên] <STEAM_1:0:218160880>
L 09/05/2026 - 21:02:35: [FF] [Chicoarun] <STEAM_1:0:952954061> -> 16 HP bằng (boom/fire) -> [chimxanh] <STEAM_1:1:626078671>
L 09/05/2026 - 21:02:36: [FF] [Chicoarun] <STEAM_1:0:952954061> -> 16 HP bằng (boom/fire) -> [Lê Hải] <STEAM_1:0:471595906>
L 09/05/2026 - 21:02:36: [FF] [Chicoarun] <STEAM_1:0:952954061> -> 16 HP bằng (boom/fire) -> [Bảo Nguyên] <STEAM_1:0:218160880>
L 09/05/2026 - 21:02:36: [FF] [Chicoarun] <STEAM_1:0:952954061> -> 16 HP bằng (boom/fire) -> [chimxanh] <STEAM_1:1:626078671>
L 09/05/2026 - 21:02:36: [FF] [Chicoarun] <STEAM_1:0:952954061> -> 16 HP bằng (boom/fire) -> [Lê Hải] <STEAM_1:0:471595906>
L 09/05/2026 - 21:02:36: [FF] [Chicoarun] <STEAM_1:0:952954061> -> 16 HP bằng (boom/fire) -> [Bảo Nguyên] <STEAM_1:0:218160880>
L 09/05/2026 - 21:02:36: [FF] [Chicoarun] <STEAM_1:0:952954061> -> 16 HP bằng (boom/fire) -> [chimxanh] <STEAM_1:1:626078671>
L 09/05/2026 - 21:02:36: [FF] [Chicoarun] <STEAM_1:0:952954061> -> 16 HP bằng (boom/fire) -> [Bảo Nguyên] <STEAM_1:0:218160880>
L 09/05/2026 - 21:02:36: [FF] [Chicoarun] <STEAM_1:0:952954061> -> 16 HP bằng (boom/fire) -> [chimxanh] <STEAM_1:1:626078671>
L 09/05/2026 - 21:02:36: [FF] [Chicoarun] <STEAM_1:0:952954061> -> 16 HP bằng (boom/fire) -> [Lê Hải] <STEAM_1:0:471595906>
L 09/05/2026 - 21:02:36: [FF] [Chicoarun] <STEAM_1:0:952954061> -> 16 HP bằng (boom/fire) -> [Bảo Nguyên] <STEAM_1:0:218160880>
L 09/05/2026 - 21:02:36: [FF] [Chicoarun] <STEAM_1:0:952954061> -> 16 HP bằng (boom/fire) -> [chimxanh] <STEAM_1:1:626078671>
L 09/05/2026 - 21:02:36: [FF] [Chicoarun] <STEAM_1:0:952954061> -> 16 HP bằng (boom/fire) -> [Lê Hải] <STEAM_1:0:471595906>
L 09/05/2026 - 21:02:37: [FF] [Chicoarun] <STEAM_1:0:952954061> -> 16 HP bằng (boom/fire) -> [Bảo Nguyên] <STEAM_1:0:218160880>
L 09/05/2026 - 21:02:37: [FF] [Chicoarun] <STEAM_1:0:952954061> -> 16 HP bằng (boom/fire) -> [chimxanh] <STEAM_1:1:626078671>
L 09/05/2026 - 21:02:37: [FF] [Chicoarun] <STEAM_1:0:952954061> -> 16 HP bằng (boom/fire) -> [Lê Hải] <STEAM_1:0:471595906>
L 09/05/2026 - 21:02:37: [FF] [Chicoarun] <STEAM_1:0:952954061> -> 16 HP bằng (boom/fire) -> [Bảo Nguyên] <STEAM_1:0:218160880>
L 09/05/2026 - 21:02:37: [FF] [Chicoarun] <STEAM_1:0:952954061> -> 16 HP bằng (boom/fire) -> [chimxanh] <STEAM_1:1:626078671>
L 09/05/2026 - 21:02:37: [FF] [Chicoarun] <STEAM_1:0:952954061> -> 16 HP bằng (boom/fire) -> [Lê Hải] <STEAM_1:0:471595906>
L 09/05/2026 - 21:02:37: [FF] [Chicoarun] <STEAM_1:0:952954061> -> 16 HP bằng (boom/fire) -> [Bảo Nguyên] <STEAM_1:0:218160880>
L 09/05/2026 - 21:02:37: [FF] [Chicoarun] <STEAM_1:0:952954061> -> 16 HP bằng (boom/fire) -> [chimxanh] <STEAM_1:1:626078671>
L 09/05/2026 - 21:02:37: [FF] [Chicoarun] <STEAM_1:0:952954061> -> 16 HP bằng (boom/fire) -> [Lê Hải] <STEAM_1:0:471595906>
L 09/05/2026 - 21:02:37: [FF] [Chicoarun] <STEAM_1:0:952954061> -> 16 HP bằng (boom/fire) -> [Bảo Nguyên] <STEAM_1:0:218160880>
L 09/05/2026 - 21:02:37: [FF] [Chicoarun] <STEAM_1:0:952954061> -> 16 HP bằng (boom/fire) -> [Lê Hải] <STEAM_1:0:471595906>
L 09/05/2026 - 21:02:37: [FF] [Chicoarun] <STEAM_1:0:952954061> -> 16 HP bằng (boom/fire) -> [chimxanh] <STEAM_1:1:626078671>
L 09/05/2026 - 21:02:38: [FF] [Chicoarun] <STEAM_1:0:952954061> -> 16 HP bằng (boom/fire) -> [Bảo Nguyên] <STEAM_1:0:218160880>
L 09/05/2026 - 21:02:38: [FF] [Chicoarun] <STEAM_1:0:952954061> -> 16 HP bằng (boom/fire) -> [chimxanh] <STEAM_1:1:626078671>
L 09/05/2026 - 21:02:38: [FF] [Chicoarun] <STEAM_1:0:952954061> -> 16 HP bằng (boom/fire) -> [Lê Hải] <STEAM_1:0:471595906>
L 09/05/2026 - 21:02:38: [FF] [Chicoarun] <STEAM_1:0:952954061> -> 16 HP bằng (boom/fire) -> [Bảo Nguyên] <STEAM_1:0:218160880>
L 09/05/2026 - 21:02:38: [FF] [Chicoarun] <STEAM_1:0:952954061> -> 16 HP bằng (boom/fire) -> [Lê Hải] <STEAM_1:0:471595906>
L 09/05/2026 - 21:02:38: [FF] [Chicoarun] <STEAM_1:0:952954061> -> 16 HP bằng (boom/fire) -> [Bảo Nguyên] <STEAM_1:0:218160880>
L 09/05/2026 - 21:02:38: [FF] [Chicoarun] <STEAM_1:0:952954061> -> 16 HP bằng (boom/fire) -> [Lê Hải] <STEAM_1:0:471595906>
L 09/05/2026 - 21:02:38: [FF] [Chicoarun] <STEAM_1:0:952954061> -> 16 HP bằng (boom/fire) -> [Bảo Nguyên] <STEAM_1:0:218160880>
L 09/05/2026 - 21:02:38: [FF] [Chicoarun] <STEAM_1:0:952954061> -> 16 HP bằng (boom/fire) -> [Lê Hải] <STEAM_1:0:471595906>
L 09/05/2026 - 21:02:39: [HẠ GỤC] boviet666 <STEAM_1:0:963323015> đã hạ gục None :D <STEAM_1:0:578030381> bằng (súng)
L 09/05/2026 - 21:02:39: [FF] [Chicoarun] <STEAM_1:0:952954061> -> 16 HP bằng (boom/fire) -> [Bảo Nguyên] <STEAM_1:0:218160880>
L 09/05/2026 - 21:02:39: [FF] [Chicoarun] <STEAM_1:0:952954061> -> 16 HP bằng (boom/fire) -> [Lê Hải] <STEAM_1:0:471595906>
L 09/05/2026 - 21:02:39: [FF] [Chicoarun] <STEAM_1:0:952954061> -> 16 HP bằng (boom/fire) -> [Bảo Nguyên] <STEAM_1:0:218160880>
L 09/05/2026 - 21:02:39: [FF] [Chicoarun] <STEAM_1:0:952954061> -> 16 HP bằng (boom/fire) -> [Lê Hải] <STEAM_1:0:471595906>
L 09/05/2026 - 21:02:39: [FF] [Chicoarun] <STEAM_1:0:952954061> -> 16 HP bằng (boom/fire) -> [Bảo Nguyên] <STEAM_1:0:218160880>
L 09/05/2026 - 21:02:39: [FF] [Chicoarun] <STEAM_1:0:952954061> -> 16 HP bằng (boom/fire) -> [Lê Hải] <STEAM_1:0:471595906>
L 09/05/2026 - 21:02:39: [FF] [Chicoarun] <STEAM_1:0:952954061> -> 16 HP bằng (boom/fire) -> [Bảo Nguyên] <STEAM_1:0:218160880>
L 09/05/2026 - 21:02:39: [FF] [Chicoarun] <STEAM_1:0:952954061> -> 16 HP bằng (boom/fire) -> [Lê Hải] <STEAM_1:0:471595906>
L 09/05/2026 - 21:02:40: [FF] [Chicoarun] <STEAM_1:0:952954061> -> 16 HP bằng (boom/fire) -> [Bảo Nguyên] <STEAM_1:0:218160880>
L 09/05/2026 - 21:02:40: [FF] [Chicoarun] <STEAM_1:0:952954061> -> 16 HP bằng (boom/fire) -> [Lê Hải] <STEAM_1:0:471595906>
L 09/05/2026 - 21:02:40: [FF] [Chicoarun] <STEAM_1:0:952954061> -> 16 HP bằng (boom/fire) -> [Bảo Nguyên] <STEAM_1:0:218160880>
L 09/05/2026 - 21:02:40: [FF] [Chicoarun] <STEAM_1:0:952954061> -> 16 HP bằng (boom/fire) -> [Lê Hải] <STEAM_1:0:471595906>
L 09/05/2026 - 21:02:40: [FF] [Chicoarun] <STEAM_1:0:952954061> -> 16 HP bằng (boom/fire) -> [Bảo Nguyên] <STEAM_1:0:218160880>
L 09/05/2026 - 21:02:40: [FF] [Chicoarun] <STEAM_1:0:952954061> -> 16 HP bằng (boom/fire) -> [Lê Hải] <STEAM_1:0:471595906>
L 09/05/2026 - 21:02:40: [FF] [Chicoarun] <STEAM_1:0:952954061> -> 16 HP bằng (boom/fire) -> [Bảo Nguyên] <STEAM_1:0:218160880>
L 09/05/2026 - 21:02:40: [FF] [Chicoarun] <STEAM_1:0:952954061> -> 16 HP bằng (boom/fire) -> [Lê Hải] <STEAM_1:0:471595906>
L 09/05/2026 - 21:02:41: [FF] [Chicoarun] <STEAM_1:0:952954061> -> 16 HP bằng (boom/fire) -> [Bảo Nguyên] <STEAM_1:0:218160880>
L 09/05/2026 - 21:02:41: [FF] [Chicoarun] <STEAM_1:0:952954061> -> 16 HP bằng (boom/fire) -> [Lê Hải] <STEAM_1:0:471595906>
L 09/05/2026 - 21:02:41: [FF] [boviet666] <STEAM_1:0:963323015> -> 3 HP bằng (súng) -> [Chicoarun] <STEAM_1:0:952954061>
L 09/05/2026 - 21:02:41: [FF] [Chicoarun] <STEAM_1:0:952954061> -> 16 HP bằng (boom/fire) -> [Bảo Nguyên] <STEAM_1:0:218160880>
L 09/05/2026 - 21:02:41: [FF] [boviet666] <STEAM_1:0:963323015> -> 3 HP bằng (súng) -> [Chicoarun] <STEAM_1:0:952954061>
L 09/05/2026 - 21:02:41: [FF] [Chicoarun] <STEAM_1:0:952954061> -> 16 HP bằng (boom/fire) -> [Bảo Nguyên] <STEAM_1:0:218160880>
L 09/05/2026 - 21:02:41: [FF] [Chicoarun] <STEAM_1:0:952954061> -> 16 HP bằng (boom/fire) -> [Bảo Nguyên] <STEAM_1:0:218160880>
L 09/05/2026 - 21:02:42: [FF] [boviet666] <STEAM_1:0:963323015> -> 15 HP bằng (súng) -> [Chicoarun] <STEAM_1:0:952954061>
L 09/05/2026 - 21:02:42: [FF] [boviet666] <STEAM_1:0:963323015> -> 11 HP bằng (súng) -> [Chicoarun] <STEAM_1:0:952954061>
L 09/05/2026 - 21:03:16: [FF] [Holo 40k] <STEAM_1:1:925049770> -> 4 HP bằng (súng) -> [Chicoarun] <STEAM_1:0:952954061>
L 09/05/2026 - 21:03:16: [FF] [Holo 40k] <STEAM_1:1:925049770> -> 3 HP bằng (súng) -> [Chicoarun] <STEAM_1:0:952954061>
L 09/05/2026 - 21:03:24: [FF] [KeroN] <STEAM_1:1:161759963> -> 9 HP bằng (súng) -> [Holo 40k] <STEAM_1:1:925049770>
L 09/05/2026 - 21:03:25: [FF] [KeroN] <STEAM_1:1:161759963> -> 9 HP bằng (súng) -> [Holo 40k] <STEAM_1:1:925049770>
L 09/05/2026 - 21:03:26: [FF] [Curren Bouquetd'or] <STEAM_1:1:524205977> -> 7 HP bằng (boom/fire) -> [KeroN] <STEAM_1:1:161759963>
L 09/05/2026 - 21:03:26: [FF] [Curren Bouquetd'or] <STEAM_1:1:524205977> -> 7 HP bằng (boom/fire) -> [KeroN] <STEAM_1:1:161759963>
L 09/05/2026 - 21:03:26: [FF] [Curren Bouquetd'or] <STEAM_1:1:524205977> -> 7 HP bằng (boom/fire) -> [KeroN] <STEAM_1:1:161759963>
L 09/05/2026 - 21:03:26: [FF] [Curren Bouquetd'or] <STEAM_1:1:524205977> -> 7 HP bằng (boom/fire) -> [KeroN] <STEAM_1:1:161759963>
L 09/05/2026 - 21:03:26: [FF] [Curren Bouquetd'or] <STEAM_1:1:524205977> -> 7 HP bằng (boom/fire) -> [KeroN] <STEAM_1:1:161759963>
L 09/05/2026 - 21:03:26: [FF] [Curren Bouquetd'or] <STEAM_1:1:524205977> -> 7 HP bằng (boom/fire) -> [KeroN] <STEAM_1:1:161759963>
L 09/05/2026 - 21:03:26: [FF] [Curren Bouquetd'or] <STEAM_1:1:524205977> -> 7 HP bằng (boom/fire) -> [KeroN] <STEAM_1:1:161759963>
L 09/05/2026 - 21:03:26: [FF] [Curren Bouquetd'or] <STEAM_1:1:524205977> -> 7 HP bằng (boom/fire) -> [KeroN] <STEAM_1:1:161759963>
L 09/05/2026 - 21:03:37: [FF] [Chicoarun] <STEAM_1:0:952954061> -> 1 HP bằng (môi trường/khác) -> [Lê Hải] <STEAM_1:0:471595906>
L 09/05/2026 - 21:03:37: [FF] [Chicoarun] <STEAM_1:0:952954061> -> 1 HP bằng (môi trường/khác) -> [Curren Bouquetd'or] <STEAM_1:1:524205977>
L 09/05/2026 - 21:03:42: [FF] [Chicoarun] <STEAM_1:0:952954061> -> 16 HP bằng (boom/fire) -> [boviet666] <STEAM_1:0:963323015>
L 09/05/2026 - 21:03:42: [FF] [Chicoarun] <STEAM_1:0:952954061> -> 16 HP bằng (boom/fire) -> [boviet666] <STEAM_1:0:963323015>
L 09/05/2026 - 21:03:42: [FF] [Bảo Nguyên] <STEAM_1:0:218160880> -> 5 HP bằng (súng) -> [Lê Hải] <STEAM_1:0:471595906>
L 09/05/2026 - 21:03:42: [FF] [Bảo Nguyên] <STEAM_1:0:218160880> -> 5 HP bằng (súng) -> [Lê Hải] <STEAM_1:0:471595906>
L 09/05/2026 - 21:03:42: [FF] [Chicoarun] <STEAM_1:0:952954061> -> 16 HP bằng (boom/fire) -> [boviet666] <STEAM_1:0:963323015>
L 09/05/2026 - 21:03:43: [FF] [nikola25645] <STEAM_1:1:782248349> -> 1 HP bằng (súng) -> [Bảo Nguyên] <STEAM_1:0:218160880>
L 09/05/2026 - 21:03:43: [FF] [nikola25645] <STEAM_1:1:782248349> -> 1 HP bằng (súng) -> [Bảo Nguyên] <STEAM_1:0:218160880>
L 09/05/2026 - 21:03:44: [HẠ GỤC] Charger Bot <BOT> đã hạ gục Chicoarun <STEAM_1:0:952954061> bằng (zombie cào/đấm)
L 09/05/2026 - 21:03:46: [FF] [None :D] <STEAM_1:0:578030381> -> 25 HP bằng (melee) -> [Curren Bouquetd'or] <STEAM_1:1:524205977>
L 09/05/2026 - 21:03:48: [FF] [Bảo Nguyên] <STEAM_1:0:218160880> -> 16 HP bằng (boom/fire) -> [nikola25645] <STEAM_1:1:782248349>
L 09/05/2026 - 21:03:48: [FF] [Bảo Nguyên] <STEAM_1:0:218160880> -> 16 HP bằng (boom/fire) -> [nikola25645] <STEAM_1:1:782248349>
L 09/05/2026 - 21:03:49: [FF] [Bảo Nguyên] <STEAM_1:0:218160880> -> 16 HP bằng (boom/fire) -> [nikola25645] <STEAM_1:1:782248349>
L 09/05/2026 - 21:03:50: [HẠ GỤC] Zombie/Witch/Môi trường <N/A> đã hạ gục Curren Bouquetd'or <STEAM_1:1:524205977> bằng (môi trường/khác)
L 09/05/2026 - 21:03:52: [FF] [nikola25645] <STEAM_1:1:782248349> -> 1 HP bằng (súng) -> [boviet666] <STEAM_1:0:963323015>
L 09/05/2026 - 21:03:52: [FF] [boviet666] <STEAM_1:0:963323015> -> 15 HP bằng (súng) -> [nikola25645] <STEAM_1:1:782248349>
L 09/05/2026 - 21:03:52: [FF] [nikola25645] <STEAM_1:1:782248349> -> 1 HP bằng (súng) -> [Rïçēz] <STEAM_1:1:558962692>
L 09/05/2026 - 21:03:52: [FF] [nikola25645] <STEAM_1:1:782248349> -> 1 HP bằng (súng) -> [Rïçēz] <STEAM_1:1:558962692>
L 09/05/2026 - 21:03:57: [FF] [Bảo Nguyên] <STEAM_1:0:218160880> -> 16 HP bằng (boom/fire) -> [Lê Hải] <STEAM_1:0:471595906>
L 09/05/2026 - 21:03:57: [FF] [Bảo Nguyên] <STEAM_1:0:218160880> -> 16 HP bằng (boom/fire) -> [Lê Hải] <STEAM_1:0:471595906>
L 09/05/2026 - 21:03:58: [FF] [Bảo Nguyên] <STEAM_1:0:218160880> -> 16 HP bằng (boom/fire) -> [Lê Hải] <STEAM_1:0:471595906>
L 09/05/2026 - 21:04:06: [HẠ GỤC] Jockey Bot <BOT> đã hạ gục Lê Hải <STEAM_1:0:471595906> bằng (zombie cào/đấm)
L 09/05/2026 - 21:04:08: [FF] [nikola25645] <STEAM_1:1:782248349> -> 1 HP bằng (súng) -> [Bảo Nguyên] <STEAM_1:0:218160880>
L 09/05/2026 - 21:04:12: [HẠ GỤC] Spitter Bot <BOT> đã hạ gục Curren Bouquetd'or <STEAM_1:1:524205977> bằng (zombie cào/đấm)
L 09/05/2026 - 21:04:14: [FF] [KeroN] <STEAM_1:1:161759963> -> 5 HP bằng (súng) -> [nikola25645] <STEAM_1:1:782248349>
L 09/05/2026 - 21:04:17: [HẠ GỤC] Spitter Bot <BOT> đã hạ gục nikola25645 <STEAM_1:1:782248349> bằng (môi trường/khác)
L 09/05/2026 - 21:04:27: [FF] [chimxanh] <STEAM_1:1:626078671> -> 7 HP bằng (melee) -> [Bảo Nguyên] <STEAM_1:0:218160880>
L 09/05/2026 - 21:04:27: [KILL] chimxanh <STEAM_1:1:626078671> đã giết Bảo Nguyên <STEAM_1:0:218160880> bằng (melee)
L 09/05/2026 - 21:04:33: [FF] [Curren Bouquetd'or] <STEAM_1:1:524205977> -> 10 HP bằng (súng) -> [None :D] <STEAM_1:0:578030381>
L 09/05/2026 - 21:04:34: [FF] [Curren Bouquetd'or] <STEAM_1:1:524205977> -> 10 HP bằng (súng) -> [None :D] <STEAM_1:0:578030381>
L 09/05/2026 - 21:04:34: [FF] [Curren Bouquetd'or] <STEAM_1:1:524205977> -> 10 HP bằng (súng) -> [None :D] <STEAM_1:0:578030381>
L 09/05/2026 - 21:04:35: [HẠ GỤC] Spitter Bot <BOT> đã hạ gục Chicoarun <STEAM_1:0:952954061> bằng (môi trường/khác)
L 09/05/2026 - 21:04:37: [HẠ GỤC] Smoker Bot <BOT> đã hạ gục Holo 40k <STEAM_1:1:925049770> bằng (zombie cào/đấm)
L 09/05/2026 - 21:04:42: [FF] [Chicoarun] <STEAM_1:0:952954061> -> 3 HP bằng (súng) -> [Curren Bouquetd'or] <STEAM_1:1:524205977>
L 09/05/2026 - 21:04:43: [FF] [Chicoarun] <STEAM_1:0:952954061> -> 1 HP bằng (môi trường/khác) -> [Curren Bouquetd'or] <STEAM_1:1:524205977>
L 09/05/2026 - 21:04:43: [FF] [Chicoarun] <STEAM_1:0:952954061> -> 1 HP bằng (môi trường/khác) -> [Rïçēz] <STEAM_1:1:558962692>
L 09/05/2026 - 21:04:43: [FF] [Chicoarun] <STEAM_1:0:952954061> -> 1 HP bằng (môi trường/khác) -> [KeroN] <STEAM_1:1:161759963>
L 09/05/2026 - 21:04:43: [FF] [Chicoarun] <STEAM_1:0:952954061> -> 3 HP bằng (súng) -> [Curren Bouquetd'or] <STEAM_1:1:524205977>
L 09/05/2026 - 21:04:43: [FF] [Chicoarun] <STEAM_1:0:952954061> -> 3 HP bằng (súng) -> [Curren Bouquetd'or] <STEAM_1:1:524205977>
L 09/05/2026 - 21:04:45: [HẠ GỤC] (1)Smoker Bot <BOT> đã hạ gục None :D <STEAM_1:0:578030381> bằng (zombie cào/đấm)
L 09/05/2026 - 21:04:50: [FF] [KeroN] <STEAM_1:1:161759963> -> 9 HP bằng (súng) -> [Chicoarun] <STEAM_1:0:952954061>
L 09/05/2026 - 21:04:55: [HẠ GỤC] Boomer Bot <BOT> đã hạ gục Chicoarun <STEAM_1:0:952954061> bằng (môi trường/khác)
L 09/05/2026 - 21:04:56: [KILL] Jockey Bot <BOT> đã giết Curren Bouquetd'or <STEAM_1:1:524205977> bằng (zombie cào/đấm)
L 09/05/2026 - 21:04:57: [FF] [chimxanh] <STEAM_1:1:626078671> -> 2 HP bằng (môi trường/khác) -> [boviet666] <STEAM_1:0:963323015>
L 09/05/2026 - 21:04:57: [FF] [chimxanh] <STEAM_1:1:626078671> -> 4 HP bằng (môi trường/khác) -> [Chicoarun] <STEAM_1:0:952954061>
L 09/05/2026 - 21:04:57: [FF] [chimxanh] <STEAM_1:1:626078671> -> 5 HP bằng (môi trường/khác) -> [KeroN] <STEAM_1:1:161759963>
L 09/05/2026 - 21:04:57: [FF] [chimxanh] <STEAM_1:1:626078671> -> 1 HP bằng (môi trường/khác) -> [boviet666] <STEAM_1:0:963323015>
L 09/05/2026 - 21:04:57: [FF] [chimxanh] <STEAM_1:1:626078671> -> 1 HP bằng (môi trường/khác) -> [None :D] <STEAM_1:0:578030381>
L 09/05/2026 - 21:04:57: [FF] [chimxanh] <STEAM_1:1:626078671> -> 1 HP bằng (môi trường/khác) -> [Chicoarun] <STEAM_1:0:952954061>
L 09/05/2026 - 21:04:57: [FF] [chimxanh] <STEAM_1:1:626078671> -> 1 HP bằng (môi trường/khác) -> [KeroN] <STEAM_1:1:161759963>
L 09/05/2026 - 21:04:59: [FF] [Holo 40k] <STEAM_1:1:925049770> -> 7 HP bằng (melee) -> [Chicoarun] <STEAM_1:0:952954061>
L 09/05/2026 - 21:05:00: [HẠ GỤC] Jockey Bot <BOT> đã hạ gục boviet666 <STEAM_1:0:963323015> bằng (zombie cào/đấm)
L 09/05/2026 - 21:05:03: [FF] [KeroN] <STEAM_1:1:161759963> -> 6 HP bằng (súng) -> [boviet666] <STEAM_1:0:963323015>
L 09/05/2026 - 21:05:06: [FF] [boviet666] <STEAM_1:0:963323015> -> 15 HP bằng (súng) -> [Chicoarun] <STEAM_1:0:952954061>
L 09/05/2026 - 21:05:07: [FF] [boviet666] <STEAM_1:0:963323015> -> 15 HP bằng (súng) -> [Holo 40k] <STEAM_1:1:925049770>
L 09/05/2026 - 21:05:08: [FF] [boviet666] <STEAM_1:0:963323015> -> 15 HP bằng (súng) -> [Chicoarun] <STEAM_1:0:952954061>
L 09/05/2026 - 21:05:08: [FF] [boviet666] <STEAM_1:0:963323015> -> 15 HP bằng (súng) -> [Chicoarun] <STEAM_1:0:952954061>
L 09/05/2026 - 21:05:09: [HẠ GỤC] Hunter Bot <BOT> đã hạ gục Holo 40k <STEAM_1:1:925049770> bằng (zombie cào/đấm)
L 09/05/2026 - 21:05:10: [FF] [boviet666] <STEAM_1:0:963323015> -> 15 HP bằng (súng) -> [Rïçēz] <STEAM_1:1:558962692>
L 09/05/2026 - 21:05:10: [FF] [KeroN] <STEAM_1:1:161759963> -> 9 HP bằng (súng) -> [Chicoarun] <STEAM_1:0:952954061>
L 09/05/2026 - 21:05:11: [FF] [KeroN] <STEAM_1:1:161759963> -> 5 HP bằng (súng) -> [Chicoarun] <STEAM_1:0:952954061>
L 09/05/2026 - 21:05:11: [FF] [KeroN] <STEAM_1:1:161759963> -> 5 HP bằng (súng) -> [Chicoarun] <STEAM_1:0:952954061>
L 09/05/2026 - 21:05:11: [FF] [KeroN] <STEAM_1:1:161759963> -> 5 HP bằng (súng) -> [Chicoarun] <STEAM_1:0:952954061>
L 09/05/2026 - 21:05:11: [FF] [KeroN] <STEAM_1:1:161759963> -> 6 HP bằng (súng) -> [Chicoarun] <STEAM_1:0:952954061>
L 09/05/2026 - 21:05:18: [FF] [Holo 40k] <STEAM_1:1:925049770> -> 3 HP bằng (súng) -> [Rïçēz] <STEAM_1:1:558962692>
L 09/05/2026 - 21:05:18: [FF] [Holo 40k] <STEAM_1:1:925049770> -> 3 HP bằng (súng) -> [Rïçēz] <STEAM_1:1:558962692>
L 09/05/2026 - 21:05:18: [FF] [Holo 40k] <STEAM_1:1:925049770> -> 3 HP bằng (súng) -> [Rïçēz] <STEAM_1:1:558962692>
L 09/05/2026 - 21:05:18: [FF] [Holo 40k] <STEAM_1:1:925049770> -> 3 HP bằng (súng) -> [Rïçēz] <STEAM_1:1:558962692>
L 09/05/2026 - 21:05:18: [FF] [Holo 40k] <STEAM_1:1:925049770> -> 3 HP bằng (súng) -> [Rïçēz] <STEAM_1:1:558962692>
L 09/05/2026 - 21:05:22: [FF] [Lê Hải] <STEAM_1:0:471595906> -> 7 HP bằng (súng) -> [nikola25645] <STEAM_1:1:782248349>
L 09/05/2026 - 21:05:22: [FF] [Lê Hải] <STEAM_1:0:471595906> -> 7 HP bằng (súng) -> [nikola25645] <STEAM_1:1:782248349>
L 09/05/2026 - 21:05:22: [FF] [Lê Hải] <STEAM_1:0:471595906> -> 7 HP bằng (súng) -> [nikola25645] <STEAM_1:1:782248349>
L 09/05/2026 - 21:05:25: [FF] [chimxanh] <STEAM_1:1:626078671> -> 1 HP bằng (môi trường/khác) -> [boviet666] <STEAM_1:0:963323015>
L 09/05/2026 - 21:05:28: [FF] [Lê Hải] <STEAM_1:0:471595906> -> 7 HP bằng (súng) -> [chimxanh] <STEAM_1:1:626078671>
L 09/05/2026 - 21:05:32: [HẠ GỤC] Smoker Bot <BOT> đã hạ gục nikola25645 <STEAM_1:1:782248349> bằng (zombie cào/đấm)
L 09/05/2026 - 21:05:34: [FF] [Rïçēz] <STEAM_1:1:558962692> -> 10 HP bằng (súng) -> [Holo 40k] <STEAM_1:1:925049770>
L 09/05/2026 - 21:05:37: [FF] [boviet666] <STEAM_1:0:963323015> -> 22 HP bằng (súng) -> [chimxanh] <STEAM_1:1:626078671>
L 09/05/2026 - 21:05:38: [FF] [Bảo Nguyên] <STEAM_1:0:218160880> -> 5 HP bằng (melee) -> [nikola25645] <STEAM_1:1:782248349>
L 09/05/2026 - 21:05:40: [FF] [Bảo Nguyên] <STEAM_1:0:218160880> -> 5 HP bằng (melee) -> [nikola25645] <STEAM_1:1:782248349>
L 09/05/2026 - 21:05:44: [KILL] Jockey Bot <BOT> đã giết Holo 40k <STEAM_1:1:925049770> bằng (zombie cào/đấm)
L 09/05/2026 - 21:05:45: [FF] [Rïçēz] <STEAM_1:1:558962692> -> 14 HP bằng (súng) -> [Lê Hải] <STEAM_1:0:471595906>
L 09/05/2026 - 21:05:45: [HẠ GỤC] Jockey Bot <BOT> đã hạ gục Lê Hải <STEAM_1:0:471595906> bằng (zombie cào/đấm)
L 09/05/2026 - 21:05:46: [HẠ GỤC] Boomer Bot <BOT> đã hạ gục Rïçēz <STEAM_1:1:558962692> bằng (môi trường/khác)
L 09/05/2026 - 21:05:51: [HẠ GỤC] Spitter Bot <BOT> đã hạ gục None :D <STEAM_1:0:578030381> bằng (môi trường/khác)
L 09/05/2026 - 21:05:59: [KILL] Zombie/Witch/Môi trường <N/A> đã giết Chicoarun <STEAM_1:0:952954061> bằng (boom/fire)
L 09/05/2026 - 21:06:04: [KILL] Zombie/Witch/Môi trường <N/A> đã giết Lê Hải <STEAM_1:0:471595906> bằng (boom/fire)
L 09/05/2026 - 21:06:10: [KILL] Jockey Bot <BOT> đã giết None :D <STEAM_1:0:578030381> bằng (zombie cào/đấm)
L 09/05/2026 - 21:06:12: [FF] [chimxanh] <STEAM_1:1:626078671> -> 2 HP bằng (môi trường/khác) -> [KeroN] <STEAM_1:1:161759963>
L 09/05/2026 - 21:06:12: [FF] [chimxanh] <STEAM_1:1:626078671> -> 14 HP bằng (môi trường/khác) -> [Curren Bouquetd'or] <STEAM_1:1:524205977>
L 09/05/2026 - 21:06:12: [FF] [chimxanh] <STEAM_1:1:626078671> -> 1 HP bằng (môi trường/khác) -> [boviet666] <STEAM_1:0:963323015>
L 09/05/2026 - 21:06:12: [FF] [chimxanh] <STEAM_1:1:626078671> -> 5 HP bằng (môi trường/khác) -> [Rïçēz] <STEAM_1:1:558962692>
L 09/05/2026 - 21:06:12: [FF] [chimxanh] <STEAM_1:1:626078671> -> 1 HP bằng (môi trường/khác) -> [KeroN] <STEAM_1:1:161759963>
L 09/05/2026 - 21:06:12: [FF] [chimxanh] <STEAM_1:1:626078671> -> 1 HP bằng (môi trường/khác) -> [Bảo Nguyên] <STEAM_1:0:218160880>
L 09/05/2026 - 21:06:12: [FF] [chimxanh] <STEAM_1:1:626078671> -> 1 HP bằng (môi trường/khác) -> [Curren Bouquetd'or] <STEAM_1:1:524205977>
L 09/05/2026 - 21:06:12: [FF] [chimxanh] <STEAM_1:1:626078671> -> 1 HP bằng (môi trường/khác) -> [boviet666] <STEAM_1:0:963323015>
L 09/05/2026 - 21:06:12: [FF] [chimxanh] <STEAM_1:1:626078671> -> 1 HP bằng (môi trường/khác) -> [Rïçēz] <STEAM_1:1:558962692>
L 09/05/2026 - 21:06:12: [FF] [Curren Bouquetd'or] <STEAM_1:1:524205977> -> 3 HP bằng (súng) -> [Rïçēz] <STEAM_1:1:558962692>
L 09/05/2026 - 21:06:12: [FF] [Curren Bouquetd'or] <STEAM_1:1:524205977> -> 3 HP bằng (súng) -> [Rïçēz] <STEAM_1:1:558962692>
L 09/05/2026 - 21:06:12: [FF] [Curren Bouquetd'or] <STEAM_1:1:524205977> -> 3 HP bằng (súng) -> [Rïçēz] <STEAM_1:1:558962692>
L 09/05/2026 - 21:06:12: [FF] [Curren Bouquetd'or] <STEAM_1:1:524205977> -> 3 HP bằng (súng) -> [Rïçēz] <STEAM_1:1:558962692>
L 09/05/2026 - 21:06:12: [FF] [Curren Bouquetd'or] <STEAM_1:1:524205977> -> 3 HP bằng (súng) -> [Rïçēz] <STEAM_1:1:558962692>
L 09/05/2026 - 21:06:12: [FF] [Curren Bouquetd'or] <STEAM_1:1:524205977> -> 3 HP bằng (súng) -> [Rïçēz] <STEAM_1:1:558962692>
L 09/05/2026 - 21:06:12: [FF] [Curren Bouquetd'or] <STEAM_1:1:524205977> -> 3 HP bằng (súng) -> [Rïçēz] <STEAM_1:1:558962692>
L 09/05/2026 - 21:06:12: [FF] [Curren Bouquetd'or] <STEAM_1:1:524205977> -> 3 HP bằng (súng) -> [Rïçēz] <STEAM_1:1:558962692>
L 09/05/2026 - 21:06:12: [FF] [Curren Bouquetd'or] <STEAM_1:1:524205977> -> 3 HP bằng (súng) -> [Rïçēz] <STEAM_1:1:558962692>
L 09/05/2026 - 21:06:28: [FF] [chimxanh] <STEAM_1:1:626078671> -> 1 HP bằng (môi trường/khác) -> [Bảo Nguyên] <STEAM_1:0:218160880>
L 09/05/2026 - 21:06:28: [FF] [KeroN] <STEAM_1:1:161759963> -> 6 HP bằng (súng) -> [boviet666] <STEAM_1:0:963323015>
L 09/05/2026 - 21:06:29: [FF] [KeroN] <STEAM_1:1:161759963> -> 6 HP bằng (súng) -> [boviet666] <STEAM_1:0:963323015>
L 09/05/2026 - 21:06:29: [FF] [KeroN] <STEAM_1:1:161759963> -> 9 HP bằng (súng) -> [boviet666] <STEAM_1:0:963323015>
L 09/05/2026 - 21:06:29: [FF] [KeroN] <STEAM_1:1:161759963> -> 9 HP bằng (súng) -> [boviet666] <STEAM_1:0:963323015>
L 09/05/2026 - 21:06:29: [FF] [KeroN] <STEAM_1:1:161759963> -> 9 HP bằng (súng) -> [boviet666] <STEAM_1:0:963323015>
L 09/05/2026 - 21:06:29: [FF] [chimxanh] <STEAM_1:1:626078671> -> 1 HP bằng (môi trường/khác) -> [Bảo Nguyên] <STEAM_1:0:218160880>
L 09/05/2026 - 21:06:30: [FF] [KeroN] <STEAM_1:1:161759963> -> 6 HP bằng (súng) -> [Rïçēz] <STEAM_1:1:558962692>
L 09/05/2026 - 21:06:30: [FF] [boviet666] <STEAM_1:0:963323015> -> 22 HP bằng (súng) -> [chimxanh] <STEAM_1:1:626078671>
L 09/05/2026 - 21:06:32: [FF] [boviet666] <STEAM_1:0:963323015> -> 22 HP bằng (súng) -> [KeroN] <STEAM_1:1:161759963>
L 09/05/2026 - 21:06:33: [FF] [Curren Bouquetd'or] <STEAM_1:1:524205977> -> 10 HP bằng (súng) -> [Lê Hải] <STEAM_1:0:471595906>
L 09/05/2026 - 21:06:36: [KILL] Zombie/Witch/Môi trường <N/A> đã giết nikola25645 <STEAM_1:1:782248349> bằng (môi trường/khác)
L 09/05/2026 - 21:06:36: [HẠ GỤC] Zombie/Witch/Môi trường <N/A> đã hạ gục Curren Bouquetd'or <STEAM_1:1:524205977> bằng (môi trường/khác)
L 09/05/2026 - 21:06:37: [KILL] Zombie/Witch/Môi trường <N/A> đã giết Curren Bouquetd'or <STEAM_1:1:524205977> bằng (môi trường/khác)
L 09/05/2026 - 21:06:40: [HẠ GỤC] Zombie/Witch/Môi trường <N/A> đã hạ gục Rïçēz <STEAM_1:1:558962692> bằng (môi trường/khác)
L 09/05/2026 - 21:06:42: [HẠ GỤC] Hunter Bot <BOT> đã hạ gục KeroN <STEAM_1:1:161759963> bằng (zombie cào/đấm)
L 09/05/2026 - 21:06:43: [FF] [chimxanh] <STEAM_1:1:626078671> -> 13 HP bằng (môi trường/khác) -> [Bảo Nguyên] <STEAM_1:0:218160880>
L 09/05/2026 - 21:06:43: [FF] [chimxanh] <STEAM_1:1:626078671> -> 1 HP bằng (môi trường/khác) -> [Rïçēz] <STEAM_1:1:558962692>
L 09/05/2026 - 21:06:43: [FF] [chimxanh] <STEAM_1:1:626078671> -> 1 HP bằng (môi trường/khác) -> [Bảo Nguyên] <STEAM_1:0:218160880>
L 09/05/2026 - 21:06:43: [FF] [chimxanh] <STEAM_1:1:626078671> -> 9 HP bằng (môi trường/khác) -> [Bảo Nguyên] <STEAM_1:0:218160880>
L 09/05/2026 - 21:06:43: [FF] [chimxanh] <STEAM_1:1:626078671> -> 1 HP bằng (môi trường/khác) -> [Bảo Nguyên] <STEAM_1:0:218160880>
L 09/05/2026 - 21:06:43: [FF] [chimxanh] <STEAM_1:1:626078671> -> 1 HP bằng (môi trường/khác) -> [Rïçēz] <STEAM_1:1:558962692>
L 09/05/2026 - 21:06:48: [HẠ GỤC] Boomer Bot <BOT> đã hạ gục chimxanh <STEAM_1:1:626078671> bằng (môi trường/khác)
L 09/05/2026 - 21:06:59: [FF] [Holo 40k] <STEAM_1:1:925049770> -> 25 HP bằng (melee) -> [Rïçēz] <STEAM_1:1:558962692>
L 09/05/2026 - 21:07:00: [FF] [KeroN] <STEAM_1:1:161759963> -> 6 HP bằng (súng) -> [Rïçēz] <STEAM_1:1:558962692>
L 09/05/2026 - 21:07:00: [FF] [chimxanh] <STEAM_1:1:626078671> -> 5 HP bằng (môi trường/khác) -> [boviet666] <STEAM_1:0:963323015>
L 09/05/2026 - 21:07:00: [FF] [chimxanh] <STEAM_1:1:626078671> -> 1 HP bằng (môi trường/khác) -> [boviet666] <STEAM_1:0:963323015>
L 09/05/2026 - 21:07:15: [FF] [Lê Hải] <STEAM_1:0:471595906> -> 3 HP bằng (súng) -> [Chicoarun] <STEAM_1:0:952954061>
L 09/05/2026 - 21:07:15: [FF] [Lê Hải] <STEAM_1:0:471595906> -> 3 HP bằng (súng) -> [Chicoarun] <STEAM_1:0:952954061>
L 09/05/2026 - 21:07:15: [FF] [Lê Hải] <STEAM_1:0:471595906> -> 3 HP bằng (súng) -> [Chicoarun] <STEAM_1:0:952954061>
L 09/05/2026 - 21:07:15: [FF] [Lê Hải] <STEAM_1:0:471595906> -> 3 HP bằng (súng) -> [Chicoarun] <STEAM_1:0:952954061>
L 09/05/2026 - 21:07:15: [FF] [Lê Hải] <STEAM_1:0:471595906> -> 3 HP bằng (súng) -> [Chicoarun] <STEAM_1:0:952954061>
L 09/05/2026 - 21:07:15: [FF] [Lê Hải] <STEAM_1:0:471595906> -> 3 HP bằng (súng) -> [Chicoarun] <STEAM_1:0:952954061>
L 09/05/2026 - 21:07:15: [FF] [KeroN] <STEAM_1:1:161759963> -> 9 HP bằng (súng) -> [Bảo Nguyên] <STEAM_1:0:218160880>
L 09/05/2026 - 21:07:19: [FF] [Bảo Nguyên] <STEAM_1:0:218160880> -> 2 HP bằng (môi trường/khác) -> [boviet666] <STEAM_1:0:963323015>
L 09/05/2026 - 21:07:19: [FF] [Bảo Nguyên] <STEAM_1:0:218160880> -> 2 HP bằng (môi trường/khác) -> [KeroN] <STEAM_1:1:161759963>
L 09/05/2026 - 21:07:19: [FF] [Bảo Nguyên] <STEAM_1:0:218160880> -> 1 HP bằng (môi trường/khác) -> [Holo 40k] <STEAM_1:1:925049770>
L 09/05/2026 - 21:07:19: [HẠ GỤC] Bảo Nguyên <STEAM_1:0:218160880> đã hạ gục Bảo Nguyên <STEAM_1:0:218160880> bằng (môi trường/khác)
L 09/05/2026 - 21:07:21: [KILL] Zombie/Witch/Môi trường <N/A> đã giết KeroN <STEAM_1:1:161759963> bằng (môi trường/khác)
L 09/05/2026 - 21:07:23: [HẠ GỤC] Zombie/Witch/Môi trường <N/A> đã hạ gục Chicoarun <STEAM_1:0:952954061> bằng (môi trường/khác)
L 09/05/2026 - 21:07:24: [FF] [Bảo Nguyên] <STEAM_1:0:218160880> -> 16 HP bằng (boom/fire) -> [None :D] <STEAM_1:0:578030381>
L 09/05/2026 - 21:07:24: [FF] [Bảo Nguyên] <STEAM_1:0:218160880> -> 16 HP bằng (boom/fire) -> [None :D] <STEAM_1:0:578030381>
L 09/05/2026 - 21:07:24: [FF] [Bảo Nguyên] <STEAM_1:0:218160880> -> 16 HP bằng (boom/fire) -> [None :D] <STEAM_1:0:578030381>
L 09/05/2026 - 21:07:24: [FF] [Bảo Nguyên] <STEAM_1:0:218160880> -> 16 HP bằng (boom/fire) -> [None :D] <STEAM_1:0:578030381>
L 09/05/2026 - 21:07:25: [FF] [Bảo Nguyên] <STEAM_1:0:218160880> -> 16 HP bằng (boom/fire) -> [None :D] <STEAM_1:0:578030381>
L 09/05/2026 - 21:07:25: [FF] [Bảo Nguyên] <STEAM_1:0:218160880> -> 16 HP bằng (boom/fire) -> [None :D] <STEAM_1:0:578030381>
L 09/05/2026 - 21:07:25: [FF] [Bảo Nguyên] <STEAM_1:0:218160880> -> 16 HP bằng (boom/fire) -> [None :D] <STEAM_1:0:578030381>
L 09/05/2026 - 21:07:25: [HẠ GỤC] Bảo Nguyên <STEAM_1:0:218160880> đã hạ gục None :D <STEAM_1:0:578030381> bằng (boom/fire)
L 09/05/2026 - 21:07:25: [FF] [Bảo Nguyên] <STEAM_1:0:218160880> -> 16 HP bằng (boom/fire) -> [None :D] <STEAM_1:0:578030381>
L 09/05/2026 - 21:07:26: [FF] [Bảo Nguyên] <STEAM_1:0:218160880> -> 16 HP bằng (boom/fire) -> [None :D] <STEAM_1:0:578030381>
L 09/05/2026 - 21:07:26: [FF] [Bảo Nguyên] <STEAM_1:0:218160880> -> 16 HP bằng (boom/fire) -> [None :D] <STEAM_1:0:578030381>
L 09/05/2026 - 21:07:26: [FF] [Bảo Nguyên] <STEAM_1:0:218160880> -> 16 HP bằng (boom/fire) -> [None :D] <STEAM_1:0:578030381>
L 09/05/2026 - 21:07:26: [FF] [Bảo Nguyên] <STEAM_1:0:218160880> -> 16 HP bằng (boom/fire) -> [None :D] <STEAM_1:0:578030381>
L 09/05/2026 - 21:07:26: [FF] [Bảo Nguyên] <STEAM_1:0:218160880> -> 16 HP bằng (boom/fire) -> [None :D] <STEAM_1:0:578030381>
L 09/05/2026 - 21:07:27: [FF] [Bảo Nguyên] <STEAM_1:0:218160880> -> 16 HP bằng (boom/fire) -> [None :D] <STEAM_1:0:578030381>
L 09/05/2026 - 21:07:27: [FF] [Bảo Nguyên] <STEAM_1:0:218160880> -> 16 HP bằng (boom/fire) -> [None :D] <STEAM_1:0:578030381>
L 09/05/2026 - 21:07:27: [FF] [Bảo Nguyên] <STEAM_1:0:218160880> -> 16 HP bằng (boom/fire) -> [None :D] <STEAM_1:0:578030381>
L 09/05/2026 - 21:07:27: [FF] [Bảo Nguyên] <STEAM_1:0:218160880> -> 16 HP bằng (boom/fire) -> [None :D] <STEAM_1:0:578030381>
L 09/05/2026 - 21:07:27: [FF] [Bảo Nguyên] <STEAM_1:0:218160880> -> 16 HP bằng (boom/fire) -> [None :D] <STEAM_1:0:578030381>
L 09/05/2026 - 21:07:28: [FF] [Bảo Nguyên] <STEAM_1:0:218160880> -> 16 HP bằng (boom/fire) -> [None :D] <STEAM_1:0:578030381>
L 09/05/2026 - 21:07:28: [FF] [Bảo Nguyên] <STEAM_1:0:218160880> -> 16 HP bằng (boom/fire) -> [None :D] <STEAM_1:0:578030381>
L 09/05/2026 - 21:07:28: [FF] [Bảo Nguyên] <STEAM_1:0:218160880> -> 16 HP bằng (boom/fire) -> [None :D] <STEAM_1:0:578030381>
L 09/05/2026 - 21:07:28: [FF] [Bảo Nguyên] <STEAM_1:0:218160880> -> 16 HP bằng (boom/fire) -> [None :D] <STEAM_1:0:578030381>
L 09/05/2026 - 21:07:28: [FF] [Bảo Nguyên] <STEAM_1:0:218160880> -> 16 HP bằng (boom/fire) -> [None :D] <STEAM_1:0:578030381>
L 09/05/2026 - 21:07:29: [FF] [Bảo Nguyên] <STEAM_1:0:218160880> -> 16 HP bằng (boom/fire) -> [None :D] <STEAM_1:0:578030381>
L 09/05/2026 - 21:07:29: [FF] [Bảo Nguyên] <STEAM_1:0:218160880> -> 16 HP bằng (boom/fire) -> [None :D] <STEAM_1:0:578030381>
L 09/05/2026 - 21:07:29: [FF] [Bảo Nguyên] <STEAM_1:0:218160880> -> 16 HP bằng (boom/fire) -> [None :D] <STEAM_1:0:578030381>
L 09/05/2026 - 21:07:29: [FF] [Bảo Nguyên] <STEAM_1:0:218160880> -> 16 HP bằng (boom/fire) -> [None :D] <STEAM_1:0:578030381>
L 09/05/2026 - 21:07:29: [KILL] Hunter Bot <BOT> đã giết chimxanh <STEAM_1:1:626078671> bằng (zombie cào/đấm)
L 09/05/2026 - 21:07:31: [FF] [Bảo Nguyên] <STEAM_1:0:218160880> -> 16 HP bằng (boom/fire) -> [None :D] <STEAM_1:0:578030381>
L 09/05/2026 - 21:07:32: [FF] [Bảo Nguyên] <STEAM_1:0:218160880> -> 16 HP bằng (boom/fire) -> [None :D] <STEAM_1:0:578030381>
L 09/05/2026 - 21:07:32: [FF] [Bảo Nguyên] <STEAM_1:0:218160880> -> 16 HP bằng (boom/fire) -> [None :D] <STEAM_1:0:578030381>
L 09/05/2026 - 21:07:32: [FF] [Bảo Nguyên] <STEAM_1:0:218160880> -> 16 HP bằng (boom/fire) -> [None :D] <STEAM_1:0:578030381>
L 09/05/2026 - 21:07:32: [FF] [Bảo Nguyên] <STEAM_1:0:218160880> -> 16 HP bằng (boom/fire) -> [None :D] <STEAM_1:0:578030381>
L 09/05/2026 - 21:07:32: [FF] [Bảo Nguyên] <STEAM_1:0:218160880> -> 16 HP bằng (boom/fire) -> [None :D] <STEAM_1:0:578030381>
L 09/05/2026 - 21:07:33: [FF] [Bảo Nguyên] <STEAM_1:0:218160880> -> 16 HP bằng (boom/fire) -> [None :D] <STEAM_1:0:578030381>
L 09/05/2026 - 21:07:33: [FF] [Bảo Nguyên] <STEAM_1:0:218160880> -> 16 HP bằng (boom/fire) -> [None :D] <STEAM_1:0:578030381>
L 09/05/2026 - 21:07:33: [FF] [Bảo Nguyên] <STEAM_1:0:218160880> -> 16 HP bằng (boom/fire) -> [None :D] <STEAM_1:0:578030381>
L 09/05/2026 - 21:07:33: [FF] [boviet666] <STEAM_1:0:963323015> -> 1 HP bằng (môi trường/khác) -> [Bảo Nguyên] <STEAM_1:0:218160880>
L 09/05/2026 - 21:07:33: [FF] [Bảo Nguyên] <STEAM_1:0:218160880> -> 16 HP bằng (boom/fire) -> [None :D] <STEAM_1:0:578030381>
L 09/05/2026 - 21:07:33: [FF] [Bảo Nguyên] <STEAM_1:0:218160880> -> 16 HP bằng (boom/fire) -> [None :D] <STEAM_1:0:578030381>
L 09/05/2026 - 21:07:34: [FF] [Bảo Nguyên] <STEAM_1:0:218160880> -> 16 HP bằng (boom/fire) -> [None :D] <STEAM_1:0:578030381>
L 09/05/2026 - 21:07:34: [FF] [Bảo Nguyên] <STEAM_1:0:218160880> -> 16 HP bằng (boom/fire) -> [None :D] <STEAM_1:0:578030381>
L 09/05/2026 - 21:07:34: [FF] [Bảo Nguyên] <STEAM_1:0:218160880> -> 16 HP bằng (boom/fire) -> [None :D] <STEAM_1:0:578030381>
L 09/05/2026 - 21:07:34: [FF] [Bảo Nguyên] <STEAM_1:0:218160880> -> 16 HP bằng (boom/fire) -> [None :D] <STEAM_1:0:578030381>
L 09/05/2026 - 21:07:39: [HẠ GỤC] Zombie/Witch/Môi trường <N/A> đã hạ gục boviet666 <STEAM_1:0:963323015> bằng (môi trường/khác)
L 09/05/2026 - 21:07:40: [FF] [Lê Hải] <STEAM_1:0:471595906> -> 3 HP bằng (súng) -> [Chicoarun] <STEAM_1:0:952954061>
L 09/05/2026 - 21:07:40: [FF] [Lê Hải] <STEAM_1:0:471595906> -> 3 HP bằng (súng) -> [Chicoarun] <STEAM_1:0:952954061>
L 09/05/2026 - 21:07:40: [FF] [Lê Hải] <STEAM_1:0:471595906> -> 3 HP bằng (súng) -> [Chicoarun] <STEAM_1:0:952954061>
L 09/05/2026 - 21:07:40: [FF] [Lê Hải] <STEAM_1:0:471595906> -> 3 HP bằng (súng) -> [Chicoarun] <STEAM_1:0:952954061>
L 09/05/2026 - 21:07:40: [FF] [Lê Hải] <STEAM_1:0:471595906> -> 3 HP bằng (súng) -> [Chicoarun] <STEAM_1:0:952954061>
L 09/05/2026 - 21:07:40: [FF] [Lê Hải] <STEAM_1:0:471595906> -> 3 HP bằng (súng) -> [Chicoarun] <STEAM_1:0:952954061>
L 09/05/2026 - 21:07:40: [FF] [Lê Hải] <STEAM_1:0:471595906> -> 3 HP bằng (súng) -> [Chicoarun] <STEAM_1:0:952954061>
L 09/05/2026 - 21:07:40: [FF] [Lê Hải] <STEAM_1:0:471595906> -> 3 HP bằng (súng) -> [Chicoarun] <STEAM_1:0:952954061>
L 09/05/2026 - 21:08:19: [FF] [None :D] <STEAM_1:0:578030381> -> 9 HP bằng (môi trường/khác) -> [Bảo Nguyên] <STEAM_1:0:218160880>
L 09/05/2026 - 21:08:19: [FF] [None :D] <STEAM_1:0:578030381> -> 1 HP bằng (môi trường/khác) -> [Bảo Nguyên] <STEAM_1:0:218160880>
L 09/05/2026 - 21:08:19: [FF] [None :D] <STEAM_1:0:578030381> -> 1 HP bằng (môi trường/khác) -> [Holo 40k] <STEAM_1:1:925049770>
L 09/05/2026 - 21:08:25: [FF] [Holo 40k] <STEAM_1:1:925049770> -> 6 HP bằng (môi trường/khác) -> [None :D] <STEAM_1:0:578030381>
L 09/05/2026 - 21:08:28: [FF] [None :D] <STEAM_1:0:578030381> -> 9 HP bằng (môi trường/khác) -> [boviet666] <STEAM_1:0:963323015>
L 09/05/2026 - 21:08:28: [FF] [None :D] <STEAM_1:0:578030381> -> 1 HP bằng (môi trường/khác) -> [boviet666] <STEAM_1:0:963323015>
L 09/05/2026 - 21:08:30: [FF] [None :D] <STEAM_1:0:578030381> -> 1 HP bằng (môi trường/khác) -> [Bảo Nguyên] <STEAM_1:0:218160880>
L 09/05/2026 - 21:08:30: [FF] [None :D] <STEAM_1:0:578030381> -> 1 HP bằng (môi trường/khác) -> [Bảo Nguyên] <STEAM_1:0:218160880>
L 09/05/2026 - 21:08:30: [FF] [None :D] <STEAM_1:0:578030381> -> 1 HP bằng (môi trường/khác) -> [boviet666] <STEAM_1:0:963323015>
L 09/05/2026 - 21:08:32: [FF] [Holo 40k] <STEAM_1:1:925049770> -> 6 HP bằng (môi trường/khác) -> [nikola25645] <STEAM_1:1:782248349>
L 09/05/2026 - 21:08:32: [FF] [Holo 40k] <STEAM_1:1:925049770> -> 6 HP bằng (môi trường/khác) -> [nikola25645] <STEAM_1:1:782248349>
L 09/05/2026 - 21:08:32: [FF] [Holo 40k] <STEAM_1:1:925049770> -> 6 HP bằng (môi trường/khác) -> [nikola25645] <STEAM_1:1:782248349>
L 09/05/2026 - 21:08:44: [FF] [None :D] <STEAM_1:0:578030381> -> 1 HP bằng (môi trường/khác) -> [Bill] <BOT>
L 09/05/2026 - 21:08:44: [FF] [None :D] <STEAM_1:0:578030381> -> 1 HP bằng (môi trường/khác) -> [KeroN] <STEAM_1:1:161759963>
L 09/05/2026 - 21:08:45: [FF] [None :D] <STEAM_1:0:578030381> -> 1 HP bằng (môi trường/khác) -> [KeroN] <STEAM_1:1:161759963>
L 09/05/2026 - 21:08:45: [FF] [None :D] <STEAM_1:0:578030381> -> 1 HP bằng (môi trường/khác) -> [Bill] <BOT>
L 09/05/2026 - 21:08:54: [FF] [KeroN] <STEAM_1:1:161759963> -> 3 HP bằng (súng) -> [Curren Bouquetd'or] <STEAM_1:1:524205977>
L 09/05/2026 - 21:08:54: [FF] [KeroN] <STEAM_1:1:161759963> -> 3 HP bằng (súng) -> [Curren Bouquetd'or] <STEAM_1:1:524205977>
L 09/05/2026 - 21:08:54: [FF] [KeroN] <STEAM_1:1:161759963> -> 3 HP bằng (súng) -> [Curren Bouquetd'or] <STEAM_1:1:524205977>
L 09/05/2026 - 21:08:54: [FF] [KeroN] <STEAM_1:1:161759963> -> 3 HP bằng (súng) -> [Curren Bouquetd'or] <STEAM_1:1:524205977>
L 09/05/2026 - 21:08:54: [FF] [KeroN] <STEAM_1:1:161759963> -> 1 HP bằng (môi trường/khác) -> [Curren Bouquetd'or] <STEAM_1:1:524205977>
L 09/05/2026 - 21:08:54: [FF] [KeroN] <STEAM_1:1:161759963> -> 3 HP bằng (súng) -> [Curren Bouquetd'or] <STEAM_1:1:524205977>
L 09/05/2026 - 21:08:54: [FF] [KeroN] <STEAM_1:1:161759963> -> 3 HP bằng (súng) -> [Curren Bouquetd'or] <STEAM_1:1:524205977>
L 09/05/2026 - 21:08:54: [FF] [KeroN] <STEAM_1:1:161759963> -> 3 HP bằng (súng) -> [Curren Bouquetd'or] <STEAM_1:1:524205977>
L 09/05/2026 - 21:09:02: [KILL] Zombie/Witch/Môi trường <N/A> đã giết Bill <BOT> bằng (zombie cào/đấm)
L 09/05/2026 - 21:09:03: [KILL] Zombie/Witch/Môi trường <N/A> đã giết nikola25645 <STEAM_1:1:782248349> bằng (zombie cào/đấm)
L 09/05/2026 - 21:09:05: [KILL] Zombie/Witch/Môi trường <N/A> đã giết Bảo Nguyên <STEAM_1:0:218160880> bằng (zombie cào/đấm)
L 09/05/2026 - 21:09:07: [FF] [None :D] <STEAM_1:0:578030381> -> 1 HP bằng (môi trường/khác) -> [Holo 40k] <STEAM_1:1:925049770>
L 09/05/2026 - 21:09:07: [FF] [None :D] <STEAM_1:0:578030381> -> 1 HP bằng (môi trường/khác) -> [Holo 40k] <STEAM_1:1:925049770>
L 09/05/2026 - 21:09:07: [FF] [None :D] <STEAM_1:0:578030381> -> 1 HP bằng (môi trường/khác) -> [Holo 40k] <STEAM_1:1:925049770>
L 09/05/2026 - 21:09:08: [KILL] Zombie/Witch/Môi trường <N/A> đã giết Rïçēz <STEAM_1:1:558962692> bằng (zombie cào/đấm)
L 09/05/2026 - 21:09:09: [KILL] Zombie/Witch/Môi trường <N/A> đã giết boviet666 <STEAM_1:0:963323015> bằng (môi trường/khác)
L 09/05/2026 - 21:09:11: [KILL] Zombie/Witch/Môi trường <N/A> đã giết Curren Bouquetd'or <STEAM_1:1:524205977> bằng (zombie cào/đấm)
L 09/05/2026 - 21:09:11: [FF] [None :D] <STEAM_1:0:578030381> -> 1 HP bằng (môi trường/khác) -> [Holo 40k] <STEAM_1:1:925049770>
L 09/05/2026 - 21:09:13: [KILL] Zombie/Witch/Môi trường <N/A> đã giết Lê Hải <STEAM_1:0:471595906> bằng (zombie cào/đấm)
L 09/05/2026 - 21:09:18: [KILL] Zombie/Witch/Môi trường <N/A> đã giết KeroN <STEAM_1:1:161759963> bằng (zombie cào/đấm)
L 09/05/2026 - 21:09:25: [HẠ GỤC] Zombie/Witch/Môi trường <N/A> đã hạ gục Holo 40k <STEAM_1:1:925049770> bằng (môi trường/khác)
L 09/05/2026 - 21:09:26: [KILL] Zombie/Witch/Môi trường <N/A> đã giết chimxanh <STEAM_1:1:626078671> bằng (zombie cào/đấm)
L 09/05/2026 - 21:09:27: [FF] [None :D] <STEAM_1:0:578030381> -> 5 HP bằng (môi trường/khác) -> [Holo 40k] <STEAM_1:1:925049770>
L 09/05/2026 - 21:09:27: [FF] [None :D] <STEAM_1:0:578030381> -> 1 HP bằng (môi trường/khác) -> [Holo 40k] <STEAM_1:1:925049770>
L 09/05/2026 - 21:09:28: [KILL] Zombie/Witch/Môi trường <N/A> đã giết Holo 40k <STEAM_1:1:925049770> bằng (zombie cào/đấm)
L 09/05/2026 - 21:09:33: [KILL] Zombie/Witch/Môi trường <N/A> đã giết None :D <STEAM_1:0:578030381> bằng (zombie cào/đấm)
L 09/05/2026 - 21:10:25: [FF] [Chicoarun] <STEAM_1:0:952954061> -> 3 HP bằng (boom/fire) -> [KeroN] <STEAM_1:1:161759963>
L 09/05/2026 - 21:10:25: [FF] [Chicoarun] <STEAM_1:0:952954061> -> 3 HP bằng (boom/fire) -> [KeroN] <STEAM_1:1:161759963>
L 09/05/2026 - 21:10:25: [FF] [Chicoarun] <STEAM_1:0:952954061> -> 3 HP bằng (boom/fire) -> [KeroN] <STEAM_1:1:161759963>
L 09/05/2026 - 21:10:25: [FF] [Chicoarun] <STEAM_1:0:952954061> -> 3 HP bằng (boom/fire) -> [KeroN] <STEAM_1:1:161759963>
L 09/05/2026 - 21:10:25: [FF] [Chicoarun] <STEAM_1:0:952954061> -> 3 HP bằng (boom/fire) -> [KeroN] <STEAM_1:1:161759963>
L 09/05/2026 - 21:10:25: [FF] [Chicoarun] <STEAM_1:0:952954061> -> 3 HP bằng (boom/fire) -> [KeroN] <STEAM_1:1:161759963>
L 09/05/2026 - 21:10:25: [FF] [Chicoarun] <STEAM_1:0:952954061> -> 3 HP bằng (boom/fire) -> [KeroN] <STEAM_1:1:161759963>
L 09/05/2026 - 21:10:25: [FF] [Chicoarun] <STEAM_1:0:952954061> -> 3 HP bằng (boom/fire) -> [KeroN] <STEAM_1:1:161759963>
L 09/05/2026 - 21:10:25: [FF] [Chicoarun] <STEAM_1:0:952954061> -> 3 HP bằng (boom/fire) -> [KeroN] <STEAM_1:1:161759963>
L 09/05/2026 - 21:10:25: [FF] [Chicoarun] <STEAM_1:0:952954061> -> 3 HP bằng (boom/fire) -> [KeroN] <STEAM_1:1:161759963>
L 09/05/2026 - 21:10:25: [FF] [Chicoarun] <STEAM_1:0:952954061> -> 3 HP bằng (boom/fire) -> [KeroN] <STEAM_1:1:161759963>
L 09/05/2026 - 21:10:25: [FF] [Chicoarun] <STEAM_1:0:952954061> -> 3 HP bằng (boom/fire) -> [KeroN] <STEAM_1:1:161759963>
L 09/05/2026 - 21:10:25: [FF] [Chicoarun] <STEAM_1:0:952954061> -> 3 HP bằng (boom/fire) -> [KeroN] <STEAM_1:1:161759963>
L 09/05/2026 - 21:10:25: [FF] [Chicoarun] <STEAM_1:0:952954061> -> 3 HP bằng (boom/fire) -> [KeroN] <STEAM_1:1:161759963>
L 09/05/2026 - 21:10:25: [FF] [Chicoarun] <STEAM_1:0:952954061> -> 3 HP bằng (boom/fire) -> [KeroN] <STEAM_1:1:161759963>
L 09/05/2026 - 21:10:25: [FF] [Chicoarun] <STEAM_1:0:952954061> -> 3 HP bằng (boom/fire) -> [KeroN] <STEAM_1:1:161759963>
L 09/05/2026 - 21:10:28: [FF] [boviet666] <STEAM_1:0:963323015> -> 5 HP bằng (súng) -> [Holo 40k] <STEAM_1:1:925049770>
L 09/05/2026 - 21:10:37: [FF] [Lê Hải] <STEAM_1:0:471595906> -> 3 HP bằng (súng) -> [Bảo Nguyên] <STEAM_1:0:218160880>
L 09/05/2026 - 21:10:37: [FF] [Lê Hải] <STEAM_1:0:471595906> -> 3 HP bằng (súng) -> [Bảo Nguyên] <STEAM_1:0:218160880>
L 09/05/2026 - 21:10:37: [FF] [Lê Hải] <STEAM_1:0:471595906> -> 3 HP bằng (súng) -> [Bảo Nguyên] <STEAM_1:0:218160880>
L 09/05/2026 - 21:10:38: [FF] [Lê Hải] <STEAM_1:0:471595906> -> 3 HP bằng (súng) -> [Bảo Nguyên] <STEAM_1:0:218160880>
L 09/05/2026 - 21:10:38: [FF] [Lê Hải] <STEAM_1:0:471595906> -> 3 HP bằng (súng) -> [Bảo Nguyên] <STEAM_1:0:218160880>
L 09/05/2026 - 21:10:38: [FF] [Lê Hải] <STEAM_1:0:471595906> -> 3 HP bằng (súng) -> [Bảo Nguyên] <STEAM_1:0:218160880>
L 09/05/2026 - 21:10:38: [FF] [boviet666] <STEAM_1:0:963323015> -> 5 HP bằng (súng) -> [Holo 40k] <STEAM_1:1:925049770>
L 09/05/2026 - 21:10:39: [FF] [Lê Hải] <STEAM_1:0:471595906> -> 3 HP bằng (súng) -> [Bảo Nguyên] <STEAM_1:0:218160880>
L 09/05/2026 - 21:10:39: [FF] [Lê Hải] <STEAM_1:0:471595906> -> 3 HP bằng (súng) -> [Bảo Nguyên] <STEAM_1:0:218160880>
L 09/05/2026 - 21:10:39: [FF] [Lê Hải] <STEAM_1:0:471595906> -> 3 HP bằng (súng) -> [Bảo Nguyên] <STEAM_1:0:218160880>
L 09/05/2026 - 21:10:39: [FF] [Lê Hải] <STEAM_1:0:471595906> -> 3 HP bằng (súng) -> [Bảo Nguyên] <STEAM_1:0:218160880>
L 09/05/2026 - 21:10:39: [FF] [KeroN] <STEAM_1:1:161759963> -> 22 HP bằng (boom/fire) -> [Bảo Nguyên] <STEAM_1:0:218160880>
L 09/05/2026 - 21:10:40: [HẠ GỤC] Spitter Bot <BOT> đã hạ gục Chicoarun <STEAM_1:0:952954061> bằng (môi trường/khác)
L 09/05/2026 - 21:10:40: [FF] [boviet666] <STEAM_1:0:963323015> -> 5 HP bằng (súng) -> [Chicoarun] <STEAM_1:0:952954061>
L 09/05/2026 - 21:10:40: [FF] [Curren Bouquetd'or] <STEAM_1:1:524205977> -> 31 HP bằng (boom/fire) -> [Bảo Nguyên] <STEAM_1:0:218160880>
L 09/05/2026 - 21:10:40: [FF] [boviet666] <STEAM_1:0:963323015> -> 5 HP bằng (súng) -> [Chicoarun] <STEAM_1:0:952954061>
L 09/05/2026 - 21:10:40: [FF] [boviet666] <STEAM_1:0:963323015> -> 1 HP bằng (môi trường/khác) -> [nikola25645] <STEAM_1:1:782248349>
L 09/05/2026 - 21:10:41: [FF] [boviet666] <STEAM_1:0:963323015> -> 1 HP bằng (môi trường/khác) -> [Holo 40k] <STEAM_1:1:925049770>
L 09/05/2026 - 21:10:41: [FF] [boviet666] <STEAM_1:0:963323015> -> 1 HP bằng (môi trường/khác) -> [Bảo Nguyên] <STEAM_1:0:218160880>
L 09/05/2026 - 21:10:41: [FF] [boviet666] <STEAM_1:0:963323015> -> 1 HP bằng (môi trường/khác) -> [Chicoarun] <STEAM_1:0:952954061>
L 09/05/2026 - 21:10:43: [FF] [nikola25645] <STEAM_1:1:782248349> -> 1 HP bằng (boom/fire) -> [Holo 40k] <STEAM_1:1:925049770>
L 09/05/2026 - 21:10:43: [FF] [nikola25645] <STEAM_1:1:782248349> -> 2 HP bằng (boom/fire) -> [Holo 40k] <STEAM_1:1:925049770>
L 09/05/2026 - 21:10:44: [FF] [nikola25645] <STEAM_1:1:782248349> -> 2 HP bằng (boom/fire) -> [Holo 40k] <STEAM_1:1:925049770>
L 09/05/2026 - 21:10:44: [FF] [nikola25645] <STEAM_1:1:782248349> -> 2 HP bằng (boom/fire) -> [Holo 40k] <STEAM_1:1:925049770>
L 09/05/2026 - 21:10:46: [HẠ GỤC] boviet666 <STEAM_1:0:963323015> đã hạ gục Bảo Nguyên <STEAM_1:0:218160880> bằng (súng)
L 09/05/2026 - 21:10:46: [FF] [boviet666] <STEAM_1:0:963323015> -> 5 HP bằng (súng) -> [Bảo Nguyên] <STEAM_1:0:218160880>
L 09/05/2026 - 21:10:46: [FF] [Holo 40k] <STEAM_1:1:925049770> -> 7 HP bằng (melee) -> [None :D] <STEAM_1:0:578030381>
L 09/05/2026 - 21:10:47: [FF] [boviet666] <STEAM_1:0:963323015> -> 5 HP bằng (súng) -> [Bảo Nguyên] <STEAM_1:0:218160880>
L 09/05/2026 - 21:10:47: [FF] [boviet666] <STEAM_1:0:963323015> -> 5 HP bằng (súng) -> [Bảo Nguyên] <STEAM_1:0:218160880>
L 09/05/2026 - 21:10:47: [FF] [boviet666] <STEAM_1:0:963323015> -> 5 HP bằng (súng) -> [Bảo Nguyên] <STEAM_1:0:218160880>
L 09/05/2026 - 21:10:48: [FF] [boviet666] <STEAM_1:0:963323015> -> 5 HP bằng (súng) -> [Bảo Nguyên] <STEAM_1:0:218160880>
L 09/05/2026 - 21:10:48: [FF] [boviet666] <STEAM_1:0:963323015> -> 5 HP bằng (súng) -> [Bảo Nguyên] <STEAM_1:0:218160880>
L 09/05/2026 - 21:10:48: [FF] [boviet666] <STEAM_1:0:963323015> -> 5 HP bằng (súng) -> [Bảo Nguyên] <STEAM_1:0:218160880>
L 09/05/2026 - 21:10:48: [FF] [boviet666] <STEAM_1:0:963323015> -> 5 HP bằng (súng) -> [Bảo Nguyên] <STEAM_1:0:218160880>
L 09/05/2026 - 21:10:48: [FF] [boviet666] <STEAM_1:0:963323015> -> 5 HP bằng (súng) -> [Bảo Nguyên] <STEAM_1:0:218160880>
L 09/05/2026 - 21:10:48: [FF] [boviet666] <STEAM_1:0:963323015> -> 5 HP bằng (súng) -> [Bảo Nguyên] <STEAM_1:0:218160880>
L 09/05/2026 - 21:10:48: [FF] [boviet666] <STEAM_1:0:963323015> -> 5 HP bằng (súng) -> [Bảo Nguyên] <STEAM_1:0:218160880>
L 09/05/2026 - 21:10:48: [FF] [boviet666] <STEAM_1:0:963323015> -> 5 HP bằng (súng) -> [Bảo Nguyên] <STEAM_1:0:218160880>
L 09/05/2026 - 21:10:48: [FF] [boviet666] <STEAM_1:0:963323015> -> 5 HP bằng (súng) -> [Bảo Nguyên] <STEAM_1:0:218160880>
L 09/05/2026 - 21:10:49: [FF] [boviet666] <STEAM_1:0:963323015> -> 5 HP bằng (súng) -> [Bảo Nguyên] <STEAM_1:0:218160880>
L 09/05/2026 - 21:10:49: [FF] [boviet666] <STEAM_1:0:963323015> -> 6 HP bằng (súng) -> [Curren Bouquetd'or] <STEAM_1:1:524205977>
L 09/05/2026 - 21:10:49: [FF] [boviet666] <STEAM_1:0:963323015> -> 5 HP bằng (súng) -> [Curren Bouquetd'or] <STEAM_1:1:524205977>
L 09/05/2026 - 21:10:49: [FF] [boviet666] <STEAM_1:0:963323015> -> 5 HP bằng (súng) -> [Curren Bouquetd'or] <STEAM_1:1:524205977>
L 09/05/2026 - 21:10:49: [FF] [boviet666] <STEAM_1:0:963323015> -> 5 HP bằng (súng) -> [Curren Bouquetd'or] <STEAM_1:1:524205977>
L 09/05/2026 - 21:10:49: [FF] [boviet666] <STEAM_1:0:963323015> -> 5 HP bằng (súng) -> [Curren Bouquetd'or] <STEAM_1:1:524205977>
L 09/05/2026 - 21:10:49: [FF] [boviet666] <STEAM_1:0:963323015> -> 5 HP bằng (súng) -> [Curren Bouquetd'or] <STEAM_1:1:524205977>
L 09/05/2026 - 21:10:54: [FF] [None :D] <STEAM_1:0:578030381> -> 15 HP bằng (boom/fire) -> [Bảo Nguyên] <STEAM_1:0:218160880>
L 09/05/2026 - 21:11:00: [FF] [boviet666] <STEAM_1:0:963323015> -> 5 HP bằng (súng) -> [Bảo Nguyên] <STEAM_1:0:218160880>
L 09/05/2026 - 21:11:01: [FF] [boviet666] <STEAM_1:0:963323015> -> 5 HP bằng (súng) -> [Bảo Nguyên] <STEAM_1:0:218160880>
L 09/05/2026 - 21:11:01: [FF] [boviet666] <STEAM_1:0:963323015> -> 5 HP bằng (súng) -> [Bảo Nguyên] <STEAM_1:0:218160880>
L 09/05/2026 - 21:11:02: [FF] [boviet666] <STEAM_1:0:963323015> -> 5 HP bằng (súng) -> [Chicoarun] <STEAM_1:0:952954061>
L 09/05/2026 - 21:11:02: [FF] [boviet666] <STEAM_1:0:963323015> -> 5 HP bằng (súng) -> [Chicoarun] <STEAM_1:0:952954061>
L 09/05/2026 - 21:11:02: [FF] [boviet666] <STEAM_1:0:963323015> -> 5 HP bằng (súng) -> [Chicoarun] <STEAM_1:0:952954061>
L 09/05/2026 - 21:11:04: [FF] [Lê Hải] <STEAM_1:0:471595906> -> 3 HP bằng (súng) -> [Curren Bouquetd'or] <STEAM_1:1:524205977>
L 09/05/2026 - 21:11:04: [FF] [Lê Hải] <STEAM_1:0:471595906> -> 3 HP bằng (súng) -> [Curren Bouquetd'or] <STEAM_1:1:524205977>
L 09/05/2026 - 21:11:04: [FF] [Lê Hải] <STEAM_1:0:471595906> -> 3 HP bằng (súng) -> [Curren Bouquetd'or] <STEAM_1:1:524205977>
L 09/05/2026 - 21:11:04: [FF] [Lê Hải] <STEAM_1:0:471595906> -> 3 HP bằng (súng) -> [Curren Bouquetd'or] <STEAM_1:1:524205977>
L 09/05/2026 - 21:11:04: [FF] [Lê Hải] <STEAM_1:0:471595906> -> 3 HP bằng (súng) -> [Curren Bouquetd'or] <STEAM_1:1:524205977>
L 09/05/2026 - 21:11:04: [FF] [Lê Hải] <STEAM_1:0:471595906> -> 3 HP bằng (súng) -> [Curren Bouquetd'or] <STEAM_1:1:524205977>
L 09/05/2026 - 21:11:09: [FF] [Lê Hải] <STEAM_1:0:471595906> -> 3 HP bằng (súng) -> [boviet666] <STEAM_1:0:963323015>
L 09/05/2026 - 21:11:09: [FF] [Lê Hải] <STEAM_1:0:471595906> -> 3 HP bằng (súng) -> [boviet666] <STEAM_1:0:963323015>
L 09/05/2026 - 21:11:09: [FF] [Lê Hải] <STEAM_1:0:471595906> -> 3 HP bằng (súng) -> [chimxanh] <STEAM_1:1:626078671>
L 09/05/2026 - 21:11:09: [FF] [Lê Hải] <STEAM_1:0:471595906> -> 3 HP bằng (súng) -> [chimxanh] <STEAM_1:1:626078671>
L 09/05/2026 - 21:11:09: [FF] [Lê Hải] <STEAM_1:0:471595906> -> 3 HP bằng (súng) -> [chimxanh] <STEAM_1:1:626078671>
L 09/05/2026 - 21:11:09: [FF] [Lê Hải] <STEAM_1:0:471595906> -> 3 HP bằng (súng) -> [chimxanh] <STEAM_1:1:626078671>
L 09/05/2026 - 21:11:09: [FF] [Lê Hải] <STEAM_1:0:471595906> -> 3 HP bằng (súng) -> [chimxanh] <STEAM_1:1:626078671>
L 09/05/2026 - 21:11:09: [FF] [boviet666] <STEAM_1:0:963323015> -> 6 HP bằng (súng) -> [chimxanh] <STEAM_1:1:626078671>
L 09/05/2026 - 21:11:10: [FF] [boviet666] <STEAM_1:0:963323015> -> 5 HP bằng (súng) -> [chimxanh] <STEAM_1:1:626078671>
L 09/05/2026 - 21:11:13: [FF] [None :D] <STEAM_1:0:578030381> -> 22 HP bằng (boom/fire) -> [boviet666] <STEAM_1:0:963323015>
L 09/05/2026 - 21:11:15: [FF] [nikola25645] <STEAM_1:1:782248349> -> 2 HP bằng (súng) -> [boviet666] <STEAM_1:0:963323015>
L 09/05/2026 - 21:11:15: [FF] [nikola25645] <STEAM_1:1:782248349> -> 2 HP bằng (súng) -> [boviet666] <STEAM_1:0:963323015>
L 09/05/2026 - 21:11:25: [FF] [None :D] <STEAM_1:0:578030381> -> 1 HP bằng (môi trường/khác) -> [Bảo Nguyên] <STEAM_1:0:218160880>
L 09/05/2026 - 21:11:25: [FF] [None :D] <STEAM_1:0:578030381> -> 1 HP bằng (môi trường/khác) -> [nikola25645] <STEAM_1:1:782248349>
L 09/05/2026 - 21:11:26: [HẠ GỤC] Zombie/Witch/Môi trường <N/A> đã hạ gục boviet666 <STEAM_1:0:963323015> bằng (môi trường/khác)
L 09/05/2026 - 21:11:28: [FF] [Lê Hải] <STEAM_1:0:471595906> -> 3 HP bằng (súng) -> [chimxanh] <STEAM_1:1:626078671>
L 09/05/2026 - 21:11:28: [FF] [Lê Hải] <STEAM_1:0:471595906> -> 3 HP bằng (súng) -> [chimxanh] <STEAM_1:1:626078671>
L 09/05/2026 - 21:11:28: [FF] [Lê Hải] <STEAM_1:0:471595906> -> 3 HP bằng (súng) -> [chimxanh] <STEAM_1:1:626078671>
L 09/05/2026 - 21:11:28: [FF] [Lê Hải] <STEAM_1:0:471595906> -> 3 HP bằng (súng) -> [chimxanh] <STEAM_1:1:626078671>
L 09/05/2026 - 21:11:28: [FF] [Lê Hải] <STEAM_1:0:471595906> -> 3 HP bằng (súng) -> [chimxanh] <STEAM_1:1:626078671>
L 09/05/2026 - 21:11:28: [FF] [Lê Hải] <STEAM_1:0:471595906> -> 3 HP bằng (súng) -> [chimxanh] <STEAM_1:1:626078671>
L 09/05/2026 - 21:11:28: [FF] [Lê Hải] <STEAM_1:0:471595906> -> 3 HP bằng (súng) -> [chimxanh] <STEAM_1:1:626078671>
L 09/05/2026 - 21:11:28: [FF] [Lê Hải] <STEAM_1:0:471595906> -> 3 HP bằng (súng) -> [chimxanh] <STEAM_1:1:626078671>
L 09/05/2026 - 21:11:28: [FF] [Lê Hải] <STEAM_1:0:471595906> -> 3 HP bằng (súng) -> [chimxanh] <STEAM_1:1:626078671>
L 09/05/2026 - 21:11:29: [FF] [Holo 40k] <STEAM_1:1:925049770> -> 7 HP bằng (melee) -> [Bảo Nguyên] <STEAM_1:0:218160880>
L 09/05/2026 - 21:11:29: [FF] [Lê Hải] <STEAM_1:0:471595906> -> 3 HP bằng (súng) -> [Bảo Nguyên] <STEAM_1:0:218160880>
L 09/05/2026 - 21:11:29: [FF] [Lê Hải] <STEAM_1:0:471595906> -> 3 HP bằng (súng) -> [Bảo Nguyên] <STEAM_1:0:218160880>
L 09/05/2026 - 21:11:29: [FF] [Lê Hải] <STEAM_1:0:471595906> -> 3 HP bằng (súng) -> [Bảo Nguyên] <STEAM_1:0:218160880>
L 09/05/2026 - 21:11:29: [FF] [Lê Hải] <STEAM_1:0:471595906> -> 3 HP bằng (súng) -> [Bảo Nguyên] <STEAM_1:0:218160880>
L 09/05/2026 - 21:11:29: [FF] [Lê Hải] <STEAM_1:0:471595906> -> 3 HP bằng (súng) -> [Holo 40k] <STEAM_1:1:925049770>
L 09/05/2026 - 21:11:29: [FF] [Lê Hải] <STEAM_1:0:471595906> -> 3 HP bằng (súng) -> [Holo 40k] <STEAM_1:1:925049770>
L 09/05/2026 - 21:11:29: [FF] [Lê Hải] <STEAM_1:0:471595906> -> 3 HP bằng (súng) -> [Holo 40k] <STEAM_1:1:925049770>
L 09/05/2026 - 21:11:29: [FF] [Lê Hải] <STEAM_1:0:471595906> -> 3 HP bằng (súng) -> [Holo 40k] <STEAM_1:1:925049770>
L 09/05/2026 - 21:11:29: [FF] [Lê Hải] <STEAM_1:0:471595906> -> 3 HP bằng (súng) -> [Holo 40k] <STEAM_1:1:925049770>
L 09/05/2026 - 21:11:29: [FF] [Lê Hải] <STEAM_1:0:471595906> -> 3 HP bằng (súng) -> [Holo 40k] <STEAM_1:1:925049770>
L 09/05/2026 - 21:11:29: [FF] [Lê Hải] <STEAM_1:0:471595906> -> 3 HP bằng (súng) -> [Holo 40k] <STEAM_1:1:925049770>
L 09/05/2026 - 21:11:30: [FF] [Lê Hải] <STEAM_1:0:471595906> -> 3 HP bằng (súng) -> [Holo 40k] <STEAM_1:1:925049770>
L 09/05/2026 - 21:11:30: [FF] [Lê Hải] <STEAM_1:0:471595906> -> 3 HP bằng (súng) -> [Holo 40k] <STEAM_1:1:925049770>
L 09/05/2026 - 21:11:30: [FF] [Lê Hải] <STEAM_1:0:471595906> -> 3 HP bằng (súng) -> [Holo 40k] <STEAM_1:1:925049770>
L 09/05/2026 - 21:11:30: [FF] [Lê Hải] <STEAM_1:0:471595906> -> 3 HP bằng (súng) -> [Bảo Nguyên] <STEAM_1:0:218160880>
L 09/05/2026 - 21:11:30: [FF] [Lê Hải] <STEAM_1:0:471595906> -> 3 HP bằng (súng) -> [Bảo Nguyên] <STEAM_1:0:218160880>
L 09/05/2026 - 21:11:30: [FF] [Lê Hải] <STEAM_1:0:471595906> -> 3 HP bằng (súng) -> [Bảo Nguyên] <STEAM_1:0:218160880>
L 09/05/2026 - 21:11:30: [FF] [Lê Hải] <STEAM_1:0:471595906> -> 3 HP bằng (súng) -> [Bảo Nguyên] <STEAM_1:0:218160880>
L 09/05/2026 - 21:11:38: [FF] [boviet666] <STEAM_1:0:963323015> -> 5 HP bằng (súng) -> [Bảo Nguyên] <STEAM_1:0:218160880>
L 09/05/2026 - 21:11:39: [FF] [boviet666] <STEAM_1:0:963323015> -> 5 HP bằng (súng) -> [None :D] <STEAM_1:0:578030381>
L 09/05/2026 - 21:11:39: [FF] [boviet666] <STEAM_1:0:963323015> -> 6 HP bằng (súng) -> [None :D] <STEAM_1:0:578030381>
L 09/05/2026 - 21:11:40: [FF] [Bảo Nguyên] <STEAM_1:0:218160880> -> 7 HP bằng (boom/fire) -> [Lê Hải] <STEAM_1:0:471595906>
L 09/05/2026 - 21:11:40: [FF] [Lê Hải] <STEAM_1:0:471595906> -> 3 HP bằng (súng) -> [Chicoarun] <STEAM_1:0:952954061>
L 09/05/2026 - 21:11:40: [FF] [Lê Hải] <STEAM_1:0:471595906> -> 3 HP bằng (súng) -> [Chicoarun] <STEAM_1:0:952954061>
L 09/05/2026 - 21:11:41: [FF] [Bảo Nguyên] <STEAM_1:0:218160880> -> 5 HP bằng (boom/fire) -> [Chicoarun] <STEAM_1:0:952954061>
L 09/05/2026 - 21:11:41: [HẠ GỤC] Spitter Bot <BOT> đã hạ gục Chicoarun <STEAM_1:0:952954061> bằng (môi trường/khác)
L 09/05/2026 - 21:11:45: [FF] [boviet666] <STEAM_1:0:963323015> -> 6 HP bằng (súng) -> [nikola25645] <STEAM_1:1:782248349>
L 09/05/2026 - 21:11:45: [FF] [boviet666] <STEAM_1:0:963323015> -> 5 HP bằng (súng) -> [KeroN] <STEAM_1:1:161759963>
L 09/05/2026 - 21:11:45: [FF] [boviet666] <STEAM_1:0:963323015> -> 5 HP bằng (súng) -> [KeroN] <STEAM_1:1:161759963>
L 09/05/2026 - 21:11:45: [FF] [boviet666] <STEAM_1:0:963323015> -> 5 HP bằng (súng) -> [KeroN] <STEAM_1:1:161759963>
L 09/05/2026 - 21:11:45: [FF] [boviet666] <STEAM_1:0:963323015> -> 5 HP bằng (súng) -> [Bảo Nguyên] <STEAM_1:0:218160880>
L 09/05/2026 - 21:11:45: [FF] [boviet666] <STEAM_1:0:963323015> -> 5 HP bằng (súng) -> [Bảo Nguyên] <STEAM_1:0:218160880>
L 09/05/2026 - 21:11:45: [FF] [boviet666] <STEAM_1:0:963323015> -> 5 HP bằng (súng) -> [Curren Bouquetd'or] <STEAM_1:1:524205977>
L 09/05/2026 - 21:11:47: [KILL] Zombie/Witch/Môi trường <N/A> đã giết nikola25645 <STEAM_1:1:782248349> bằng (zombie cào/đấm)
L 09/05/2026 - 21:11:48: [FF] [boviet666] <STEAM_1:0:963323015> -> 6 HP bằng (súng) -> [Rïçēz] <STEAM_1:1:558962692>
L 09/05/2026 - 21:11:49: [FF] [Lê Hải] <STEAM_1:0:471595906> -> 4 HP bằng (súng) -> [boviet666] <STEAM_1:0:963323015>
L 09/05/2026 - 21:11:49: [FF] [Lê Hải] <STEAM_1:0:471595906> -> 4 HP bằng (súng) -> [boviet666] <STEAM_1:0:963323015>
L 09/05/2026 - 21:11:49: [FF] [Lê Hải] <STEAM_1:0:471595906> -> 4 HP bằng (súng) -> [boviet666] <STEAM_1:0:963323015>
L 09/05/2026 - 21:11:49: [FF] [Lê Hải] <STEAM_1:0:471595906> -> 4 HP bằng (súng) -> [boviet666] <STEAM_1:0:963323015>
L 09/05/2026 - 21:11:49: [FF] [Lê Hải] <STEAM_1:0:471595906> -> 4 HP bằng (súng) -> [boviet666] <STEAM_1:0:963323015>
L 09/05/2026 - 21:11:49: [FF] [Lê Hải] <STEAM_1:0:471595906> -> 4 HP bằng (súng) -> [boviet666] <STEAM_1:0:963323015>
L 09/05/2026 - 21:11:49: [FF] [Lê Hải] <STEAM_1:0:471595906> -> 4 HP bằng (súng) -> [boviet666] <STEAM_1:0:963323015>
L 09/05/2026 - 21:11:49: [FF] [Lê Hải] <STEAM_1:0:471595906> -> 4 HP bằng (súng) -> [boviet666] <STEAM_1:0:963323015>
L 09/05/2026 - 21:11:49: [FF] [Lê Hải] <STEAM_1:0:471595906> -> 4 HP bằng (súng) -> [boviet666] <STEAM_1:0:963323015>
L 09/05/2026 - 21:11:50: [KILL] Zombie/Witch/Môi trường <N/A> đã giết Holo 40k <STEAM_1:1:925049770> bằng (boom/fire)
L 09/05/2026 - 21:11:51: [KILL] Zombie/Witch/Môi trường <N/A> đã giết Chicoarun <STEAM_1:0:952954061> bằng (zombie cào/đấm)
L 09/05/2026 - 21:11:51: [FF] [boviet666] <STEAM_1:0:963323015> -> 5 HP bằng (súng) -> [Rïçēz] <STEAM_1:1:558962692>
L 09/05/2026 - 21:11:51: [FF] [boviet666] <STEAM_1:0:963323015> -> 5 HP bằng (súng) -> [Rïçēz] <STEAM_1:1:558962692>
L 09/05/2026 - 21:11:51: [FF] [boviet666] <STEAM_1:0:963323015> -> 5 HP bằng (súng) -> [Rïçēz] <STEAM_1:1:558962692>
L 09/05/2026 - 21:11:51: [FF] [Rïçēz] <STEAM_1:1:558962692> -> 5 HP bằng (melee) -> [chimxanh] <STEAM_1:1:626078671>
L 09/05/2026 - 21:11:52: [FF] [KeroN] <STEAM_1:1:161759963> -> 45 HP bằng (boom/fire) -> [Rïçēz] <STEAM_1:1:558962692>
L 09/05/2026 - 21:11:53: [FF] [boviet666] <STEAM_1:0:963323015> -> 5 HP bằng (súng) -> [None :D] <STEAM_1:0:578030381>
L 09/05/2026 - 21:11:53: [FF] [Lê Hải] <STEAM_1:0:471595906> -> 3 HP bằng (súng) -> [Rïçēz] <STEAM_1:1:558962692>
L 09/05/2026 - 21:11:53: [FF] [Lê Hải] <STEAM_1:0:471595906> -> 3 HP bằng (súng) -> [Rïçēz] <STEAM_1:1:558962692>
L 09/05/2026 - 21:11:53: [FF] [Lê Hải] <STEAM_1:0:471595906> -> 3 HP bằng (súng) -> [Rïçēz] <STEAM_1:1:558962692>
L 09/05/2026 - 21:11:53: [FF] [Lê Hải] <STEAM_1:0:471595906> -> 3 HP bằng (súng) -> [Rïçēz] <STEAM_1:1:558962692>
L 09/05/2026 - 21:11:57: [FF] [boviet666] <STEAM_1:0:963323015> -> 5 HP bằng (súng) -> [None :D] <STEAM_1:0:578030381>
L 09/05/2026 - 21:11:57: [FF] [boviet666] <STEAM_1:0:963323015> -> 5 HP bằng (súng) -> [None :D] <STEAM_1:0:578030381>
L 09/05/2026 - 21:11:57: [FF] [chimxanh] <STEAM_1:1:626078671> -> 7 HP bằng (melee) -> [None :D] <STEAM_1:0:578030381>
L 09/05/2026 - 21:11:57: [FF] [boviet666] <STEAM_1:0:963323015> -> 5 HP bằng (súng) -> [None :D] <STEAM_1:0:578030381>
L 09/05/2026 - 21:11:57: [FF] [boviet666] <STEAM_1:0:963323015> -> 5 HP bằng (súng) -> [None :D] <STEAM_1:0:578030381>
L 09/05/2026 - 21:11:57: [FF] [boviet666] <STEAM_1:0:963323015> -> 5 HP bằng (súng) -> [None :D] <STEAM_1:0:578030381>
L 09/05/2026 - 21:12:00: [HẠ GỤC] boviet666 <STEAM_1:0:963323015> đã hạ gục chimxanh <STEAM_1:1:626078671> bằng (súng)
L 09/05/2026 - 21:12:00: [FF] [boviet666] <STEAM_1:0:963323015> -> 5 HP bằng (súng) -> [chimxanh] <STEAM_1:1:626078671>
L 09/05/2026 - 21:12:00: [FF] [boviet666] <STEAM_1:0:963323015> -> 5 HP bằng (súng) -> [None :D] <STEAM_1:0:578030381>
L 09/05/2026 - 21:12:06: [HẠ GỤC] None :D <STEAM_1:0:578030381> đã hạ gục boviet666 <STEAM_1:0:963323015> bằng (boom/fire)
L 09/05/2026 - 21:12:16: [HẠ GỤC] Zombie/Witch/Môi trường <N/A> đã hạ gục Rïçēz <STEAM_1:1:558962692> bằng (môi trường/khác)
L 09/05/2026 - 21:12:19: [HẠ GỤC] Zombie/Witch/Môi trường <N/A> đã hạ gục Bảo Nguyên <STEAM_1:0:218160880> bằng (môi trường/khác)
L 09/05/2026 - 21:12:20: [FF] [Lê Hải] <STEAM_1:0:471595906> -> 3 HP bằng (súng) -> [Bảo Nguyên] <STEAM_1:0:218160880>
L 09/05/2026 - 21:12:21: [FF] [Bảo Nguyên] <STEAM_1:0:218160880> -> 1 HP bằng (môi trường/khác) -> [Lê Hải] <STEAM_1:0:471595906>
L 09/05/2026 - 21:12:24: [HẠ GỤC] Zombie/Witch/Môi trường <N/A> đã hạ gục Lê Hải <STEAM_1:0:471595906> bằng (môi trường/khác)
L 09/05/2026 - 21:12:49: [FF] [Bảo Nguyên] <STEAM_1:0:218160880> -> 9 HP bằng (súng) -> [chimxanh] <STEAM_1:1:626078671>
L 09/05/2026 - 21:12:49: [FF] [Bảo Nguyên] <STEAM_1:0:218160880> -> 6 HP bằng (súng) -> [chimxanh] <STEAM_1:1:626078671>
L 09/05/2026 - 21:12:49: [FF] [boviet666] <STEAM_1:0:963323015> -> 5 HP bằng (súng) -> [chimxanh] <STEAM_1:1:626078671>
L 09/05/2026 - 21:12:49: [FF] [boviet666] <STEAM_1:0:963323015> -> 5 HP bằng (súng) -> [chimxanh] <STEAM_1:1:626078671>
L 09/05/2026 - 21:12:49: [FF] [Bảo Nguyên] <STEAM_1:0:218160880> -> 6 HP bằng (súng) -> [chimxanh] <STEAM_1:1:626078671>
L 09/05/2026 - 21:12:49: [FF] [boviet666] <STEAM_1:0:963323015> -> 5 HP bằng (súng) -> [chimxanh] <STEAM_1:1:626078671>
L 09/05/2026 - 21:12:49: [FF] [KeroN] <STEAM_1:1:161759963> -> 11 HP bằng (súng) -> [Rïçēz] <STEAM_1:1:558962692>
L 09/05/2026 - 21:12:49: [FF] [KeroN] <STEAM_1:1:161759963> -> 2 HP bằng (súng) -> [boviet666] <STEAM_1:0:963323015>
L 09/05/2026 - 21:12:49: [FF] [KeroN] <STEAM_1:1:161759963> -> 22 HP bằng (súng) -> [chimxanh] <STEAM_1:1:626078671>
L 09/05/2026 - 21:12:49: [FF] [Bảo Nguyên] <STEAM_1:0:218160880> -> 6 HP bằng (súng) -> [Curren Bouquetd'or] <STEAM_1:1:524205977>
L 09/05/2026 - 21:12:49: [FF] [boviet666] <STEAM_1:0:963323015> -> 5 HP bằng (súng) -> [chimxanh] <STEAM_1:1:626078671>
L 09/05/2026 - 21:12:49: [FF] [boviet666] <STEAM_1:0:963323015> -> 5 HP bằng (súng) -> [chimxanh] <STEAM_1:1:626078671>
L 09/05/2026 - 21:12:49: [FF] [Bảo Nguyên] <STEAM_1:0:218160880> -> 6 HP bằng (súng) -> [Rïçēz] <STEAM_1:1:558962692>
L 09/05/2026 - 21:12:49: [FF] [boviet666] <STEAM_1:0:963323015> -> 5 HP bằng (súng) -> [chimxanh] <STEAM_1:1:626078671>
L 09/05/2026 - 21:12:49: [FF] [boviet666] <STEAM_1:0:963323015> -> 5 HP bằng (súng) -> [Curren Bouquetd'or] <STEAM_1:1:524205977>
L 09/05/2026 - 21:12:49: [FF] [boviet666] <STEAM_1:0:963323015> -> 5 HP bằng (súng) -> [Rïçēz] <STEAM_1:1:558962692>
L 09/05/2026 - 21:12:49: [FF] [boviet666] <STEAM_1:0:963323015> -> 5 HP bằng (súng) -> [Curren Bouquetd'or] <STEAM_1:1:524205977>
L 09/05/2026 - 21:12:49: [FF] [Bảo Nguyên] <STEAM_1:0:218160880> -> 5 HP bằng (súng) -> [Curren Bouquetd'or] <STEAM_1:1:524205977>
L 09/05/2026 - 21:12:50: [FF] [boviet666] <STEAM_1:0:963323015> -> 5 HP bằng (súng) -> [Curren Bouquetd'or] <STEAM_1:1:524205977>
L 09/05/2026 - 21:12:50: [FF] [Bảo Nguyên] <STEAM_1:0:218160880> -> 5 HP bằng (súng) -> [Curren Bouquetd'or] <STEAM_1:1:524205977>
L 09/05/2026 - 21:12:50: [FF] [boviet666] <STEAM_1:0:963323015> -> 5 HP bằng (súng) -> [Curren Bouquetd'or] <STEAM_1:1:524205977>
L 09/05/2026 - 21:12:50: [FF] [boviet666] <STEAM_1:0:963323015> -> 5 HP bằng (súng) -> [Curren Bouquetd'or] <STEAM_1:1:524205977>
L 09/05/2026 - 21:12:50: [FF] [boviet666] <STEAM_1:0:963323015> -> 5 HP bằng (súng) -> [Rïçēz] <STEAM_1:1:558962692>
L 09/05/2026 - 21:12:50: [FF] [Bảo Nguyên] <STEAM_1:0:218160880> -> 5 HP bằng (súng) -> [Rïçēz] <STEAM_1:1:558962692>
L 09/05/2026 - 21:12:52: [FF] [boviet666] <STEAM_1:0:963323015> -> 5 HP bằng (súng) -> [Bảo Nguyên] <STEAM_1:0:218160880>
L 09/05/2026 - 21:12:52: [FF] [Rïçēz] <STEAM_1:1:558962692> -> 3 HP bằng (súng) -> [Lê Hải] <STEAM_1:0:471595906>
L 09/05/2026 - 21:12:53: [FF] [boviet666] <STEAM_1:0:963323015> -> 5 HP bằng (súng) -> [chimxanh] <STEAM_1:1:626078671>
L 09/05/2026 - 21:12:53: [HẠ GỤC] boviet666 <STEAM_1:0:963323015> đã hạ gục chimxanh <STEAM_1:1:626078671> bằng (súng)
L 09/05/2026 - 21:12:53: [FF] [boviet666] <STEAM_1:0:963323015> -> 6 HP bằng (súng) -> [chimxanh] <STEAM_1:1:626078671>
L 09/05/2026 - 21:12:53: [FF] [boviet666] <STEAM_1:0:963323015> -> 5 HP bằng (súng) -> [chimxanh] <STEAM_1:1:626078671>
L 09/05/2026 - 21:12:53: [FF] [boviet666] <STEAM_1:0:963323015> -> 5 HP bằng (súng) -> [chimxanh] <STEAM_1:1:626078671>
L 09/05/2026 - 21:12:54: [FF] [KeroN] <STEAM_1:1:161759963> -> 30 HP bằng (súng) -> [Lê Hải] <STEAM_1:0:471595906>
L 09/05/2026 - 21:12:54: [FF] [Bảo Nguyên] <STEAM_1:0:218160880> -> 6 HP bằng (súng) -> [Curren Bouquetd'or] <STEAM_1:1:524205977>
L 09/05/2026 - 21:12:54: [HẠ GỤC] Bảo Nguyên <STEAM_1:0:218160880> đã hạ gục Curren Bouquetd'or <STEAM_1:1:524205977> bằng (súng)
L 09/05/2026 - 21:12:54: [FF] [Bảo Nguyên] <STEAM_1:0:218160880> -> 5 HP bằng (súng) -> [Curren Bouquetd'or] <STEAM_1:1:524205977>
L 09/05/2026 - 21:12:54: [FF] [Bảo Nguyên] <STEAM_1:0:218160880> -> 5 HP bằng (súng) -> [Curren Bouquetd'or] <STEAM_1:1:524205977>
L 09/05/2026 - 21:12:54: [FF] [boviet666] <STEAM_1:0:963323015> -> 5 HP bằng (súng) -> [chimxanh] <STEAM_1:1:626078671>
L 09/05/2026 - 21:12:55: [FF] [Lê Hải] <STEAM_1:0:471595906> -> 3 HP bằng (súng) -> [boviet666] <STEAM_1:0:963323015>
L 09/05/2026 - 21:12:55: [FF] [Lê Hải] <STEAM_1:0:471595906> -> 3 HP bằng (súng) -> [Bảo Nguyên] <STEAM_1:0:218160880>
L 09/05/2026 - 21:12:55: [FF] [Lê Hải] <STEAM_1:0:471595906> -> 3 HP bằng (súng) -> [boviet666] <STEAM_1:0:963323015>
L 09/05/2026 - 21:12:58: [FF] [Lê Hải] <STEAM_1:0:471595906> -> 3 HP bằng (súng) -> [chimxanh] <STEAM_1:1:626078671>
L 09/05/2026 - 21:12:58: [FF] [Lê Hải] <STEAM_1:0:471595906> -> 3 HP bằng (súng) -> [chimxanh] <STEAM_1:1:626078671>
L 09/05/2026 - 21:12:58: [FF] [Lê Hải] <STEAM_1:0:471595906> -> 3 HP bằng (súng) -> [chimxanh] <STEAM_1:1:626078671>
L 09/05/2026 - 21:12:58: [FF] [Lê Hải] <STEAM_1:0:471595906> -> 3 HP bằng (súng) -> [chimxanh] <STEAM_1:1:626078671>
L 09/05/2026 - 21:12:58: [FF] [Lê Hải] <STEAM_1:0:471595906> -> 3 HP bằng (súng) -> [chimxanh] <STEAM_1:1:626078671>
L 09/05/2026 - 21:12:59: [FF] [chimxanh] <STEAM_1:1:626078671> -> 6 HP bằng (boom/fire) -> [Bảo Nguyên] <STEAM_1:0:218160880>
L 09/05/2026 - 21:12:59: [FF] [chimxanh] <STEAM_1:1:626078671> -> 8 HP bằng (boom/fire) -> [Bảo Nguyên] <STEAM_1:0:218160880>
L 09/05/2026 - 21:12:59: [FF] [chimxanh] <STEAM_1:1:626078671> -> 9 HP bằng (boom/fire) -> [Bảo Nguyên] <STEAM_1:0:218160880>
L 09/05/2026 - 21:12:59: [FF] [chimxanh] <STEAM_1:1:626078671> -> 11 HP bằng (boom/fire) -> [Bảo Nguyên] <STEAM_1:0:218160880>
L 09/05/2026 - 21:12:59: [FF] [chimxanh] <STEAM_1:1:626078671> -> 12 HP bằng (boom/fire) -> [Bảo Nguyên] <STEAM_1:0:218160880>
L 09/05/2026 - 21:13:00: [FF] [chimxanh] <STEAM_1:1:626078671> -> 14 HP bằng (boom/fire) -> [Bảo Nguyên] <STEAM_1:0:218160880>
L 09/05/2026 - 21:13:02: [FF] [nikola25645] <STEAM_1:1:782248349> -> 2 HP bằng (súng) -> [Chicoarun] <STEAM_1:0:952954061>
L 09/05/2026 - 21:13:03: [FF] [chimxanh] <STEAM_1:1:626078671> -> 16 HP bằng (boom/fire) -> [Chicoarun] <STEAM_1:0:952954061>
L 09/05/2026 - 21:13:04: [FF] [chimxanh] <STEAM_1:1:626078671> -> 16 HP bằng (boom/fire) -> [Chicoarun] <STEAM_1:0:952954061>
L 09/05/2026 - 21:13:04: [FF] [chimxanh] <STEAM_1:1:626078671> -> 16 HP bằng (boom/fire) -> [Chicoarun] <STEAM_1:0:952954061>
L 09/05/2026 - 21:13:04: [FF] [chimxanh] <STEAM_1:1:626078671> -> 16 HP bằng (boom/fire) -> [Chicoarun] <STEAM_1:0:952954061>
L 09/05/2026 - 21:13:04: [FF] [chimxanh] <STEAM_1:1:626078671> -> 16 HP bằng (boom/fire) -> [Chicoarun] <STEAM_1:0:952954061>
L 09/05/2026 - 21:13:04: [FF] [chimxanh] <STEAM_1:1:626078671> -> 16 HP bằng (boom/fire) -> [Chicoarun] <STEAM_1:0:952954061>
L 09/05/2026 - 21:13:05: [FF] [chimxanh] <STEAM_1:1:626078671> -> 16 HP bằng (boom/fire) -> [Chicoarun] <STEAM_1:0:952954061>
L 09/05/2026 - 21:13:05: [HẠ GỤC] chimxanh <STEAM_1:1:626078671> đã hạ gục Chicoarun <STEAM_1:0:952954061> bằng (boom/fire)
L 09/05/2026 - 21:13:05: [FF] [chimxanh] <STEAM_1:1:626078671> -> 16 HP bằng (boom/fire) -> [Chicoarun] <STEAM_1:0:952954061>
L 09/05/2026 - 21:13:05: [FF] [chimxanh] <STEAM_1:1:626078671> -> 16 HP bằng (boom/fire) -> [KeroN] <STEAM_1:1:161759963>
L 09/05/2026 - 21:13:05: [FF] [chimxanh] <STEAM_1:1:626078671> -> 16 HP bằng (boom/fire) -> [Chicoarun] <STEAM_1:0:952954061>
L 09/05/2026 - 21:13:05: [FF] [chimxanh] <STEAM_1:1:626078671> -> 16 HP bằng (boom/fire) -> [Chicoarun] <STEAM_1:0:952954061>
L 09/05/2026 - 21:13:05: [FF] [chimxanh] <STEAM_1:1:626078671> -> 16 HP bằng (boom/fire) -> [KeroN] <STEAM_1:1:161759963>
L 09/05/2026 - 21:13:06: [FF] [chimxanh] <STEAM_1:1:626078671> -> 16 HP bằng (boom/fire) -> [KeroN] <STEAM_1:1:161759963>
L 09/05/2026 - 21:13:06: [FF] [chimxanh] <STEAM_1:1:626078671> -> 16 HP bằng (boom/fire) -> [KeroN] <STEAM_1:1:161759963>
L 09/05/2026 - 21:13:06: [FF] [chimxanh] <STEAM_1:1:626078671> -> 16 HP bằng (boom/fire) -> [KeroN] <STEAM_1:1:161759963>
L 09/05/2026 - 21:13:06: [FF] [chimxanh] <STEAM_1:1:626078671> -> 16 HP bằng (boom/fire) -> [KeroN] <STEAM_1:1:161759963>
L 09/05/2026 - 21:13:09: [FF] [chimxanh] <STEAM_1:1:626078671> -> 16 HP bằng (boom/fire) -> [Holo 40k] <STEAM_1:1:925049770>
L 09/05/2026 - 21:13:09: [FF] [chimxanh] <STEAM_1:1:626078671> -> 16 HP bằng (boom/fire) -> [Holo 40k] <STEAM_1:1:925049770>
L 09/05/2026 - 21:13:10: [FF] [chimxanh] <STEAM_1:1:626078671> -> 16 HP bằng (boom/fire) -> [Holo 40k] <STEAM_1:1:925049770>
L 09/05/2026 - 21:13:10: [FF] [chimxanh] <STEAM_1:1:626078671> -> 16 HP bằng (boom/fire) -> [Holo 40k] <STEAM_1:1:925049770>
L 09/05/2026 - 21:13:11: [FF] [chimxanh] <STEAM_1:1:626078671> -> 3 HP bằng (boom/fire) -> [None :D] <STEAM_1:0:578030381>
L 09/05/2026 - 21:13:11: [FF] [chimxanh] <STEAM_1:1:626078671> -> 3 HP bằng (boom/fire) -> [None :D] <STEAM_1:0:578030381>
L 09/05/2026 - 21:13:11: [FF] [chimxanh] <STEAM_1:1:626078671> -> 3 HP bằng (boom/fire) -> [None :D] <STEAM_1:0:578030381>
L 09/05/2026 - 21:13:11: [FF] [chimxanh] <STEAM_1:1:626078671> -> 3 HP bằng (boom/fire) -> [None :D] <STEAM_1:0:578030381>
L 09/05/2026 - 21:13:13: [FF] [Curren Bouquetd'or] <STEAM_1:1:524205977> -> 1 HP bằng (môi trường/khác) -> [nikola25645] <STEAM_1:1:782248349>
L 09/05/2026 - 21:13:13: [FF] [Curren Bouquetd'or] <STEAM_1:1:524205977> -> 1 HP bằng (môi trường/khác) -> [chimxanh] <STEAM_1:1:626078671>
L 09/05/2026 - 21:13:13: [HẠ GỤC] Curren Bouquetd'or <STEAM_1:1:524205977> đã hạ gục Lê Hải <STEAM_1:0:471595906> bằng (môi trường/khác)
L 09/05/2026 - 21:13:13: [FF] [Curren Bouquetd'or] <STEAM_1:1:524205977> -> 1 HP bằng (môi trường/khác) -> [None :D] <STEAM_1:0:578030381>
L 09/05/2026 - 21:13:13: [FF] [Curren Bouquetd'or] <STEAM_1:1:524205977> -> 1 HP bằng (môi trường/khác) -> [KeroN] <STEAM_1:1:161759963>
L 09/05/2026 - 21:13:13: [FF] [Curren Bouquetd'or] <STEAM_1:1:524205977> -> 1 HP bằng (môi trường/khác) -> [boviet666] <STEAM_1:0:963323015>
L 09/05/2026 - 21:13:31: [HẠ GỤC] Charger Bot <BOT> đã hạ gục Curren Bouquetd'or <STEAM_1:1:524205977> bằng (zombie cào/đấm)
L 09/05/2026 - 21:13:36: [FF] [Lê Hải] <STEAM_1:0:471595906> -> 3 HP bằng (súng) -> [Holo 40k] <STEAM_1:1:925049770>
L 09/05/2026 - 21:13:36: [FF] [Lê Hải] <STEAM_1:0:471595906> -> 3 HP bằng (súng) -> [Holo 40k] <STEAM_1:1:925049770>
L 09/05/2026 - 21:13:36: [FF] [Lê Hải] <STEAM_1:0:471595906> -> 3 HP bằng (súng) -> [Holo 40k] <STEAM_1:1:925049770>
L 09/05/2026 - 21:13:36: [FF] [Lê Hải] <STEAM_1:0:471595906> -> 3 HP bằng (súng) -> [Holo 40k] <STEAM_1:1:925049770>
L 09/05/2026 - 21:13:36: [FF] [Lê Hải] <STEAM_1:0:471595906> -> 3 HP bằng (súng) -> [Holo 40k] <STEAM_1:1:925049770>
L 09/05/2026 - 21:13:36: [FF] [Lê Hải] <STEAM_1:0:471595906> -> 3 HP bằng (súng) -> [Holo 40k] <STEAM_1:1:925049770>
L 09/05/2026 - 21:13:36: [FF] [Lê Hải] <STEAM_1:0:471595906> -> 3 HP bằng (súng) -> [Holo 40k] <STEAM_1:1:925049770>
L 09/05/2026 - 21:13:36: [FF] [Lê Hải] <STEAM_1:0:471595906> -> 3 HP bằng (súng) -> [Holo 40k] <STEAM_1:1:925049770>
L 09/05/2026 - 21:13:36: [FF] [Lê Hải] <STEAM_1:0:471595906> -> 3 HP bằng (súng) -> [Holo 40k] <STEAM_1:1:925049770>
L 09/05/2026 - 21:13:36: [FF] [Lê Hải] <STEAM_1:0:471595906> -> 3 HP bằng (súng) -> [Holo 40k] <STEAM_1:1:925049770>
L 09/05/2026 - 21:13:37: [FF] [None :D] <STEAM_1:0:578030381> -> 1 HP bằng (môi trường/khác) -> [Holo 40k] <STEAM_1:1:925049770>
L 09/05/2026 - 21:13:37: [FF] [None :D] <STEAM_1:0:578030381> -> 1 HP bằng (môi trường/khác) -> [nikola25645] <STEAM_1:1:782248349>
L 09/05/2026 - 21:13:37: [FF] [None :D] <STEAM_1:0:578030381> -> 1 HP bằng (môi trường/khác) -> [boviet666] <STEAM_1:0:963323015>
L 09/05/2026 - 21:13:37: [FF] [None :D] <STEAM_1:0:578030381> -> 1 HP bằng (môi trường/khác) -> [Lê Hải] <STEAM_1:0:471595906>
L 09/05/2026 - 21:13:37: [FF] [None :D] <STEAM_1:0:578030381> -> 1 HP bằng (môi trường/khác) -> [chimxanh] <STEAM_1:1:626078671>
L 09/05/2026 - 21:13:42: [HẠ GỤC] Spitter Bot <BOT> đã hạ gục KeroN <STEAM_1:1:161759963> bằng (môi trường/khác)
L 09/05/2026 - 21:13:44: [FF] [Rïçēz] <STEAM_1:1:558962692> -> 3 HP bằng (súng) -> [KeroN] <STEAM_1:1:161759963>
L 09/05/2026 - 21:14:06: [FF] [Lê Hải] <STEAM_1:0:471595906> -> 1 HP bằng (môi trường/khác) -> [nikola25645] <STEAM_1:1:782248349>
L 09/05/2026 - 21:14:06: [FF] [Lê Hải] <STEAM_1:0:471595906> -> 1 HP bằng (môi trường/khác) -> [Rïçēz] <STEAM_1:1:558962692>
L 09/05/2026 - 21:14:22: [FF] [Bảo Nguyên] <STEAM_1:0:218160880> -> 9 HP bằng (súng) -> [boviet666] <STEAM_1:0:963323015>
L 09/05/2026 - 21:14:23: [FF] [boviet666] <STEAM_1:0:963323015> -> 5 HP bằng (súng) -> [KeroN] <STEAM_1:1:161759963>
L 09/05/2026 - 21:14:24: [HẠ GỤC] Zombie/Witch/Môi trường <N/A> đã hạ gục Bảo Nguyên <STEAM_1:0:218160880> bằng (môi trường/khác)
L 09/05/2026 - 21:14:28: [FF] [boviet666] <STEAM_1:0:963323015> -> 5 HP bằng (súng) -> [Bảo Nguyên] <STEAM_1:0:218160880>
L 09/05/2026 - 21:14:32: [FF] [boviet666] <STEAM_1:0:963323015> -> 5 HP bằng (súng) -> [Bảo Nguyên] <STEAM_1:0:218160880>
L 09/05/2026 - 21:14:32: [FF] [boviet666] <STEAM_1:0:963323015> -> 5 HP bằng (súng) -> [Bảo Nguyên] <STEAM_1:0:218160880>
L 09/05/2026 - 21:14:33: [FF] [boviet666] <STEAM_1:0:963323015> -> 5 HP bằng (súng) -> [Bảo Nguyên] <STEAM_1:0:218160880>
L 09/05/2026 - 21:15:23: [HẠ GỤC] Smoker Bot <BOT> đã hạ gục Rïçēz <STEAM_1:1:558962692> bằng (zombie cào/đấm)
L 09/05/2026 - 21:15:26: [FF] [Chicoarun] <STEAM_1:0:952954061> -> 1 HP bằng (môi trường/khác) -> [None :D] <STEAM_1:0:578030381>
L 09/05/2026 - 21:15:27: [FF] [Bảo Nguyên] <STEAM_1:0:218160880> -> 1 HP bằng (môi trường/khác) -> [boviet666] <STEAM_1:0:963323015>
L 09/05/2026 - 21:15:30: [HẠ GỤC] Zombie/Witch/Môi trường <N/A> đã hạ gục Holo 40k <STEAM_1:1:925049770> bằng (môi trường/khác)
L 09/05/2026 - 21:15:31: [FF] [chimxanh] <STEAM_1:1:626078671> -> 5 HP bằng (melee) -> [Holo 40k] <STEAM_1:1:925049770>
L 09/05/2026 - 21:15:35: [HẠ GỤC] Chicoarun <STEAM_1:0:952954061> đã hạ gục Chicoarun <STEAM_1:0:952954061> bằng (súng)
L 09/05/2026 - 21:15:36: [HẠ GỤC] Zombie/Witch/Môi trường <N/A> đã hạ gục boviet666 <STEAM_1:0:963323015> bằng (boom/fire)
L 09/05/2026 - 21:15:46: [KILL] Smoker Bot <BOT> đã giết Rïçēz <STEAM_1:1:558962692> bằng (zombie cào/đấm)
L 09/05/2026 - 21:15:50: [FF] [Curren Bouquetd'or] <STEAM_1:1:524205977> -> 45 HP bằng (súng) -> [Chicoarun] <STEAM_1:0:952954061>
L 09/05/2026 - 21:15:59: [HẠ GỤC] Zombie/Witch/Môi trường <N/A> đã hạ gục Bảo Nguyên <STEAM_1:0:218160880> bằng (môi trường/khác)
L 09/05/2026 - 21:16:00: [FF] [Chicoarun] <STEAM_1:0:952954061> -> 5 HP bằng (súng) -> [Curren Bouquetd'or] <STEAM_1:1:524205977>
L 09/05/2026 - 21:16:02: [FF] [Chicoarun] <STEAM_1:0:952954061> -> 6 HP bằng (súng) -> [KeroN] <STEAM_1:1:161759963>
L 09/05/2026 - 21:16:02: [FF] [Chicoarun] <STEAM_1:0:952954061> -> 6 HP bằng (súng) -> [KeroN] <STEAM_1:1:161759963>
L 09/05/2026 - 21:16:03: [FF] [Chicoarun] <STEAM_1:0:952954061> -> 5 HP bằng (súng) -> [KeroN] <STEAM_1:1:161759963>
L 09/05/2026 - 21:16:03: [FF] [Chicoarun] <STEAM_1:0:952954061> -> 5 HP bằng (súng) -> [KeroN] <STEAM_1:1:161759963>
L 09/05/2026 - 21:16:09: [FF] [Bảo Nguyên] <STEAM_1:0:218160880> -> 6 HP bằng (súng) -> [chimxanh] <STEAM_1:1:626078671>
L 09/05/2026 - 21:16:09: [FF] [Bảo Nguyên] <STEAM_1:0:218160880> -> 6 HP bằng (súng) -> [chimxanh] <STEAM_1:1:626078671>
L 09/05/2026 - 21:16:09: [FF] [Bảo Nguyên] <STEAM_1:0:218160880> -> 6 HP bằng (súng) -> [chimxanh] <STEAM_1:1:626078671>
L 09/05/2026 - 21:16:09: [FF] [Bảo Nguyên] <STEAM_1:0:218160880> -> 6 HP bằng (súng) -> [chimxanh] <STEAM_1:1:626078671>
L 09/05/2026 - 21:16:10: [FF] [Bảo Nguyên] <STEAM_1:0:218160880> -> 9 HP bằng (súng) -> [chimxanh] <STEAM_1:1:626078671>
L 09/05/2026 - 21:16:10: [KILL] Spitter Bot <BOT> đã giết Chicoarun <STEAM_1:0:952954061> bằng (môi trường/khác)
L 09/05/2026 - 21:16:12: [HẠ GỤC] Spitter Bot <BOT> đã hạ gục KeroN <STEAM_1:1:161759963> bằng (môi trường/khác)
L 09/05/2026 - 21:16:12: [KILL] Spitter Bot <BOT> đã giết Bảo Nguyên <STEAM_1:0:218160880> bằng (môi trường/khác)
L 09/05/2026 - 21:16:20: [HẠ GỤC] Zombie/Witch/Môi trường <N/A> đã hạ gục nikola25645 <STEAM_1:1:782248349> bằng (môi trường/khác)
L 09/05/2026 - 21:16:31: [HẠ GỤC] Smoker Bot <BOT> đã hạ gục Curren Bouquetd'or <STEAM_1:1:524205977> bằng (zombie cào/đấm)
L 09/05/2026 - 21:16:41: [FF] [Bảo Nguyên] <STEAM_1:0:218160880> -> 1 HP bằng (súng) -> [chimxanh] <STEAM_1:1:626078671>
L 09/05/2026 - 21:17:03: [HẠ GỤC] Smoker Bot <BOT> đã hạ gục Curren Bouquetd'or <STEAM_1:1:524205977> bằng (zombie cào/đấm)
L 09/05/2026 - 21:17:08: [FF] [None :D] <STEAM_1:0:578030381> -> 3 HP bằng (súng) -> [nikola25645] <STEAM_1:1:782248349>
L 09/05/2026 - 21:17:08: [FF] [None :D] <STEAM_1:0:578030381> -> 3 HP bằng (súng) -> [nikola25645] <STEAM_1:1:782248349>
L 09/05/2026 - 21:17:08: [FF] [None :D] <STEAM_1:0:578030381> -> 3 HP bằng (súng) -> [nikola25645] <STEAM_1:1:782248349>
L 09/05/2026 - 21:17:08: [FF] [None :D] <STEAM_1:0:578030381> -> 3 HP bằng (súng) -> [nikola25645] <STEAM_1:1:782248349>
L 09/05/2026 - 21:17:08: [FF] [None :D] <STEAM_1:0:578030381> -> 3 HP bằng (súng) -> [nikola25645] <STEAM_1:1:782248349>
L 09/05/2026 - 21:17:08: [FF] [None :D] <STEAM_1:0:578030381> -> 3 HP bằng (súng) -> [nikola25645] <STEAM_1:1:782248349>
L 09/05/2026 - 21:17:08: [FF] [None :D] <STEAM_1:0:578030381> -> 3 HP bằng (súng) -> [nikola25645] <STEAM_1:1:782248349>
L 09/05/2026 - 21:17:08: [FF] [None :D] <STEAM_1:0:578030381> -> 3 HP bằng (súng) -> [nikola25645] <STEAM_1:1:782248349>
L 09/05/2026 - 21:17:08: [FF] [None :D] <STEAM_1:0:578030381> -> 3 HP bằng (súng) -> [nikola25645] <STEAM_1:1:782248349>
L 09/05/2026 - 21:17:08: [FF] [None :D] <STEAM_1:0:578030381> -> 3 HP bằng (súng) -> [nikola25645] <STEAM_1:1:782248349>
L 09/05/2026 - 21:17:24: [FF] [nikola25645] <STEAM_1:1:782248349> -> 2 HP bằng (súng) -> [None :D] <STEAM_1:0:578030381>
L 09/05/2026 - 21:17:25: [FF] [nikola25645] <STEAM_1:1:782248349> -> 1 HP bằng (súng) -> [None :D] <STEAM_1:0:578030381>
L 09/05/2026 - 21:17:29: [HẠ GỤC] Smoker Bot <BOT> đã hạ gục Bảo Nguyên <STEAM_1:0:218160880> bằng (zombie cào/đấm)
L 09/05/2026 - 21:18:02: [FF] [Chicoarun] <STEAM_1:0:952954061> -> 1 HP bằng (môi trường/khác) -> [Curren Bouquetd'or] <STEAM_1:1:524205977>
L 09/05/2026 - 21:18:04: [FF] [Chicoarun] <STEAM_1:0:952954061> -> 1 HP bằng (môi trường/khác) -> [Curren Bouquetd'or] <STEAM_1:1:524205977>
L 09/05/2026 - 21:18:11: [HẠ GỤC] Charger Bot <BOT> đã hạ gục Chicoarun <STEAM_1:0:952954061> bằng (zombie cào/đấm)
L 09/05/2026 - 21:18:18: [FF] [None :D] <STEAM_1:0:578030381> -> 9 HP bằng (súng) -> [nikola25645] <STEAM_1:1:782248349>
L 09/05/2026 - 21:18:20: [FF] [Rïçēz] <STEAM_1:1:558962692> -> 1 HP bằng (boom/fire) -> [Chicoarun] <STEAM_1:0:952954061>
L 09/05/2026 - 21:18:21: [FF] [Rïçēz] <STEAM_1:1:558962692> -> 3 HP bằng (boom/fire) -> [Chicoarun] <STEAM_1:0:952954061>
L 09/05/2026 - 21:18:21: [FF] [Rïçēz] <STEAM_1:1:558962692> -> 4 HP bằng (boom/fire) -> [Chicoarun] <STEAM_1:0:952954061>
L 09/05/2026 - 21:18:21: [FF] [Rïçēz] <STEAM_1:1:558962692> -> 6 HP bằng (boom/fire) -> [Chicoarun] <STEAM_1:0:952954061>
L 09/05/2026 - 21:18:21: [FF] [Rïçēz] <STEAM_1:1:558962692> -> 8 HP bằng (boom/fire) -> [Chicoarun] <STEAM_1:0:952954061>
L 09/05/2026 - 21:18:21: [FF] [Rïçēz] <STEAM_1:1:558962692> -> 9 HP bằng (boom/fire) -> [Chicoarun] <STEAM_1:0:952954061>
L 09/05/2026 - 21:18:22: [FF] [Rïçēz] <STEAM_1:1:558962692> -> 11 HP bằng (boom/fire) -> [Chicoarun] <STEAM_1:0:952954061>
L 09/05/2026 - 21:18:22: [FF] [Rïçēz] <STEAM_1:1:558962692> -> 12 HP bằng (boom/fire) -> [Chicoarun] <STEAM_1:0:952954061>
L 09/05/2026 - 21:18:22: [FF] [Rïçēz] <STEAM_1:1:558962692> -> 14 HP bằng (boom/fire) -> [Chicoarun] <STEAM_1:0:952954061>
L 09/05/2026 - 21:18:22: [FF] [nikola25645] <STEAM_1:1:782248349> -> 1 HP bằng (boom/fire) -> [None :D] <STEAM_1:0:578030381>
L 09/05/2026 - 21:18:22: [FF] [nikola25645] <STEAM_1:1:782248349> -> 1 HP bằng (boom/fire) -> [None :D] <STEAM_1:0:578030381>
L 09/05/2026 - 21:18:22: [FF] [nikola25645] <STEAM_1:1:782248349> -> 1 HP bằng (boom/fire) -> [None :D] <STEAM_1:0:578030381>
L 09/05/2026 - 21:18:22: [FF] [Rïçēz] <STEAM_1:1:558962692> -> 16 HP bằng (boom/fire) -> [Chicoarun] <STEAM_1:0:952954061>
L 09/05/2026 - 21:18:22: [FF] [Rïçēz] <STEAM_1:1:558962692> -> 16 HP bằng (boom/fire) -> [Chicoarun] <STEAM_1:0:952954061>
L 09/05/2026 - 21:18:23: [FF] [Rïçēz] <STEAM_1:1:558962692> -> 16 HP bằng (boom/fire) -> [Chicoarun] <STEAM_1:0:952954061>
L 09/05/2026 - 21:18:23: [FF] [Rïçēz] <STEAM_1:1:558962692> -> 16 HP bằng (boom/fire) -> [Chicoarun] <STEAM_1:0:952954061>
L 09/05/2026 - 21:18:23: [FF] [Rïçēz] <STEAM_1:1:558962692> -> 16 HP bằng (boom/fire) -> [Chicoarun] <STEAM_1:0:952954061>
L 09/05/2026 - 21:18:23: [FF] [Rïçēz] <STEAM_1:1:558962692> -> 16 HP bằng (boom/fire) -> [Chicoarun] <STEAM_1:0:952954061>
L 09/05/2026 - 21:18:23: [FF] [Rïçēz] <STEAM_1:1:558962692> -> 16 HP bằng (boom/fire) -> [Chicoarun] <STEAM_1:0:952954061>
L 09/05/2026 - 21:18:24: [FF] [Rïçēz] <STEAM_1:1:558962692> -> 16 HP bằng (boom/fire) -> [Chicoarun] <STEAM_1:0:952954061>
L 09/05/2026 - 21:18:24: [FF] [Rïçēz] <STEAM_1:1:558962692> -> 16 HP bằng (boom/fire) -> [Chicoarun] <STEAM_1:0:952954061>
L 09/05/2026 - 21:18:24: [FF] [Rïçēz] <STEAM_1:1:558962692> -> 16 HP bằng (boom/fire) -> [Chicoarun] <STEAM_1:0:952954061>
L 09/05/2026 - 21:18:24: [FF] [Rïçēz] <STEAM_1:1:558962692> -> 16 HP bằng (boom/fire) -> [Chicoarun] <STEAM_1:0:952954061>
L 09/05/2026 - 21:18:24: [FF] [Rïçēz] <STEAM_1:1:558962692> -> 16 HP bằng (boom/fire) -> [Chicoarun] <STEAM_1:0:952954061>
L 09/05/2026 - 21:18:25: [FF] [Rïçēz] <STEAM_1:1:558962692> -> 16 HP bằng (boom/fire) -> [Chicoarun] <STEAM_1:0:952954061>
L 09/05/2026 - 21:18:25: [FF] [Rïçēz] <STEAM_1:1:558962692> -> 16 HP bằng (boom/fire) -> [Chicoarun] <STEAM_1:0:952954061>
L 09/05/2026 - 21:18:25: [FF] [Rïçēz] <STEAM_1:1:558962692> -> 16 HP bằng (boom/fire) -> [Chicoarun] <STEAM_1:0:952954061>
L 09/05/2026 - 21:18:25: [FF] [Rïçēz] <STEAM_1:1:558962692> -> 16 HP bằng (boom/fire) -> [Chicoarun] <STEAM_1:0:952954061>
L 09/05/2026 - 21:18:25: [FF] [Rïçēz] <STEAM_1:1:558962692> -> 16 HP bằng (boom/fire) -> [Chicoarun] <STEAM_1:0:952954061>
L 09/05/2026 - 21:18:29: [HẠ GỤC] Smoker Bot <BOT> đã hạ gục Lê Hải <STEAM_1:0:471595906> bằng (zombie cào/đấm)
L 09/05/2026 - 21:18:31: [HẠ GỤC] Smoker Bot <BOT> đã hạ gục Holo 40k <STEAM_1:1:925049770> bằng (môi trường/khác)
L 09/05/2026 - 21:18:42: [FF] [Bảo Nguyên] <STEAM_1:0:218160880> -> 1 HP bằng (môi trường/khác) -> [chimxanh] <STEAM_1:1:626078671>
L 09/05/2026 - 21:18:42: [FF] [Bảo Nguyên] <STEAM_1:0:218160880> -> 1 HP bằng (môi trường/khác) -> [Curren Bouquetd'or] <STEAM_1:1:524205977>
L 09/05/2026 - 21:18:58: [FF] [boviet666] <STEAM_1:0:963323015> -> 1 HP bằng (môi trường/khác) -> [Curren Bouquetd'or] <STEAM_1:1:524205977>
L 09/05/2026 - 21:18:58: [FF] [boviet666] <STEAM_1:0:963323015> -> 1 HP bằng (môi trường/khác) -> [Lê Hải] <STEAM_1:0:471595906>
L 09/05/2026 - 21:18:58: [FF] [boviet666] <STEAM_1:0:963323015> -> 1 HP bằng (môi trường/khác) -> [chimxanh] <STEAM_1:1:626078671>
L 09/05/2026 - 21:18:58: [FF] [boviet666] <STEAM_1:0:963323015> -> 1 HP bằng (môi trường/khác) -> [KeroN] <STEAM_1:1:161759963>
L 09/05/2026 - 21:18:58: [FF] [boviet666] <STEAM_1:0:963323015> -> 1 HP bằng (môi trường/khác) -> [Holo 40k] <STEAM_1:1:925049770>
L 09/05/2026 - 21:18:58: [FF] [boviet666] <STEAM_1:0:963323015> -> 1 HP bằng (môi trường/khác) -> [Rïçēz] <STEAM_1:1:558962692>
L 09/05/2026 - 21:19:03: [FF] [boviet666] <STEAM_1:0:963323015> -> 5 HP bằng (boom/fire) -> [Holo 40k] <STEAM_1:1:925049770>
L 09/05/2026 - 21:19:05: [FF] [boviet666] <STEAM_1:0:963323015> -> 5 HP bằng (súng) -> [Holo 40k] <STEAM_1:1:925049770>
L 09/05/2026 - 21:19:05: [HẠ GỤC] Spitter Bot <BOT> đã hạ gục Chicoarun <STEAM_1:0:952954061> bằng (môi trường/khác)
L 09/05/2026 - 21:19:05: [FF] [boviet666] <STEAM_1:0:963323015> -> 5 HP bằng (súng) -> [Holo 40k] <STEAM_1:1:925049770>
L 09/05/2026 - 21:19:05: [FF] [boviet666] <STEAM_1:0:963323015> -> 5 HP bằng (súng) -> [Holo 40k] <STEAM_1:1:925049770>
L 09/05/2026 - 21:19:05: [FF] [boviet666] <STEAM_1:0:963323015> -> 5 HP bằng (súng) -> [Holo 40k] <STEAM_1:1:925049770>
L 09/05/2026 - 21:19:05: [FF] [boviet666] <STEAM_1:0:963323015> -> 5 HP bằng (súng) -> [Holo 40k] <STEAM_1:1:925049770>
L 09/05/2026 - 21:19:06: [FF] [boviet666] <STEAM_1:0:963323015> -> 5 HP bằng (súng) -> [Holo 40k] <STEAM_1:1:925049770>
L 09/05/2026 - 21:19:06: [FF] [boviet666] <STEAM_1:0:963323015> -> 5 HP bằng (súng) -> [Holo 40k] <STEAM_1:1:925049770>
L 09/05/2026 - 21:19:06: [FF] [boviet666] <STEAM_1:0:963323015> -> 5 HP bằng (súng) -> [Holo 40k] <STEAM_1:1:925049770>
L 09/05/2026 - 21:19:06: [FF] [boviet666] <STEAM_1:0:963323015> -> 5 HP bằng (súng) -> [Rïçēz] <STEAM_1:1:558962692>
L 09/05/2026 - 21:19:06: [FF] [boviet666] <STEAM_1:0:963323015> -> 5 HP bằng (súng) -> [Rïçēz] <STEAM_1:1:558962692>
L 09/05/2026 - 21:19:06: [HẠ GỤC] boviet666 <STEAM_1:0:963323015> đã hạ gục Rïçēz <STEAM_1:1:558962692> bằng (súng)
L 09/05/2026 - 21:19:06: [FF] [boviet666] <STEAM_1:0:963323015> -> 5 HP bằng (súng) -> [Rïçēz] <STEAM_1:1:558962692>
L 09/05/2026 - 21:19:06: [FF] [boviet666] <STEAM_1:0:963323015> -> 5 HP bằng (súng) -> [Rïçēz] <STEAM_1:1:558962692>
L 09/05/2026 - 21:19:06: [FF] [boviet666] <STEAM_1:0:963323015> -> 5 HP bằng (súng) -> [Rïçēz] <STEAM_1:1:558962692>
L 09/05/2026 - 21:19:06: [HẠ GỤC] Spitter Bot <BOT> đã hạ gục boviet666 <STEAM_1:0:963323015> bằng (môi trường/khác)
L 09/05/2026 - 21:19:06: [KILL] Boomer Bot <BOT> đã giết Holo 40k <STEAM_1:1:925049770> bằng (môi trường/khác)
L 09/05/2026 - 21:19:07: [FF] [Curren Bouquetd'or] <STEAM_1:1:524205977> -> 33 HP bằng (súng) -> [Rïçēz] <STEAM_1:1:558962692>
L 09/05/2026 - 21:19:07: [KILL] Curren Bouquetd'or <STEAM_1:1:524205977> đã giết Curren Bouquetd'or <STEAM_1:1:524205977> bằng (môi trường/khác)
L 09/05/2026 - 21:19:07: [HẠ GỤC] Spitter Bot <BOT> đã hạ gục Bảo Nguyên <STEAM_1:0:218160880> bằng (môi trường/khác)
L 09/05/2026 - 21:19:15: [FF] [None :D] <STEAM_1:0:578030381> -> 1 HP bằng (môi trường/khác) -> [chimxanh] <STEAM_1:1:626078671>
L 09/05/2026 - 21:19:15: [HẠ GỤC] None :D <STEAM_1:0:578030381> đã hạ gục nikola25645 <STEAM_1:1:782248349> bằng (môi trường/khác)
L 09/05/2026 - 21:19:15: [FF] [None :D] <STEAM_1:0:578030381> -> 1 HP bằng (môi trường/khác) -> [KeroN] <STEAM_1:1:161759963>
L 09/05/2026 - 21:19:19: [FF] [None :D] <STEAM_1:0:578030381> -> 4 HP bằng (súng) -> [nikola25645] <STEAM_1:1:782248349>
L 09/05/2026 - 21:19:19: [FF] [None :D] <STEAM_1:0:578030381> -> 4 HP bằng (súng) -> [nikola25645] <STEAM_1:1:782248349>
L 09/05/2026 - 21:19:19: [FF] [None :D] <STEAM_1:0:578030381> -> 4 HP bằng (súng) -> [nikola25645] <STEAM_1:1:782248349>
L 09/05/2026 - 21:19:19: [FF] [None :D] <STEAM_1:0:578030381> -> 4 HP bằng (súng) -> [nikola25645] <STEAM_1:1:782248349>
L 09/05/2026 - 21:19:19: [FF] [None :D] <STEAM_1:0:578030381> -> 4 HP bằng (súng) -> [nikola25645] <STEAM_1:1:782248349>
L 09/05/2026 - 21:19:19: [FF] [None :D] <STEAM_1:0:578030381> -> 4 HP bằng (súng) -> [nikola25645] <STEAM_1:1:782248349>
L 09/05/2026 - 21:19:19: [FF] [None :D] <STEAM_1:0:578030381> -> 4 HP bằng (súng) -> [nikola25645] <STEAM_1:1:782248349>
L 09/05/2026 - 21:19:19: [FF] [None :D] <STEAM_1:0:578030381> -> 4 HP bằng (súng) -> [nikola25645] <STEAM_1:1:782248349>
L 09/05/2026 - 21:19:19: [FF] [None :D] <STEAM_1:0:578030381> -> 4 HP bằng (súng) -> [nikola25645] <STEAM_1:1:782248349>
L 09/05/2026 - 21:19:19: [FF] [KeroN] <STEAM_1:1:161759963> -> 22 HP bằng (boom/fire) -> [chimxanh] <STEAM_1:1:626078671>
L 09/05/2026 - 21:19:20: [HẠ GỤC] Boomer Bot <BOT> đã hạ gục chimxanh <STEAM_1:1:626078671> bằng (môi trường/khác)
L 09/05/2026 - 21:19:22: [FF] [boviet666] <STEAM_1:0:963323015> -> 5 HP bằng (súng) -> [Chicoarun] <STEAM_1:0:952954061>
L 09/05/2026 - 21:19:23: [FF] [boviet666] <STEAM_1:0:963323015> -> 5 HP bằng (súng) -> [Chicoarun] <STEAM_1:0:952954061>
L 09/05/2026 - 21:19:23: [FF] [boviet666] <STEAM_1:0:963323015> -> 5 HP bằng (súng) -> [Chicoarun] <STEAM_1:0:952954061>
L 09/05/2026 - 21:19:25: [FF] [boviet666] <STEAM_1:0:963323015> -> 5 HP bằng (súng) -> [Bảo Nguyên] <STEAM_1:0:218160880>
L 09/05/2026 - 21:19:25: [FF] [boviet666] <STEAM_1:0:963323015> -> 5 HP bằng (súng) -> [Bảo Nguyên] <STEAM_1:0:218160880>
L 09/05/2026 - 21:19:34: [FF] [nikola25645] <STEAM_1:1:782248349> -> 2 HP bằng (súng) -> [Rïçēz] <STEAM_1:1:558962692>
L 09/05/2026 - 21:19:39: [FF] [boviet666] <STEAM_1:0:963323015> -> 5 HP bằng (melee) -> [Chicoarun] <STEAM_1:0:952954061>
L 09/05/2026 - 21:19:52: [FF] [None :D] <STEAM_1:0:578030381> -> 1 HP bằng (môi trường/khác) -> [nikola25645] <STEAM_1:1:782248349>
L 09/05/2026 - 21:19:52: [FF] [None :D] <STEAM_1:0:578030381> -> 1 HP bằng (môi trường/khác) -> [boviet666] <STEAM_1:0:963323015>
L 09/05/2026 - 21:20:00: [FF] [None :D] <STEAM_1:0:578030381> -> 3 HP bằng (súng) -> [Chicoarun] <STEAM_1:0:952954061>
L 09/05/2026 - 21:20:00: [FF] [None :D] <STEAM_1:0:578030381> -> 3 HP bằng (súng) -> [Chicoarun] <STEAM_1:0:952954061>
L 09/05/2026 - 21:20:00: [FF] [None :D] <STEAM_1:0:578030381> -> 3 HP bằng (súng) -> [Chicoarun] <STEAM_1:0:952954061>
L 09/05/2026 - 21:20:00: [FF] [None :D] <STEAM_1:0:578030381> -> 3 HP bằng (súng) -> [Chicoarun] <STEAM_1:0:952954061>
L 09/05/2026 - 21:20:00: [FF] [None :D] <STEAM_1:0:578030381> -> 3 HP bằng (súng) -> [Chicoarun] <STEAM_1:0:952954061>
L 09/05/2026 - 21:20:00: [FF] [None :D] <STEAM_1:0:578030381> -> 3 HP bằng (súng) -> [Chicoarun] <STEAM_1:0:952954061>
L 09/05/2026 - 21:20:00: [FF] [None :D] <STEAM_1:0:578030381> -> 3 HP bằng (súng) -> [Chicoarun] <STEAM_1:0:952954061>
L 09/05/2026 - 21:20:00: [FF] [None :D] <STEAM_1:0:578030381> -> 3 HP bằng (súng) -> [Chicoarun] <STEAM_1:0:952954061>
L 09/05/2026 - 21:20:00: [FF] [None :D] <STEAM_1:0:578030381> -> 3 HP bằng (súng) -> [Chicoarun] <STEAM_1:0:952954061>
L 09/05/2026 - 21:20:03: [FF] [boviet666] <STEAM_1:0:963323015> -> 5 HP bằng (súng) -> [Holo 40k] <STEAM_1:1:925049770>
L 09/05/2026 - 21:20:04: [FF] [boviet666] <STEAM_1:0:963323015> -> 5 HP bằng (súng) -> [Holo 40k] <STEAM_1:1:925049770>
L 09/05/2026 - 21:20:08: [FF] [KeroN] <STEAM_1:1:161759963> -> 1 HP bằng (môi trường/khác) -> [boviet666] <STEAM_1:0:963323015>
L 09/05/2026 - 21:20:22: [FF] [boviet666] <STEAM_1:0:963323015> -> 5 HP bằng (súng) -> [KeroN] <STEAM_1:1:161759963>
L 09/05/2026 - 21:20:23: [KILL] Zombie/Witch/Môi trường <N/A> đã giết nikola25645 <STEAM_1:1:782248349> bằng (môi trường/khác)
L 09/05/2026 - 21:20:25: [FF] [Bảo Nguyên] <STEAM_1:0:218160880> -> 3 HP bằng (boom/fire) -> [Chicoarun] <STEAM_1:0:952954061>
L 09/05/2026 - 21:20:25: [FF] [Bảo Nguyên] <STEAM_1:0:218160880> -> 3 HP bằng (boom/fire) -> [Curren Bouquetd'or] <STEAM_1:1:524205977>
L 09/05/2026 - 21:20:25: [FF] [Bảo Nguyên] <STEAM_1:0:218160880> -> 4 HP bằng (boom/fire) -> [Chicoarun] <STEAM_1:0:952954061>
L 09/05/2026 - 21:20:25: [FF] [Bảo Nguyên] <STEAM_1:0:218160880> -> 4 HP bằng (boom/fire) -> [Curren Bouquetd'or] <STEAM_1:1:524205977>
L 09/05/2026 - 21:20:25: [FF] [Bảo Nguyên] <STEAM_1:0:218160880> -> 4 HP bằng (boom/fire) -> [None :D] <STEAM_1:0:578030381>
L 09/05/2026 - 21:20:26: [FF] [Bảo Nguyên] <STEAM_1:0:218160880> -> 6 HP bằng (boom/fire) -> [Chicoarun] <STEAM_1:0:952954061>
L 09/05/2026 - 21:20:26: [FF] [Bảo Nguyên] <STEAM_1:0:218160880> -> 6 HP bằng (boom/fire) -> [Curren Bouquetd'or] <STEAM_1:1:524205977>
L 09/05/2026 - 21:20:26: [FF] [Bảo Nguyên] <STEAM_1:0:218160880> -> 6 HP bằng (boom/fire) -> [None :D] <STEAM_1:0:578030381>
L 09/05/2026 - 21:20:26: [FF] [Bảo Nguyên] <STEAM_1:0:218160880> -> 8 HP bằng (boom/fire) -> [Chicoarun] <STEAM_1:0:952954061>
L 09/05/2026 - 21:20:26: [KILL] Bảo Nguyên <STEAM_1:0:218160880> đã giết Chicoarun <STEAM_1:0:952954061> bằng (boom/fire)
L 09/05/2026 - 21:20:26: [FF] [Bảo Nguyên] <STEAM_1:0:218160880> -> 8 HP bằng (boom/fire) -> [Curren Bouquetd'or] <STEAM_1:1:524205977>
L 09/05/2026 - 21:20:26: [FF] [Bảo Nguyên] <STEAM_1:0:218160880> -> 8 HP bằng (boom/fire) -> [None :D] <STEAM_1:0:578030381>
L 09/05/2026 - 21:20:26: [FF] [Bảo Nguyên] <STEAM_1:0:218160880> -> 9 HP bằng (boom/fire) -> [None :D] <STEAM_1:0:578030381>
L 09/05/2026 - 21:20:26: [FF] [Bảo Nguyên] <STEAM_1:0:218160880> -> 9 HP bằng (boom/fire) -> [Curren Bouquetd'or] <STEAM_1:1:524205977>
L 09/05/2026 - 21:20:26: [FF] [Bảo Nguyên] <STEAM_1:0:218160880> -> 11 HP bằng (boom/fire) -> [None :D] <STEAM_1:0:578030381>
L 09/05/2026 - 21:20:26: [FF] [Bảo Nguyên] <STEAM_1:0:218160880> -> 11 HP bằng (boom/fire) -> [Curren Bouquetd'or] <STEAM_1:1:524205977>
L 09/05/2026 - 21:20:26: [FF] [Bảo Nguyên] <STEAM_1:0:218160880> -> 12 HP bằng (boom/fire) -> [None :D] <STEAM_1:0:578030381>
L 09/05/2026 - 21:20:26: [FF] [Bảo Nguyên] <STEAM_1:0:218160880> -> 12 HP bằng (boom/fire) -> [Curren Bouquetd'or] <STEAM_1:1:524205977>
L 09/05/2026 - 21:20:27: [FF] [Bảo Nguyên] <STEAM_1:0:218160880> -> 14 HP bằng (boom/fire) -> [None :D] <STEAM_1:0:578030381>
L 09/05/2026 - 21:20:27: [FF] [Bảo Nguyên] <STEAM_1:0:218160880> -> 14 HP bằng (boom/fire) -> [Curren Bouquetd'or] <STEAM_1:1:524205977>
L 09/05/2026 - 21:20:27: [FF] [Bảo Nguyên] <STEAM_1:0:218160880> -> 16 HP bằng (boom/fire) -> [None :D] <STEAM_1:0:578030381>
L 09/05/2026 - 21:20:27: [FF] [Bảo Nguyên] <STEAM_1:0:218160880> -> 16 HP bằng (boom/fire) -> [Curren Bouquetd'or] <STEAM_1:1:524205977>
L 09/05/2026 - 21:20:27: [FF] [Bảo Nguyên] <STEAM_1:0:218160880> -> 16 HP bằng (boom/fire) -> [None :D] <STEAM_1:0:578030381>
L 09/05/2026 - 21:20:27: [FF] [Bảo Nguyên] <STEAM_1:0:218160880> -> 16 HP bằng (boom/fire) -> [Curren Bouquetd'or] <STEAM_1:1:524205977>
L 09/05/2026 - 21:20:27: [FF] [Bảo Nguyên] <STEAM_1:0:218160880> -> 16 HP bằng (boom/fire) -> [Curren Bouquetd'or] <STEAM_1:1:524205977>
L 09/05/2026 - 21:20:27: [FF] [Bảo Nguyên] <STEAM_1:0:218160880> -> 16 HP bằng (boom/fire) -> [None :D] <STEAM_1:0:578030381>
L 09/05/2026 - 21:20:27: [FF] [Bảo Nguyên] <STEAM_1:0:218160880> -> 16 HP bằng (boom/fire) -> [None :D] <STEAM_1:0:578030381>
L 09/05/2026 - 21:20:27: [HẠ GỤC] Bảo Nguyên <STEAM_1:0:218160880> đã hạ gục Curren Bouquetd'or <STEAM_1:1:524205977> bằng (boom/fire)
L 09/05/2026 - 21:20:28: [HẠ GỤC] Bảo Nguyên <STEAM_1:0:218160880> đã hạ gục None :D <STEAM_1:0:578030381> bằng (boom/fire)
L 09/05/2026 - 21:20:28: [FF] [Bảo Nguyên] <STEAM_1:0:218160880> -> 16 HP bằng (boom/fire) -> [Curren Bouquetd'or] <STEAM_1:1:524205977>
L 09/05/2026 - 21:20:28: [FF] [Bảo Nguyên] <STEAM_1:0:218160880> -> 16 HP bằng (boom/fire) -> [Curren Bouquetd'or] <STEAM_1:1:524205977>
L 09/05/2026 - 21:20:28: [FF] [Bảo Nguyên] <STEAM_1:0:218160880> -> 16 HP bằng (boom/fire) -> [Curren Bouquetd'or] <STEAM_1:1:524205977>
L 09/05/2026 - 21:20:28: [FF] [Bảo Nguyên] <STEAM_1:0:218160880> -> 16 HP bằng (boom/fire) -> [Curren Bouquetd'or] <STEAM_1:1:524205977>
L 09/05/2026 - 21:20:28: [FF] [Bảo Nguyên] <STEAM_1:0:218160880> -> 16 HP bằng (boom/fire) -> [Curren Bouquetd'or] <STEAM_1:1:524205977>
L 09/05/2026 - 21:20:29: [FF] [Bảo Nguyên] <STEAM_1:0:218160880> -> 16 HP bằng (boom/fire) -> [None :D] <STEAM_1:0:578030381>
L 09/05/2026 - 21:20:29: [FF] [Bảo Nguyên] <STEAM_1:0:218160880> -> 16 HP bằng (boom/fire) -> [Curren Bouquetd'or] <STEAM_1:1:524205977>
L 09/05/2026 - 21:20:29: [FF] [Bảo Nguyên] <STEAM_1:0:218160880> -> 16 HP bằng (boom/fire) -> [None :D] <STEAM_1:0:578030381>
L 09/05/2026 - 21:20:29: [FF] [Bảo Nguyên] <STEAM_1:0:218160880> -> 16 HP bằng (boom/fire) -> [Curren Bouquetd'or] <STEAM_1:1:524205977>
L 09/05/2026 - 21:20:29: [FF] [Bảo Nguyên] <STEAM_1:0:218160880> -> 16 HP bằng (boom/fire) -> [None :D] <STEAM_1:0:578030381>
L 09/05/2026 - 21:20:29: [FF] [Bảo Nguyên] <STEAM_1:0:218160880> -> 16 HP bằng (boom/fire) -> [Curren Bouquetd'or] <STEAM_1:1:524205977>
L 09/05/2026 - 21:20:29: [FF] [Bảo Nguyên] <STEAM_1:0:218160880> -> 16 HP bằng (boom/fire) -> [None :D] <STEAM_1:0:578030381>
L 09/05/2026 - 21:20:29: [FF] [Bảo Nguyên] <STEAM_1:0:218160880> -> 16 HP bằng (boom/fire) -> [Curren Bouquetd'or] <STEAM_1:1:524205977>
L 09/05/2026 - 21:20:29: [FF] [Bảo Nguyên] <STEAM_1:0:218160880> -> 16 HP bằng (boom/fire) -> [None :D] <STEAM_1:0:578030381>
L 09/05/2026 - 21:20:29: [FF] [Bảo Nguyên] <STEAM_1:0:218160880> -> 16 HP bằng (boom/fire) -> [Curren Bouquetd'or] <STEAM_1:1:524205977>
L 09/05/2026 - 21:20:30: [FF] [Bảo Nguyên] <STEAM_1:0:218160880> -> 16 HP bằng (boom/fire) -> [None :D] <STEAM_1:0:578030381>
L 09/05/2026 - 21:20:30: [FF] [Bảo Nguyên] <STEAM_1:0:218160880> -> 16 HP bằng (boom/fire) -> [Curren Bouquetd'or] <STEAM_1:1:524205977>
L 09/05/2026 - 21:20:30: [FF] [Bảo Nguyên] <STEAM_1:0:218160880> -> 16 HP bằng (boom/fire) -> [None :D] <STEAM_1:0:578030381>
L 09/05/2026 - 21:20:30: [FF] [Bảo Nguyên] <STEAM_1:0:218160880> -> 16 HP bằng (boom/fire) -> [Curren Bouquetd'or] <STEAM_1:1:524205977>
L 09/05/2026 - 21:20:30: [FF] [Bảo Nguyên] <STEAM_1:0:218160880> -> 16 HP bằng (boom/fire) -> [None :D] <STEAM_1:0:578030381>
L 09/05/2026 - 21:20:30: [FF] [Bảo Nguyên] <STEAM_1:0:218160880> -> 16 HP bằng (boom/fire) -> [Curren Bouquetd'or] <STEAM_1:1:524205977>
L 09/05/2026 - 21:20:30: [FF] [Bảo Nguyên] <STEAM_1:0:218160880> -> 16 HP bằng (boom/fire) -> [None :D] <STEAM_1:0:578030381>
L 09/05/2026 - 21:20:30: [FF] [Bảo Nguyên] <STEAM_1:0:218160880> -> 16 HP bằng (boom/fire) -> [Curren Bouquetd'or] <STEAM_1:1:524205977>
L 09/05/2026 - 21:20:30: [FF] [Bảo Nguyên] <STEAM_1:0:218160880> -> 16 HP bằng (boom/fire) -> [None :D] <STEAM_1:0:578030381>
L 09/05/2026 - 21:20:30: [FF] [Bảo Nguyên] <STEAM_1:0:218160880> -> 16 HP bằng (boom/fire) -> [Curren Bouquetd'or] <STEAM_1:1:524205977>
L 09/05/2026 - 21:20:31: [FF] [Bảo Nguyên] <STEAM_1:0:218160880> -> 16 HP bằng (boom/fire) -> [None :D] <STEAM_1:0:578030381>
L 09/05/2026 - 21:20:31: [FF] [Bảo Nguyên] <STEAM_1:0:218160880> -> 16 HP bằng (boom/fire) -> [Curren Bouquetd'or] <STEAM_1:1:524205977>
L 09/05/2026 - 21:20:31: [FF] [Bảo Nguyên] <STEAM_1:0:218160880> -> 16 HP bằng (boom/fire) -> [None :D] <STEAM_1:0:578030381>
L 09/05/2026 - 21:20:31: [FF] [Bảo Nguyên] <STEAM_1:0:218160880> -> 16 HP bằng (boom/fire) -> [Curren Bouquetd'or] <STEAM_1:1:524205977>
L 09/05/2026 - 21:20:31: [FF] [Bảo Nguyên] <STEAM_1:0:218160880> -> 16 HP bằng (boom/fire) -> [None :D] <STEAM_1:0:578030381>
L 09/05/2026 - 21:20:31: [FF] [Bảo Nguyên] <STEAM_1:0:218160880> -> 16 HP bằng (boom/fire) -> [Curren Bouquetd'or] <STEAM_1:1:524205977>
L 09/05/2026 - 21:20:31: [FF] [Bảo Nguyên] <STEAM_1:0:218160880> -> 16 HP bằng (boom/fire) -> [None :D] <STEAM_1:0:578030381>
L 09/05/2026 - 21:20:31: [FF] [Bảo Nguyên] <STEAM_1:0:218160880> -> 16 HP bằng (boom/fire) -> [Curren Bouquetd'or] <STEAM_1:1:524205977>
L 09/05/2026 - 21:20:31: [FF] [Bảo Nguyên] <STEAM_1:0:218160880> -> 16 HP bằng (boom/fire) -> [Curren Bouquetd'or] <STEAM_1:1:524205977>
L 09/05/2026 - 21:20:32: [FF] [Bảo Nguyên] <STEAM_1:0:218160880> -> 16 HP bằng (boom/fire) -> [Curren Bouquetd'or] <STEAM_1:1:524205977>
L 09/05/2026 - 21:20:32: [FF] [Bảo Nguyên] <STEAM_1:0:218160880> -> 16 HP bằng (boom/fire) -> [Curren Bouquetd'or] <STEAM_1:1:524205977>
L 09/05/2026 - 21:20:32: [FF] [Bảo Nguyên] <STEAM_1:0:218160880> -> 16 HP bằng (boom/fire) -> [Curren Bouquetd'or] <STEAM_1:1:524205977>
L 09/05/2026 - 21:20:32: [FF] [Bảo Nguyên] <STEAM_1:0:218160880> -> 16 HP bằng (boom/fire) -> [Curren Bouquetd'or] <STEAM_1:1:524205977>
L 09/05/2026 - 21:20:32: [HẠ GỤC] Spitter Bot <BOT> đã hạ gục Bảo Nguyên <STEAM_1:0:218160880> bằng (môi trường/khác)
L 09/05/2026 - 21:20:32: [FF] [Bảo Nguyên] <STEAM_1:0:218160880> -> 16 HP bằng (boom/fire) -> [Curren Bouquetd'or] <STEAM_1:1:524205977>
L 09/05/2026 - 21:20:33: [FF] [Bảo Nguyên] <STEAM_1:0:218160880> -> 16 HP bằng (boom/fire) -> [Curren Bouquetd'or] <STEAM_1:1:524205977>
L 09/05/2026 - 21:20:33: [FF] [Bảo Nguyên] <STEAM_1:0:218160880> -> 16 HP bằng (boom/fire) -> [Curren Bouquetd'or] <STEAM_1:1:524205977>
L 09/05/2026 - 21:20:33: [FF] [Bảo Nguyên] <STEAM_1:0:218160880> -> 16 HP bằng (boom/fire) -> [Curren Bouquetd'or] <STEAM_1:1:524205977>
L 09/05/2026 - 21:20:33: [FF] [Bảo Nguyên] <STEAM_1:0:218160880> -> 16 HP bằng (boom/fire) -> [Curren Bouquetd'or] <STEAM_1:1:524205977>
L 09/05/2026 - 21:20:33: [FF] [Bảo Nguyên] <STEAM_1:0:218160880> -> 16 HP bằng (boom/fire) -> [Curren Bouquetd'or] <STEAM_1:1:524205977>
L 09/05/2026 - 21:20:34: [FF] [Bảo Nguyên] <STEAM_1:0:218160880> -> 16 HP bằng (boom/fire) -> [Curren Bouquetd'or] <STEAM_1:1:524205977>
L 09/05/2026 - 21:20:34: [FF] [Bảo Nguyên] <STEAM_1:0:218160880> -> 16 HP bằng (boom/fire) -> [Curren Bouquetd'or] <STEAM_1:1:524205977>
L 09/05/2026 - 21:20:34: [FF] [Bảo Nguyên] <STEAM_1:0:218160880> -> 16 HP bằng (boom/fire) -> [Curren Bouquetd'or] <STEAM_1:1:524205977>
L 09/05/2026 - 21:20:34: [FF] [Bảo Nguyên] <STEAM_1:0:218160880> -> 16 HP bằng (boom/fire) -> [Curren Bouquetd'or] <STEAM_1:1:524205977>
L 09/05/2026 - 21:20:34: [FF] [Bảo Nguyên] <STEAM_1:0:218160880> -> 16 HP bằng (boom/fire) -> [Curren Bouquetd'or] <STEAM_1:1:524205977>
L 09/05/2026 - 21:20:35: [FF] [Bảo Nguyên] <STEAM_1:0:218160880> -> 16 HP bằng (boom/fire) -> [Curren Bouquetd'or] <STEAM_1:1:524205977>
L 09/05/2026 - 21:20:35: [FF] [Bảo Nguyên] <STEAM_1:0:218160880> -> 16 HP bằng (boom/fire) -> [Curren Bouquetd'or] <STEAM_1:1:524205977>
L 09/05/2026 - 21:20:35: [FF] [Bảo Nguyên] <STEAM_1:0:218160880> -> 16 HP bằng (boom/fire) -> [Curren Bouquetd'or] <STEAM_1:1:524205977>
L 09/05/2026 - 21:20:35: [FF] [Bảo Nguyên] <STEAM_1:0:218160880> -> 16 HP bằng (boom/fire) -> [Curren Bouquetd'or] <STEAM_1:1:524205977>
L 09/05/2026 - 21:20:35: [FF] [Bảo Nguyên] <STEAM_1:0:218160880> -> 16 HP bằng (boom/fire) -> [Curren Bouquetd'or] <STEAM_1:1:524205977>
L 09/05/2026 - 21:20:36: [FF] [Bảo Nguyên] <STEAM_1:0:218160880> -> 16 HP bằng (boom/fire) -> [Curren Bouquetd'or] <STEAM_1:1:524205977>
L 09/05/2026 - 21:20:36: [FF] [Bảo Nguyên] <STEAM_1:0:218160880> -> 16 HP bằng (boom/fire) -> [Curren Bouquetd'or] <STEAM_1:1:524205977>
L 09/05/2026 - 21:20:36: [FF] [Bảo Nguyên] <STEAM_1:0:218160880> -> 16 HP bằng (boom/fire) -> [Curren Bouquetd'or] <STEAM_1:1:524205977>
L 09/05/2026 - 21:20:36: [FF] [Bảo Nguyên] <STEAM_1:0:218160880> -> 16 HP bằng (boom/fire) -> [Curren Bouquetd'or] <STEAM_1:1:524205977>
L 09/05/2026 - 21:20:36: [FF] [Bảo Nguyên] <STEAM_1:0:218160880> -> 16 HP bằng (boom/fire) -> [Curren Bouquetd'or] <STEAM_1:1:524205977>
L 09/05/2026 - 21:20:37: [FF] [Bảo Nguyên] <STEAM_1:0:218160880> -> 16 HP bằng (boom/fire) -> [Curren Bouquetd'or] <STEAM_1:1:524205977>
L 09/05/2026 - 21:20:37: [FF] [Bảo Nguyên] <STEAM_1:0:218160880> -> 16 HP bằng (boom/fire) -> [Curren Bouquetd'or] <STEAM_1:1:524205977>
L 09/05/2026 - 21:20:37: [FF] [Bảo Nguyên] <STEAM_1:0:218160880> -> 16 HP bằng (boom/fire) -> [Curren Bouquetd'or] <STEAM_1:1:524205977>
L 09/05/2026 - 21:20:37: [FF] [Bảo Nguyên] <STEAM_1:0:218160880> -> 16 HP bằng (boom/fire) -> [Curren Bouquetd'or] <STEAM_1:1:524205977>
L 09/05/2026 - 21:20:37: [FF] [Bảo Nguyên] <STEAM_1:0:218160880> -> 16 HP bằng (boom/fire) -> [Curren Bouquetd'or] <STEAM_1:1:524205977>
L 09/05/2026 - 21:20:38: [FF] [Bảo Nguyên] <STEAM_1:0:218160880> -> 16 HP bằng (boom/fire) -> [Rïçēz] <STEAM_1:1:558962692>
L 09/05/2026 - 21:20:38: [FF] [Bảo Nguyên] <STEAM_1:0:218160880> -> 16 HP bằng (boom/fire) -> [Curren Bouquetd'or] <STEAM_1:1:524205977>
L 09/05/2026 - 21:20:38: [FF] [Bảo Nguyên] <STEAM_1:0:218160880> -> 16 HP bằng (boom/fire) -> [Rïçēz] <STEAM_1:1:558962692>
L 09/05/2026 - 21:20:38: [FF] [Bảo Nguyên] <STEAM_1:0:218160880> -> 16 HP bằng (boom/fire) -> [Curren Bouquetd'or] <STEAM_1:1:524205977>
L 09/05/2026 - 21:20:38: [FF] [Bảo Nguyên] <STEAM_1:0:218160880> -> 16 HP bằng (boom/fire) -> [Curren Bouquetd'or] <STEAM_1:1:524205977>
L 09/05/2026 - 21:20:38: [FF] [Bảo Nguyên] <STEAM_1:0:218160880> -> 16 HP bằng (boom/fire) -> [Curren Bouquetd'or] <STEAM_1:1:524205977>
L 09/05/2026 - 21:20:38: [FF] [Bảo Nguyên] <STEAM_1:0:218160880> -> 16 HP bằng (boom/fire) -> [Curren Bouquetd'or] <STEAM_1:1:524205977>
L 09/05/2026 - 21:20:39: [FF] [Bảo Nguyên] <STEAM_1:0:218160880> -> 16 HP bằng (boom/fire) -> [Curren Bouquetd'or] <STEAM_1:1:524205977>
L 09/05/2026 - 21:20:39: [FF] [Bảo Nguyên] <STEAM_1:0:218160880> -> 16 HP bằng (boom/fire) -> [Curren Bouquetd'or] <STEAM_1:1:524205977>
L 09/05/2026 - 21:20:39: [FF] [Bảo Nguyên] <STEAM_1:0:218160880> -> 16 HP bằng (boom/fire) -> [Curren Bouquetd'or] <STEAM_1:1:524205977>
L 09/05/2026 - 21:20:39: [FF] [Bảo Nguyên] <STEAM_1:0:218160880> -> 16 HP bằng (boom/fire) -> [Curren Bouquetd'or] <STEAM_1:1:524205977>
L 09/05/2026 - 21:20:39: [FF] [Bảo Nguyên] <STEAM_1:0:218160880> -> 16 HP bằng (boom/fire) -> [Curren Bouquetd'or] <STEAM_1:1:524205977>
L 09/05/2026 - 21:20:40: [FF] [Bảo Nguyên] <STEAM_1:0:218160880> -> 16 HP bằng (boom/fire) -> [Curren Bouquetd'or] <STEAM_1:1:524205977>
L 09/05/2026 - 21:20:42: [FF] [KeroN] <STEAM_1:1:161759963> -> 1 HP bằng (môi trường/khác) -> [Holo 40k] <STEAM_1:1:925049770>
L 09/05/2026 - 21:20:44: [FF] [Bảo Nguyên] <STEAM_1:0:218160880> -> 6 HP bằng (súng) -> [KeroN] <STEAM_1:1:161759963>
L 09/05/2026 - 21:20:44: [FF] [Bảo Nguyên] <STEAM_1:0:218160880> -> 5 HP bằng (súng) -> [KeroN] <STEAM_1:1:161759963>
L 09/05/2026 - 21:20:45: [FF] [Bảo Nguyên] <STEAM_1:0:218160880> -> 5 HP bằng (súng) -> [KeroN] <STEAM_1:1:161759963>
L 09/05/2026 - 21:20:45: [FF] [Bảo Nguyên] <STEAM_1:0:218160880> -> 5 HP bằng (súng) -> [KeroN] <STEAM_1:1:161759963>
L 09/05/2026 - 21:20:45: [HẠ GỤC] Tank <BOT> đã hạ gục Holo 40k <STEAM_1:1:925049770> bằng (môi trường/khác)
L 09/05/2026 - 21:20:45: [FF] [Bảo Nguyên] <STEAM_1:0:218160880> -> 5 HP bằng (súng) -> [chimxanh] <STEAM_1:1:626078671>
L 09/05/2026 - 21:20:45: [FF] [Bảo Nguyên] <STEAM_1:0:218160880> -> 5 HP bằng (súng) -> [chimxanh] <STEAM_1:1:626078671>
L 09/05/2026 - 21:20:50: [HẠ GỤC] Tank <BOT> đã hạ gục Curren Bouquetd'or <STEAM_1:1:524205977> bằng (môi trường/khác)
L 09/05/2026 - 21:21:14: [HẠ GỤC] Tank <BOT> đã hạ gục Holo 40k <STEAM_1:1:925049770> bằng (môi trường/khác)
L 09/05/2026 - 21:21:14: [FF] [None :D] <STEAM_1:0:578030381> -> 3 HP bằng (súng) -> [Holo 40k] <STEAM_1:1:925049770>
L 09/05/2026 - 21:21:18: [HẠ GỤC] Tank <BOT> đã hạ gục Lê Hải <STEAM_1:0:471595906> bằng (môi trường/khác)
L 09/05/2026 - 21:21:20: [HẠ GỤC] Tank <BOT> đã hạ gục Rïçēz <STEAM_1:1:558962692> bằng (môi trường/khác)
L 09/05/2026 - 21:21:24: [KILL] Tank <BOT> đã giết Holo 40k <STEAM_1:1:925049770> bằng (môi trường/khác)
L 09/05/2026 - 21:21:26: [FF] [boviet666] <STEAM_1:0:963323015> -> 6 HP bằng (súng) -> [None :D] <STEAM_1:0:578030381>
L 09/05/2026 - 21:21:34: [KILL] Zombie/Witch/Môi trường <N/A> đã giết None :D <STEAM_1:0:578030381> bằng (zombie cào/đấm)
L 09/05/2026 - 21:21:35: [KILL] Tank <BOT> đã giết Rïçēz <STEAM_1:1:558962692> bằng (môi trường/khác)
L 09/05/2026 - 21:21:37: [HẠ GỤC] Zombie/Witch/Môi trường <N/A> đã hạ gục nikola25645 <STEAM_1:1:782248349> bằng (môi trường/khác)
L 09/05/2026 - 21:21:39: [FF] [Bảo Nguyên] <STEAM_1:0:218160880> -> 5 HP bằng (súng) -> [Chicoarun] <STEAM_1:0:952954061>
L 09/05/2026 - 21:21:39: [FF] [Bảo Nguyên] <STEAM_1:0:218160880> -> 5 HP bằng (súng) -> [Chicoarun] <STEAM_1:0:952954061>
L 09/05/2026 - 21:21:39: [FF] [KeroN] <STEAM_1:1:161759963> -> 31 HP bằng (súng) -> [Lê Hải] <STEAM_1:0:471595906>
L 09/05/2026 - 21:21:40: [FF] [boviet666] <STEAM_1:0:963323015> -> 5 HP bằng (súng) -> [Chicoarun] <STEAM_1:0:952954061>
L 09/05/2026 - 21:21:40: [FF] [boviet666] <STEAM_1:0:963323015> -> 6 HP bằng (súng) -> [chimxanh] <STEAM_1:1:626078671>
L 09/05/2026 - 21:21:40: [KILL] Zombie/Witch/Môi trường <N/A> đã giết nikola25645 <STEAM_1:1:782248349> bằng (zombie cào/đấm)
L 09/05/2026 - 21:21:43: [FF] [boviet666] <STEAM_1:0:963323015> -> 5 HP bằng (súng) -> [Chicoarun] <STEAM_1:0:952954061>
L 09/05/2026 - 21:21:43: [FF] [boviet666] <STEAM_1:0:963323015> -> 5 HP bằng (súng) -> [Chicoarun] <STEAM_1:0:952954061>
L 09/05/2026 - 21:21:43: [FF] [boviet666] <STEAM_1:0:963323015> -> 5 HP bằng (súng) -> [Chicoarun] <STEAM_1:0:952954061>
L 09/05/2026 - 21:21:44: [KILL] Zombie/Witch/Môi trường <N/A> đã giết Lê Hải <STEAM_1:0:471595906> bằng (zombie cào/đấm)
L 09/05/2026 - 21:21:46: [KILL] Zombie/Witch/Môi trường <N/A> đã giết chimxanh <STEAM_1:1:626078671> bằng (zombie cào/đấm)
L 09/05/2026 - 21:21:49: [HẠ GỤC] Tank <BOT> đã hạ gục Chicoarun <STEAM_1:0:952954061> bằng (môi trường/khác)
L 09/05/2026 - 21:21:53: [FF] [Bảo Nguyên] <STEAM_1:0:218160880> -> 31 HP bằng (súng) -> [Chicoarun] <STEAM_1:0:952954061>
L 09/05/2026 - 21:21:54: [FF] [KeroN] <STEAM_1:1:161759963> -> 31 HP bằng (súng) -> [Bảo Nguyên] <STEAM_1:0:218160880>
L 09/05/2026 - 21:21:54: [HẠ GỤC] Zombie/Witch/Môi trường <N/A> đã hạ gục Bảo Nguyên <STEAM_1:0:218160880> bằng (môi trường/khác)
L 09/05/2026 - 21:21:55: [FF] [Curren Bouquetd'or] <STEAM_1:1:524205977> -> 5 HP bằng (súng) -> [Bảo Nguyên] <STEAM_1:0:218160880>
L 09/05/2026 - 21:21:55: [FF] [Curren Bouquetd'or] <STEAM_1:1:524205977> -> 5 HP bằng (súng) -> [Bảo Nguyên] <STEAM_1:0:218160880>
L 09/05/2026 - 21:21:56: [FF] [Curren Bouquetd'or] <STEAM_1:1:524205977> -> 5 HP bằng (súng) -> [Bảo Nguyên] <STEAM_1:0:218160880>
L 09/05/2026 - 21:21:56: [FF] [Curren Bouquetd'or] <STEAM_1:1:524205977> -> 5 HP bằng (súng) -> [Bảo Nguyên] <STEAM_1:0:218160880>
L 09/05/2026 - 21:21:56: [FF] [Curren Bouquetd'or] <STEAM_1:1:524205977> -> 5 HP bằng (súng) -> [Bảo Nguyên] <STEAM_1:0:218160880>
L 09/05/2026 - 21:21:56: [FF] [Curren Bouquetd'or] <STEAM_1:1:524205977> -> 5 HP bằng (súng) -> [Bảo Nguyên] <STEAM_1:0:218160880>
L 09/05/2026 - 21:21:56: [FF] [Curren Bouquetd'or] <STEAM_1:1:524205977> -> 5 HP bằng (súng) -> [Bảo Nguyên] <STEAM_1:0:218160880>
L 09/05/2026 - 21:21:56: [FF] [Curren Bouquetd'or] <STEAM_1:1:524205977> -> 5 HP bằng (súng) -> [Bảo Nguyên] <STEAM_1:0:218160880>
L 09/05/2026 - 21:21:56: [FF] [Curren Bouquetd'or] <STEAM_1:1:524205977> -> 5 HP bằng (súng) -> [Bảo Nguyên] <STEAM_1:0:218160880>
L 09/05/2026 - 21:21:56: [FF] [Curren Bouquetd'or] <STEAM_1:1:524205977> -> 5 HP bằng (súng) -> [Bảo Nguyên] <STEAM_1:0:218160880>
L 09/05/2026 - 21:21:56: [FF] [Curren Bouquetd'or] <STEAM_1:1:524205977> -> 5 HP bằng (súng) -> [Bảo Nguyên] <STEAM_1:0:218160880>
L 09/05/2026 - 21:21:57: [FF] [Curren Bouquetd'or] <STEAM_1:1:524205977> -> 5 HP bằng (súng) -> [Bảo Nguyên] <STEAM_1:0:218160880>
L 09/05/2026 - 21:21:57: [FF] [Curren Bouquetd'or] <STEAM_1:1:524205977> -> 5 HP bằng (súng) -> [Bảo Nguyên] <STEAM_1:0:218160880>
L 09/05/2026 - 21:21:57: [FF] [Curren Bouquetd'or] <STEAM_1:1:524205977> -> 5 HP bằng (súng) -> [Bảo Nguyên] <STEAM_1:0:218160880>
L 09/05/2026 - 21:21:57: [FF] [Curren Bouquetd'or] <STEAM_1:1:524205977> -> 5 HP bằng (súng) -> [Bảo Nguyên] <STEAM_1:0:218160880>
L 09/05/2026 - 21:21:58: [KILL] Zombie/Witch/Môi trường <N/A> đã giết Bảo Nguyên <STEAM_1:0:218160880> bằng (zombie cào/đấm)
L 09/05/2026 - 21:21:59: [KILL] Tank <BOT> đã giết Curren Bouquetd'or <STEAM_1:1:524205977> bằng (môi trường/khác)
L 09/05/2026 - 21:22:01: [KILL] Zombie/Witch/Môi trường <N/A> đã giết KeroN <STEAM_1:1:161759963> bằng (zombie cào/đấm)
L 09/05/2026 - 21:22:05: [HẠ GỤC] Tank <BOT> đã hạ gục boviet666 <STEAM_1:0:963323015> bằng (zombie cào/đấm)
L 09/05/2026 - 21:22:45: [HẠ GỤC] Tank <BOT> đã hạ gục Holo 40k <STEAM_1:1:925049770> bằng (zombie cào/đấm)
L 09/05/2026 - 21:22:50: [HẠ GỤC] Tank <BOT> đã hạ gục None :D <STEAM_1:0:578030381> bằng (zombie cào/đấm)
L 09/05/2026 - 21:22:54: [HẠ GỤC] Tank <BOT> đã hạ gục Chicoarun <STEAM_1:0:952954061> bằng (zombie cào/đấm)
L 09/05/2026 - 21:22:55: [FF] [nikola25645] <STEAM_1:1:782248349> -> 1 HP bằng (súng) -> [Rïçēz] <STEAM_1:1:558962692>
L 09/05/2026 - 21:22:59: [HẠ GỤC] Tank <BOT> đã hạ gục nikola25645 <STEAM_1:1:782248349> bằng (zombie cào/đấm)
L 09/05/2026 - 21:23:01: [FF] [chimxanh] <STEAM_1:1:626078671> -> 7 HP bằng (melee) -> [Lê Hải] <STEAM_1:0:471595906>
L 09/05/2026 - 21:23:10: [FF] [boviet666] <STEAM_1:0:963323015> -> 6 HP bằng (súng) -> [Curren Bouquetd'or] <STEAM_1:1:524205977>
L 09/05/2026 - 21:23:10: [HẠ GỤC] Tank <BOT> đã hạ gục Bảo Nguyên <STEAM_1:0:218160880> bằng (zombie cào/đấm)
L 09/05/2026 - 21:23:11: [FF] [boviet666] <STEAM_1:0:963323015> -> 6 HP bằng (súng) -> [Curren Bouquetd'or] <STEAM_1:1:524205977>
L 09/05/2026 - 21:23:18: [HẠ GỤC] Tank <BOT> đã hạ gục Curren Bouquetd'or <STEAM_1:1:524205977> bằng (môi trường/khác)
L 09/05/2026 - 21:23:18: [FF] [Chicoarun] <STEAM_1:0:952954061> -> 31 HP bằng (súng) -> [chimxanh] <STEAM_1:1:626078671>
L 09/05/2026 - 21:23:23: [HẠ GỤC] Tank <BOT> đã hạ gục Holo 40k <STEAM_1:1:925049770> bằng (môi trường/khác)
L 09/05/2026 - 21:23:26: [HẠ GỤC] Tank <BOT> đã hạ gục Rïçēz <STEAM_1:1:558962692> bằng (môi trường/khác)
L 09/05/2026 - 21:23:30: [FF] [boviet666] <STEAM_1:0:963323015> -> 5 HP bằng (súng) -> [chimxanh] <STEAM_1:1:626078671>
L 09/05/2026 - 21:23:30: [FF] [boviet666] <STEAM_1:0:963323015> -> 5 HP bằng (súng) -> [Lê Hải] <STEAM_1:0:471595906>
L 09/05/2026 - 21:23:33: [FF] [nikola25645] <STEAM_1:1:782248349> -> 1 HP bằng (súng) -> [chimxanh] <STEAM_1:1:626078671>
L 09/05/2026 - 21:23:34: [HẠ GỤC] Tank <BOT> đã hạ gục nikola25645 <STEAM_1:1:782248349> bằng (zombie cào/đấm)
L 09/05/2026 - 21:23:42: [FF] [KeroN] <STEAM_1:1:161759963> -> 6 HP bằng (súng) -> [boviet666] <STEAM_1:0:963323015>
L 09/05/2026 - 21:23:42: [FF] [KeroN] <STEAM_1:1:161759963> -> 6 HP bằng (súng) -> [boviet666] <STEAM_1:0:963323015>
L 09/05/2026 - 21:23:49: [FF] [nikola25645] <STEAM_1:1:782248349> -> 1 HP bằng (súng) -> [Rïçēz] <STEAM_1:1:558962692>
L 09/05/2026 - 21:23:51: [FF] [Lê Hải] <STEAM_1:0:471595906> -> 31 HP bằng (súng) -> [Chicoarun] <STEAM_1:0:952954061>
L 09/05/2026 - 21:23:51: [HẠ GỤC] Tank <BOT> đã hạ gục boviet666 <STEAM_1:0:963323015> bằng (môi trường/khác)
L 09/05/2026 - 21:23:55: [FF] [Rïçēz] <STEAM_1:1:558962692> -> 3 HP bằng (súng) -> [boviet666] <STEAM_1:0:963323015>
L 09/05/2026 - 21:23:56: [FF] [chimxanh] <STEAM_1:1:626078671> -> 1 HP bằng (súng) -> [boviet666] <STEAM_1:0:963323015>
L 09/05/2026 - 21:23:56: [FF] [chimxanh] <STEAM_1:1:626078671> -> 1 HP bằng (súng) -> [nikola25645] <STEAM_1:1:782248349>
L 09/05/2026 - 21:24:00: [KILL] Tank <BOT> đã giết nikola25645 <STEAM_1:1:782248349> bằng (môi trường/khác)
L 09/05/2026 - 21:24:05: [KILL] Tank <BOT> đã giết Chicoarun <STEAM_1:0:952954061> bằng (môi trường/khác)
L 09/05/2026 - 21:24:07: [FF] [None :D] <STEAM_1:0:578030381> -> 6 HP bằng (súng) -> [Holo 40k] <STEAM_1:1:925049770>
L 09/05/2026 - 21:24:09: [KILL] Tank <BOT> đã giết Holo 40k <STEAM_1:1:925049770> bằng (môi trường/khác)
L 09/05/2026 - 21:24:12: [HẠ GỤC] Tank <BOT> đã hạ gục None :D <STEAM_1:0:578030381> bằng (zombie cào/đấm)
L 09/05/2026 - 21:24:23: [FF] [boviet666] <STEAM_1:0:963323015> -> 3 HP bằng (súng) -> [Lê Hải] <STEAM_1:0:471595906>
L 09/05/2026 - 21:24:29: [HẠ GỤC] Tank <BOT> đã hạ gục chimxanh <STEAM_1:1:626078671> bằng (môi trường/khác)
L 09/05/2026 - 21:24:47: [FF] [Bảo Nguyên] <STEAM_1:0:218160880> -> 9 HP bằng (súng) -> [chimxanh] <STEAM_1:1:626078671>
L 09/05/2026 - 21:24:58: [HẠ GỤC] Tank <BOT> đã hạ gục Bảo Nguyên <STEAM_1:0:218160880> bằng (zombie cào/đấm)
L 09/05/2026 - 21:25:01: [HẠ GỤC] Tank <BOT> đã hạ gục KeroN <STEAM_1:1:161759963> bằng (môi trường/khác)
L 09/05/2026 - 21:25:02: [KILL] Tank <BOT> đã giết None :D <STEAM_1:0:578030381> bằng (zombie cào/đấm)
L 09/05/2026 - 21:25:09: [FF] [chimxanh] <STEAM_1:1:626078671> -> 6 HP bằng (súng) -> [nikola25645] <STEAM_1:1:782248349>
L 09/05/2026 - 21:25:18: [FF] [nikola25645] <STEAM_1:1:782248349> -> 1 HP bằng (súng) -> [boviet666] <STEAM_1:0:963323015>
L 09/05/2026 - 21:25:19: [FF] [nikola25645] <STEAM_1:1:782248349> -> 1 HP bằng (súng) -> [Holo 40k] <STEAM_1:1:925049770>
L 09/05/2026 - 21:25:19: [HẠ GỤC] Tank <BOT> đã hạ gục Holo 40k <STEAM_1:1:925049770> bằng (zombie cào/đấm)
L 09/05/2026 - 21:25:25: [HẠ GỤC] Tank <BOT> đã hạ gục Chicoarun <STEAM_1:0:952954061> bằng (môi trường/khác)
L 09/05/2026 - 21:25:28: [FF] [nikola25645] <STEAM_1:1:782248349> -> 1 HP bằng (súng) -> [chimxanh] <STEAM_1:1:626078671>
L 09/05/2026 - 21:25:35: [HẠ GỤC] Tank <BOT> đã hạ gục nikola25645 <STEAM_1:1:782248349> bằng (môi trường/khác)
L 09/05/2026 - 21:25:37: [HẠ GỤC] Tank <BOT> đã hạ gục Rïçēz <STEAM_1:1:558962692> bằng (môi trường/khác)
L 09/05/2026 - 21:25:42: [FF] [boviet666] <STEAM_1:0:963323015> -> 3 HP bằng (súng) -> [KeroN] <STEAM_1:1:161759963>
L 09/05/2026 - 21:25:42: [FF] [boviet666] <STEAM_1:0:963323015> -> 3 HP bằng (súng) -> [KeroN] <STEAM_1:1:161759963>
L 09/05/2026 - 21:25:42: [FF] [boviet666] <STEAM_1:0:963323015> -> 3 HP bằng (súng) -> [KeroN] <STEAM_1:1:161759963>
L 09/05/2026 - 21:25:42: [FF] [boviet666] <STEAM_1:0:963323015> -> 3 HP bằng (súng) -> [KeroN] <STEAM_1:1:161759963>
L 09/05/2026 - 21:25:42: [FF] [boviet666] <STEAM_1:0:963323015> -> 3 HP bằng (súng) -> [KeroN] <STEAM_1:1:161759963>
L 09/05/2026 - 21:25:42: [FF] [boviet666] <STEAM_1:0:963323015> -> 3 HP bằng (súng) -> [KeroN] <STEAM_1:1:161759963>
L 09/05/2026 - 21:25:42: [FF] [boviet666] <STEAM_1:0:963323015> -> 3 HP bằng (súng) -> [KeroN] <STEAM_1:1:161759963>
L 09/05/2026 - 21:25:42: [FF] [boviet666] <STEAM_1:0:963323015> -> 3 HP bằng (súng) -> [KeroN] <STEAM_1:1:161759963>
L 09/05/2026 - 21:25:42: [FF] [boviet666] <STEAM_1:0:963323015> -> 3 HP bằng (súng) -> [KeroN] <STEAM_1:1:161759963>
L 09/05/2026 - 21:25:42: [FF] [boviet666] <STEAM_1:0:963323015> -> 3 HP bằng (súng) -> [KeroN] <STEAM_1:1:161759963>
L 09/05/2026 - 21:25:42: [FF] [boviet666] <STEAM_1:0:963323015> -> 3 HP bằng (súng) -> [KeroN] <STEAM_1:1:161759963>
L 09/05/2026 - 21:25:42: [FF] [boviet666] <STEAM_1:0:963323015> -> 3 HP bằng (súng) -> [KeroN] <STEAM_1:1:161759963>
L 09/05/2026 - 21:25:42: [FF] [boviet666] <STEAM_1:0:963323015> -> 3 HP bằng (súng) -> [KeroN] <STEAM_1:1:161759963>
L 09/05/2026 - 21:25:42: [FF] [boviet666] <STEAM_1:0:963323015> -> 3 HP bằng (súng) -> [KeroN] <STEAM_1:1:161759963>
L 09/05/2026 - 21:25:42: [FF] [boviet666] <STEAM_1:0:963323015> -> 3 HP bằng (súng) -> [KeroN] <STEAM_1:1:161759963>
L 09/05/2026 - 21:25:42: [FF] [boviet666] <STEAM_1:0:963323015> -> 3 HP bằng (súng) -> [KeroN] <STEAM_1:1:161759963>
L 09/05/2026 - 21:25:42: [FF] [boviet666] <STEAM_1:0:963323015> -> 3 HP bằng (súng) -> [KeroN] <STEAM_1:1:161759963>
L 09/05/2026 - 21:25:43: [HẠ GỤC] Tank <BOT> đã hạ gục Holo 40k <STEAM_1:1:925049770> bằng (môi trường/khác)
L 09/05/2026 - 21:25:54: [HẠ GỤC] Tank <BOT> đã hạ gục chimxanh <STEAM_1:1:626078671> bằng (môi trường/khác)
L 09/05/2026 - 21:26:01: [FF] [Bảo Nguyên] <STEAM_1:0:218160880> -> 6 HP bằng (súng) -> [Chicoarun] <STEAM_1:0:952954061>
L 09/05/2026 - 21:26:01: [FF] [boviet666] <STEAM_1:0:963323015> -> 3 HP bằng (súng) -> [Chicoarun] <STEAM_1:0:952954061>
L 09/05/2026 - 21:26:01: [FF] [boviet666] <STEAM_1:0:963323015> -> 3 HP bằng (súng) -> [Chicoarun] <STEAM_1:0:952954061>
L 09/05/2026 - 21:26:01: [FF] [boviet666] <STEAM_1:0:963323015> -> 3 HP bằng (súng) -> [Chicoarun] <STEAM_1:0:952954061>
L 09/05/2026 - 21:26:01: [FF] [boviet666] <STEAM_1:0:963323015> -> 3 HP bằng (súng) -> [Chicoarun] <STEAM_1:0:952954061>
L 09/05/2026 - 21:26:01: [FF] [boviet666] <STEAM_1:0:963323015> -> 3 HP bằng (súng) -> [Chicoarun] <STEAM_1:0:952954061>
L 09/05/2026 - 21:26:01: [FF] [boviet666] <STEAM_1:0:963323015> -> 3 HP bằng (súng) -> [Chicoarun] <STEAM_1:0:952954061>
L 09/05/2026 - 21:26:02: [FF] [boviet666] <STEAM_1:0:963323015> -> 3 HP bằng (súng) -> [KeroN] <STEAM_1:1:161759963>
L 09/05/2026 - 21:26:02: [FF] [boviet666] <STEAM_1:0:963323015> -> 3 HP bằng (súng) -> [KeroN] <STEAM_1:1:161759963>
L 09/05/2026 - 21:26:02: [FF] [boviet666] <STEAM_1:0:963323015> -> 3 HP bằng (súng) -> [KeroN] <STEAM_1:1:161759963>
L 09/05/2026 - 21:26:03: [FF] [Bảo Nguyên] <STEAM_1:0:218160880> -> 6 HP bằng (súng) -> [nikola25645] <STEAM_1:1:782248349>
L 09/05/2026 - 21:26:03: [FF] [Bảo Nguyên] <STEAM_1:0:218160880> -> 6 HP bằng (súng) -> [nikola25645] <STEAM_1:1:782248349>
L 09/05/2026 - 21:26:03: [FF] [Bảo Nguyên] <STEAM_1:0:218160880> -> 6 HP bằng (súng) -> [nikola25645] <STEAM_1:1:782248349>
L 09/05/2026 - 21:26:03: [FF] [Bảo Nguyên] <STEAM_1:0:218160880> -> 9 HP bằng (súng) -> [nikola25645] <STEAM_1:1:782248349>
L 09/05/2026 - 21:26:04: [FF] [Bảo Nguyên] <STEAM_1:0:218160880> -> 9 HP bằng (súng) -> [nikola25645] <STEAM_1:1:782248349>
L 09/05/2026 - 21:26:04: [HẠ GỤC] Tank <BOT> đã hạ gục nikola25645 <STEAM_1:1:782248349> bằng (môi trường/khác)
L 09/05/2026 - 21:26:06: [HẠ GỤC] Tank <BOT> đã hạ gục Chicoarun <STEAM_1:0:952954061> bằng (môi trường/khác)
L 09/05/2026 - 21:26:07: [FF] [Rïçēz] <STEAM_1:1:558962692> -> 1 HP bằng (môi trường/khác) -> [boviet666] <STEAM_1:0:963323015>
L 09/05/2026 - 21:26:13: [FF] [nikola25645] <STEAM_1:1:782248349> -> 1 HP bằng (súng) -> [Bảo Nguyên] <STEAM_1:0:218160880>
L 09/05/2026 - 21:26:13: [FF] [nikola25645] <STEAM_1:1:782248349> -> 1 HP bằng (súng) -> [Bảo Nguyên] <STEAM_1:0:218160880>
L 09/05/2026 - 21:26:13: [FF] [Rïçēz] <STEAM_1:1:558962692> -> 5 HP bằng (súng) -> [Curren Bouquetd'or] <STEAM_1:1:524205977>
L 09/05/2026 - 21:26:13: [FF] [Rïçēz] <STEAM_1:1:558962692> -> 5 HP bằng (súng) -> [Curren Bouquetd'or] <STEAM_1:1:524205977>
L 09/05/2026 - 21:26:14: [FF] [Rïçēz] <STEAM_1:1:558962692> -> 5 HP bằng (súng) -> [Curren Bouquetd'or] <STEAM_1:1:524205977>
L 09/05/2026 - 21:26:14: [FF] [Rïçēz] <STEAM_1:1:558962692> -> 5 HP bằng (súng) -> [Curren Bouquetd'or] <STEAM_1:1:524205977>
L 09/05/2026 - 21:26:24: [FF] [nikola25645] <STEAM_1:1:782248349> -> 1 HP bằng (súng) -> [None :D] <STEAM_1:0:578030381>
L 09/05/2026 - 21:26:27: [FF] [Bảo Nguyên] <STEAM_1:0:218160880> -> 5 HP bằng (súng) -> [Chicoarun] <STEAM_1:0:952954061>
L 09/05/2026 - 21:26:29: [KILL] Tank <BOT> đã giết Chicoarun <STEAM_1:0:952954061> bằng (môi trường/khác)
L 09/05/2026 - 21:26:29: [FF] [boviet666] <STEAM_1:0:963323015> -> 3 HP bằng (súng) -> [Holo 40k] <STEAM_1:1:925049770>
L 09/05/2026 - 21:26:29: [FF] [boviet666] <STEAM_1:0:963323015> -> 3 HP bằng (súng) -> [Holo 40k] <STEAM_1:1:925049770>
L 09/05/2026 - 21:26:29: [FF] [boviet666] <STEAM_1:0:963323015> -> 3 HP bằng (súng) -> [Holo 40k] <STEAM_1:1:925049770>
L 09/05/2026 - 21:26:29: [FF] [boviet666] <STEAM_1:0:963323015> -> 3 HP bằng (súng) -> [Holo 40k] <STEAM_1:1:925049770>
L 09/05/2026 - 21:26:29: [FF] [boviet666] <STEAM_1:0:963323015> -> 3 HP bằng (súng) -> [Holo 40k] <STEAM_1:1:925049770>
L 09/05/2026 - 21:26:29: [FF] [boviet666] <STEAM_1:0:963323015> -> 3 HP bằng (súng) -> [Holo 40k] <STEAM_1:1:925049770>
L 09/05/2026 - 21:26:29: [FF] [boviet666] <STEAM_1:0:963323015> -> 3 HP bằng (súng) -> [Holo 40k] <STEAM_1:1:925049770>
L 09/05/2026 - 21:26:30: [FF] [boviet666] <STEAM_1:0:963323015> -> 3 HP bằng (súng) -> [Holo 40k] <STEAM_1:1:925049770>
L 09/05/2026 - 21:26:30: [FF] [boviet666] <STEAM_1:0:963323015> -> 3 HP bằng (súng) -> [Holo 40k] <STEAM_1:1:925049770>
L 09/05/2026 - 21:26:30: [FF] [boviet666] <STEAM_1:0:963323015> -> 3 HP bằng (súng) -> [Holo 40k] <STEAM_1:1:925049770>
L 09/05/2026 - 21:26:30: [FF] [boviet666] <STEAM_1:0:963323015> -> 3 HP bằng (súng) -> [Holo 40k] <STEAM_1:1:925049770>
L 09/05/2026 - 21:26:36: [FF] [nikola25645] <STEAM_1:1:782248349> -> 1 HP bằng (súng) -> [Holo 40k] <STEAM_1:1:925049770>
L 09/05/2026 - 21:26:36: [FF] [nikola25645] <STEAM_1:1:782248349> -> 1 HP bằng (súng) -> [Holo 40k] <STEAM_1:1:925049770>
L 09/05/2026 - 21:26:36: [FF] [nikola25645] <STEAM_1:1:782248349> -> 1 HP bằng (súng) -> [Holo 40k] <STEAM_1:1:925049770>
L 09/05/2026 - 21:26:36: [FF] [nikola25645] <STEAM_1:1:782248349> -> 1 HP bằng (súng) -> [Holo 40k] <STEAM_1:1:925049770>
L 09/05/2026 - 21:26:36: [FF] [nikola25645] <STEAM_1:1:782248349> -> 1 HP bằng (súng) -> [Holo 40k] <STEAM_1:1:925049770>
L 09/05/2026 - 21:26:37: [FF] [nikola25645] <STEAM_1:1:782248349> -> 1 HP bằng (súng) -> [Holo 40k] <STEAM_1:1:925049770>
L 09/05/2026 - 21:26:38: [FF] [None :D] <STEAM_1:0:578030381> -> 25 HP bằng (súng) -> [Lê Hải] <STEAM_1:0:471595906>
L 09/05/2026 - 21:26:38: [FF] [Bảo Nguyên] <STEAM_1:0:218160880> -> 6 HP bằng (súng) -> [Holo 40k] <STEAM_1:1:925049770>
L 09/05/2026 - 21:26:41: [FF] [boviet666] <STEAM_1:0:963323015> -> 3 HP bằng (súng) -> [chimxanh] <STEAM_1:1:626078671>
L 09/05/2026 - 21:26:41: [FF] [boviet666] <STEAM_1:0:963323015> -> 3 HP bằng (súng) -> [chimxanh] <STEAM_1:1:626078671>
L 09/05/2026 - 21:26:41: [FF] [boviet666] <STEAM_1:0:963323015> -> 3 HP bằng (súng) -> [chimxanh] <STEAM_1:1:626078671>
L 09/05/2026 - 21:26:41: [FF] [boviet666] <STEAM_1:0:963323015> -> 3 HP bằng (súng) -> [chimxanh] <STEAM_1:1:626078671>
L 09/05/2026 - 21:26:41: [FF] [boviet666] <STEAM_1:0:963323015> -> 3 HP bằng (súng) -> [chimxanh] <STEAM_1:1:626078671>
L 09/05/2026 - 21:26:41: [FF] [boviet666] <STEAM_1:0:963323015> -> 3 HP bằng (súng) -> [chimxanh] <STEAM_1:1:626078671>
L 09/05/2026 - 21:26:41: [FF] [boviet666] <STEAM_1:0:963323015> -> 3 HP bằng (súng) -> [chimxanh] <STEAM_1:1:626078671>
L 09/05/2026 - 21:26:41: [FF] [boviet666] <STEAM_1:0:963323015> -> 3 HP bằng (súng) -> [chimxanh] <STEAM_1:1:626078671>
L 09/05/2026 - 21:26:41: [FF] [boviet666] <STEAM_1:0:963323015> -> 3 HP bằng (súng) -> [chimxanh] <STEAM_1:1:626078671>
L 09/05/2026 - 21:26:41: [FF] [boviet666] <STEAM_1:0:963323015> -> 3 HP bằng (súng) -> [chimxanh] <STEAM_1:1:626078671>
L 09/05/2026 - 21:27:12: [FF] [Curren Bouquetd'or] <STEAM_1:1:524205977> -> 9 HP bằng (súng) -> [Rïçēz] <STEAM_1:1:558962692>
L 09/05/2026 - 21:27:20: [FF] [Curren Bouquetd'or] <STEAM_1:1:524205977> -> 5 HP bằng (súng) -> [Holo 40k] <STEAM_1:1:925049770>
L 09/05/2026 - 21:27:25: [HẠ GỤC] Hunter Bot <BOT> đã hạ gục boviet666 <STEAM_1:0:963323015> bằng (zombie cào/đấm)
L 09/05/2026 - 21:27:27: [FF] [nikola25645] <STEAM_1:1:782248349> -> 2 HP bằng (súng) -> [Bảo Nguyên] <STEAM_1:0:218160880>
L 09/05/2026 - 21:27:27: [FF] [nikola25645] <STEAM_1:1:782248349> -> 1 HP bằng (súng) -> [Bảo Nguyên] <STEAM_1:0:218160880>
L 09/05/2026 - 21:27:27: [FF] [nikola25645] <STEAM_1:1:782248349> -> 2 HP bằng (súng) -> [Bảo Nguyên] <STEAM_1:0:218160880>
L 09/05/2026 - 21:27:27: [FF] [nikola25645] <STEAM_1:1:782248349> -> 1 HP bằng (súng) -> [Bảo Nguyên] <STEAM_1:0:218160880>
L 09/05/2026 - 21:27:31: [HẠ GỤC] Spitter Bot <BOT> đã hạ gục nikola25645 <STEAM_1:1:782248349> bằng (môi trường/khác)
L 09/05/2026 - 21:27:44: [FF] [None :D] <STEAM_1:0:578030381> -> 2 HP bằng (môi trường/khác) -> [Chicoarun] <STEAM_1:0:952954061>
L 09/05/2026 - 21:27:44: [FF] [None :D] <STEAM_1:0:578030381> -> 2 HP bằng (môi trường/khác) -> [nikola25645] <STEAM_1:1:782248349>
L 09/05/2026 - 21:27:44: [FF] [None :D] <STEAM_1:0:578030381> -> 1 HP bằng (môi trường/khác) -> [chimxanh] <STEAM_1:1:626078671>
L 09/05/2026 - 21:27:44: [FF] [None :D] <STEAM_1:0:578030381> -> 1 HP bằng (môi trường/khác) -> [Rïçēz] <STEAM_1:1:558962692>
L 09/05/2026 - 21:27:44: [FF] [None :D] <STEAM_1:0:578030381> -> 6 HP bằng (boom/fire) -> [Chicoarun] <STEAM_1:0:952954061>
L 09/05/2026 - 21:27:45: [FF] [None :D] <STEAM_1:0:578030381> -> 8 HP bằng (boom/fire) -> [Chicoarun] <STEAM_1:0:952954061>
L 09/05/2026 - 21:27:45: [FF] [None :D] <STEAM_1:0:578030381> -> 9 HP bằng (boom/fire) -> [Chicoarun] <STEAM_1:0:952954061>
L 09/05/2026 - 21:27:45: [FF] [None :D] <STEAM_1:0:578030381> -> 11 HP bằng (boom/fire) -> [Chicoarun] <STEAM_1:0:952954061>
L 09/05/2026 - 21:27:45: [FF] [None :D] <STEAM_1:0:578030381> -> 12 HP bằng (boom/fire) -> [nikola25645] <STEAM_1:1:782248349>
L 09/05/2026 - 21:27:45: [FF] [None :D] <STEAM_1:0:578030381> -> 12 HP bằng (boom/fire) -> [Chicoarun] <STEAM_1:0:952954061>
L 09/05/2026 - 21:27:45: [FF] [None :D] <STEAM_1:0:578030381> -> 14 HP bằng (boom/fire) -> [nikola25645] <STEAM_1:1:782248349>
L 09/05/2026 - 21:27:45: [FF] [None :D] <STEAM_1:0:578030381> -> 14 HP bằng (boom/fire) -> [Chicoarun] <STEAM_1:0:952954061>
L 09/05/2026 - 21:27:46: [FF] [None :D] <STEAM_1:0:578030381> -> 16 HP bằng (boom/fire) -> [nikola25645] <STEAM_1:1:782248349>
L 09/05/2026 - 21:27:46: [FF] [None :D] <STEAM_1:0:578030381> -> 16 HP bằng (boom/fire) -> [Chicoarun] <STEAM_1:0:952954061>
L 09/05/2026 - 21:27:46: [FF] [None :D] <STEAM_1:0:578030381> -> 16 HP bằng (boom/fire) -> [nikola25645] <STEAM_1:1:782248349>
L 09/05/2026 - 21:27:46: [FF] [None :D] <STEAM_1:0:578030381> -> 16 HP bằng (boom/fire) -> [Chicoarun] <STEAM_1:0:952954061>
L 09/05/2026 - 21:27:46: [FF] [None :D] <STEAM_1:0:578030381> -> 16 HP bằng (boom/fire) -> [nikola25645] <STEAM_1:1:782248349>
L 09/05/2026 - 21:27:46: [FF] [None :D] <STEAM_1:0:578030381> -> 16 HP bằng (boom/fire) -> [Chicoarun] <STEAM_1:0:952954061>
L 09/05/2026 - 21:27:46: [HẠ GỤC] None :D <STEAM_1:0:578030381> đã hạ gục nikola25645 <STEAM_1:1:782248349> bằng (boom/fire)
L 09/05/2026 - 21:27:46: [HẠ GỤC] None :D <STEAM_1:0:578030381> đã hạ gục Chicoarun <STEAM_1:0:952954061> bằng (boom/fire)
L 09/05/2026 - 21:27:46: [FF] [None :D] <STEAM_1:0:578030381> -> 16 HP bằng (boom/fire) -> [nikola25645] <STEAM_1:1:782248349>
L 09/05/2026 - 21:27:46: [FF] [None :D] <STEAM_1:0:578030381> -> 16 HP bằng (boom/fire) -> [Chicoarun] <STEAM_1:0:952954061>
L 09/05/2026 - 21:27:47: [FF] [None :D] <STEAM_1:0:578030381> -> 16 HP bằng (boom/fire) -> [nikola25645] <STEAM_1:1:782248349>
L 09/05/2026 - 21:27:47: [FF] [None :D] <STEAM_1:0:578030381> -> 16 HP bằng (boom/fire) -> [Chicoarun] <STEAM_1:0:952954061>
L 09/05/2026 - 21:27:47: [FF] [None :D] <STEAM_1:0:578030381> -> 16 HP bằng (boom/fire) -> [nikola25645] <STEAM_1:1:782248349>
L 09/05/2026 - 21:27:47: [FF] [None :D] <STEAM_1:0:578030381> -> 16 HP bằng (boom/fire) -> [Chicoarun] <STEAM_1:0:952954061>
L 09/05/2026 - 21:27:47: [FF] [None :D] <STEAM_1:0:578030381> -> 16 HP bằng (boom/fire) -> [Chicoarun] <STEAM_1:0:952954061>
L 09/05/2026 - 21:27:47: [FF] [None :D] <STEAM_1:0:578030381> -> 16 HP bằng (boom/fire) -> [Chicoarun] <STEAM_1:0:952954061>
L 09/05/2026 - 21:27:47: [FF] [None :D] <STEAM_1:0:578030381> -> 16 HP bằng (boom/fire) -> [Chicoarun] <STEAM_1:0:952954061>
L 09/05/2026 - 21:27:48: [FF] [None :D] <STEAM_1:0:578030381> -> 16 HP bằng (boom/fire) -> [Chicoarun] <STEAM_1:0:952954061>
L 09/05/2026 - 21:27:48: [FF] [None :D] <STEAM_1:0:578030381> -> 16 HP bằng (boom/fire) -> [Chicoarun] <STEAM_1:0:952954061>
L 09/05/2026 - 21:27:48: [FF] [None :D] <STEAM_1:0:578030381> -> 16 HP bằng (boom/fire) -> [Chicoarun] <STEAM_1:0:952954061>
L 09/05/2026 - 21:27:48: [FF] [None :D] <STEAM_1:0:578030381> -> 16 HP bằng (boom/fire) -> [Chicoarun] <STEAM_1:0:952954061>
L 09/05/2026 - 21:27:48: [FF] [None :D] <STEAM_1:0:578030381> -> 16 HP bằng (boom/fire) -> [Chicoarun] <STEAM_1:0:952954061>
L 09/05/2026 - 21:27:49: [FF] [None :D] <STEAM_1:0:578030381> -> 16 HP bằng (boom/fire) -> [Chicoarun] <STEAM_1:0:952954061>
L 09/05/2026 - 21:27:49: [FF] [None :D] <STEAM_1:0:578030381> -> 16 HP bằng (boom/fire) -> [Chicoarun] <STEAM_1:0:952954061>
L 09/05/2026 - 21:27:49: [FF] [Rïçēz] <STEAM_1:1:558962692> -> 5 HP bằng (súng) -> [chimxanh] <STEAM_1:1:626078671>
L 09/05/2026 - 21:27:49: [FF] [Rïçēz] <STEAM_1:1:558962692> -> 5 HP bằng (súng) -> [chimxanh] <STEAM_1:1:626078671>
L 09/05/2026 - 21:27:49: [FF] [Rïçēz] <STEAM_1:1:558962692> -> 5 HP bằng (súng) -> [chimxanh] <STEAM_1:1:626078671>
L 09/05/2026 - 21:27:49: [FF] [None :D] <STEAM_1:0:578030381> -> 16 HP bằng (boom/fire) -> [Chicoarun] <STEAM_1:0:952954061>
L 09/05/2026 - 21:27:49: [FF] [None :D] <STEAM_1:0:578030381> -> 16 HP bằng (boom/fire) -> [Chicoarun] <STEAM_1:0:952954061>
L 09/05/2026 - 21:27:49: [FF] [None :D] <STEAM_1:0:578030381> -> 16 HP bằng (boom/fire) -> [Chicoarun] <STEAM_1:0:952954061>
L 09/05/2026 - 21:27:50: [FF] [None :D] <STEAM_1:0:578030381> -> 16 HP bằng (boom/fire) -> [Chicoarun] <STEAM_1:0:952954061>
L 09/05/2026 - 21:27:50: [FF] [None :D] <STEAM_1:0:578030381> -> 16 HP bằng (boom/fire) -> [Chicoarun] <STEAM_1:0:952954061>
L 09/05/2026 - 21:27:50: [KILL] Zombie/Witch/Môi trường <N/A> đã giết nikola25645 <STEAM_1:1:782248349> bằng (zombie cào/đấm)
L 09/05/2026 - 21:27:50: [FF] [None :D] <STEAM_1:0:578030381> -> 16 HP bằng (boom/fire) -> [Chicoarun] <STEAM_1:0:952954061>
L 09/05/2026 - 21:27:50: [FF] [None :D] <STEAM_1:0:578030381> -> 16 HP bằng (boom/fire) -> [Chicoarun] <STEAM_1:0:952954061>
L 09/05/2026 - 21:27:50: [FF] [None :D] <STEAM_1:0:578030381> -> 16 HP bằng (boom/fire) -> [Chicoarun] <STEAM_1:0:952954061>
L 09/05/2026 - 21:27:51: [FF] [None :D] <STEAM_1:0:578030381> -> 16 HP bằng (boom/fire) -> [Chicoarun] <STEAM_1:0:952954061>
L 09/05/2026 - 21:27:55: [FF] [KeroN] <STEAM_1:1:161759963> -> 31 HP bằng (súng) -> [Holo 40k] <STEAM_1:1:925049770>
L 09/05/2026 - 21:27:59: [FF] [boviet666] <STEAM_1:0:963323015> -> 3 HP bằng (súng) -> [KeroN] <STEAM_1:1:161759963>
L 09/05/2026 - 21:27:59: [FF] [boviet666] <STEAM_1:0:963323015> -> 3 HP bằng (súng) -> [KeroN] <STEAM_1:1:161759963>
L 09/05/2026 - 21:27:59: [FF] [boviet666] <STEAM_1:0:963323015> -> 3 HP bằng (súng) -> [KeroN] <STEAM_1:1:161759963>
L 09/05/2026 - 21:28:12: [FF] [chimxanh] <STEAM_1:1:626078671> -> 5 HP bằng (súng) -> [Holo 40k] <STEAM_1:1:925049770>
L 09/05/2026 - 21:28:12: [FF] [chimxanh] <STEAM_1:1:626078671> -> 6 HP bằng (súng) -> [Holo 40k] <STEAM_1:1:925049770>
L 09/05/2026 - 21:28:13: [HẠ GỤC] Zombie/Witch/Môi trường <N/A> đã hạ gục Lê Hải <STEAM_1:0:471595906> bằng (môi trường/khác)
L 09/05/2026 - 21:28:30: [HẠ GỤC] Jockey Bot <BOT> đã hạ gục Rïçēz <STEAM_1:1:558962692> bằng (zombie cào/đấm)
L 09/05/2026 - 21:28:30: [FF] [Bảo Nguyên] <STEAM_1:0:218160880> -> 6 HP bằng (súng) -> [chimxanh] <STEAM_1:1:626078671>
L 09/05/2026 - 21:28:33: [FF] [Curren Bouquetd'or] <STEAM_1:1:524205977> -> 5 HP bằng (súng) -> [Rïçēz] <STEAM_1:1:558962692>
L 09/05/2026 - 21:28:38: [FF] [Bảo Nguyên] <STEAM_1:0:218160880> -> 6 HP bằng (súng) -> [chimxanh] <STEAM_1:1:626078671>
L 09/05/2026 - 21:28:50: [FF] [None :D] <STEAM_1:0:578030381> -> 5 HP bằng (súng) -> [Curren Bouquetd'or] <STEAM_1:1:524205977>
L 09/05/2026 - 21:28:53: [FF] [Rïçēz] <STEAM_1:1:558962692> -> 5 HP bằng (súng) -> [boviet666] <STEAM_1:0:963323015>
L 09/05/2026 - 21:28:53: [FF] [Rïçēz] <STEAM_1:1:558962692> -> 5 HP bằng (súng) -> [KeroN] <STEAM_1:1:161759963>
L 09/05/2026 - 21:28:53: [FF] [Rïçēz] <STEAM_1:1:558962692> -> 5 HP bằng (súng) -> [KeroN] <STEAM_1:1:161759963>
L 09/05/2026 - 21:28:53: [FF] [Rïçēz] <STEAM_1:1:558962692> -> 5 HP bằng (súng) -> [boviet666] <STEAM_1:0:963323015>
L 09/05/2026 - 21:28:55: [FF] [KeroN] <STEAM_1:1:161759963> -> 22 HP bằng (súng) -> [Bảo Nguyên] <STEAM_1:0:218160880>
L 09/05/2026 - 21:29:04: [FF] [Rïçēz] <STEAM_1:1:558962692> -> 5 HP bằng (súng) -> [boviet666] <STEAM_1:0:963323015>
L 09/05/2026 - 21:29:04: [FF] [Rïçēz] <STEAM_1:1:558962692> -> 5 HP bằng (súng) -> [boviet666] <STEAM_1:0:963323015>
L 09/05/2026 - 21:29:05: [FF] [Rïçēz] <STEAM_1:1:558962692> -> 5 HP bằng (súng) -> [Chicoarun] <STEAM_1:0:952954061>
L 09/05/2026 - 21:29:06: [HẠ GỤC] Zombie/Witch/Môi trường <N/A> đã hạ gục Lê Hải <STEAM_1:0:471595906> bằng (môi trường/khác)
L 09/05/2026 - 21:29:10: [HẠ GỤC] Jockey Bot <BOT> đã hạ gục None :D <STEAM_1:0:578030381> bằng (zombie cào/đấm)
L 09/05/2026 - 21:29:11: [FF] [Curren Bouquetd'or] <STEAM_1:1:524205977> -> 5 HP bằng (súng) -> [nikola25645] <STEAM_1:1:782248349>
L 09/05/2026 - 21:29:11: [FF] [Curren Bouquetd'or] <STEAM_1:1:524205977> -> 5 HP bằng (súng) -> [nikola25645] <STEAM_1:1:782248349>
L 09/05/2026 - 21:29:21: [FF] [boviet666] <STEAM_1:0:963323015> -> 7 HP bằng (melee) -> [Bảo Nguyên] <STEAM_1:0:218160880>
L 09/05/2026 - 21:29:21: [FF] [Bảo Nguyên] <STEAM_1:0:218160880> -> 7 HP bằng (melee) -> [boviet666] <STEAM_1:0:963323015>
L 09/05/2026 - 21:29:22: [HẠ GỤC] Spitter Bot <BOT> đã hạ gục Holo 40k <STEAM_1:1:925049770> bằng (môi trường/khác)
L 09/05/2026 - 21:29:34: [FF] [Lê Hải] <STEAM_1:0:471595906> -> 5 HP bằng (melee) -> [nikola25645] <STEAM_1:1:782248349>
L 09/05/2026 - 21:29:42: [HẠ GỤC] Zombie/Witch/Môi trường <N/A> đã hạ gục nikola25645 <STEAM_1:1:782248349> bằng (môi trường/khác)
L 09/05/2026 - 21:29:44: [FF] [Chicoarun] <STEAM_1:0:952954061> -> 8 HP bằng (melee) -> [boviet666] <STEAM_1:0:963323015>
L 09/05/2026 - 21:29:49: [FF] [None :D] <STEAM_1:0:578030381> -> 5 HP bằng (súng) -> [KeroN] <STEAM_1:1:161759963>
L 09/05/2026 - 21:29:49: [FF] [None :D] <STEAM_1:0:578030381> -> 5 HP bằng (súng) -> [KeroN] <STEAM_1:1:161759963>
L 09/05/2026 - 21:29:49: [FF] [None :D] <STEAM_1:0:578030381> -> 5 HP bằng (súng) -> [KeroN] <STEAM_1:1:161759963>
L 09/05/2026 - 21:29:53: [FF] [Bảo Nguyên] <STEAM_1:0:218160880> -> 1 HP bằng (môi trường/khác) -> [Chicoarun] <STEAM_1:0:952954061>
L 09/05/2026 - 21:29:53: [FF] [Bảo Nguyên] <STEAM_1:0:218160880> -> 1 HP bằng (môi trường/khác) -> [nikola25645] <STEAM_1:1:782248349>
L 09/05/2026 - 21:30:01: [FF] [Chicoarun] <STEAM_1:0:952954061> -> 1 HP bằng (môi trường/khác) -> [Curren Bouquetd'or] <STEAM_1:1:524205977>
L 09/05/2026 - 21:30:01: [FF] [Chicoarun] <STEAM_1:0:952954061> -> 1 HP bằng (môi trường/khác) -> [Rïçēz] <STEAM_1:1:558962692>
L 09/05/2026 - 21:30:01: [FF] [Chicoarun] <STEAM_1:0:952954061> -> 1 HP bằng (môi trường/khác) -> [nikola25645] <STEAM_1:1:782248349>
L 09/05/2026 - 21:30:02: [FF] [Chicoarun] <STEAM_1:0:952954061> -> 11 HP bằng (boom/fire) -> [nikola25645] <STEAM_1:1:782248349>
L 09/05/2026 - 21:30:03: [FF] [Chicoarun] <STEAM_1:0:952954061> -> 12 HP bằng (boom/fire) -> [nikola25645] <STEAM_1:1:782248349>
L 09/05/2026 - 21:30:03: [FF] [Chicoarun] <STEAM_1:0:952954061> -> 14 HP bằng (boom/fire) -> [nikola25645] <STEAM_1:1:782248349>
L 09/05/2026 - 21:30:07: [HẠ GỤC] Smoker Bot <BOT> đã hạ gục boviet666 <STEAM_1:0:963323015> bằng (zombie cào/đấm)
L 09/05/2026 - 21:30:15: [HẠ GỤC] Jockey Bot <BOT> đã hạ gục Rïçēz <STEAM_1:1:558962692> bằng (zombie cào/đấm)
L 09/05/2026 - 21:30:19: [FF] [KeroN] <STEAM_1:1:161759963> -> 1 HP bằng (môi trường/khác) -> [Curren Bouquetd'or] <STEAM_1:1:524205977>
L 09/05/2026 - 21:30:21: [FF] [Holo 40k] <STEAM_1:1:925049770> -> 3 HP bằng (súng) -> [Bảo Nguyên] <STEAM_1:0:218160880>
L 09/05/2026 - 21:30:21: [FF] [Holo 40k] <STEAM_1:1:925049770> -> 3 HP bằng (súng) -> [Bảo Nguyên] <STEAM_1:0:218160880>
L 09/05/2026 - 21:30:21: [FF] [Holo 40k] <STEAM_1:1:925049770> -> 3 HP bằng (súng) -> [Bảo Nguyên] <STEAM_1:0:218160880>
L 09/05/2026 - 21:30:24: [HẠ GỤC] Zombie/Witch/Môi trường <N/A> đã hạ gục Chicoarun <STEAM_1:0:952954061> bằng (môi trường/khác)
L 09/05/2026 - 21:30:28: [HẠ GỤC] Zombie/Witch/Môi trường <N/A> đã hạ gục Curren Bouquetd'or <STEAM_1:1:524205977> bằng (môi trường/khác)
L 09/05/2026 - 21:30:31: [FF] [None :D] <STEAM_1:0:578030381> -> 25 HP bằng (melee) -> [Holo 40k] <STEAM_1:1:925049770>
L 09/05/2026 - 21:30:33: [FF] [Lê Hải] <STEAM_1:0:471595906> -> 31 HP bằng (súng) -> [Bảo Nguyên] <STEAM_1:0:218160880>
L 09/05/2026 - 21:30:33: [HẠ GỤC] Charger Bot <BOT> đã hạ gục nikola25645 <STEAM_1:1:782248349> bằng (zombie cào/đấm)
L 09/05/2026 - 21:30:34: [HẠ GỤC] Zombie/Witch/Môi trường <N/A> đã hạ gục Holo 40k <STEAM_1:1:925049770> bằng (môi trường/khác)
L 09/05/2026 - 21:30:36: [HẠ GỤC] (1)Jockey Bot <BOT> đã hạ gục KeroN <STEAM_1:1:161759963> bằng (zombie cào/đấm)
L 09/05/2026 - 21:30:47: [FF] [Chicoarun] <STEAM_1:0:952954061> -> 1 HP bằng (môi trường/khác) -> [Holo 40k] <STEAM_1:1:925049770>
L 09/05/2026 - 21:30:47: [FF] [Chicoarun] <STEAM_1:0:952954061> -> 1 HP bằng (môi trường/khác) -> [None :D] <STEAM_1:0:578030381>
L 09/05/2026 - 21:31:22: [FF] [nikola25645] <STEAM_1:1:782248349> -> 1 HP bằng (môi trường/khác) -> [Lê Hải] <STEAM_1:0:471595906>
L 09/05/2026 - 21:31:22: [FF] [nikola25645] <STEAM_1:1:782248349> -> 1 HP bằng (môi trường/khác) -> [boviet666] <STEAM_1:0:963323015>
L 09/05/2026 - 21:31:22: [FF] [nikola25645] <STEAM_1:1:782248349> -> 1 HP bằng (môi trường/khác) -> [KeroN] <STEAM_1:1:161759963>
L 09/05/2026 - 21:31:22: [FF] [nikola25645] <STEAM_1:1:782248349> -> 1 HP bằng (môi trường/khác) -> [Curren Bouquetd'or] <STEAM_1:1:524205977>
L 09/05/2026 - 21:31:22: [FF] [nikola25645] <STEAM_1:1:782248349> -> 1 HP bằng (môi trường/khác) -> [Holo 40k] <STEAM_1:1:925049770>
L 09/05/2026 - 21:32:04: [HẠ GỤC] Jockey Bot <BOT> đã hạ gục boviet666 <STEAM_1:0:963323015> bằng (zombie cào/đấm)
L 09/05/2026 - 21:32:15: [KILL] Tank <BOT> đã giết nikola25645 <STEAM_1:1:782248349> bằng (môi trường/khác)
L 09/05/2026 - 21:32:17: [KILL] Tank <BOT> đã giết Holo 40k <STEAM_1:1:925049770> bằng (môi trường/khác)
L 09/05/2026 - 21:32:30: [FF] [Chicoarun] <STEAM_1:0:952954061> -> 16 HP bằng (boom/fire) -> [Lê Hải] <STEAM_1:0:471595906>
L 09/05/2026 - 21:32:30: [FF] [Chicoarun] <STEAM_1:0:952954061> -> 16 HP bằng (boom/fire) -> [Lê Hải] <STEAM_1:0:471595906>
L 09/05/2026 - 21:32:30: [KILL] Chicoarun <STEAM_1:0:952954061> đã giết Lê Hải <STEAM_1:0:471595906> bằng (boom/fire)
L 09/05/2026 - 21:32:43: [HẠ GỤC] Tank <BOT> đã hạ gục chimxanh <STEAM_1:1:626078671> bằng (môi trường/khác)
L 09/05/2026 - 21:32:45: [HẠ GỤC] Zombie/Witch/Môi trường <N/A> đã hạ gục KeroN <STEAM_1:1:161759963> bằng (môi trường/khác)
L 09/05/2026 - 21:32:48: [HẠ GỤC] Tank <BOT> đã hạ gục Bảo Nguyên <STEAM_1:0:218160880> bằng (môi trường/khác)
L 09/05/2026 - 21:33:07: [FF] [Chicoarun] <STEAM_1:0:952954061> -> 22 HP bằng (boom/fire) -> [None :D] <STEAM_1:0:578030381>
L 09/05/2026 - 21:33:08: [FF] [Chicoarun] <STEAM_1:0:952954061> -> 15 HP bằng (boom/fire) -> [None :D] <STEAM_1:0:578030381>
L 09/05/2026 - 21:33:09: [HẠ GỤC] Tank <BOT> đã hạ gục chimxanh <STEAM_1:1:626078671> bằng (môi trường/khác)
L 09/05/2026 - 21:33:13: [KILL] Tank <BOT> đã giết boviet666 <STEAM_1:0:963323015> bằng (môi trường/khác)
L 09/05/2026 - 21:33:13: [KILL] Zombie/Witch/Môi trường <N/A> đã giết Chicoarun <STEAM_1:0:952954061> bằng (môi trường/khác)
L 09/05/2026 - 21:33:21: [HẠ GỤC] Tank <BOT> đã hạ gục Rïçēz <STEAM_1:1:558962692> bằng (môi trường/khác)
L 09/05/2026 - 21:33:22: [FF] [Curren Bouquetd'or] <STEAM_1:1:524205977> -> 7 HP bằng (melee) -> [chimxanh] <STEAM_1:1:626078671>
L 09/05/2026 - 21:33:23: [HẠ GỤC] Tank <BOT> đã hạ gục Curren Bouquetd'or <STEAM_1:1:524205977> bằng (môi trường/khác)
L 09/05/2026 - 21:33:33: [KILL] (1)Tank <BOT> đã giết KeroN <STEAM_1:1:161759963> bằng (môi trường/khác)
L 09/05/2026 - 21:33:41: [HẠ GỤC] (1)Tank <BOT> đã hạ gục nikola25645 <STEAM_1:1:782248349> bằng (zombie cào/đấm)
L 09/05/2026 - 21:34:08: [HẠ GỤC] Tank <BOT> đã hạ gục Rïçēz <STEAM_1:1:558962692> bằng (môi trường/khác)
L 09/05/2026 - 21:34:12: [FF] [Lê Hải] <STEAM_1:0:471595906> -> 31 HP bằng (súng) -> [Bảo Nguyên] <STEAM_1:0:218160880>
L 09/05/2026 - 21:34:14: [HẠ GỤC] Lê Hải <STEAM_1:0:471595906> đã hạ gục Bảo Nguyên <STEAM_1:0:218160880> bằng (súng)
L 09/05/2026 - 21:34:15: [HẠ GỤC] Zombie/Witch/Môi trường <N/A> đã hạ gục Holo 40k <STEAM_1:1:925049770> bằng (môi trường/khác)
L 09/05/2026 - 21:34:19: [HẠ GỤC] (1)Jockey <BOT> đã hạ gục None :D <STEAM_1:0:578030381> bằng (zombie cào/đấm)
L 09/05/2026 - 21:34:20: [HẠ GỤC] (1)Spitter <BOT> đã hạ gục Lê Hải <STEAM_1:0:471595906> bằng (môi trường/khác)
L 09/05/2026 - 21:34:22: [HẠ GỤC] (1)Spitter <BOT> đã hạ gục boviet666 <STEAM_1:0:963323015> bằng (môi trường/khác)
L 09/05/2026 - 21:34:22: [HẠ GỤC] (1)Spitter <BOT> đã hạ gục Chicoarun <STEAM_1:0:952954061> bằng (môi trường/khác)
L 09/05/2026 - 21:34:46: [FF] [Holo 40k] <STEAM_1:1:925049770> -> 6 HP bằng (môi trường/khác) -> [nikola25645] <STEAM_1:1:782248349>
L 09/05/2026 - 21:34:46: [FF] [Holo 40k] <STEAM_1:1:925049770> -> 6 HP bằng (môi trường/khác) -> [nikola25645] <STEAM_1:1:782248349>
L 09/05/2026 - 21:34:46: [FF] [Holo 40k] <STEAM_1:1:925049770> -> 6 HP bằng (môi trường/khác) -> [nikola25645] <STEAM_1:1:782248349>
L 09/05/2026 - 21:34:46: [FF] [Holo 40k] <STEAM_1:1:925049770> -> 6 HP bằng (môi trường/khác) -> [nikola25645] <STEAM_1:1:782248349>
L 09/05/2026 - 21:34:46: [FF] [Holo 40k] <STEAM_1:1:925049770> -> 6 HP bằng (môi trường/khác) -> [nikola25645] <STEAM_1:1:782248349>
L 09/05/2026 - 21:34:47: [FF] [Holo 40k] <STEAM_1:1:925049770> -> 6 HP bằng (môi trường/khác) -> [nikola25645] <STEAM_1:1:782248349>
L 09/05/2026 - 21:34:47: [FF] [Holo 40k] <STEAM_1:1:925049770> -> 6 HP bằng (môi trường/khác) -> [nikola25645] <STEAM_1:1:782248349>
L 09/05/2026 - 21:34:47: [FF] [Holo 40k] <STEAM_1:1:925049770> -> 6 HP bằng (môi trường/khác) -> [nikola25645] <STEAM_1:1:782248349>
L 09/05/2026 - 21:34:47: [FF] [Holo 40k] <STEAM_1:1:925049770> -> 6 HP bằng (môi trường/khác) -> [nikola25645] <STEAM_1:1:782248349>
L 09/05/2026 - 21:34:47: [FF] [Holo 40k] <STEAM_1:1:925049770> -> 6 HP bằng (môi trường/khác) -> [nikola25645] <STEAM_1:1:782248349>
L 09/05/2026 - 21:34:47: [FF] [Holo 40k] <STEAM_1:1:925049770> -> 6 HP bằng (môi trường/khác) -> [nikola25645] <STEAM_1:1:782248349>
L 09/05/2026 - 21:34:48: [FF] [Holo 40k] <STEAM_1:1:925049770> -> 6 HP bằng (môi trường/khác) -> [nikola25645] <STEAM_1:1:782248349>
L 09/05/2026 - 21:34:48: [FF] [Holo 40k] <STEAM_1:1:925049770> -> 6 HP bằng (môi trường/khác) -> [nikola25645] <STEAM_1:1:782248349>
L 09/05/2026 - 21:34:48: [FF] [Holo 40k] <STEAM_1:1:925049770> -> 6 HP bằng (môi trường/khác) -> [nikola25645] <STEAM_1:1:782248349>
L 09/05/2026 - 21:34:48: [HẠ GỤC] Holo 40k <STEAM_1:1:925049770> đã hạ gục nikola25645 <STEAM_1:1:782248349> bằng (môi trường/khác)
L 09/05/2026 - 21:34:48: [FF] [Holo 40k] <STEAM_1:1:925049770> -> 6 HP bằng (môi trường/khác) -> [nikola25645] <STEAM_1:1:782248349>
L 09/05/2026 - 21:34:48: [FF] [Holo 40k] <STEAM_1:1:925049770> -> 6 HP bằng (môi trường/khác) -> [nikola25645] <STEAM_1:1:782248349>
L 09/05/2026 - 21:34:48: [FF] [Holo 40k] <STEAM_1:1:925049770> -> 6 HP bằng (môi trường/khác) -> [nikola25645] <STEAM_1:1:782248349>
L 09/05/2026 - 21:34:48: [FF] [Holo 40k] <STEAM_1:1:925049770> -> 6 HP bằng (môi trường/khác) -> [nikola25645] <STEAM_1:1:782248349>
L 09/05/2026 - 21:34:48: [FF] [Holo 40k] <STEAM_1:1:925049770> -> 6 HP bằng (môi trường/khác) -> [nikola25645] <STEAM_1:1:782248349>
L 09/05/2026 - 21:34:48: [FF] [Holo 40k] <STEAM_1:1:925049770> -> 6 HP bằng (môi trường/khác) -> [nikola25645] <STEAM_1:1:782248349>
L 09/05/2026 - 21:34:49: [FF] [Holo 40k] <STEAM_1:1:925049770> -> 6 HP bằng (môi trường/khác) -> [nikola25645] <STEAM_1:1:782248349>
L 09/05/2026 - 21:34:49: [FF] [Holo 40k] <STEAM_1:1:925049770> -> 6 HP bằng (môi trường/khác) -> [nikola25645] <STEAM_1:1:782248349>
L 09/05/2026 - 21:34:49: [FF] [Holo 40k] <STEAM_1:1:925049770> -> 6 HP bằng (môi trường/khác) -> [nikola25645] <STEAM_1:1:782248349>
L 09/05/2026 - 21:34:52: [FF] [Lê Hải] <STEAM_1:0:471595906> -> 9 HP bằng (súng) -> [Chicoarun] <STEAM_1:0:952954061>
L 09/05/2026 - 21:34:53: [FF] [Lê Hải] <STEAM_1:0:471595906> -> 9 HP bằng (súng) -> [None :D] <STEAM_1:0:578030381>
L 09/05/2026 - 21:34:53: [FF] [Lê Hải] <STEAM_1:0:471595906> -> 6 HP bằng (súng) -> [None :D] <STEAM_1:0:578030381>
L 09/05/2026 - 21:34:54: [FF] [Lê Hải] <STEAM_1:0:471595906> -> 9 HP bằng (súng) -> [None :D] <STEAM_1:0:578030381>
L 09/05/2026 - 21:34:56: [FF] [boviet666] <STEAM_1:0:963323015> -> 5 HP bằng (súng) -> [KeroN] <STEAM_1:1:161759963>
L 09/05/2026 - 21:34:57: [HẠ GỤC] Tank <BOT> đã hạ gục Chicoarun <STEAM_1:0:952954061> bằng (môi trường/khác)
L 09/05/2026 - 21:34:57: [KILL] Zombie/Witch/Môi trường <N/A> đã giết Holo 40k <STEAM_1:1:925049770> bằng (môi trường/khác)
L 09/05/2026 - 21:35:02: [HẠ GỤC] Tank <BOT> đã hạ gục Lê Hải <STEAM_1:0:471595906> bằng (môi trường/khác)
L 09/05/2026 - 21:37:06: [FF] [Rïçēz] <STEAM_1:1:558962692> -> 7 HP bằng (melee) -> [Holo 40k] <STEAM_1:1:925049770>
L 09/05/2026 - 21:37:08: [FF] [KeroN] <STEAM_1:1:161759963> -> 5 HP bằng (súng) -> [Holo 40k] <STEAM_1:1:925049770>
L 09/05/2026 - 21:37:09: [FF] [KeroN] <STEAM_1:1:161759963> -> 5 HP bằng (súng) -> [Holo 40k] <STEAM_1:1:925049770>
L 09/05/2026 - 21:37:11: [FF] [Chicoarun] <STEAM_1:0:952954061> -> 4 HP bằng (súng) -> [nikola25645] <STEAM_1:1:782248349>
L 09/05/2026 - 21:37:11: [FF] [Chicoarun] <STEAM_1:0:952954061> -> 6 HP bằng (súng) -> [nikola25645] <STEAM_1:1:782248349>
L 09/05/2026 - 21:37:11: [FF] [Chicoarun] <STEAM_1:0:952954061> -> 4 HP bằng (súng) -> [nikola25645] <STEAM_1:1:782248349>
L 09/05/2026 - 21:37:11: [FF] [Chicoarun] <STEAM_1:0:952954061> -> 4 HP bằng (súng) -> [nikola25645] <STEAM_1:1:782248349>
L 09/05/2026 - 21:37:12: [FF] [Chicoarun] <STEAM_1:0:952954061> -> 6 HP bằng (súng) -> [nikola25645] <STEAM_1:1:782248349>
L 09/05/2026 - 21:37:13: [FF] [KeroN] <STEAM_1:1:161759963> -> 5 HP bằng (súng) -> [boviet666] <STEAM_1:0:963323015>
L 09/05/2026 - 21:37:14: [HẠ GỤC] (1)Spitter Bot <BOT> đã hạ gục Holo 40k <STEAM_1:1:925049770> bằng (môi trường/khác)
L 09/05/2026 - 21:37:14: [HẠ GỤC] Spitter Bot <BOT> đã hạ gục Rïçēz <STEAM_1:1:558962692> bằng (môi trường/khác)
L 09/05/2026 - 21:37:14: [HẠ GỤC] Spitter Bot <BOT> đã hạ gục nikola25645 <STEAM_1:1:782248349> bằng (môi trường/khác)
L 09/05/2026 - 21:37:15: [HẠ GỤC] Spitter Bot <BOT> đã hạ gục Curren Bouquetd'or <STEAM_1:1:524205977> bằng (môi trường/khác)
L 09/05/2026 - 21:37:16: [FF] [boviet666] <STEAM_1:0:963323015> -> 5 HP bằng (súng) -> [Chicoarun] <STEAM_1:0:952954061>
L 09/05/2026 - 21:37:19: [FF] [Bảo Nguyên] <STEAM_1:0:218160880> -> 11 HP bằng (súng) -> [None :D] <STEAM_1:0:578030381>
L 09/05/2026 - 21:37:20: [FF] [KeroN] <STEAM_1:1:161759963> -> 5 HP bằng (súng) -> [boviet666] <STEAM_1:0:963323015>
L 09/05/2026 - 21:37:21: [FF] [Bảo Nguyên] <STEAM_1:0:218160880> -> 22 HP bằng (súng) -> [None :D] <STEAM_1:0:578030381>
L 09/05/2026 - 21:37:24: [FF] [None :D] <STEAM_1:0:578030381> -> 31 HP bằng (súng) -> [boviet666] <STEAM_1:0:963323015>
L 09/05/2026 - 21:37:24: [FF] [Chicoarun] <STEAM_1:0:952954061> -> 8 HP bằng (melee) -> [chimxanh] <STEAM_1:1:626078671>
L 09/05/2026 - 21:37:26: [FF] [boviet666] <STEAM_1:0:963323015> -> 6 HP bằng (súng) -> [Bảo Nguyên] <STEAM_1:0:218160880>
L 09/05/2026 - 21:37:30: [FF] [KeroN] <STEAM_1:1:161759963> -> 6 HP bằng (súng) -> [Rïçēz] <STEAM_1:1:558962692>
L 09/05/2026 - 21:37:32: [FF] [KeroN] <STEAM_1:1:161759963> -> 6 HP bằng (súng) -> [boviet666] <STEAM_1:0:963323015>
L 09/05/2026 - 21:37:32: [FF] [KeroN] <STEAM_1:1:161759963> -> 6 HP bằng (súng) -> [boviet666] <STEAM_1:0:963323015>
L 09/05/2026 - 21:37:32: [FF] [KeroN] <STEAM_1:1:161759963> -> 5 HP bằng (súng) -> [boviet666] <STEAM_1:0:963323015>
L 09/05/2026 - 21:37:32: [FF] [KeroN] <STEAM_1:1:161759963> -> 6 HP bằng (súng) -> [boviet666] <STEAM_1:0:963323015>
L 09/05/2026 - 21:37:32: [FF] [KeroN] <STEAM_1:1:161759963> -> 6 HP bằng (súng) -> [boviet666] <STEAM_1:0:963323015>
L 09/05/2026 - 21:37:32: [FF] [KeroN] <STEAM_1:1:161759963> -> 5 HP bằng (súng) -> [boviet666] <STEAM_1:0:963323015>
L 09/05/2026 - 21:37:59: [FF] [Chicoarun] <STEAM_1:0:952954061> -> 9 HP bằng (súng) -> [Lê Hải] <STEAM_1:0:471595906>
L 09/05/2026 - 21:38:02: [FF] [boviet666] <STEAM_1:0:963323015> -> 5 HP bằng (súng) -> [nikola25645] <STEAM_1:1:782248349>
L 09/05/2026 - 21:38:03: [FF] [boviet666] <STEAM_1:0:963323015> -> 5 HP bằng (súng) -> [nikola25645] <STEAM_1:1:782248349>
L 09/05/2026 - 21:38:03: [FF] [boviet666] <STEAM_1:0:963323015> -> 5 HP bằng (súng) -> [chimxanh] <STEAM_1:1:626078671>
L 09/05/2026 - 21:38:04: [FF] [boviet666] <STEAM_1:0:963323015> -> 5 HP bằng (súng) -> [chimxanh] <STEAM_1:1:626078671>
L 09/05/2026 - 21:38:04: [FF] [Lê Hải] <STEAM_1:0:471595906> -> 9 HP bằng (súng) -> [chimxanh] <STEAM_1:1:626078671>
L 09/05/2026 - 21:38:07: [KILL] Zombie/Witch/Môi trường <N/A> đã giết Holo 40k <STEAM_1:1:925049770> bằng (zombie cào/đấm)
L 09/05/2026 - 21:38:10: [KILL] Zombie/Witch/Môi trường <N/A> đã giết boviet666 <STEAM_1:0:963323015> bằng (zombie cào/đấm)
L 09/05/2026 - 21:38:10: [FF] [Curren Bouquetd'or] <STEAM_1:1:524205977> -> 35 HP bằng (súng) -> [Bảo Nguyên] <STEAM_1:0:218160880>
L 09/05/2026 - 21:38:12: [KILL] Zombie/Witch/Môi trường <N/A> đã giết nikola25645 <STEAM_1:1:782248349> bằng (zombie cào/đấm)
L 09/05/2026 - 21:38:12: [FF] [Bảo Nguyên] <STEAM_1:0:218160880> -> 7 HP bằng (melee) -> [Lê Hải] <STEAM_1:0:471595906>
L 09/05/2026 - 21:38:13: [FF] [KeroN] <STEAM_1:1:161759963> -> 5 HP bằng (melee) -> [Lê Hải] <STEAM_1:0:471595906>
L 09/05/2026 - 21:38:15: [FF] [chimxanh] <STEAM_1:1:626078671> -> 7 HP bằng (melee) -> [None :D] <STEAM_1:0:578030381>
L 09/05/2026 - 21:38:18: [FF] [KeroN] <STEAM_1:1:161759963> -> 15 HP bằng (súng) -> [None :D] <STEAM_1:0:578030381>
L 09/05/2026 - 21:38:19: [FF] [KeroN] <STEAM_1:1:161759963> -> 3 HP bằng (súng) -> [Holo 40k] <STEAM_1:1:925049770>
L 09/05/2026 - 21:38:19: [FF] [Holo 40k] <STEAM_1:1:925049770> -> 7 HP bằng (melee) -> [KeroN] <STEAM_1:1:161759963>
L 09/05/2026 - 21:38:21: [HẠ GỤC] Smoker Bot <BOT> đã hạ gục Rïçēz <STEAM_1:1:558962692> bằng (zombie cào/đấm)
L 09/05/2026 - 21:39:12: [FF] [Curren Bouquetd'or] <STEAM_1:1:524205977> -> 50 HP bằng (súng) -> [None :D] <STEAM_1:0:578030381>
L 09/05/2026 - 21:40:02: [FF] [KeroN] <STEAM_1:1:161759963> -> 22 HP bằng (súng) -> [Chicoarun] <STEAM_1:0:952954061>
L 09/05/2026 - 21:40:03: [FF] [KeroN] <STEAM_1:1:161759963> -> 11 HP bằng (súng) -> [nikola25645] <STEAM_1:1:782248349>
L 09/05/2026 - 21:40:03: [FF] [KeroN] <STEAM_1:1:161759963> -> 22 HP bằng (súng) -> [Chicoarun] <STEAM_1:0:952954061>
L 09/05/2026 - 21:40:03: [FF] [Lê Hải] <STEAM_1:0:471595906> -> 6 HP bằng (súng) -> [Chicoarun] <STEAM_1:0:952954061>
L 09/05/2026 - 21:40:03: [FF] [Lê Hải] <STEAM_1:0:471595906> -> 6 HP bằng (súng) -> [Chicoarun] <STEAM_1:0:952954061>
L 09/05/2026 - 21:40:06: [FF] [Lê Hải] <STEAM_1:0:471595906> -> 9 HP bằng (súng) -> [Bảo Nguyên] <STEAM_1:0:218160880>
L 09/05/2026 - 21:40:09: [FF] [boviet666] <STEAM_1:0:963323015> -> 5 HP bằng (súng) -> [Chicoarun] <STEAM_1:0:952954061>
L 09/05/2026 - 21:40:09: [FF] [boviet666] <STEAM_1:0:963323015> -> 5 HP bằng (súng) -> [Chicoarun] <STEAM_1:0:952954061>
L 09/05/2026 - 21:40:09: [FF] [boviet666] <STEAM_1:0:963323015> -> 5 HP bằng (súng) -> [Chicoarun] <STEAM_1:0:952954061>
L 09/05/2026 - 21:40:09: [FF] [boviet666] <STEAM_1:0:963323015> -> 5 HP bằng (súng) -> [Chicoarun] <STEAM_1:0:952954061>
L 09/05/2026 - 21:40:09: [FF] [boviet666] <STEAM_1:0:963323015> -> 5 HP bằng (súng) -> [Chicoarun] <STEAM_1:0:952954061>
L 09/05/2026 - 21:40:09: [FF] [boviet666] <STEAM_1:0:963323015> -> 5 HP bằng (súng) -> [Chicoarun] <STEAM_1:0:952954061>
L 09/05/2026 - 21:40:09: [FF] [boviet666] <STEAM_1:0:963323015> -> 5 HP bằng (súng) -> [Chicoarun] <STEAM_1:0:952954061>
L 09/05/2026 - 21:40:09: [FF] [boviet666] <STEAM_1:0:963323015> -> 5 HP bằng (súng) -> [Chicoarun] <STEAM_1:0:952954061>
L 09/05/2026 - 21:40:09: [FF] [chimxanh] <STEAM_1:1:626078671> -> 16 HP bằng (boom/fire) -> [Chicoarun] <STEAM_1:0:952954061>
L 09/05/2026 - 21:40:10: [FF] [boviet666] <STEAM_1:0:963323015> -> 5 HP bằng (súng) -> [Chicoarun] <STEAM_1:0:952954061>
L 09/05/2026 - 21:40:10: [FF] [chimxanh] <STEAM_1:1:626078671> -> 16 HP bằng (boom/fire) -> [Chicoarun] <STEAM_1:0:952954061>
L 09/05/2026 - 21:40:10: [FF] [boviet666] <STEAM_1:0:963323015> -> 5 HP bằng (súng) -> [Chicoarun] <STEAM_1:0:952954061>
L 09/05/2026 - 21:40:10: [FF] [boviet666] <STEAM_1:0:963323015> -> 5 HP bằng (súng) -> [Chicoarun] <STEAM_1:0:952954061>
L 09/05/2026 - 21:40:10: [FF] [nikola25645] <STEAM_1:1:782248349> -> 1 HP bằng (súng) -> [Chicoarun] <STEAM_1:0:952954061>
L 09/05/2026 - 21:40:10: [FF] [nikola25645] <STEAM_1:1:782248349> -> 1 HP bằng (súng) -> [Chicoarun] <STEAM_1:0:952954061>
L 09/05/2026 - 21:40:10: [HẠ GỤC] chimxanh <STEAM_1:1:626078671> đã hạ gục Chicoarun <STEAM_1:0:952954061> bằng (boom/fire)
L 09/05/2026 - 21:40:10: [FF] [None :D] <STEAM_1:0:578030381> -> 45 HP bằng (súng) -> [Chicoarun] <STEAM_1:0:952954061>
L 09/05/2026 - 21:40:10: [FF] [chimxanh] <STEAM_1:1:626078671> -> 16 HP bằng (boom/fire) -> [Chicoarun] <STEAM_1:0:952954061>
L 09/05/2026 - 21:40:11: [FF] [chimxanh] <STEAM_1:1:626078671> -> 16 HP bằng (boom/fire) -> [Chicoarun] <STEAM_1:0:952954061>
L 09/05/2026 - 21:40:11: [FF] [chimxanh] <STEAM_1:1:626078671> -> 16 HP bằng (boom/fire) -> [Chicoarun] <STEAM_1:0:952954061>
L 09/05/2026 - 21:40:11: [FF] [chimxanh] <STEAM_1:1:626078671> -> 16 HP bằng (boom/fire) -> [Chicoarun] <STEAM_1:0:952954061>
L 09/05/2026 - 21:40:11: [FF] [chimxanh] <STEAM_1:1:626078671> -> 16 HP bằng (boom/fire) -> [Chicoarun] <STEAM_1:0:952954061>
L 09/05/2026 - 21:40:11: [FF] [None :D] <STEAM_1:0:578030381> -> 31 HP bằng (súng) -> [Chicoarun] <STEAM_1:0:952954061>
L 09/05/2026 - 21:40:15: [FF] [boviet666] <STEAM_1:0:963323015> -> 5 HP bằng (súng) -> [nikola25645] <STEAM_1:1:782248349>
L 09/05/2026 - 21:40:15: [FF] [boviet666] <STEAM_1:0:963323015> -> 5 HP bằng (súng) -> [Holo 40k] <STEAM_1:1:925049770>
L 09/05/2026 - 21:40:15: [FF] [boviet666] <STEAM_1:0:963323015> -> 5 HP bằng (súng) -> [Holo 40k] <STEAM_1:1:925049770>
L 09/05/2026 - 21:40:17: [FF] [boviet666] <STEAM_1:0:963323015> -> 5 HP bằng (súng) -> [Lê Hải] <STEAM_1:0:471595906>
L 09/05/2026 - 21:40:18: [FF] [boviet666] <STEAM_1:0:963323015> -> 5 HP bằng (súng) -> [Lê Hải] <STEAM_1:0:471595906>
L 09/05/2026 - 21:40:18: [FF] [boviet666] <STEAM_1:0:963323015> -> 5 HP bằng (súng) -> [Lê Hải] <STEAM_1:0:471595906>
L 09/05/2026 - 21:40:21: [FF] [boviet666] <STEAM_1:0:963323015> -> 5 HP bằng (súng) -> [KeroN] <STEAM_1:1:161759963>
L 09/05/2026 - 21:40:21: [FF] [boviet666] <STEAM_1:0:963323015> -> 5 HP bằng (súng) -> [Holo 40k] <STEAM_1:1:925049770>
L 09/05/2026 - 21:40:21: [FF] [boviet666] <STEAM_1:0:963323015> -> 5 HP bằng (súng) -> [Holo 40k] <STEAM_1:1:925049770>
L 09/05/2026 - 21:40:21: [FF] [boviet666] <STEAM_1:0:963323015> -> 5 HP bằng (súng) -> [Chicoarun] <STEAM_1:0:952954061>
L 09/05/2026 - 21:40:22: [FF] [boviet666] <STEAM_1:0:963323015> -> 5 HP bằng (súng) -> [Bảo Nguyên] <STEAM_1:0:218160880>
L 09/05/2026 - 21:40:22: [FF] [boviet666] <STEAM_1:0:963323015> -> 5 HP bằng (súng) -> [Holo 40k] <STEAM_1:1:925049770>
L 09/05/2026 - 21:40:22: [FF] [boviet666] <STEAM_1:0:963323015> -> 5 HP bằng (súng) -> [Holo 40k] <STEAM_1:1:925049770>
L 09/05/2026 - 21:40:22: [FF] [boviet666] <STEAM_1:0:963323015> -> 5 HP bằng (súng) -> [KeroN] <STEAM_1:1:161759963>
L 09/05/2026 - 21:40:22: [FF] [Bảo Nguyên] <STEAM_1:0:218160880> -> 15 HP bằng (súng) -> [Holo 40k] <STEAM_1:1:925049770>
L 09/05/2026 - 21:40:22: [FF] [KeroN] <STEAM_1:1:161759963> -> 15 HP bằng (súng) -> [Holo 40k] <STEAM_1:1:925049770>
L 09/05/2026 - 21:40:23: [FF] [boviet666] <STEAM_1:0:963323015> -> 5 HP bằng (súng) -> [Lê Hải] <STEAM_1:0:471595906>
L 09/05/2026 - 21:40:23: [FF] [boviet666] <STEAM_1:0:963323015> -> 5 HP bằng (súng) -> [Lê Hải] <STEAM_1:0:471595906>
L 09/05/2026 - 21:40:23: [FF] [KeroN] <STEAM_1:1:161759963> -> 22 HP bằng (súng) -> [boviet666] <STEAM_1:0:963323015>
L 09/05/2026 - 21:40:23: [FF] [KeroN] <STEAM_1:1:161759963> -> 22 HP bằng (súng) -> [Curren Bouquetd'or] <STEAM_1:1:524205977>
L 09/05/2026 - 21:40:26: [FF] [Curren Bouquetd'or] <STEAM_1:1:524205977> -> 35 HP bằng (súng) -> [boviet666] <STEAM_1:0:963323015>
L 09/05/2026 - 21:40:26: [HẠ GỤC] Boomer Bot <BOT> đã hạ gục boviet666 <STEAM_1:0:963323015> bằng (môi trường/khác)
L 09/05/2026 - 21:40:34: [FF] [chimxanh] <STEAM_1:1:626078671> -> 7 HP bằng (melee) -> [Rïçēz] <STEAM_1:1:558962692>
L 09/05/2026 - 21:40:38: [HẠ GỤC] Zombie/Witch/Môi trường <N/A> đã hạ gục Holo 40k <STEAM_1:1:925049770> bằng (môi trường/khác)
L 09/05/2026 - 21:40:45: [FF] [boviet666] <STEAM_1:0:963323015> -> 5 HP bằng (súng) -> [chimxanh] <STEAM_1:1:626078671>
L 09/05/2026 - 21:40:47: [FF] [boviet666] <STEAM_1:0:963323015> -> 5 HP bằng (súng) -> [Lê Hải] <STEAM_1:0:471595906>
L 09/05/2026 - 21:40:47: [FF] [boviet666] <STEAM_1:0:963323015> -> 5 HP bằng (súng) -> [Lê Hải] <STEAM_1:0:471595906>
L 09/05/2026 - 21:40:47: [FF] [boviet666] <STEAM_1:0:963323015> -> 5 HP bằng (súng) -> [Lê Hải] <STEAM_1:0:471595906>
L 09/05/2026 - 21:40:47: [FF] [boviet666] <STEAM_1:0:963323015> -> 5 HP bằng (súng) -> [Rïçēz] <STEAM_1:1:558962692>
L 09/05/2026 - 21:40:47: [FF] [boviet666] <STEAM_1:0:963323015> -> 5 HP bằng (súng) -> [Rïçēz] <STEAM_1:1:558962692>
L 09/05/2026 - 21:40:47: [FF] [boviet666] <STEAM_1:0:963323015> -> 5 HP bằng (súng) -> [Rïçēz] <STEAM_1:1:558962692>
L 09/05/2026 - 21:40:47: [FF] [boviet666] <STEAM_1:0:963323015> -> 5 HP bằng (súng) -> [Rïçēz] <STEAM_1:1:558962692>
L 09/05/2026 - 21:40:48: [FF] [boviet666] <STEAM_1:0:963323015> -> 5 HP bằng (súng) -> [Rïçēz] <STEAM_1:1:558962692>
L 09/05/2026 - 21:40:48: [FF] [boviet666] <STEAM_1:0:963323015> -> 5 HP bằng (súng) -> [Rïçēz] <STEAM_1:1:558962692>
L 09/05/2026 - 21:40:52: [FF] [boviet666] <STEAM_1:0:963323015> -> 5 HP bằng (súng) -> [Holo 40k] <STEAM_1:1:925049770>
L 09/05/2026 - 21:40:52: [HẠ GỤC] boviet666 <STEAM_1:0:963323015> đã hạ gục Rïçēz <STEAM_1:1:558962692> bằng (súng)
L 09/05/2026 - 21:40:52: [FF] [boviet666] <STEAM_1:0:963323015> -> 5 HP bằng (súng) -> [Rïçēz] <STEAM_1:1:558962692>
L 09/05/2026 - 21:40:52: [FF] [boviet666] <STEAM_1:0:963323015> -> 5 HP bằng (súng) -> [Rïçēz] <STEAM_1:1:558962692>
L 09/05/2026 - 21:40:53: [FF] [boviet666] <STEAM_1:0:963323015> -> 5 HP bằng (súng) -> [Rïçēz] <STEAM_1:1:558962692>
L 09/05/2026 - 21:40:54: [FF] [boviet666] <STEAM_1:0:963323015> -> 5 HP bằng (súng) -> [Holo 40k] <STEAM_1:1:925049770>
L 09/05/2026 - 21:40:54: [FF] [boviet666] <STEAM_1:0:963323015> -> 5 HP bằng (súng) -> [Holo 40k] <STEAM_1:1:925049770>
L 09/05/2026 - 21:40:54: [FF] [boviet666] <STEAM_1:0:963323015> -> 5 HP bằng (súng) -> [Holo 40k] <STEAM_1:1:925049770>
L 09/05/2026 - 21:40:57: [FF] [KeroN] <STEAM_1:1:161759963> -> 1 HP bằng (môi trường/khác) -> [Rïçēz] <STEAM_1:1:558962692>
L 09/05/2026 - 21:40:57: [FF] [KeroN] <STEAM_1:1:161759963> -> 1 HP bằng (môi trường/khác) -> [boviet666] <STEAM_1:0:963323015>
L 09/05/2026 - 21:41:04: [FF] [chimxanh] <STEAM_1:1:626078671> -> 10 HP bằng (súng) -> [Holo 40k] <STEAM_1:1:925049770>
L 09/05/2026 - 21:41:04: [FF] [chimxanh] <STEAM_1:1:626078671> -> 14 HP bằng (súng) -> [Holo 40k] <STEAM_1:1:925049770>
L 09/05/2026 - 21:41:04: [HẠ GỤC] Zombie/Witch/Môi trường <N/A> đã hạ gục chimxanh <STEAM_1:1:626078671> bằng (môi trường/khác)
L 09/05/2026 - 21:41:05: [HẠ GỤC] Zombie/Witch/Môi trường <N/A> đã hạ gục Holo 40k <STEAM_1:1:925049770> bằng (môi trường/khác)
L 09/05/2026 - 21:41:27: [FF] [nikola25645] <STEAM_1:1:782248349> -> 1 HP bằng (môi trường/khác) -> [Curren Bouquetd'or] <STEAM_1:1:524205977>
L 09/05/2026 - 21:41:37: [FF] [nikola25645] <STEAM_1:1:782248349> -> 1 HP bằng (súng) -> [Bảo Nguyên] <STEAM_1:0:218160880>
L 09/05/2026 - 21:41:37: [FF] [nikola25645] <STEAM_1:1:782248349> -> 1 HP bằng (súng) -> [Bảo Nguyên] <STEAM_1:0:218160880>
L 09/05/2026 - 21:41:51: [HẠ GỤC] Spitter Bot <BOT> đã hạ gục Curren Bouquetd'or <STEAM_1:1:524205977> bằng (môi trường/khác)
L 09/05/2026 - 21:41:51: [HẠ GỤC] Spitter Bot <BOT> đã hạ gục Bảo Nguyên <STEAM_1:0:218160880> bằng (môi trường/khác)
L 09/05/2026 - 21:42:21: [FF] [Bảo Nguyên] <STEAM_1:0:218160880> -> 1 HP bằng (môi trường/khác) -> [nikola25645] <STEAM_1:1:782248349>
L 09/05/2026 - 21:42:21: [FF] [Bảo Nguyên] <STEAM_1:0:218160880> -> 1 HP bằng (môi trường/khác) -> [Curren Bouquetd'or] <STEAM_1:1:524205977>
L 09/05/2026 - 21:42:21: [FF] [Bảo Nguyên] <STEAM_1:0:218160880> -> 1 HP bằng (môi trường/khác) -> [Rïçēz] <STEAM_1:1:558962692>
L 09/05/2026 - 21:42:21: [FF] [Bảo Nguyên] <STEAM_1:0:218160880> -> 1 HP bằng (môi trường/khác) -> [chimxanh] <STEAM_1:1:626078671>
L 09/05/2026 - 21:42:21: [FF] [Bảo Nguyên] <STEAM_1:0:218160880> -> 1 HP bằng (môi trường/khác) -> [Holo 40k] <STEAM_1:1:925049770>
L 09/05/2026 - 21:42:24: [FF] [boviet666] <STEAM_1:0:963323015> -> 5 HP bằng (súng) -> [Holo 40k] <STEAM_1:1:925049770>
L 09/05/2026 - 21:42:24: [FF] [boviet666] <STEAM_1:0:963323015> -> 5 HP bằng (súng) -> [chimxanh] <STEAM_1:1:626078671>
L 09/05/2026 - 21:42:33: [FF] [KeroN] <STEAM_1:1:161759963> -> 1 HP bằng (môi trường/khác) -> [chimxanh] <STEAM_1:1:626078671>
L 09/05/2026 - 21:42:33: [FF] [KeroN] <STEAM_1:1:161759963> -> 1 HP bằng (môi trường/khác) -> [Holo 40k] <STEAM_1:1:925049770>
L 09/05/2026 - 21:42:33: [FF] [KeroN] <STEAM_1:1:161759963> -> 1 HP bằng (môi trường/khác) -> [Bảo Nguyên] <STEAM_1:0:218160880>
L 09/05/2026 - 21:42:33: [FF] [KeroN] <STEAM_1:1:161759963> -> 1 HP bằng (môi trường/khác) -> [Lê Hải] <STEAM_1:0:471595906>
L 09/05/2026 - 21:42:33: [FF] [KeroN] <STEAM_1:1:161759963> -> 1 HP bằng (môi trường/khác) -> [Curren Bouquetd'or] <STEAM_1:1:524205977>
L 09/05/2026 - 21:42:37: [FF] [boviet666] <STEAM_1:0:963323015> -> 1 HP bằng (môi trường/khác) -> [Chicoarun] <STEAM_1:0:952954061>
L 09/05/2026 - 21:42:38: [HẠ GỤC] Zombie/Witch/Môi trường <N/A> đã hạ gục Curren Bouquetd'or <STEAM_1:1:524205977> bằng (môi trường/khác)
L 09/05/2026 - 21:42:41: [HẠ GỤC] Hunter Bot <BOT> đã hạ gục Bảo Nguyên <STEAM_1:0:218160880> bằng (zombie cào/đấm)
L 09/05/2026 - 21:42:44: [HẠ GỤC] boviet666 <STEAM_1:0:963323015> đã hạ gục chimxanh <STEAM_1:1:626078671> bằng (súng)
L 09/05/2026 - 21:42:45: [FF] [boviet666] <STEAM_1:0:963323015> -> 5 HP bằng (súng) -> [nikola25645] <STEAM_1:1:782248349>
L 09/05/2026 - 21:42:45: [FF] [boviet666] <STEAM_1:0:963323015> -> 5 HP bằng (súng) -> [nikola25645] <STEAM_1:1:782248349>
L 09/05/2026 - 21:42:45: [FF] [boviet666] <STEAM_1:0:963323015> -> 5 HP bằng (súng) -> [nikola25645] <STEAM_1:1:782248349>
L 09/05/2026 - 21:42:45: [FF] [boviet666] <STEAM_1:0:963323015> -> 5 HP bằng (súng) -> [nikola25645] <STEAM_1:1:782248349>
L 09/05/2026 - 21:42:48: [FF] [boviet666] <STEAM_1:0:963323015> -> 5 HP bằng (súng) -> [Holo 40k] <STEAM_1:1:925049770>
L 09/05/2026 - 21:42:48: [FF] [boviet666] <STEAM_1:0:963323015> -> 5 HP bằng (súng) -> [Holo 40k] <STEAM_1:1:925049770>
L 09/05/2026 - 21:42:51: [HẠ GỤC] Zombie/Witch/Môi trường <N/A> đã hạ gục KeroN <STEAM_1:1:161759963> bằng (môi trường/khác)
L 09/05/2026 - 21:42:52: [FF] [Lê Hải] <STEAM_1:0:471595906> -> 2 HP bằng (boom/fire) -> [Curren Bouquetd'or] <STEAM_1:1:524205977>
L 09/05/2026 - 21:42:52: [FF] [Lê Hải] <STEAM_1:0:471595906> -> 4 HP bằng (boom/fire) -> [Rïçēz] <STEAM_1:1:558962692>
L 09/05/2026 - 21:42:52: [FF] [Lê Hải] <STEAM_1:0:471595906> -> 4 HP bằng (boom/fire) -> [Curren Bouquetd'or] <STEAM_1:1:524205977>
L 09/05/2026 - 21:42:52: [FF] [Lê Hải] <STEAM_1:0:471595906> -> 6 HP bằng (boom/fire) -> [Curren Bouquetd'or] <STEAM_1:1:524205977>
L 09/05/2026 - 21:42:52: [FF] [Lê Hải] <STEAM_1:0:471595906> -> 6 HP bằng (boom/fire) -> [Rïçēz] <STEAM_1:1:558962692>
L 09/05/2026 - 21:42:52: [FF] [Lê Hải] <STEAM_1:0:471595906> -> 8 HP bằng (boom/fire) -> [Curren Bouquetd'or] <STEAM_1:1:524205977>
L 09/05/2026 - 21:42:53: [FF] [Lê Hải] <STEAM_1:0:471595906> -> 10 HP bằng (boom/fire) -> [Curren Bouquetd'or] <STEAM_1:1:524205977>
L 09/05/2026 - 21:42:53: [FF] [Lê Hải] <STEAM_1:0:471595906> -> 12 HP bằng (boom/fire) -> [Curren Bouquetd'or] <STEAM_1:1:524205977>
L 09/05/2026 - 21:42:53: [FF] [Lê Hải] <STEAM_1:0:471595906> -> 14 HP bằng (boom/fire) -> [Curren Bouquetd'or] <STEAM_1:1:524205977>
L 09/05/2026 - 21:42:53: [FF] [Lê Hải] <STEAM_1:0:471595906> -> 16 HP bằng (boom/fire) -> [Curren Bouquetd'or] <STEAM_1:1:524205977>
L 09/05/2026 - 21:42:54: [FF] [Lê Hải] <STEAM_1:0:471595906> -> 16 HP bằng (boom/fire) -> [Curren Bouquetd'or] <STEAM_1:1:524205977>
L 09/05/2026 - 21:42:54: [KILL] Lê Hải <STEAM_1:0:471595906> đã giết Curren Bouquetd'or <STEAM_1:1:524205977> bằng (boom/fire)
L 09/05/2026 - 21:43:01: [FF] [Lê Hải] <STEAM_1:0:471595906> -> 16 HP bằng (boom/fire) -> [None :D] <STEAM_1:0:578030381>
L 09/05/2026 - 21:43:01: [FF] [Lê Hải] <STEAM_1:0:471595906> -> 9 HP bằng (súng) -> [KeroN] <STEAM_1:1:161759963>
L 09/05/2026 - 21:43:01: [FF] [Lê Hải] <STEAM_1:0:471595906> -> 16 HP bằng (boom/fire) -> [None :D] <STEAM_1:0:578030381>
L 09/05/2026 - 21:43:02: [FF] [Lê Hải] <STEAM_1:0:471595906> -> 16 HP bằng (boom/fire) -> [None :D] <STEAM_1:0:578030381>
L 09/05/2026 - 21:43:02: [FF] [Lê Hải] <STEAM_1:0:471595906> -> 16 HP bằng (boom/fire) -> [None :D] <STEAM_1:0:578030381>
L 09/05/2026 - 21:43:02: [HẠ GỤC] Lê Hải <STEAM_1:0:471595906> đã hạ gục None :D <STEAM_1:0:578030381> bằng (boom/fire)
L 09/05/2026 - 21:43:02: [FF] [Lê Hải] <STEAM_1:0:471595906> -> 16 HP bằng (boom/fire) -> [None :D] <STEAM_1:0:578030381>
L 09/05/2026 - 21:43:03: [FF] [Lê Hải] <STEAM_1:0:471595906> -> 16 HP bằng (boom/fire) -> [None :D] <STEAM_1:0:578030381>
L 09/05/2026 - 21:43:03: [FF] [Lê Hải] <STEAM_1:0:471595906> -> 16 HP bằng (boom/fire) -> [None :D] <STEAM_1:0:578030381>
L 09/05/2026 - 21:43:03: [FF] [Lê Hải] <STEAM_1:0:471595906> -> 16 HP bằng (boom/fire) -> [None :D] <STEAM_1:0:578030381>
L 09/05/2026 - 21:43:03: [FF] [Lê Hải] <STEAM_1:0:471595906> -> 16 HP bằng (boom/fire) -> [None :D] <STEAM_1:0:578030381>
L 09/05/2026 - 21:43:04: [FF] [Lê Hải] <STEAM_1:0:471595906> -> 16 HP bằng (boom/fire) -> [None :D] <STEAM_1:0:578030381>
L 09/05/2026 - 21:43:04: [FF] [Lê Hải] <STEAM_1:0:471595906> -> 16 HP bằng (boom/fire) -> [None :D] <STEAM_1:0:578030381>
L 09/05/2026 - 21:43:04: [FF] [Lê Hải] <STEAM_1:0:471595906> -> 16 HP bằng (boom/fire) -> [None :D] <STEAM_1:0:578030381>
L 09/05/2026 - 21:43:04: [FF] [Lê Hải] <STEAM_1:0:471595906> -> 16 HP bằng (boom/fire) -> [None :D] <STEAM_1:0:578030381>
L 09/05/2026 - 21:43:05: [FF] [Lê Hải] <STEAM_1:0:471595906> -> 16 HP bằng (boom/fire) -> [None :D] <STEAM_1:0:578030381>
L 09/05/2026 - 21:43:05: [FF] [boviet666] <STEAM_1:0:963323015> -> 5 HP bằng (súng) -> [Holo 40k] <STEAM_1:1:925049770>
L 09/05/2026 - 21:43:05: [FF] [Lê Hải] <STEAM_1:0:471595906> -> 6 HP bằng (súng) -> [Bảo Nguyên] <STEAM_1:0:218160880>
L 09/05/2026 - 21:43:05: [FF] [Lê Hải] <STEAM_1:0:471595906> -> 6 HP bằng (súng) -> [Bảo Nguyên] <STEAM_1:0:218160880>
L 09/05/2026 - 21:43:06: [FF] [Lê Hải] <STEAM_1:0:471595906> -> 6 HP bằng (súng) -> [Bảo Nguyên] <STEAM_1:0:218160880>
L 09/05/2026 - 21:43:06: [FF] [Lê Hải] <STEAM_1:0:471595906> -> 6 HP bằng (súng) -> [Bảo Nguyên] <STEAM_1:0:218160880>
L 09/05/2026 - 21:43:06: [FF] [Lê Hải] <STEAM_1:0:471595906> -> 16 HP bằng (boom/fire) -> [Rïçēz] <STEAM_1:1:558962692>
L 09/05/2026 - 21:43:07: [FF] [Lê Hải] <STEAM_1:0:471595906> -> 5 HP bằng (súng) -> [Holo 40k] <STEAM_1:1:925049770>
L 09/05/2026 - 21:43:07: [FF] [Lê Hải] <STEAM_1:0:471595906> -> 9 HP bằng (súng) -> [Holo 40k] <STEAM_1:1:925049770>
L 09/05/2026 - 21:43:20: [FF] [Rïçēz] <STEAM_1:1:558962692> -> 45 HP bằng (súng) -> [Chicoarun] <STEAM_1:0:952954061>
L 09/05/2026 - 21:43:36: [FF] [KeroN] <STEAM_1:1:161759963> -> 6 HP bằng (súng) -> [None :D] <STEAM_1:0:578030381>
L 09/05/2026 - 21:43:40: [HẠ GỤC] Zombie/Witch/Môi trường <N/A> đã hạ gục Chicoarun <STEAM_1:0:952954061> bằng (môi trường/khác)
L 09/05/2026 - 21:43:42: [FF] [boviet666] <STEAM_1:0:963323015> -> 5 HP bằng (súng) -> [Lê Hải] <STEAM_1:0:471595906>
L 09/05/2026 - 21:43:42: [FF] [boviet666] <STEAM_1:0:963323015> -> 5 HP bằng (súng) -> [Lê Hải] <STEAM_1:0:471595906>
L 09/05/2026 - 21:43:44: [FF] [boviet666] <STEAM_1:0:963323015> -> 5 HP bằng (súng) -> [KeroN] <STEAM_1:1:161759963>
L 09/05/2026 - 21:43:44: [FF] [boviet666] <STEAM_1:0:963323015> -> 5 HP bằng (súng) -> [KeroN] <STEAM_1:1:161759963>
L 09/05/2026 - 21:43:48: [FF] [boviet666] <STEAM_1:0:963323015> -> 5 HP bằng (súng) -> [Holo 40k] <STEAM_1:1:925049770>
L 09/05/2026 - 21:43:48: [FF] [boviet666] <STEAM_1:0:963323015> -> 5 HP bằng (súng) -> [Holo 40k] <STEAM_1:1:925049770>
L 09/05/2026 - 21:43:48: [FF] [boviet666] <STEAM_1:0:963323015> -> 5 HP bằng (súng) -> [Holo 40k] <STEAM_1:1:925049770>
L 09/05/2026 - 21:43:48: [FF] [boviet666] <STEAM_1:0:963323015> -> 5 HP bằng (súng) -> [Holo 40k] <STEAM_1:1:925049770>
L 09/05/2026 - 21:43:48: [HẠ GỤC] boviet666 <STEAM_1:0:963323015> đã hạ gục Holo 40k <STEAM_1:1:925049770> bằng (súng)
L 09/05/2026 - 21:43:52: [FF] [Lê Hải] <STEAM_1:0:471595906> -> 1 HP bằng (môi trường/khác) -> [KeroN] <STEAM_1:1:161759963>
L 09/05/2026 - 21:43:52: [FF] [Lê Hải] <STEAM_1:0:471595906> -> 1 HP bằng (môi trường/khác) -> [Rïçēz] <STEAM_1:1:558962692>
L 09/05/2026 - 21:43:52: [FF] [Lê Hải] <STEAM_1:0:471595906> -> 1 HP bằng (môi trường/khác) -> [Chicoarun] <STEAM_1:0:952954061>
L 09/05/2026 - 21:43:56: [FF] [boviet666] <STEAM_1:0:963323015> -> 5 HP bằng (súng) -> [chimxanh] <STEAM_1:1:626078671>
L 09/05/2026 - 21:43:57: [HẠ GỤC] Zombie/Witch/Môi trường <N/A> đã hạ gục KeroN <STEAM_1:1:161759963> bằng (môi trường/khác)
L 09/05/2026 - 21:43:59: [HẠ GỤC] Jockey Bot <BOT> đã hạ gục None :D <STEAM_1:0:578030381> bằng (zombie cào/đấm)
L 09/05/2026 - 21:44:02: [FF] [nikola25645] <STEAM_1:1:782248349> -> 1 HP bằng (súng) -> [None :D] <STEAM_1:0:578030381>
L 09/05/2026 - 21:44:04: [FF] [Lê Hải] <STEAM_1:0:471595906> -> 6 HP bằng (súng) -> [Curren Bouquetd'or] <STEAM_1:1:524205977>
L 09/05/2026 - 21:44:05: [FF] [Lê Hải] <STEAM_1:0:471595906> -> 6 HP bằng (súng) -> [Curren Bouquetd'or] <STEAM_1:1:524205977>
L 09/05/2026 - 21:44:05: [FF] [Lê Hải] <STEAM_1:0:471595906> -> 6 HP bằng (súng) -> [Curren Bouquetd'or] <STEAM_1:1:524205977>
L 09/05/2026 - 21:44:05: [FF] [Lê Hải] <STEAM_1:0:471595906> -> 6 HP bằng (súng) -> [Curren Bouquetd'or] <STEAM_1:1:524205977>
L 09/05/2026 - 21:44:05: [FF] [Lê Hải] <STEAM_1:0:471595906> -> 6 HP bằng (súng) -> [Curren Bouquetd'or] <STEAM_1:1:524205977>
L 09/05/2026 - 21:44:05: [FF] [Lê Hải] <STEAM_1:0:471595906> -> 6 HP bằng (súng) -> [Curren Bouquetd'or] <STEAM_1:1:524205977>
L 09/05/2026 - 21:44:05: [FF] [Rïçēz] <STEAM_1:1:558962692> -> 31 HP bằng (súng) -> [Curren Bouquetd'or] <STEAM_1:1:524205977>
L 09/05/2026 - 21:44:14: [KILL] Zombie/Witch/Môi trường <N/A> đã giết Chicoarun <STEAM_1:0:952954061> bằng (zombie cào/đấm)
L 09/05/2026 - 21:44:16: [KILL] Zombie/Witch/Môi trường <N/A> đã giết chimxanh <STEAM_1:1:626078671> bằng (zombie cào/đấm)
L 09/05/2026 - 21:44:18: [KILL] Zombie/Witch/Môi trường <N/A> đã giết nikola25645 <STEAM_1:1:782248349> bằng (zombie cào/đấm)
L 09/05/2026 - 21:44:29: [KILL] Zombie/Witch/Môi trường <N/A> đã giết KeroN <STEAM_1:1:161759963> bằng (zombie cào/đấm)
L 09/05/2026 - 21:44:33: [FF] [boviet666] <STEAM_1:0:963323015> -> 9 HP bằng (súng) -> [Bảo Nguyên] <STEAM_1:0:218160880>
L 09/05/2026 - 21:44:33: [FF] [boviet666] <STEAM_1:0:963323015> -> 9 HP bằng (súng) -> [Bảo Nguyên] <STEAM_1:0:218160880>
L 09/05/2026 - 21:44:34: [FF] [boviet666] <STEAM_1:0:963323015> -> 6 HP bằng (súng) -> [Holo 40k] <STEAM_1:1:925049770>
L 09/05/2026 - 21:44:36: [KILL] Zombie/Witch/Môi trường <N/A> đã giết Rïçēz <STEAM_1:1:558962692> bằng (zombie cào/đấm)
L 09/05/2026 - 21:44:36: [HẠ GỤC] Charger Bot <BOT> đã hạ gục Lê Hải <STEAM_1:0:471595906> bằng (zombie cào/đấm)
L 09/05/2026 - 21:44:39: [FF] [Bảo Nguyên] <STEAM_1:0:218160880> -> 45 HP bằng (súng) -> [boviet666] <STEAM_1:0:963323015>
L 09/05/2026 - 21:44:45: [KILL] Zombie/Witch/Môi trường <N/A> đã giết boviet666 <STEAM_1:0:963323015> bằng (zombie cào/đấm)
L 09/05/2026 - 21:44:46: [FF] [Lê Hải] <STEAM_1:0:471595906> -> 6 HP bằng (súng) -> [Bảo Nguyên] <STEAM_1:0:218160880>
L 09/05/2026 - 21:44:48: [FF] [Lê Hải] <STEAM_1:0:471595906> -> 6 HP bằng (súng) -> [Holo 40k] <STEAM_1:1:925049770>
L 09/05/2026 - 21:44:48: [FF] [Lê Hải] <STEAM_1:0:471595906> -> 5 HP bằng (súng) -> [Holo 40k] <STEAM_1:1:925049770>
L 09/05/2026 - 21:44:51: [KILL] Zombie/Witch/Môi trường <N/A> đã giết Bảo Nguyên <STEAM_1:0:218160880> bằng (zombie cào/đấm)
L 09/05/2026 - 21:44:52: [KILL] Zombie/Witch/Môi trường <N/A> đã giết Holo 40k <STEAM_1:1:925049770> bằng (zombie cào/đấm)
L 09/05/2026 - 21:45:56: [FF] [boviet666] <STEAM_1:0:963323015> -> 5 HP bằng (súng) -> [chimxanh] <STEAM_1:1:626078671>
L 09/05/2026 - 21:45:57: [FF] [None :D] <STEAM_1:0:578030381> -> 1 HP bằng (môi trường/khác) -> [Holo 40k] <STEAM_1:1:925049770>
L 09/05/2026 - 21:46:37: [FF] [Curren Bouquetd'or] <STEAM_1:1:524205977> -> 5 HP bằng (melee) -> [chimxanh] <STEAM_1:1:626078671>
L 09/05/2026 - 21:47:11: [HẠ GỤC] Spitter Bot <BOT> đã hạ gục Curren Bouquetd'or <STEAM_1:1:524205977> bằng (zombie cào/đấm)
L 09/05/2026 - 21:47:23: [HẠ GỤC] Charger Bot <BOT> đã hạ gục Holo 40k <STEAM_1:1:925049770> bằng (zombie cào/đấm)
L 09/05/2026 - 21:47:36: [HẠ GỤC] None :D <STEAM_1:0:578030381> đã hạ gục Lê Hải <STEAM_1:0:471595906> bằng (boom/fire)
L 09/05/2026 - 21:48:07: [HẠ GỤC] Zombie/Witch/Môi trường <N/A> đã hạ gục nikola25645 <STEAM_1:1:782248349> bằng (môi trường/khác)
L 09/05/2026 - 21:48:23: [HẠ GỤC] Spitter Bot <BOT> đã hạ gục Chicoarun <STEAM_1:0:952954061> bằng (môi trường/khác)
L 09/05/2026 - 21:48:24: [HẠ GỤC] Spitter Bot <BOT> đã hạ gục Curren Bouquetd'or <STEAM_1:1:524205977> bằng (môi trường/khác)
L 09/05/2026 - 21:48:32: [FF] [chimxanh] <STEAM_1:1:626078671> -> 5 HP bằng (súng) -> [Lê Hải] <STEAM_1:0:471595906>
L 09/05/2026 - 21:48:32: [FF] [chimxanh] <STEAM_1:1:626078671> -> 5 HP bằng (súng) -> [Lê Hải] <STEAM_1:0:471595906>
L 09/05/2026 - 21:48:32: [FF] [chimxanh] <STEAM_1:1:626078671> -> 5 HP bằng (súng) -> [Lê Hải] <STEAM_1:0:471595906>
L 09/05/2026 - 21:48:36: [HẠ GỤC] Zombie/Witch/Môi trường <N/A> đã hạ gục nikola25645 <STEAM_1:1:782248349> bằng (môi trường/khác)
L 09/05/2026 - 21:48:44: [FF] [Curren Bouquetd'or] <STEAM_1:1:524205977> -> 4 HP bằng (boom/fire) -> [Lê Hải] <STEAM_1:0:471595906>
L 09/05/2026 - 21:48:53: [HẠ GỤC] Tank <BOT> đã hạ gục boviet666 <STEAM_1:0:963323015> bằng (môi trường/khác)
L 09/05/2026 - 21:48:57: [HẠ GỤC] Tank <BOT> đã hạ gục chimxanh <STEAM_1:1:626078671> bằng (môi trường/khác)
L 09/05/2026 - 21:49:08: [HẠ GỤC] Tank <BOT> đã hạ gục Holo 40k <STEAM_1:1:925049770> bằng (môi trường/khác)
L 09/05/2026 - 21:49:14: [HẠ GỤC] Tank <BOT> đã hạ gục KeroN <STEAM_1:1:161759963> bằng (môi trường/khác)
L 09/05/2026 - 21:49:21: [HẠ GỤC] Tank <BOT> đã hạ gục Bảo Nguyên <STEAM_1:0:218160880> bằng (môi trường/khác)
L 09/05/2026 - 21:49:28: [FF] [boviet666] <STEAM_1:0:963323015> -> 3 HP bằng (súng) -> [chimxanh] <STEAM_1:1:626078671>
L 09/05/2026 - 21:49:28: [FF] [boviet666] <STEAM_1:0:963323015> -> 3 HP bằng (súng) -> [chimxanh] <STEAM_1:1:626078671>
L 09/05/2026 - 21:49:28: [FF] [boviet666] <STEAM_1:0:963323015> -> 3 HP bằng (súng) -> [chimxanh] <STEAM_1:1:626078671>
L 09/05/2026 - 21:49:29: [FF] [boviet666] <STEAM_1:0:963323015> -> 3 HP bằng (súng) -> [chimxanh] <STEAM_1:1:626078671>
L 09/05/2026 - 21:49:29: [FF] [boviet666] <STEAM_1:0:963323015> -> 3 HP bằng (súng) -> [chimxanh] <STEAM_1:1:626078671>
L 09/05/2026 - 21:49:29: [FF] [boviet666] <STEAM_1:0:963323015> -> 3 HP bằng (súng) -> [chimxanh] <STEAM_1:1:626078671>
L 09/05/2026 - 21:49:29: [FF] [boviet666] <STEAM_1:0:963323015> -> 3 HP bằng (súng) -> [chimxanh] <STEAM_1:1:626078671>
L 09/05/2026 - 21:49:29: [FF] [boviet666] <STEAM_1:0:963323015> -> 3 HP bằng (súng) -> [chimxanh] <STEAM_1:1:626078671>
L 09/05/2026 - 21:49:29: [FF] [boviet666] <STEAM_1:0:963323015> -> 3 HP bằng (súng) -> [chimxanh] <STEAM_1:1:626078671>
L 09/05/2026 - 21:49:29: [FF] [boviet666] <STEAM_1:0:963323015> -> 3 HP bằng (súng) -> [chimxanh] <STEAM_1:1:626078671>
L 09/05/2026 - 21:49:29: [FF] [boviet666] <STEAM_1:0:963323015> -> 3 HP bằng (súng) -> [chimxanh] <STEAM_1:1:626078671>
L 09/05/2026 - 21:49:29: [FF] [KeroN] <STEAM_1:1:161759963> -> 16 HP bằng (boom/fire) -> [chimxanh] <STEAM_1:1:626078671>
L 09/05/2026 - 21:49:30: [FF] [KeroN] <STEAM_1:1:161759963> -> 16 HP bằng (boom/fire) -> [chimxanh] <STEAM_1:1:626078671>
L 09/05/2026 - 21:49:30: [FF] [KeroN] <STEAM_1:1:161759963> -> 16 HP bằng (boom/fire) -> [chimxanh] <STEAM_1:1:626078671>
L 09/05/2026 - 21:49:30: [HẠ GỤC] KeroN <STEAM_1:1:161759963> đã hạ gục chimxanh <STEAM_1:1:626078671> bằng (boom/fire)
L 09/05/2026 - 21:49:30: [FF] [KeroN] <STEAM_1:1:161759963> -> 16 HP bằng (boom/fire) -> [chimxanh] <STEAM_1:1:626078671>
L 09/05/2026 - 21:49:31: [FF] [KeroN] <STEAM_1:1:161759963> -> 16 HP bằng (boom/fire) -> [chimxanh] <STEAM_1:1:626078671>
L 09/05/2026 - 21:49:31: [FF] [KeroN] <STEAM_1:1:161759963> -> 16 HP bằng (boom/fire) -> [chimxanh] <STEAM_1:1:626078671>
L 09/05/2026 - 21:49:31: [FF] [KeroN] <STEAM_1:1:161759963> -> 16 HP bằng (boom/fire) -> [chimxanh] <STEAM_1:1:626078671>
L 09/05/2026 - 21:49:31: [FF] [KeroN] <STEAM_1:1:161759963> -> 16 HP bằng (boom/fire) -> [chimxanh] <STEAM_1:1:626078671>
L 09/05/2026 - 21:49:32: [FF] [KeroN] <STEAM_1:1:161759963> -> 16 HP bằng (boom/fire) -> [chimxanh] <STEAM_1:1:626078671>
L 09/05/2026 - 21:49:32: [FF] [KeroN] <STEAM_1:1:161759963> -> 16 HP bằng (boom/fire) -> [chimxanh] <STEAM_1:1:626078671>
L 09/05/2026 - 21:49:32: [FF] [KeroN] <STEAM_1:1:161759963> -> 16 HP bằng (boom/fire) -> [chimxanh] <STEAM_1:1:626078671>
L 09/05/2026 - 21:49:32: [FF] [KeroN] <STEAM_1:1:161759963> -> 16 HP bằng (boom/fire) -> [chimxanh] <STEAM_1:1:626078671>
L 09/05/2026 - 21:49:33: [FF] [KeroN] <STEAM_1:1:161759963> -> 16 HP bằng (boom/fire) -> [chimxanh] <STEAM_1:1:626078671>
L 09/05/2026 - 21:49:33: [FF] [KeroN] <STEAM_1:1:161759963> -> 16 HP bằng (boom/fire) -> [chimxanh] <STEAM_1:1:626078671>
L 09/05/2026 - 21:49:33: [FF] [KeroN] <STEAM_1:1:161759963> -> 16 HP bằng (boom/fire) -> [chimxanh] <STEAM_1:1:626078671>
L 09/05/2026 - 21:49:33: [FF] [KeroN] <STEAM_1:1:161759963> -> 16 HP bằng (boom/fire) -> [chimxanh] <STEAM_1:1:626078671>
L 09/05/2026 - 21:49:34: [FF] [KeroN] <STEAM_1:1:161759963> -> 16 HP bằng (boom/fire) -> [chimxanh] <STEAM_1:1:626078671>
L 09/05/2026 - 21:49:34: [FF] [KeroN] <STEAM_1:1:161759963> -> 16 HP bằng (boom/fire) -> [chimxanh] <STEAM_1:1:626078671>
L 09/05/2026 - 21:49:34: [FF] [KeroN] <STEAM_1:1:161759963> -> 16 HP bằng (boom/fire) -> [chimxanh] <STEAM_1:1:626078671>
L 09/05/2026 - 21:49:38: [KILL] Tank <BOT> đã giết Holo 40k <STEAM_1:1:925049770> bằng (môi trường/khác)
L 09/05/2026 - 21:49:46: [HẠ GỤC] Hunter <BOT> đã hạ gục boviet666 <STEAM_1:0:963323015> bằng (zombie cào/đấm)
L 09/05/2026 - 21:49:55: [HẠ GỤC] Tank <BOT> đã hạ gục None :D <STEAM_1:0:578030381> bằng (môi trường/khác)
L 09/05/2026 - 21:50:03: [HẠ GỤC] Tank <BOT> đã hạ gục Rïçēz <STEAM_1:1:558962692> bằng (môi trường/khác)
L 09/05/2026 - 21:50:11: [KILL] Zombie/Witch/Môi trường <N/A> đã giết nikola25645 <STEAM_1:1:782248349> bằng (môi trường/khác)
L 09/05/2026 - 21:50:29: [KILL] Zombie/Witch/Môi trường <N/A> đã giết Chicoarun <STEAM_1:0:952954061> bằng (môi trường/khác)
L 09/05/2026 - 21:50:36: [HẠ GỤC] Tank <BOT> đã hạ gục Bảo Nguyên <STEAM_1:0:218160880> bằng (môi trường/khác)
L 09/05/2026 - 21:50:37: [FF] [Lê Hải] <STEAM_1:0:471595906> -> 31 HP bằng (súng) -> [KeroN] <STEAM_1:1:161759963>
L 09/05/2026 - 21:51:03: [HẠ GỤC] Tank <BOT> đã hạ gục KeroN <STEAM_1:1:161759963> bằng (môi trường/khác)
L 09/05/2026 - 21:51:04: [FF] [Holo 40k] <STEAM_1:1:925049770> -> 5 HP bằng (súng) -> [chimxanh] <STEAM_1:1:626078671>
L 09/05/2026 - 21:51:08: [FF] [None :D] <STEAM_1:0:578030381> -> 35 HP bằng (súng) -> [Holo 40k] <STEAM_1:1:925049770>
L 09/05/2026 - 21:51:10: [KILL] Tank <BOT> đã giết chimxanh <STEAM_1:1:626078671> bằng (môi trường/khác)
L 09/05/2026 - 21:51:15: [FF] [Holo 40k] <STEAM_1:1:925049770> -> 5 HP bằng (súng) -> [Bảo Nguyên] <STEAM_1:0:218160880>
L 09/05/2026 - 21:51:15: [FF] [Holo 40k] <STEAM_1:1:925049770> -> 5 HP bằng (súng) -> [Bảo Nguyên] <STEAM_1:0:218160880>
L 09/05/2026 - 21:51:16: [FF] [Holo 40k] <STEAM_1:1:925049770> -> 5 HP bằng (súng) -> [Bảo Nguyên] <STEAM_1:0:218160880>
L 09/05/2026 - 21:51:16: [FF] [Holo 40k] <STEAM_1:1:925049770> -> 5 HP bằng (súng) -> [Bảo Nguyên] <STEAM_1:0:218160880>
L 09/05/2026 - 21:51:16: [FF] [Holo 40k] <STEAM_1:1:925049770> -> 5 HP bằng (súng) -> [Bảo Nguyên] <STEAM_1:0:218160880>
L 09/05/2026 - 21:51:34: [KILL] Tank <BOT> đã giết boviet666 <STEAM_1:0:963323015> bằng (môi trường/khác)
L 09/05/2026 - 21:51:36: [HẠ GỤC] Tank <BOT> đã hạ gục nikola25645 <STEAM_1:1:782248349> bằng (môi trường/khác)
L 09/05/2026 - 21:51:49: [HẠ GỤC] Tank <BOT> đã hạ gục Chicoarun <STEAM_1:0:952954061> bằng (zombie cào/đấm)
L 09/05/2026 - 21:51:50: [FF] [None :D] <STEAM_1:0:578030381> -> 2 HP bằng (boom/fire) -> [Chicoarun] <STEAM_1:0:952954061>
L 09/05/2026 - 21:51:50: [FF] [Bảo Nguyên] <STEAM_1:0:218160880> -> 9 HP bằng (súng) -> [Chicoarun] <STEAM_1:0:952954061>
L 09/05/2026 - 21:51:54: [KILL] Tank <BOT> đã giết Bảo Nguyên <STEAM_1:0:218160880> bằng (môi trường/khác)
L 09/05/2026 - 21:51:59: [FF] [Rïçēz] <STEAM_1:1:558962692> -> 4 HP bằng (súng) -> [Chicoarun] <STEAM_1:0:952954061>
L 09/05/2026 - 21:51:59: [FF] [Rïçēz] <STEAM_1:1:558962692> -> 6 HP bằng (súng) -> [Chicoarun] <STEAM_1:0:952954061>
L 09/05/2026 - 21:52:09: [KILL] Tank <BOT> đã giết Curren Bouquetd'or <STEAM_1:1:524205977> bằng (môi trường/khác)
L 09/05/2026 - 21:52:20: [FF] [KeroN] <STEAM_1:1:161759963> -> 22 HP bằng (súng) -> [Rïçēz] <STEAM_1:1:558962692>
L 09/05/2026 - 21:52:22: [HẠ GỤC] Tank <BOT> đã hạ gục nikola25645 <STEAM_1:1:782248349> bằng (môi trường/khác)
L 09/05/2026 - 21:52:31: [HẠ GỤC] Tank <BOT> đã hạ gục Rïçēz <STEAM_1:1:558962692> bằng (môi trường/khác)
L 09/05/2026 - 21:52:33: [HẠ GỤC] Tank <BOT> đã hạ gục chimxanh <STEAM_1:1:626078671> bằng (môi trường/khác)
L 09/05/2026 - 21:52:44: [FF] [KeroN] <STEAM_1:1:161759963> -> 15 HP bằng (súng) -> [nikola25645] <STEAM_1:1:782248349>
L 09/05/2026 - 21:52:50: [FF] [Chicoarun] <STEAM_1:0:952954061> -> 6 HP bằng (súng) -> [nikola25645] <STEAM_1:1:782248349>
L 09/05/2026 - 21:52:50: [KILL] Tank <BOT> đã giết nikola25645 <STEAM_1:1:782248349> bằng (môi trường/khác)
L 09/05/2026 - 21:52:59: [HẠ GỤC] Tank <BOT> đã hạ gục boviet666 <STEAM_1:0:963323015> bằng (zombie cào/đấm)
L 09/05/2026 - 21:53:10: [FF] [chimxanh] <STEAM_1:1:626078671> -> 6 HP bằng (môi trường/khác) -> [boviet666] <STEAM_1:0:963323015>
L 09/05/2026 - 21:53:10: [FF] [chimxanh] <STEAM_1:1:626078671> -> 6 HP bằng (môi trường/khác) -> [boviet666] <STEAM_1:0:963323015>
L 09/05/2026 - 21:53:10: [FF] [chimxanh] <STEAM_1:1:626078671> -> 6 HP bằng (môi trường/khác) -> [boviet666] <STEAM_1:0:963323015>
L 09/05/2026 - 21:53:10: [FF] [chimxanh] <STEAM_1:1:626078671> -> 6 HP bằng (môi trường/khác) -> [boviet666] <STEAM_1:0:963323015>
L 09/05/2026 - 21:53:10: [FF] [chimxanh] <STEAM_1:1:626078671> -> 6 HP bằng (môi trường/khác) -> [boviet666] <STEAM_1:0:963323015>
L 09/05/2026 - 21:53:10: [FF] [chimxanh] <STEAM_1:1:626078671> -> 6 HP bằng (môi trường/khác) -> [boviet666] <STEAM_1:0:963323015>
L 09/05/2026 - 21:53:10: [FF] [chimxanh] <STEAM_1:1:626078671> -> 6 HP bằng (môi trường/khác) -> [boviet666] <STEAM_1:0:963323015>
L 09/05/2026 - 21:53:11: [FF] [chimxanh] <STEAM_1:1:626078671> -> 6 HP bằng (môi trường/khác) -> [boviet666] <STEAM_1:0:963323015>
L 09/05/2026 - 21:53:11: [FF] [chimxanh] <STEAM_1:1:626078671> -> 6 HP bằng (môi trường/khác) -> [boviet666] <STEAM_1:0:963323015>
L 09/05/2026 - 21:53:11: [FF] [chimxanh] <STEAM_1:1:626078671> -> 6 HP bằng (môi trường/khác) -> [boviet666] <STEAM_1:0:963323015>
L 09/05/2026 - 21:53:11: [FF] [chimxanh] <STEAM_1:1:626078671> -> 6 HP bằng (môi trường/khác) -> [boviet666] <STEAM_1:0:963323015>
L 09/05/2026 - 21:53:11: [FF] [chimxanh] <STEAM_1:1:626078671> -> 6 HP bằng (môi trường/khác) -> [boviet666] <STEAM_1:0:963323015>
L 09/05/2026 - 21:53:12: [FF] [chimxanh] <STEAM_1:1:626078671> -> 6 HP bằng (môi trường/khác) -> [boviet666] <STEAM_1:0:963323015>
L 09/05/2026 - 21:53:12: [FF] [chimxanh] <STEAM_1:1:626078671> -> 6 HP bằng (môi trường/khác) -> [boviet666] <STEAM_1:0:963323015>
L 09/05/2026 - 21:53:12: [FF] [chimxanh] <STEAM_1:1:626078671> -> 6 HP bằng (môi trường/khác) -> [boviet666] <STEAM_1:0:963323015>
L 09/05/2026 - 21:53:12: [FF] [chimxanh] <STEAM_1:1:626078671> -> 6 HP bằng (môi trường/khác) -> [boviet666] <STEAM_1:0:963323015>
L 09/05/2026 - 21:53:12: [FF] [chimxanh] <STEAM_1:1:626078671> -> 6 HP bằng (môi trường/khác) -> [boviet666] <STEAM_1:0:963323015>
L 09/05/2026 - 21:53:12: [FF] [chimxanh] <STEAM_1:1:626078671> -> 6 HP bằng (môi trường/khác) -> [boviet666] <STEAM_1:0:963323015>
L 09/05/2026 - 21:53:13: [FF] [chimxanh] <STEAM_1:1:626078671> -> 6 HP bằng (môi trường/khác) -> [boviet666] <STEAM_1:0:963323015>
L 09/05/2026 - 21:53:13: [FF] [chimxanh] <STEAM_1:1:626078671> -> 6 HP bằng (môi trường/khác) -> [boviet666] <STEAM_1:0:963323015>
L 09/05/2026 - 21:53:13: [FF] [chimxanh] <STEAM_1:1:626078671> -> 6 HP bằng (môi trường/khác) -> [boviet666] <STEAM_1:0:963323015>
L 09/05/2026 - 21:53:14: [FF] [chimxanh] <STEAM_1:1:626078671> -> 6 HP bằng (môi trường/khác) -> [boviet666] <STEAM_1:0:963323015>
L 09/05/2026 - 21:53:14: [FF] [chimxanh] <STEAM_1:1:626078671> -> 6 HP bằng (môi trường/khác) -> [boviet666] <STEAM_1:0:963323015>
L 09/05/2026 - 21:53:14: [FF] [chimxanh] <STEAM_1:1:626078671> -> 6 HP bằng (môi trường/khác) -> [boviet666] <STEAM_1:0:963323015>
L 09/05/2026 - 21:53:14: [FF] [chimxanh] <STEAM_1:1:626078671> -> 6 HP bằng (môi trường/khác) -> [boviet666] <STEAM_1:0:963323015>
L 09/05/2026 - 21:53:14: [FF] [chimxanh] <STEAM_1:1:626078671> -> 6 HP bằng (môi trường/khác) -> [boviet666] <STEAM_1:0:963323015>
L 09/05/2026 - 21:53:14: [FF] [chimxanh] <STEAM_1:1:626078671> -> 6 HP bằng (môi trường/khác) -> [boviet666] <STEAM_1:0:963323015>
L 09/05/2026 - 21:53:14: [FF] [chimxanh] <STEAM_1:1:626078671> -> 6 HP bằng (môi trường/khác) -> [boviet666] <STEAM_1:0:963323015>
L 09/05/2026 - 21:53:15: [FF] [chimxanh] <STEAM_1:1:626078671> -> 6 HP bằng (môi trường/khác) -> [Chicoarun] <STEAM_1:0:952954061>
L 09/05/2026 - 21:53:15: [FF] [chimxanh] <STEAM_1:1:626078671> -> 6 HP bằng (môi trường/khác) -> [Chicoarun] <STEAM_1:0:952954061>
L 09/05/2026 - 21:53:15: [FF] [chimxanh] <STEAM_1:1:626078671> -> 6 HP bằng (môi trường/khác) -> [Chicoarun] <STEAM_1:0:952954061>
L 09/05/2026 - 21:53:15: [FF] [chimxanh] <STEAM_1:1:626078671> -> 6 HP bằng (môi trường/khác) -> [boviet666] <STEAM_1:0:963323015>
L 09/05/2026 - 21:53:15: [FF] [chimxanh] <STEAM_1:1:626078671> -> 6 HP bằng (môi trường/khác) -> [Chicoarun] <STEAM_1:0:952954061>
L 09/05/2026 - 21:53:15: [FF] [chimxanh] <STEAM_1:1:626078671> -> 6 HP bằng (môi trường/khác) -> [Chicoarun] <STEAM_1:0:952954061>
L 09/05/2026 - 21:53:15: [FF] [chimxanh] <STEAM_1:1:626078671> -> 6 HP bằng (môi trường/khác) -> [Chicoarun] <STEAM_1:0:952954061>
L 09/05/2026 - 21:53:15: [FF] [chimxanh] <STEAM_1:1:626078671> -> 6 HP bằng (môi trường/khác) -> [Chicoarun] <STEAM_1:0:952954061>
L 09/05/2026 - 21:53:15: [FF] [chimxanh] <STEAM_1:1:626078671> -> 6 HP bằng (môi trường/khác) -> [boviet666] <STEAM_1:0:963323015>
L 09/05/2026 - 21:53:15: [FF] [chimxanh] <STEAM_1:1:626078671> -> 6 HP bằng (môi trường/khác) -> [boviet666] <STEAM_1:0:963323015>
L 09/05/2026 - 21:53:15: [FF] [chimxanh] <STEAM_1:1:626078671> -> 6 HP bằng (môi trường/khác) -> [Chicoarun] <STEAM_1:0:952954061>
L 09/05/2026 - 21:53:15: [FF] [chimxanh] <STEAM_1:1:626078671> -> 6 HP bằng (môi trường/khác) -> [Chicoarun] <STEAM_1:0:952954061>
L 09/05/2026 - 21:53:15: [FF] [chimxanh] <STEAM_1:1:626078671> -> 6 HP bằng (môi trường/khác) -> [Chicoarun] <STEAM_1:0:952954061>
L 09/05/2026 - 21:53:16: [FF] [chimxanh] <STEAM_1:1:626078671> -> 6 HP bằng (môi trường/khác) -> [Chicoarun] <STEAM_1:0:952954061>
L 09/05/2026 - 21:53:16: [FF] [chimxanh] <STEAM_1:1:626078671> -> 6 HP bằng (môi trường/khác) -> [Chicoarun] <STEAM_1:0:952954061>
L 09/05/2026 - 21:53:16: [HẠ GỤC] chimxanh <STEAM_1:1:626078671> đã hạ gục Chicoarun <STEAM_1:0:952954061> bằng (môi trường/khác)
L 09/05/2026 - 21:53:17: [FF] [chimxanh] <STEAM_1:1:626078671> -> 6 HP bằng (môi trường/khác) -> [Chicoarun] <STEAM_1:0:952954061>
L 09/05/2026 - 21:53:17: [FF] [chimxanh] <STEAM_1:1:626078671> -> 6 HP bằng (môi trường/khác) -> [Chicoarun] <STEAM_1:0:952954061>
L 09/05/2026 - 21:53:18: [FF] [chimxanh] <STEAM_1:1:626078671> -> 6 HP bằng (môi trường/khác) -> [Chicoarun] <STEAM_1:0:952954061>
L 09/05/2026 - 21:53:18: [FF] [chimxanh] <STEAM_1:1:626078671> -> 6 HP bằng (môi trường/khác) -> [Chicoarun] <STEAM_1:0:952954061>
L 09/05/2026 - 21:53:18: [FF] [chimxanh] <STEAM_1:1:626078671> -> 6 HP bằng (môi trường/khác) -> [Chicoarun] <STEAM_1:0:952954061>
L 09/05/2026 - 21:53:18: [FF] [chimxanh] <STEAM_1:1:626078671> -> 6 HP bằng (môi trường/khác) -> [boviet666] <STEAM_1:0:963323015>
L 09/05/2026 - 21:53:18: [FF] [chimxanh] <STEAM_1:1:626078671> -> 6 HP bằng (môi trường/khác) -> [boviet666] <STEAM_1:0:963323015>
L 09/05/2026 - 21:53:18: [FF] [chimxanh] <STEAM_1:1:626078671> -> 6 HP bằng (môi trường/khác) -> [Chicoarun] <STEAM_1:0:952954061>
L 09/05/2026 - 21:53:18: [FF] [chimxanh] <STEAM_1:1:626078671> -> 6 HP bằng (môi trường/khác) -> [Chicoarun] <STEAM_1:0:952954061>
L 09/05/2026 - 21:53:18: [FF] [chimxanh] <STEAM_1:1:626078671> -> 6 HP bằng (môi trường/khác) -> [Chicoarun] <STEAM_1:0:952954061>
L 09/05/2026 - 21:53:18: [FF] [chimxanh] <STEAM_1:1:626078671> -> 6 HP bằng (môi trường/khác) -> [Chicoarun] <STEAM_1:0:952954061>
L 09/05/2026 - 21:53:19: [FF] [chimxanh] <STEAM_1:1:626078671> -> 6 HP bằng (môi trường/khác) -> [Chicoarun] <STEAM_1:0:952954061>
L 09/05/2026 - 21:53:19: [FF] [chimxanh] <STEAM_1:1:626078671> -> 6 HP bằng (môi trường/khác) -> [Chicoarun] <STEAM_1:0:952954061>
L 09/05/2026 - 21:53:19: [FF] [chimxanh] <STEAM_1:1:626078671> -> 6 HP bằng (môi trường/khác) -> [boviet666] <STEAM_1:0:963323015>
L 09/05/2026 - 21:53:19: [FF] [chimxanh] <STEAM_1:1:626078671> -> 6 HP bằng (môi trường/khác) -> [boviet666] <STEAM_1:0:963323015>
L 09/05/2026 - 21:53:19: [FF] [chimxanh] <STEAM_1:1:626078671> -> 6 HP bằng (môi trường/khác) -> [boviet666] <STEAM_1:0:963323015>
L 09/05/2026 - 21:53:19: [FF] [chimxanh] <STEAM_1:1:626078671> -> 6 HP bằng (môi trường/khác) -> [Chicoarun] <STEAM_1:0:952954061>
L 09/05/2026 - 21:53:19: [FF] [chimxanh] <STEAM_1:1:626078671> -> 6 HP bằng (môi trường/khác) -> [Chicoarun] <STEAM_1:0:952954061>
L 09/05/2026 - 21:53:19: [FF] [chimxanh] <STEAM_1:1:626078671> -> 6 HP bằng (môi trường/khác) -> [boviet666] <STEAM_1:0:963323015>
L 09/05/2026 - 21:53:19: [FF] [chimxanh] <STEAM_1:1:626078671> -> 6 HP bằng (môi trường/khác) -> [boviet666] <STEAM_1:0:963323015>
L 09/05/2026 - 21:53:20: [FF] [chimxanh] <STEAM_1:1:626078671> -> 6 HP bằng (môi trường/khác) -> [boviet666] <STEAM_1:0:963323015>
L 09/05/2026 - 21:53:20: [FF] [chimxanh] <STEAM_1:1:626078671> -> 6 HP bằng (môi trường/khác) -> [boviet666] <STEAM_1:0:963323015>
L 09/05/2026 - 21:53:20: [FF] [chimxanh] <STEAM_1:1:626078671> -> 6 HP bằng (môi trường/khác) -> [boviet666] <STEAM_1:0:963323015>
L 09/05/2026 - 21:53:20: [FF] [chimxanh] <STEAM_1:1:626078671> -> 6 HP bằng (môi trường/khác) -> [Chicoarun] <STEAM_1:0:952954061>
L 09/05/2026 - 21:53:20: [FF] [chimxanh] <STEAM_1:1:626078671> -> 6 HP bằng (môi trường/khác) -> [Chicoarun] <STEAM_1:0:952954061>
L 09/05/2026 - 21:53:21: [FF] [chimxanh] <STEAM_1:1:626078671> -> 6 HP bằng (môi trường/khác) -> [Chicoarun] <STEAM_1:0:952954061>
L 09/05/2026 - 21:53:21: [FF] [chimxanh] <STEAM_1:1:626078671> -> 6 HP bằng (môi trường/khác) -> [boviet666] <STEAM_1:0:963323015>
L 09/05/2026 - 21:53:21: [FF] [chimxanh] <STEAM_1:1:626078671> -> 6 HP bằng (môi trường/khác) -> [boviet666] <STEAM_1:0:963323015>
L 09/05/2026 - 21:53:21: [FF] [chimxanh] <STEAM_1:1:626078671> -> 6 HP bằng (môi trường/khác) -> [boviet666] <STEAM_1:0:963323015>
L 09/05/2026 - 21:53:21: [FF] [chimxanh] <STEAM_1:1:626078671> -> 6 HP bằng (môi trường/khác) -> [boviet666] <STEAM_1:0:963323015>
L 09/05/2026 - 21:53:21: [FF] [chimxanh] <STEAM_1:1:626078671> -> 6 HP bằng (môi trường/khác) -> [boviet666] <STEAM_1:0:963323015>
L 09/05/2026 - 21:53:21: [FF] [chimxanh] <STEAM_1:1:626078671> -> 6 HP bằng (môi trường/khác) -> [boviet666] <STEAM_1:0:963323015>
L 09/05/2026 - 21:53:21: [FF] [chimxanh] <STEAM_1:1:626078671> -> 6 HP bằng (môi trường/khác) -> [boviet666] <STEAM_1:0:963323015>
L 09/05/2026 - 21:53:21: [FF] [chimxanh] <STEAM_1:1:626078671> -> 6 HP bằng (môi trường/khác) -> [boviet666] <STEAM_1:0:963323015>
L 09/05/2026 - 21:53:26: [FF] [Holo 40k] <STEAM_1:1:925049770> -> 6 HP bằng (môi trường/khác) -> [Rïçēz] <STEAM_1:1:558962692>
L 09/05/2026 - 21:53:26: [FF] [Holo 40k] <STEAM_1:1:925049770> -> 6 HP bằng (môi trường/khác) -> [Rïçēz] <STEAM_1:1:558962692>
L 09/05/2026 - 21:53:26: [FF] [Holo 40k] <STEAM_1:1:925049770> -> 6 HP bằng (môi trường/khác) -> [Rïçēz] <STEAM_1:1:558962692>
L 09/05/2026 - 21:53:26: [FF] [Holo 40k] <STEAM_1:1:925049770> -> 6 HP bằng (môi trường/khác) -> [Rïçēz] <STEAM_1:1:558962692>
L 09/05/2026 - 21:53:26: [FF] [Holo 40k] <STEAM_1:1:925049770> -> 6 HP bằng (môi trường/khác) -> [Rïçēz] <STEAM_1:1:558962692>
L 09/05/2026 - 21:53:26: [FF] [Holo 40k] <STEAM_1:1:925049770> -> 6 HP bằng (môi trường/khác) -> [Rïçēz] <STEAM_1:1:558962692>
L 09/05/2026 - 21:53:26: [FF] [Holo 40k] <STEAM_1:1:925049770> -> 6 HP bằng (môi trường/khác) -> [Rïçēz] <STEAM_1:1:558962692>
L 09/05/2026 - 21:53:27: [FF] [Holo 40k] <STEAM_1:1:925049770> -> 6 HP bằng (môi trường/khác) -> [Rïçēz] <STEAM_1:1:558962692>
L 09/05/2026 - 21:53:27: [FF] [Holo 40k] <STEAM_1:1:925049770> -> 6 HP bằng (môi trường/khác) -> [Rïçēz] <STEAM_1:1:558962692>
L 09/05/2026 - 21:53:27: [FF] [Holo 40k] <STEAM_1:1:925049770> -> 6 HP bằng (môi trường/khác) -> [Rïçēz] <STEAM_1:1:558962692>
L 09/05/2026 - 21:53:27: [HẠ GỤC] Tank <BOT> đã hạ gục Curren Bouquetd'or <STEAM_1:1:524205977> bằng (zombie cào/đấm)
L 09/05/2026 - 21:53:28: [FF] [None :D] <STEAM_1:0:578030381> -> 1 HP bằng (boom/fire) -> [Curren Bouquetd'or] <STEAM_1:1:524205977>
L 09/05/2026 - 21:53:28: [FF] [Holo 40k] <STEAM_1:1:925049770> -> 6 HP bằng (môi trường/khác) -> [Rïçēz] <STEAM_1:1:558962692>
L 09/05/2026 - 21:53:28: [FF] [Holo 40k] <STEAM_1:1:925049770> -> 6 HP bằng (môi trường/khác) -> [Rïçēz] <STEAM_1:1:558962692>
L 09/05/2026 - 21:53:29: [FF] [Holo 40k] <STEAM_1:1:925049770> -> 6 HP bằng (môi trường/khác) -> [KeroN] <STEAM_1:1:161759963>
L 09/05/2026 - 21:53:29: [FF] [Holo 40k] <STEAM_1:1:925049770> -> 6 HP bằng (môi trường/khác) -> [Curren Bouquetd'or] <STEAM_1:1:524205977>
L 09/05/2026 - 21:53:29: [FF] [Holo 40k] <STEAM_1:1:925049770> -> 6 HP bằng (môi trường/khác) -> [chimxanh] <STEAM_1:1:626078671>
L 09/05/2026 - 21:53:29: [FF] [Holo 40k] <STEAM_1:1:925049770> -> 6 HP bằng (môi trường/khác) -> [chimxanh] <STEAM_1:1:626078671>
L 09/05/2026 - 21:53:29: [FF] [Holo 40k] <STEAM_1:1:925049770> -> 6 HP bằng (môi trường/khác) -> [chimxanh] <STEAM_1:1:626078671>
L 09/05/2026 - 21:53:29: [FF] [Holo 40k] <STEAM_1:1:925049770> -> 6 HP bằng (môi trường/khác) -> [chimxanh] <STEAM_1:1:626078671>
L 09/05/2026 - 21:53:29: [FF] [Holo 40k] <STEAM_1:1:925049770> -> 6 HP bằng (môi trường/khác) -> [chimxanh] <STEAM_1:1:626078671>
L 09/05/2026 - 21:53:29: [FF] [Holo 40k] <STEAM_1:1:925049770> -> 6 HP bằng (môi trường/khác) -> [chimxanh] <STEAM_1:1:626078671>
L 09/05/2026 - 21:53:29: [FF] [Holo 40k] <STEAM_1:1:925049770> -> 6 HP bằng (môi trường/khác) -> [Curren Bouquetd'or] <STEAM_1:1:524205977>
L 09/05/2026 - 21:53:30: [FF] [Holo 40k] <STEAM_1:1:925049770> -> 6 HP bằng (môi trường/khác) -> [chimxanh] <STEAM_1:1:626078671>
L 09/05/2026 - 21:53:30: [FF] [Holo 40k] <STEAM_1:1:925049770> -> 6 HP bằng (môi trường/khác) -> [Curren Bouquetd'or] <STEAM_1:1:524205977>
L 09/05/2026 - 21:53:30: [FF] [Holo 40k] <STEAM_1:1:925049770> -> 6 HP bằng (môi trường/khác) -> [Rïçēz] <STEAM_1:1:558962692>
L 09/05/2026 - 21:53:30: [FF] [Holo 40k] <STEAM_1:1:925049770> -> 6 HP bằng (môi trường/khác) -> [chimxanh] <STEAM_1:1:626078671>
L 09/05/2026 - 21:53:30: [FF] [Holo 40k] <STEAM_1:1:925049770> -> 6 HP bằng (môi trường/khác) -> [Curren Bouquetd'or] <STEAM_1:1:524205977>
L 09/05/2026 - 21:53:30: [FF] [Holo 40k] <STEAM_1:1:925049770> -> 6 HP bằng (môi trường/khác) -> [Curren Bouquetd'or] <STEAM_1:1:524205977>
L 09/05/2026 - 21:53:30: [FF] [Holo 40k] <STEAM_1:1:925049770> -> 6 HP bằng (môi trường/khác) -> [chimxanh] <STEAM_1:1:626078671>
L 09/05/2026 - 21:53:35: [FF] [Holo 40k] <STEAM_1:1:925049770> -> 6 HP bằng (môi trường/khác) -> [None :D] <STEAM_1:0:578030381>
L 09/05/2026 - 21:53:35: [FF] [Holo 40k] <STEAM_1:1:925049770> -> 6 HP bằng (môi trường/khác) -> [None :D] <STEAM_1:0:578030381>
L 09/05/2026 - 21:53:36: [FF] [Holo 40k] <STEAM_1:1:925049770> -> 6 HP bằng (môi trường/khác) -> [None :D] <STEAM_1:0:578030381>
L 09/05/2026 - 21:53:36: [FF] [Holo 40k] <STEAM_1:1:925049770> -> 6 HP bằng (môi trường/khác) -> [None :D] <STEAM_1:0:578030381>
L 09/05/2026 - 21:53:36: [FF] [Holo 40k] <STEAM_1:1:925049770> -> 6 HP bằng (môi trường/khác) -> [None :D] <STEAM_1:0:578030381>
L 09/05/2026 - 21:53:36: [FF] [Holo 40k] <STEAM_1:1:925049770> -> 6 HP bằng (môi trường/khác) -> [None :D] <STEAM_1:0:578030381>
L 09/05/2026 - 21:53:36: [FF] [Holo 40k] <STEAM_1:1:925049770> -> 6 HP bằng (môi trường/khác) -> [None :D] <STEAM_1:0:578030381>
L 09/05/2026 - 21:53:38: [FF] [Holo 40k] <STEAM_1:1:925049770> -> 6 HP bằng (môi trường/khác) -> [None :D] <STEAM_1:0:578030381>
L 09/05/2026 - 21:53:38: [FF] [Holo 40k] <STEAM_1:1:925049770> -> 6 HP bằng (môi trường/khác) -> [None :D] <STEAM_1:0:578030381>
L 09/05/2026 - 21:53:38: [FF] [Holo 40k] <STEAM_1:1:925049770> -> 6 HP bằng (môi trường/khác) -> [None :D] <STEAM_1:0:578030381>
L 09/05/2026 - 21:53:38: [HẠ GỤC] Holo 40k <STEAM_1:1:925049770> đã hạ gục None :D <STEAM_1:0:578030381> bằng (môi trường/khác)
L 09/05/2026 - 21:53:38: [FF] [Holo 40k] <STEAM_1:1:925049770> -> 6 HP bằng (môi trường/khác) -> [None :D] <STEAM_1:0:578030381>
L 09/05/2026 - 21:53:38: [FF] [Holo 40k] <STEAM_1:1:925049770> -> 6 HP bằng (môi trường/khác) -> [None :D] <STEAM_1:0:578030381>
L 09/05/2026 - 21:53:38: [FF] [Holo 40k] <STEAM_1:1:925049770> -> 6 HP bằng (môi trường/khác) -> [None :D] <STEAM_1:0:578030381>
L 09/05/2026 - 21:53:38: [FF] [Holo 40k] <STEAM_1:1:925049770> -> 6 HP bằng (môi trường/khác) -> [None :D] <STEAM_1:0:578030381>
L 09/05/2026 - 21:53:38: [FF] [Holo 40k] <STEAM_1:1:925049770> -> 6 HP bằng (môi trường/khác) -> [None :D] <STEAM_1:0:578030381>
L 09/05/2026 - 21:53:38: [FF] [Holo 40k] <STEAM_1:1:925049770> -> 6 HP bằng (môi trường/khác) -> [None :D] <STEAM_1:0:578030381>
L 09/05/2026 - 21:53:39: [FF] [Holo 40k] <STEAM_1:1:925049770> -> 6 HP bằng (môi trường/khác) -> [None :D] <STEAM_1:0:578030381>
L 09/05/2026 - 21:53:39: [FF] [Holo 40k] <STEAM_1:1:925049770> -> 6 HP bằng (môi trường/khác) -> [None :D] <STEAM_1:0:578030381>
L 09/05/2026 - 21:53:39: [FF] [Holo 40k] <STEAM_1:1:925049770> -> 6 HP bằng (môi trường/khác) -> [None :D] <STEAM_1:0:578030381>
L 09/05/2026 - 21:53:39: [FF] [Holo 40k] <STEAM_1:1:925049770> -> 6 HP bằng (môi trường/khác) -> [None :D] <STEAM_1:0:578030381>
L 09/05/2026 - 21:53:39: [FF] [Holo 40k] <STEAM_1:1:925049770> -> 6 HP bằng (môi trường/khác) -> [None :D] <STEAM_1:0:578030381>
L 09/05/2026 - 21:53:39: [FF] [Holo 40k] <STEAM_1:1:925049770> -> 6 HP bằng (môi trường/khác) -> [None :D] <STEAM_1:0:578030381>
L 09/05/2026 - 21:53:39: [FF] [Holo 40k] <STEAM_1:1:925049770> -> 6 HP bằng (môi trường/khác) -> [None :D] <STEAM_1:0:578030381>
L 09/05/2026 - 21:53:39: [FF] [Holo 40k] <STEAM_1:1:925049770> -> 6 HP bằng (môi trường/khác) -> [None :D] <STEAM_1:0:578030381>
L 09/05/2026 - 21:53:40: [FF] [Holo 40k] <STEAM_1:1:925049770> -> 6 HP bằng (môi trường/khác) -> [None :D] <STEAM_1:0:578030381>
L 09/05/2026 - 21:53:40: [FF] [Holo 40k] <STEAM_1:1:925049770> -> 6 HP bằng (môi trường/khác) -> [None :D] <STEAM_1:0:578030381>
L 09/05/2026 - 21:53:40: [FF] [Holo 40k] <STEAM_1:1:925049770> -> 6 HP bằng (môi trường/khác) -> [None :D] <STEAM_1:0:578030381>
L 09/05/2026 - 21:53:40: [FF] [Holo 40k] <STEAM_1:1:925049770> -> 6 HP bằng (môi trường/khác) -> [None :D] <STEAM_1:0:578030381>
L 09/05/2026 - 21:53:40: [FF] [Holo 40k] <STEAM_1:1:925049770> -> 6 HP bằng (môi trường/khác) -> [Bảo Nguyên] <STEAM_1:0:218160880>
L 09/05/2026 - 21:53:40: [FF] [Holo 40k] <STEAM_1:1:925049770> -> 6 HP bằng (môi trường/khác) -> [Bảo Nguyên] <STEAM_1:0:218160880>
L 09/05/2026 - 21:53:40: [FF] [Holo 40k] <STEAM_1:1:925049770> -> 6 HP bằng (môi trường/khác) -> [None :D] <STEAM_1:0:578030381>
L 09/05/2026 - 21:53:40: [FF] [Holo 40k] <STEAM_1:1:925049770> -> 6 HP bằng (môi trường/khác) -> [Bảo Nguyên] <STEAM_1:0:218160880>
L 09/05/2026 - 21:53:41: [FF] [Holo 40k] <STEAM_1:1:925049770> -> 6 HP bằng (môi trường/khác) -> [None :D] <STEAM_1:0:578030381>
L 09/05/2026 - 21:53:41: [FF] [Holo 40k] <STEAM_1:1:925049770> -> 6 HP bằng (môi trường/khác) -> [Bảo Nguyên] <STEAM_1:0:218160880>
L 09/05/2026 - 21:53:41: [FF] [Holo 40k] <STEAM_1:1:925049770> -> 6 HP bằng (môi trường/khác) -> [None :D] <STEAM_1:0:578030381>
L 09/05/2026 - 21:53:41: [FF] [Holo 40k] <STEAM_1:1:925049770> -> 6 HP bằng (môi trường/khác) -> [None :D] <STEAM_1:0:578030381>
L 09/05/2026 - 21:53:41: [FF] [Holo 40k] <STEAM_1:1:925049770> -> 6 HP bằng (môi trường/khác) -> [Bảo Nguyên] <STEAM_1:0:218160880>
L 09/05/2026 - 21:53:41: [FF] [Holo 40k] <STEAM_1:1:925049770> -> 6 HP bằng (môi trường/khác) -> [None :D] <STEAM_1:0:578030381>
L 09/05/2026 - 21:53:41: [FF] [Holo 40k] <STEAM_1:1:925049770> -> 6 HP bằng (môi trường/khác) -> [None :D] <STEAM_1:0:578030381>
L 09/05/2026 - 21:53:46: [FF] [None :D] <STEAM_1:0:578030381> -> 25 HP bằng (súng) -> [Holo 40k] <STEAM_1:1:925049770>
L 09/05/2026 - 21:54:43: [FF] [Lê Hải] <STEAM_1:0:471595906> -> 31 HP bằng (súng) -> [Nick] <BOT>
L 09/05/2026 - 21:54:43: [HẠ GỤC] Spitter Bot <BOT> đã hạ gục Nick <BOT> bằng (môi trường/khác)
L 09/05/2026 - 21:54:44: [HẠ GỤC] Spitter Bot <BOT> đã hạ gục Bảo Nguyên <STEAM_1:0:218160880> bằng (môi trường/khác)
L 09/05/2026 - 21:54:47: [FF] [Curren Bouquetd'or] <STEAM_1:1:524205977> -> 3 HP bằng (súng) -> [nikola25645] <STEAM_1:1:782248349>
L 09/05/2026 - 21:54:47: [FF] [Curren Bouquetd'or] <STEAM_1:1:524205977> -> 3 HP bằng (súng) -> [nikola25645] <STEAM_1:1:782248349>
L 09/05/2026 - 21:54:48: [FF] [nikola25645] <STEAM_1:1:782248349> -> 1 HP bằng (súng) -> [Curren Bouquetd'or] <STEAM_1:1:524205977>
L 09/05/2026 - 21:54:48: [FF] [nikola25645] <STEAM_1:1:782248349> -> 1 HP bằng (súng) -> [Curren Bouquetd'or] <STEAM_1:1:524205977>
L 09/05/2026 - 21:54:49: [FF] [Curren Bouquetd'or] <STEAM_1:1:524205977> -> 3 HP bằng (súng) -> [Nick] <BOT>
L 09/05/2026 - 21:54:49: [FF] [Curren Bouquetd'or] <STEAM_1:1:524205977> -> 3 HP bằng (súng) -> [Nick] <BOT>
L 09/05/2026 - 21:54:51: [FF] [nikola25645] <STEAM_1:1:782248349> -> 2 HP bằng (súng) -> [Holo 40k] <STEAM_1:1:925049770>
L 09/05/2026 - 21:54:52: [FF] [nikola25645] <STEAM_1:1:782248349> -> 1 HP bằng (súng) -> [Curren Bouquetd'or] <STEAM_1:1:524205977>
L 09/05/2026 - 21:54:52: [FF] [nikola25645] <STEAM_1:1:782248349> -> 1 HP bằng (súng) -> [Curren Bouquetd'or] <STEAM_1:1:524205977>
L 09/05/2026 - 21:54:52: [FF] [nikola25645] <STEAM_1:1:782248349> -> 1 HP bằng (súng) -> [Holo 40k] <STEAM_1:1:925049770>
L 09/05/2026 - 21:54:52: [FF] [nikola25645] <STEAM_1:1:782248349> -> 1 HP bằng (súng) -> [Holo 40k] <STEAM_1:1:925049770>
L 09/05/2026 - 21:54:53: [FF] [Holo 40k] <STEAM_1:1:925049770> -> 7 HP bằng (melee) -> [chimxanh] <STEAM_1:1:626078671>
L 09/05/2026 - 21:55:03: [FF] [boviet666] <STEAM_1:0:963323015> -> 3 HP bằng (súng) -> [chimxanh] <STEAM_1:1:626078671>
L 09/05/2026 - 21:55:03: [FF] [boviet666] <STEAM_1:0:963323015> -> 3 HP bằng (súng) -> [chimxanh] <STEAM_1:1:626078671>
L 09/05/2026 - 21:55:03: [FF] [boviet666] <STEAM_1:0:963323015> -> 3 HP bằng (súng) -> [chimxanh] <STEAM_1:1:626078671>
L 09/05/2026 - 21:55:03: [FF] [boviet666] <STEAM_1:0:963323015> -> 3 HP bằng (súng) -> [nikola25645] <STEAM_1:1:782248349>
L 09/05/2026 - 21:55:03: [FF] [boviet666] <STEAM_1:0:963323015> -> 3 HP bằng (súng) -> [nikola25645] <STEAM_1:1:782248349>
L 09/05/2026 - 21:55:03: [FF] [boviet666] <STEAM_1:0:963323015> -> 3 HP bằng (súng) -> [nikola25645] <STEAM_1:1:782248349>
L 09/05/2026 - 21:55:03: [FF] [boviet666] <STEAM_1:0:963323015> -> 3 HP bằng (súng) -> [chimxanh] <STEAM_1:1:626078671>
L 09/05/2026 - 21:55:04: [FF] [boviet666] <STEAM_1:0:963323015> -> 3 HP bằng (súng) -> [Holo 40k] <STEAM_1:1:925049770>
L 09/05/2026 - 21:55:04: [FF] [boviet666] <STEAM_1:0:963323015> -> 3 HP bằng (súng) -> [Holo 40k] <STEAM_1:1:925049770>
L 09/05/2026 - 21:55:04: [FF] [boviet666] <STEAM_1:0:963323015> -> 3 HP bằng (súng) -> [Holo 40k] <STEAM_1:1:925049770>
L 09/05/2026 - 21:55:04: [FF] [boviet666] <STEAM_1:0:963323015> -> 3 HP bằng (súng) -> [Holo 40k] <STEAM_1:1:925049770>
L 09/05/2026 - 21:55:04: [FF] [boviet666] <STEAM_1:0:963323015> -> 3 HP bằng (súng) -> [Holo 40k] <STEAM_1:1:925049770>
L 09/05/2026 - 21:55:04: [FF] [boviet666] <STEAM_1:0:963323015> -> 3 HP bằng (súng) -> [Holo 40k] <STEAM_1:1:925049770>
L 09/05/2026 - 21:55:04: [FF] [boviet666] <STEAM_1:0:963323015> -> 3 HP bằng (súng) -> [Holo 40k] <STEAM_1:1:925049770>
L 09/05/2026 - 21:55:04: [FF] [boviet666] <STEAM_1:0:963323015> -> 3 HP bằng (súng) -> [Holo 40k] <STEAM_1:1:925049770>
L 09/05/2026 - 21:55:04: [FF] [boviet666] <STEAM_1:0:963323015> -> 3 HP bằng (súng) -> [Holo 40k] <STEAM_1:1:925049770>
L 09/05/2026 - 21:55:04: [FF] [boviet666] <STEAM_1:0:963323015> -> 3 HP bằng (súng) -> [Holo 40k] <STEAM_1:1:925049770>
L 09/05/2026 - 21:55:04: [FF] [boviet666] <STEAM_1:0:963323015> -> 3 HP bằng (súng) -> [Holo 40k] <STEAM_1:1:925049770>
L 09/05/2026 - 21:55:04: [FF] [boviet666] <STEAM_1:0:963323015> -> 3 HP bằng (súng) -> [Holo 40k] <STEAM_1:1:925049770>
L 09/05/2026 - 21:55:04: [FF] [boviet666] <STEAM_1:0:963323015> -> 3 HP bằng (súng) -> [Holo 40k] <STEAM_1:1:925049770>
L 09/05/2026 - 21:55:04: [FF] [boviet666] <STEAM_1:0:963323015> -> 3 HP bằng (súng) -> [Holo 40k] <STEAM_1:1:925049770>
L 09/05/2026 - 21:55:04: [FF] [boviet666] <STEAM_1:0:963323015> -> 3 HP bằng (súng) -> [Holo 40k] <STEAM_1:1:925049770>
L 09/05/2026 - 21:55:04: [FF] [boviet666] <STEAM_1:0:963323015> -> 3 HP bằng (súng) -> [Holo 40k] <STEAM_1:1:925049770>
L 09/05/2026 - 21:55:09: [FF] [None :D] <STEAM_1:0:578030381> -> 16 HP bằng (boom/fire) -> [chimxanh] <STEAM_1:1:626078671>
L 09/05/2026 - 21:55:09: [FF] [None :D] <STEAM_1:0:578030381> -> 16 HP bằng (boom/fire) -> [chimxanh] <STEAM_1:1:626078671>
L 09/05/2026 - 21:55:10: [FF] [None :D] <STEAM_1:0:578030381> -> 16 HP bằng (boom/fire) -> [chimxanh] <STEAM_1:1:626078671>
L 09/05/2026 - 21:55:10: [FF] [None :D] <STEAM_1:0:578030381> -> 16 HP bằng (boom/fire) -> [chimxanh] <STEAM_1:1:626078671>
L 09/05/2026 - 21:55:10: [FF] [None :D] <STEAM_1:0:578030381> -> 16 HP bằng (boom/fire) -> [chimxanh] <STEAM_1:1:626078671>
L 09/05/2026 - 21:55:10: [FF] [None :D] <STEAM_1:0:578030381> -> 16 HP bằng (boom/fire) -> [chimxanh] <STEAM_1:1:626078671>
L 09/05/2026 - 21:55:10: [HẠ GỤC] None :D <STEAM_1:0:578030381> đã hạ gục chimxanh <STEAM_1:1:626078671> bằng (boom/fire)
L 09/05/2026 - 21:55:11: [FF] [None :D] <STEAM_1:0:578030381> -> 16 HP bằng (boom/fire) -> [chimxanh] <STEAM_1:1:626078671>
L 09/05/2026 - 21:55:11: [FF] [None :D] <STEAM_1:0:578030381> -> 16 HP bằng (boom/fire) -> [chimxanh] <STEAM_1:1:626078671>
L 09/05/2026 - 21:55:11: [FF] [None :D] <STEAM_1:0:578030381> -> 16 HP bằng (boom/fire) -> [chimxanh] <STEAM_1:1:626078671>
L 09/05/2026 - 21:55:15: [FF] [None :D] <STEAM_1:0:578030381> -> 16 HP bằng (boom/fire) -> [Holo 40k] <STEAM_1:1:925049770>
L 09/05/2026 - 21:55:15: [FF] [None :D] <STEAM_1:0:578030381> -> 16 HP bằng (boom/fire) -> [Holo 40k] <STEAM_1:1:925049770>
L 09/05/2026 - 21:55:15: [FF] [None :D] <STEAM_1:0:578030381> -> 16 HP bằng (boom/fire) -> [Chicoarun] <STEAM_1:0:952954061>
L 09/05/2026 - 21:55:15: [FF] [None :D] <STEAM_1:0:578030381> -> 16 HP bằng (boom/fire) -> [Holo 40k] <STEAM_1:1:925049770>
L 09/05/2026 - 21:55:15: [FF] [None :D] <STEAM_1:0:578030381> -> 16 HP bằng (boom/fire) -> [Chicoarun] <STEAM_1:0:952954061>
L 09/05/2026 - 21:55:15: [HẠ GỤC] None :D <STEAM_1:0:578030381> đã hạ gục Holo 40k <STEAM_1:1:925049770> bằng (boom/fire)
L 09/05/2026 - 21:55:15: [FF] [None :D] <STEAM_1:0:578030381> -> 16 HP bằng (boom/fire) -> [Chicoarun] <STEAM_1:0:952954061>
L 09/05/2026 - 21:55:16: [FF] [None :D] <STEAM_1:0:578030381> -> 16 HP bằng (boom/fire) -> [Holo 40k] <STEAM_1:1:925049770>
L 09/05/2026 - 21:55:16: [FF] [None :D] <STEAM_1:0:578030381> -> 16 HP bằng (boom/fire) -> [Chicoarun] <STEAM_1:0:952954061>
L 09/05/2026 - 21:55:16: [FF] [None :D] <STEAM_1:0:578030381> -> 16 HP bằng (boom/fire) -> [Holo 40k] <STEAM_1:1:925049770>
L 09/05/2026 - 21:55:16: [HẠ GỤC] None :D <STEAM_1:0:578030381> đã hạ gục Chicoarun <STEAM_1:0:952954061> bằng (boom/fire)
L 09/05/2026 - 21:55:16: [FF] [None :D] <STEAM_1:0:578030381> -> 16 HP bằng (boom/fire) -> [Holo 40k] <STEAM_1:1:925049770>
L 09/05/2026 - 21:55:16: [FF] [None :D] <STEAM_1:0:578030381> -> 16 HP bằng (boom/fire) -> [Chicoarun] <STEAM_1:0:952954061>
L 09/05/2026 - 21:55:16: [FF] [None :D] <STEAM_1:0:578030381> -> 16 HP bằng (boom/fire) -> [Chicoarun] <STEAM_1:0:952954061>
L 09/05/2026 - 21:55:16: [FF] [None :D] <STEAM_1:0:578030381> -> 16 HP bằng (boom/fire) -> [Holo 40k] <STEAM_1:1:925049770>
L 09/05/2026 - 21:55:16: [FF] [None :D] <STEAM_1:0:578030381> -> 16 HP bằng (boom/fire) -> [Chicoarun] <STEAM_1:0:952954061>
L 09/05/2026 - 21:55:16: [FF] [None :D] <STEAM_1:0:578030381> -> 16 HP bằng (boom/fire) -> [Holo 40k] <STEAM_1:1:925049770>
L 09/05/2026 - 21:55:17: [FF] [None :D] <STEAM_1:0:578030381> -> 16 HP bằng (boom/fire) -> [Chicoarun] <STEAM_1:0:952954061>
L 09/05/2026 - 21:55:17: [FF] [None :D] <STEAM_1:0:578030381> -> 16 HP bằng (boom/fire) -> [Holo 40k] <STEAM_1:1:925049770>
L 09/05/2026 - 21:55:17: [FF] [None :D] <STEAM_1:0:578030381> -> 16 HP bằng (boom/fire) -> [Chicoarun] <STEAM_1:0:952954061>
L 09/05/2026 - 21:55:17: [FF] [None :D] <STEAM_1:0:578030381> -> 16 HP bằng (boom/fire) -> [Holo 40k] <STEAM_1:1:925049770>
L 09/05/2026 - 21:55:47: [HẠ GỤC] Bảo Nguyên <STEAM_1:0:218160880> đã hạ gục Bảo Nguyên <STEAM_1:0:218160880> bằng (boom/fire)
L 09/05/2026 - 21:56:01: [HẠ GỤC] Zombie/Witch/Môi trường <N/A> đã hạ gục Curren Bouquetd'or <STEAM_1:1:524205977> bằng (môi trường/khác)
L 09/05/2026 - 21:56:19: [FF] [boviet666] <STEAM_1:0:963323015> -> 1 HP bằng (môi trường/khác) -> [Bảo Nguyên] <STEAM_1:0:218160880>
L 09/05/2026 - 21:56:28: [FF] [Rïçēz] <STEAM_1:1:558962692> -> 1 HP bằng (môi trường/khác) -> [Bảo Nguyên] <STEAM_1:0:218160880>
L 09/05/2026 - 21:56:30: [FF] [boviet666] <STEAM_1:0:963323015> -> 16 HP bằng (boom/fire) -> [Holo 40k] <STEAM_1:1:925049770>
L 09/05/2026 - 21:56:30: [HẠ GỤC] boviet666 <STEAM_1:0:963323015> đã hạ gục Holo 40k <STEAM_1:1:925049770> bằng (boom/fire)
L 09/05/2026 - 21:56:44: [FF] [Bảo Nguyên] <STEAM_1:0:218160880> -> 9 HP bằng (súng) -> [Chicoarun] <STEAM_1:0:952954061>
L 09/05/2026 - 21:56:49: [FF] [nikola25645] <STEAM_1:1:782248349> -> 3 HP bằng (môi trường/khác) -> [chimxanh] <STEAM_1:1:626078671>
L 09/05/2026 - 21:56:53: [KILL] Spitter Bot <BOT> đã giết boviet666 <STEAM_1:0:963323015> bằng (môi trường/khác)
L 09/05/2026 - 21:57:07: [HẠ GỤC] Jockey Bot <BOT> đã hạ gục chimxanh <STEAM_1:1:626078671> bằng (zombie cào/đấm)
L 09/05/2026 - 21:57:22: [HẠ GỤC] Zombie/Witch/Môi trường <N/A> đã hạ gục nikola25645 <STEAM_1:1:782248349> bằng (môi trường/khác)
L 09/05/2026 - 21:57:52: [FF] [Curren Bouquetd'or] <STEAM_1:1:524205977> -> 1 HP bằng (môi trường/khác) -> [Rïçēz] <STEAM_1:1:558962692>
L 09/05/2026 - 21:57:52: [FF] [Bảo Nguyên] <STEAM_1:0:218160880> -> 7 HP bằng (melee) -> [None :D] <STEAM_1:0:578030381>
L 09/05/2026 - 21:57:52: [FF] [None :D] <STEAM_1:0:578030381> -> 25 HP bằng (melee) -> [Bảo Nguyên] <STEAM_1:0:218160880>
L 09/05/2026 - 21:57:53: [FF] [None :D] <STEAM_1:0:578030381> -> 25 HP bằng (melee) -> [Bảo Nguyên] <STEAM_1:0:218160880>
L 09/05/2026 - 21:58:02: [FF] [Holo 40k] <STEAM_1:1:925049770> -> 4 HP bằng (súng) -> [Lê Hải] <STEAM_1:0:471595906>
L 09/05/2026 - 21:58:06: [FF] [Rïçēz] <STEAM_1:1:558962692> -> 9 HP bằng (súng) -> [Bảo Nguyên] <STEAM_1:0:218160880>
L 09/05/2026 - 21:58:07: [FF] [Rïçēz] <STEAM_1:1:558962692> -> 6 HP bằng (súng) -> [Holo 40k] <STEAM_1:1:925049770>
L 09/05/2026 - 21:58:08: [FF] [Holo 40k] <STEAM_1:1:925049770> -> 6 HP bằng (súng) -> [Chicoarun] <STEAM_1:0:952954061>
L 09/05/2026 - 21:58:16: [HẠ GỤC] Smoker Bot <BOT> đã hạ gục Bảo Nguyên <STEAM_1:0:218160880> bằng (zombie cào/đấm)
L 09/05/2026 - 21:58:24: [KILL] Jockey Bot <BOT> đã giết chimxanh <STEAM_1:1:626078671> bằng (zombie cào/đấm)
L 09/05/2026 - 21:58:34: [HẠ GỤC] (1)Charger Bot <BOT> đã hạ gục Rïçēz <STEAM_1:1:558962692> bằng (zombie cào/đấm)
L 09/05/2026 - 21:58:44: [FF] [Chicoarun] <STEAM_1:0:952954061> -> 4 HP bằng (súng) -> [None :D] <STEAM_1:0:578030381>
L 09/05/2026 - 21:58:47: [FF] [Holo 40k] <STEAM_1:1:925049770> -> 10 HP bằng (môi trường/khác) -> [Chicoarun] <STEAM_1:0:952954061>
L 09/05/2026 - 21:58:56: [HẠ GỤC] Zombie/Witch/Môi trường <N/A> đã hạ gục Lê Hải <STEAM_1:0:471595906> bằng (môi trường/khác)
L 09/05/2026 - 21:59:16: [HẠ GỤC] (1)Tank <BOT> đã hạ gục Rïçēz <STEAM_1:1:558962692> bằng (môi trường/khác)
L 09/05/2026 - 21:59:18: [HẠ GỤC] Tank <BOT> đã hạ gục boviet666 <STEAM_1:0:963323015> bằng (môi trường/khác)
L 09/05/2026 - 21:59:20: [HẠ GỤC] (1)Tank <BOT> đã hạ gục Holo 40k <STEAM_1:1:925049770> bằng (môi trường/khác)
L 09/05/2026 - 21:59:27: [HẠ GỤC] Zombie/Witch/Môi trường <N/A> đã hạ gục None :D <STEAM_1:0:578030381> bằng (môi trường/khác)
L 09/05/2026 - 21:59:40: [HẠ GỤC] Tank <BOT> đã hạ gục Holo 40k <STEAM_1:1:925049770> bằng (môi trường/khác)
L 09/05/2026 - 21:59:48: [HẠ GỤC] Tank <BOT> đã hạ gục boviet666 <STEAM_1:0:963323015> bằng (môi trường/khác)
L 09/05/2026 - 22:00:05: [HẠ GỤC] Zombie/Witch/Môi trường <N/A> đã hạ gục Bảo Nguyên <STEAM_1:0:218160880> bằng (môi trường/khác)
L 09/05/2026 - 22:00:16: [KILL] Tank <BOT> đã giết Rïçēz <STEAM_1:1:558962692> bằng (môi trường/khác)
L 09/05/2026 - 22:00:22: [HẠ GỤC] (1)Tank <BOT> đã hạ gục chimxanh <STEAM_1:1:626078671> bằng (môi trường/khác)
L 09/05/2026 - 22:00:29: [HẠ GỤC] (1)Tank <BOT> đã hạ gục Curren Bouquetd'or <STEAM_1:1:524205977> bằng (môi trường/khác)
L 09/05/2026 - 22:00:31: [FF] [Bảo Nguyên] <STEAM_1:0:218160880> -> 7 HP bằng (súng) -> [None :D] <STEAM_1:0:578030381>
L 09/05/2026 - 22:00:32: [KILL] Tank <BOT> đã giết boviet666 <STEAM_1:0:963323015> bằng (môi trường/khác)
L 09/05/2026 - 22:00:33: [KILL] Zombie/Witch/Môi trường <N/A> đã giết nikola25645 <STEAM_1:1:782248349> bằng (môi trường/khác)
L 09/05/2026 - 22:00:44: [HẠ GỤC] Zombie/Witch/Môi trường <N/A> đã hạ gục Lê Hải <STEAM_1:0:471595906> bằng (môi trường/khác)
L 09/05/2026 - 22:00:56: [FF] [Lê Hải] <STEAM_1:0:471595906> -> 35 HP bằng (súng) -> [KeroN] <STEAM_1:1:161759963>
L 09/05/2026 - 22:01:03: [HẠ GỤC] (1)Tank <BOT> đã hạ gục Chicoarun <STEAM_1:0:952954061> bằng (môi trường/khác)
L 09/05/2026 - 22:01:21: [HẠ GỤC] Tank <BOT> đã hạ gục Holo 40k <STEAM_1:1:925049770> bằng (môi trường/khác)
L 09/05/2026 - 22:01:29: [KILL] Zombie/Witch/Môi trường <N/A> đã giết Lê Hải <STEAM_1:0:471595906> bằng (môi trường/khác)
L 09/05/2026 - 22:01:42: [FF] [Bảo Nguyên] <STEAM_1:0:218160880> -> 10 HP bằng (súng) -> [nikola25645] <STEAM_1:1:782248349>
L 09/05/2026 - 22:01:42: [FF] [Bảo Nguyên] <STEAM_1:0:218160880> -> 10 HP bằng (súng) -> [nikola25645] <STEAM_1:1:782248349>
L 09/05/2026 - 22:01:57: [FF] [KeroN] <STEAM_1:1:161759963> -> 31 HP bằng (súng) -> [Holo 40k] <STEAM_1:1:925049770>
L 09/05/2026 - 22:01:59: [FF] [KeroN] <STEAM_1:1:161759963> -> 22 HP bằng (súng) -> [Holo 40k] <STEAM_1:1:925049770>
L 09/05/2026 - 22:02:01: [FF] [Rïçēz] <STEAM_1:1:558962692> -> 5 HP bằng (súng) -> [chimxanh] <STEAM_1:1:626078671>
L 09/05/2026 - 22:02:01: [FF] [Rïçēz] <STEAM_1:1:558962692> -> 5 HP bằng (súng) -> [chimxanh] <STEAM_1:1:626078671>
L 09/05/2026 - 22:02:05: [KILL] Tank <BOT> đã giết Holo 40k <STEAM_1:1:925049770> bằng (môi trường/khác)
L 09/05/2026 - 22:02:14: [HẠ GỤC] Tank <BOT> đã hạ gục None :D <STEAM_1:0:578030381> bằng (môi trường/khác)
L 09/05/2026 - 22:02:25: [HẠ GỤC] Tank <BOT> đã hạ gục Rïçēz <STEAM_1:1:558962692> bằng (môi trường/khác)
L 09/05/2026 - 22:02:40: [FF] [Lê Hải] <STEAM_1:0:471595906> -> 5 HP bằng (súng) -> [Rïçēz] <STEAM_1:1:558962692>
L 09/05/2026 - 22:02:41: [HẠ GỤC] Tank <BOT> đã hạ gục nikola25645 <STEAM_1:1:782248349> bằng (môi trường/khác)
L 09/05/2026 - 22:02:49: [HẠ GỤC] (1)Tank <BOT> đã hạ gục Bảo Nguyên <STEAM_1:0:218160880> bằng (môi trường/khác)
L 09/05/2026 - 22:03:13: [HẠ GỤC] Tank <BOT> đã hạ gục Lê Hải <STEAM_1:0:471595906> bằng (môi trường/khác)
L 09/05/2026 - 22:03:14: [HẠ GỤC] Tank <BOT> đã hạ gục KeroN <STEAM_1:1:161759963> bằng (môi trường/khác)
L 09/05/2026 - 22:03:15: [HẠ GỤC] Zombie/Witch/Môi trường <N/A> đã hạ gục nikola25645 <STEAM_1:1:782248349> bằng (môi trường/khác)
L 09/05/2026 - 22:03:18: [HẠ GỤC] Bảo Nguyên <STEAM_1:0:218160880> đã hạ gục Chicoarun <STEAM_1:0:952954061> bằng (melee)
L 09/05/2026 - 22:03:30: [FF] [Bảo Nguyên] <STEAM_1:0:218160880> -> 10 HP bằng (súng) -> [chimxanh] <STEAM_1:1:626078671>
L 09/05/2026 - 22:03:30: [FF] [Bảo Nguyên] <STEAM_1:0:218160880> -> 10 HP bằng (súng) -> [chimxanh] <STEAM_1:1:626078671>
L 09/05/2026 - 22:03:30: [FF] [Bảo Nguyên] <STEAM_1:0:218160880> -> 10 HP bằng (súng) -> [chimxanh] <STEAM_1:1:626078671>
L 09/05/2026 - 22:03:38: [HẠ GỤC] Zombie/Witch/Môi trường <N/A> đã hạ gục chimxanh <STEAM_1:1:626078671> bằng (môi trường/khác)
L 09/05/2026 - 22:03:40: [HẠ GỤC] (1)Tank <BOT> đã hạ gục Bảo Nguyên <STEAM_1:0:218160880> bằng (môi trường/khác)
L 09/05/2026 - 22:03:40: [KILL] Tank <BOT> đã giết Curren Bouquetd'or <STEAM_1:1:524205977> bằng (môi trường/khác)
L 09/05/2026 - 22:03:43: [KILL] (1)Tank <BOT> đã giết nikola25645 <STEAM_1:1:782248349> bằng (môi trường/khác)
L 09/05/2026 - 22:03:46: [HẠ GỤC] (1)Tank <BOT> đã hạ gục Rïçēz <STEAM_1:1:558962692> bằng (môi trường/khác)
L 09/05/2026 - 22:03:54: [FF] [Holo 40k] <STEAM_1:1:925049770> -> 3 HP bằng (súng) -> [Lê Hải] <STEAM_1:0:471595906>
L 09/05/2026 - 22:03:54: [FF] [Holo 40k] <STEAM_1:1:925049770> -> 3 HP bằng (súng) -> [Lê Hải] <STEAM_1:0:471595906>
L 09/05/2026 - 22:03:54: [FF] [Holo 40k] <STEAM_1:1:925049770> -> 3 HP bằng (súng) -> [Lê Hải] <STEAM_1:0:471595906>
L 09/05/2026 - 22:03:54: [FF] [Holo 40k] <STEAM_1:1:925049770> -> 3 HP bằng (súng) -> [Lê Hải] <STEAM_1:0:471595906>
L 09/05/2026 - 22:03:54: [FF] [Holo 40k] <STEAM_1:1:925049770> -> 3 HP bằng (súng) -> [Lê Hải] <STEAM_1:0:471595906>
L 09/05/2026 - 22:03:54: [FF] [Holo 40k] <STEAM_1:1:925049770> -> 3 HP bằng (súng) -> [Lê Hải] <STEAM_1:0:471595906>
L 09/05/2026 - 22:03:54: [KILL] Zombie/Witch/Môi trường <N/A> đã giết Chicoarun <STEAM_1:0:952954061> bằng (môi trường/khác)
L 09/05/2026 - 22:03:59: [HẠ GỤC] Tank <BOT> đã hạ gục Holo 40k <STEAM_1:1:925049770> bằng (môi trường/khác)
L 09/05/2026 - 22:04:07: [KILL] Tank <BOT> đã giết Rïçēz <STEAM_1:1:558962692> bằng (môi trường/khác)
L 09/05/2026 - 22:04:20: [FF] [Holo 40k] <STEAM_1:1:925049770> -> 10 HP bằng (môi trường/khác) -> [boviet666] <STEAM_1:0:963323015>
L 09/05/2026 - 22:04:20: [FF] [Holo 40k] <STEAM_1:1:925049770> -> 10 HP bằng (môi trường/khác) -> [boviet666] <STEAM_1:0:963323015>
L 09/05/2026 - 22:04:20: [HẠ GỤC] Holo 40k <STEAM_1:1:925049770> đã hạ gục boviet666 <STEAM_1:0:963323015> bằng (môi trường/khác)
L 09/05/2026 - 22:04:20: [FF] [Holo 40k] <STEAM_1:1:925049770> -> 10 HP bằng (môi trường/khác) -> [boviet666] <STEAM_1:0:963323015>
L 09/05/2026 - 22:04:20: [FF] [Holo 40k] <STEAM_1:1:925049770> -> 10 HP bằng (môi trường/khác) -> [boviet666] <STEAM_1:0:963323015>
L 09/05/2026 - 22:04:20: [FF] [Holo 40k] <STEAM_1:1:925049770> -> 10 HP bằng (môi trường/khác) -> [boviet666] <STEAM_1:0:963323015>
L 09/05/2026 - 22:04:20: [FF] [Holo 40k] <STEAM_1:1:925049770> -> 10 HP bằng (môi trường/khác) -> [boviet666] <STEAM_1:0:963323015>
L 09/05/2026 - 22:04:21: [FF] [Holo 40k] <STEAM_1:1:925049770> -> 10 HP bằng (môi trường/khác) -> [boviet666] <STEAM_1:0:963323015>
L 09/05/2026 - 22:04:21: [FF] [Holo 40k] <STEAM_1:1:925049770> -> 10 HP bằng (môi trường/khác) -> [boviet666] <STEAM_1:0:963323015>
L 09/05/2026 - 22:04:21: [FF] [Holo 40k] <STEAM_1:1:925049770> -> 10 HP bằng (môi trường/khác) -> [boviet666] <STEAM_1:0:963323015>
L 09/05/2026 - 22:04:22: [FF] [Holo 40k] <STEAM_1:1:925049770> -> 10 HP bằng (môi trường/khác) -> [boviet666] <STEAM_1:0:963323015>
L 09/05/2026 - 22:04:22: [FF] [Holo 40k] <STEAM_1:1:925049770> -> 10 HP bằng (môi trường/khác) -> [boviet666] <STEAM_1:0:963323015>
L 09/05/2026 - 22:04:22: [FF] [Holo 40k] <STEAM_1:1:925049770> -> 10 HP bằng (môi trường/khác) -> [boviet666] <STEAM_1:0:963323015>
L 09/05/2026 - 22:04:23: [FF] [Holo 40k] <STEAM_1:1:925049770> -> 10 HP bằng (môi trường/khác) -> [boviet666] <STEAM_1:0:963323015>
L 09/05/2026 - 22:04:23: [FF] [Holo 40k] <STEAM_1:1:925049770> -> 10 HP bằng (môi trường/khác) -> [boviet666] <STEAM_1:0:963323015>
L 09/05/2026 - 22:04:23: [FF] [Holo 40k] <STEAM_1:1:925049770> -> 10 HP bằng (môi trường/khác) -> [boviet666] <STEAM_1:0:963323015>
L 09/05/2026 - 22:05:02: [HẠ GỤC] (1)Tank <BOT> đã hạ gục nikola25645 <STEAM_1:1:782248349> bằng (môi trường/khác)
L 09/05/2026 - 22:05:04: [FF] [Holo 40k] <STEAM_1:1:925049770> -> 22 HP bằng (súng) -> [Chicoarun] <STEAM_1:0:952954061>
L 09/05/2026 - 22:05:04: [FF] [Holo 40k] <STEAM_1:1:925049770> -> 22 HP bằng (súng) -> [Chicoarun] <STEAM_1:0:952954061>
L 09/05/2026 - 22:05:05: [HẠ GỤC] Tank <BOT> đã hạ gục Holo 40k <STEAM_1:1:925049770> bằng (môi trường/khác)
L 09/05/2026 - 22:05:10: [HẠ GỤC] Tank <BOT> đã hạ gục Chicoarun <STEAM_1:0:952954061> bằng (môi trường/khác)
L 09/05/2026 - 22:05:15: [KILL] (1)Tank <BOT> đã giết chimxanh <STEAM_1:1:626078671> bằng (môi trường/khác)
L 09/05/2026 - 22:05:18: [HẠ GỤC] Zombie/Witch/Môi trường <N/A> đã hạ gục Lê Hải <STEAM_1:0:471595906> bằng (môi trường/khác)
L 09/05/2026 - 22:05:21: [HẠ GỤC] Tank <BOT> đã hạ gục Rïçēz <STEAM_1:1:558962692> bằng (môi trường/khác)
L 09/05/2026 - 22:05:29: [FF] [Holo 40k] <STEAM_1:1:925049770> -> 10 HP bằng (môi trường/khác) -> [Chicoarun] <STEAM_1:0:952954061>
L 09/05/2026 - 22:05:29: [FF] [Holo 40k] <STEAM_1:1:925049770> -> 10 HP bằng (môi trường/khác) -> [Chicoarun] <STEAM_1:0:952954061>
L 09/05/2026 - 22:05:37: [FF] [Holo 40k] <STEAM_1:1:925049770> -> 10 HP bằng (môi trường/khác) -> [Rïçēz] <STEAM_1:1:558962692>
L 09/05/2026 - 22:05:37: [FF] [Holo 40k] <STEAM_1:1:925049770> -> 10 HP bằng (môi trường/khác) -> [Rïçēz] <STEAM_1:1:558962692>
L 09/05/2026 - 22:05:38: [FF] [KeroN] <STEAM_1:1:161759963> -> 7 HP bằng (melee) -> [Chicoarun] <STEAM_1:0:952954061>
L 09/05/2026 - 22:05:53: [FF] [boviet666] <STEAM_1:0:963323015> -> 4 HP bằng (súng) -> [nikola25645] <STEAM_1:1:782248349>
L 09/05/2026 - 22:05:53: [FF] [boviet666] <STEAM_1:0:963323015> -> 9 HP bằng (súng) -> [nikola25645] <STEAM_1:1:782248349>
L 09/05/2026 - 22:05:53: [HẠ GỤC] Zombie/Witch/Môi trường <N/A> đã hạ gục None :D <STEAM_1:0:578030381> bằng (môi trường/khác)
L 09/05/2026 - 22:06:04: [HẠ GỤC] Tank <BOT> đã hạ gục KeroN <STEAM_1:1:161759963> bằng (môi trường/khác)
L 09/05/2026 - 22:06:08: [KILL] Tank <BOT> đã giết Bảo Nguyên <STEAM_1:0:218160880> bằng (môi trường/khác)
L 09/05/2026 - 22:06:13: [FF] [Chicoarun] <STEAM_1:0:952954061> -> 4 HP bằng (súng) -> [KeroN] <STEAM_1:1:161759963>
L 09/05/2026 - 22:06:22: [KILL] Tank <BOT> đã giết Holo 40k <STEAM_1:1:925049770> bằng (môi trường/khác)
L 09/05/2026 - 22:06:32: [HẠ GỤC] Tank <BOT> đã hạ gục Curren Bouquetd'or <STEAM_1:1:524205977> bằng (môi trường/khác)
L 09/05/2026 - 22:06:36: [FF] [Chicoarun] <STEAM_1:0:952954061> -> 4 HP bằng (súng) -> [chimxanh] <STEAM_1:1:626078671>
L 09/05/2026 - 22:06:39: [HẠ GỤC] Tank <BOT> đã hạ gục chimxanh <STEAM_1:1:626078671> bằng (môi trường/khác)
L 09/05/2026 - 22:06:41: [FF] [Chicoarun] <STEAM_1:0:952954061> -> 9 HP bằng (súng) -> [Rïçēz] <STEAM_1:1:558962692>
L 09/05/2026 - 22:06:41: [FF] [Rïçēz] <STEAM_1:1:558962692> -> 5 HP bằng (súng) -> [Chicoarun] <STEAM_1:0:952954061>
L 09/05/2026 - 22:06:41: [FF] [Chicoarun] <STEAM_1:0:952954061> -> 6 HP bằng (súng) -> [Rïçēz] <STEAM_1:1:558962692>
L 09/05/2026 - 22:06:41: [FF] [Rïçēz] <STEAM_1:1:558962692> -> 5 HP bằng (súng) -> [Chicoarun] <STEAM_1:0:952954061>
L 09/05/2026 - 22:06:42: [FF] [Rïçēz] <STEAM_1:1:558962692> -> 6 HP bằng (súng) -> [boviet666] <STEAM_1:0:963323015>
L 09/05/2026 - 22:06:47: [FF] [Chicoarun] <STEAM_1:0:952954061> -> 4 HP bằng (súng) -> [chimxanh] <STEAM_1:1:626078671>
L 09/05/2026 - 22:06:50: [FF] [boviet666] <STEAM_1:0:963323015> -> 6 HP bằng (súng) -> [None :D] <STEAM_1:0:578030381>
L 09/05/2026 - 22:06:51: [FF] [boviet666] <STEAM_1:0:963323015> -> 9 HP bằng (súng) -> [Curren Bouquetd'or] <STEAM_1:1:524205977>
L 09/05/2026 - 22:06:57: [FF] [boviet666] <STEAM_1:0:963323015> -> 6 HP bằng (súng) -> [Chicoarun] <STEAM_1:0:952954061>
L 09/05/2026 - 22:07:09: [FF] [boviet666] <STEAM_1:0:963323015> -> 4 HP bằng (súng) -> [Lê Hải] <STEAM_1:0:471595906>
L 09/05/2026 - 22:07:09: [FF] [boviet666] <STEAM_1:0:963323015> -> 9 HP bằng (súng) -> [Rïçēz] <STEAM_1:1:558962692>
L 09/05/2026 - 22:07:14: [HẠ GỤC] Zombie/Witch/Môi trường <N/A> đã hạ gục chimxanh <STEAM_1:1:626078671> bằng (môi trường/khác)
L 09/05/2026 - 22:07:20: [HẠ GỤC] Zombie/Witch/Môi trường <N/A> đã hạ gục boviet666 <STEAM_1:0:963323015> bằng (môi trường/khác)
L 09/05/2026 - 22:07:23: [HẠ GỤC] Zombie/Witch/Môi trường <N/A> đã hạ gục Rïçēz <STEAM_1:1:558962692> bằng (môi trường/khác)
L 09/05/2026 - 22:07:25: [HẠ GỤC] Tank <BOT> đã hạ gục Lê Hải <STEAM_1:0:471595906> bằng (môi trường/khác)
L 09/05/2026 - 22:07:32: [FF] [chimxanh] <STEAM_1:1:626078671> -> 5 HP bằng (melee) -> [Holo 40k] <STEAM_1:1:925049770>
L 09/05/2026 - 22:07:34: [HẠ GỤC] Zombie/Witch/Môi trường <N/A> đã hạ gục Holo 40k <STEAM_1:1:925049770> bằng (môi trường/khác)
L 09/05/2026 - 22:07:52: [FF] [Chicoarun] <STEAM_1:0:952954061> -> 5 HP bằng (melee) -> [KeroN] <STEAM_1:1:161759963>
L 09/05/2026 - 22:07:53: [HẠ GỤC] Jockey Bot <BOT> đã hạ gục nikola25645 <STEAM_1:1:782248349> bằng (zombie cào/đấm)
L 09/05/2026 - 22:07:54: [HẠ GỤC] Tank <BOT> đã hạ gục Bảo Nguyên <STEAM_1:0:218160880> bằng (môi trường/khác)
L 09/05/2026 - 22:07:57: [HẠ GỤC] Zombie/Witch/Môi trường <N/A> đã hạ gục Holo 40k <STEAM_1:1:925049770> bằng (môi trường/khác)
L 09/05/2026 - 22:08:31: [KILL] Tank <BOT> đã giết Holo 40k <STEAM_1:1:925049770> bằng (môi trường/khác)
L 09/05/2026 - 22:08:38: [FF] [None :D] <STEAM_1:0:578030381> -> 35 HP bằng (súng) -> [nikola25645] <STEAM_1:1:782248349>
L 09/05/2026 - 22:08:48: [HẠ GỤC] Zombie/Witch/Môi trường <N/A> đã hạ gục nikola25645 <STEAM_1:1:782248349> bằng (môi trường/khác)
