L 09/02/2026 - 20:10:30: [HẠ GỤC] Spitter Bot <BOT> đã hạ gục Lê Hải <STEAM_1:0:471595906> bằng (môi trường/khác)
L 09/02/2026 - 20:10:31: [HẠ GỤC] Jockey Bot <BOT> đã hạ gục Curren Bouquetd'or <BOT_OR_UNKNOWN> bằng (zombie cào/đấm)
L 09/02/2026 - 20:10:31: [HẠ GỤC] Spitter Bot <BOT> đã hạ gục Holo 40k <STEAM_1:1:925049770> bằng (môi trường/khác)
L 09/02/2026 - 20:10:35: [FF] [chimxanh] <STEAM_1:1:626078671> -> 7 HP bằng (melee) -> [Holo 40k] <STEAM_1:1:925049770>
L 09/02/2026 - 20:10:36: [FF] [Bảo Nguyên] <STEAM_1:0:218160880> -> 7 HP bằng (melee) -> [Curren Bouquetd'or] <BOT_OR_UNKNOWN>
L 09/02/2026 - 20:10:44: [FF] [Bảo Nguyên] <STEAM_1:0:218160880> -> 7 HP bằng (melee) -> [（ ͜.人 ͜.）⛇☃] <STEAM_1:1:241852047>
L 09/02/2026 - 20:10:44: [FF] [Bảo Nguyên] <STEAM_1:0:218160880> -> 7 HP bằng (melee) -> [Lê Hải] <STEAM_1:0:471595906>
L 09/02/2026 - 20:10:46: [FF] [Holo 40k] <STEAM_1:1:925049770> -> 7 HP bằng (melee) -> [KeroN] <STEAM_1:1:161759963>
L 09/02/2026 - 20:10:46: [FF] [（ ͜.人 ͜.）⛇☃] <STEAM_1:1:241852047> -> 5 HP bằng (melee) -> [Holo 40k] <STEAM_1:1:925049770>
L 09/02/2026 - 20:10:46: [FF] [Holo 40k] <STEAM_1:1:925049770> -> 7 HP bằng (melee) -> [Bảo Nguyên] <STEAM_1:0:218160880>
L 09/02/2026 - 20:10:48: [FF] [Lê Hải] <STEAM_1:0:471595906> -> 25 HP bằng (melee) -> [Bảo Nguyên] <STEAM_1:0:218160880>
L 09/02/2026 - 20:10:48: [FF] [Lê Hải] <STEAM_1:0:471595906> -> 25 HP bằng (melee) -> [KeroN] <STEAM_1:1:161759963>
L 09/02/2026 - 20:10:56: [FF] [（ ͜.人 ͜.）⛇☃] <STEAM_1:1:241852047> -> 1 HP bằng (môi trường/khác) -> [Curren Bouquetd'or] <BOT_OR_UNKNOWN>
L 09/02/2026 - 20:10:56: [FF] [（ ͜.人 ͜.）⛇☃] <STEAM_1:1:241852047> -> 1 HP bằng (môi trường/khác) -> [Holo 40k] <STEAM_1:1:925049770>
L 09/02/2026 - 20:11:06: [FF] [chimxanh] <STEAM_1:1:626078671> -> 1 HP bằng (súng) -> [Curren Bouquetd'or] <BOT_OR_UNKNOWN>
L 09/02/2026 - 20:11:20: [HẠ GỤC] (1)Smoker Bot <BOT> đã hạ gục KeroN <STEAM_1:1:161759963> bằng (zombie cào/đấm)
L 09/02/2026 - 20:11:25: [FF] [KeroN] <STEAM_1:1:161759963> -> 1 HP bằng (môi trường/khác) -> [Lê Hải] <STEAM_1:0:471595906>
L 09/02/2026 - 20:11:25: [FF] [KeroN] <STEAM_1:1:161759963> -> 1 HP bằng (môi trường/khác) -> [chimxanh] <STEAM_1:1:626078671>
L 09/02/2026 - 20:11:25: [HẠ GỤC] Zombie/Witch/Môi trường <N/A> đã hạ gục Bảo Nguyên <STEAM_1:0:218160880> bằng (môi trường/khác)
L 09/02/2026 - 20:11:37: [FF] [Lê Hải] <STEAM_1:0:471595906> -> 5 HP bằng (súng) -> [（ ͜.人 ͜.）⛇☃] <STEAM_1:1:241852047>
L 09/02/2026 - 20:11:42: [FF] [Lê Hải] <STEAM_1:0:471595906> -> 5 HP bằng (súng) -> [chimxanh] <STEAM_1:1:626078671>
L 09/02/2026 - 20:11:55: [FF] [chimxanh] <STEAM_1:1:626078671> -> 5 HP bằng (súng) -> [Bảo Nguyên] <STEAM_1:0:218160880>
L 09/02/2026 - 20:11:55: [FF] [chimxanh] <STEAM_1:1:626078671> -> 5 HP bằng (súng) -> [Bảo Nguyên] <STEAM_1:0:218160880>
L 09/02/2026 - 20:11:55: [FF] [chimxanh] <STEAM_1:1:626078671> -> 5 HP bằng (súng) -> [Bảo Nguyên] <STEAM_1:0:218160880>
L 09/02/2026 - 20:11:55: [FF] [chimxanh] <STEAM_1:1:626078671> -> 5 HP bằng (súng) -> [Bảo Nguyên] <STEAM_1:0:218160880>
L 09/02/2026 - 20:11:57: [HẠ GỤC] Zombie/Witch/Môi trường <N/A> đã hạ gục chimxanh <STEAM_1:1:626078671> bằng (môi trường/khác)
L 09/02/2026 - 20:12:07: [HẠ GỤC] Jockey Bot <BOT> đã hạ gục Curren Bouquetd'or <BOT_OR_UNKNOWN> bằng (zombie cào/đấm)
L 09/02/2026 - 20:12:12: [HẠ GỤC] Zombie/Witch/Môi trường <N/A> đã hạ gục KeroN <STEAM_1:1:161759963> bằng (môi trường/khác)
L 09/02/2026 - 20:12:14: [HẠ GỤC] Jockey Bot <BOT> đã hạ gục chimxanh <STEAM_1:1:626078671> bằng (zombie cào/đấm)
L 09/02/2026 - 20:12:16: [HẠ GỤC] Zombie/Witch/Môi trường <N/A> đã hạ gục Bảo Nguyên <STEAM_1:0:218160880> bằng (môi trường/khác)
L 09/02/2026 - 20:12:31: [HẠ GỤC] Zombie/Witch/Môi trường <N/A> đã hạ gục Lê Hải <STEAM_1:0:471595906> bằng (môi trường/khác)
L 09/02/2026 - 20:12:34: [HẠ GỤC] Zombie/Witch/Môi trường <N/A> đã hạ gục Holo 40k <STEAM_1:1:925049770> bằng (môi trường/khác)
L 09/02/2026 - 20:12:43: [HẠ GỤC] Zombie/Witch/Môi trường <N/A> đã hạ gục （ ͜.人 ͜.）⛇☃ <STEAM_1:1:241852047> bằng (môi trường/khác)
L 09/02/2026 - 20:12:53: [FF] [Holo 40k] <STEAM_1:1:925049770> -> 3 HP bằng (súng) -> [KeroN] <STEAM_1:1:161759963>
L 09/02/2026 - 20:12:53: [FF] [Holo 40k] <STEAM_1:1:925049770> -> 3 HP bằng (súng) -> [KeroN] <STEAM_1:1:161759963>
L 09/02/2026 - 20:12:53: [FF] [Holo 40k] <STEAM_1:1:925049770> -> 3 HP bằng (súng) -> [KeroN] <STEAM_1:1:161759963>
L 09/02/2026 - 20:12:53: [FF] [Holo 40k] <STEAM_1:1:925049770> -> 3 HP bằng (súng) -> [KeroN] <STEAM_1:1:161759963>
L 09/02/2026 - 20:12:53: [FF] [Holo 40k] <STEAM_1:1:925049770> -> 3 HP bằng (súng) -> [KeroN] <STEAM_1:1:161759963>
L 09/02/2026 - 20:12:53: [FF] [Holo 40k] <STEAM_1:1:925049770> -> 3 HP bằng (súng) -> [KeroN] <STEAM_1:1:161759963>
L 09/02/2026 - 20:12:53: [FF] [Holo 40k] <STEAM_1:1:925049770> -> 3 HP bằng (súng) -> [KeroN] <STEAM_1:1:161759963>
L 09/02/2026 - 20:12:53: [FF] [Holo 40k] <STEAM_1:1:925049770> -> 3 HP bằng (súng) -> [KeroN] <STEAM_1:1:161759963>
L 09/02/2026 - 20:12:53: [FF] [Holo 40k] <STEAM_1:1:925049770> -> 3 HP bằng (súng) -> [KeroN] <STEAM_1:1:161759963>
L 09/02/2026 - 20:12:53: [FF] [Holo 40k] <STEAM_1:1:925049770> -> 3 HP bằng (súng) -> [KeroN] <STEAM_1:1:161759963>
L 09/02/2026 - 20:12:53: [FF] [Holo 40k] <STEAM_1:1:925049770> -> 3 HP bằng (súng) -> [KeroN] <STEAM_1:1:161759963>
L 09/02/2026 - 20:12:53: [FF] [Holo 40k] <STEAM_1:1:925049770> -> 3 HP bằng (súng) -> [KeroN] <STEAM_1:1:161759963>
L 09/02/2026 - 20:13:00: [KILL] Jockey Bot <BOT> đã giết Lê Hải <STEAM_1:0:471595906> bằng (zombie cào/đấm)
L 09/02/2026 - 20:13:03: [KILL] (1)Jockey Bot <BOT> đã giết chimxanh <STEAM_1:1:626078671> bằng (zombie cào/đấm)
L 09/02/2026 - 20:13:09: [FF] [KeroN] <STEAM_1:1:161759963> -> 1 HP bằng (súng) -> [Curren Bouquetd'or] <BOT_OR_UNKNOWN>
L 09/02/2026 - 20:14:03: [HẠ GỤC] Zombie/Witch/Môi trường <N/A> đã hạ gục （ ͜.人 ͜.）⛇☃ <STEAM_1:1:241852047> bằng (môi trường/khác)
L 09/02/2026 - 20:14:39: [FF] [KeroN] <STEAM_1:1:161759963> -> 5 HP bằng (súng) -> [chimxanh] <STEAM_1:1:626078671>
L 09/02/2026 - 20:14:59: [FF] [Lê Hải] <STEAM_1:0:471595906> -> 2 HP bằng (súng) -> [Curren Bouquetd'or] <BOT_OR_UNKNOWN>
L 09/02/2026 - 20:14:59: [FF] [Lê Hải] <STEAM_1:0:471595906> -> 2 HP bằng (súng) -> [Curren Bouquetd'or] <BOT_OR_UNKNOWN>
L 09/02/2026 - 20:15:04: [FF] [Curren Bouquetd'or] <BOT_OR_UNKNOWN> -> 1 HP bằng (môi trường/khác) -> [Lê Hải] <STEAM_1:0:471595906>
L 09/02/2026 - 20:15:24: [HẠ GỤC] Boomer Bot <BOT> đã hạ gục Curren Bouquetd'or <BOT_OR_UNKNOWN> bằng (môi trường/khác)
L 09/02/2026 - 20:15:34: [KILL] Zombie/Witch/Môi trường <N/A> đã giết Coach <BOT> bằng (zombie cào/đấm)
L 09/02/2026 - 20:15:35: [FF] [Holo 40k] <STEAM_1:1:925049770> -> 7 HP bằng (melee) -> [KeroN] <STEAM_1:1:161759963>
L 09/02/2026 - 20:15:39: [KILL] Zombie/Witch/Môi trường <N/A> đã giết （ ͜.人 ͜.）⛇☃ <STEAM_1:1:241852047> bằng (môi trường/khác)
L 09/02/2026 - 20:15:43: [FF] [Holo 40k] <STEAM_1:1:925049770> -> 7 HP bằng (melee) -> [chimxanh] <STEAM_1:1:626078671>
L 09/02/2026 - 20:15:43: [FF] [Holo 40k] <STEAM_1:1:925049770> -> 7 HP bằng (melee) -> [KeroN] <STEAM_1:1:161759963>
L 09/02/2026 - 20:15:44: [FF] [Curren Bouquetd'or] <BOT_OR_UNKNOWN> -> 5 HP bằng (súng) -> [Holo 40k] <STEAM_1:1:925049770>
L 09/02/2026 - 20:15:44: [FF] [Curren Bouquetd'or] <BOT_OR_UNKNOWN> -> 6 HP bằng (súng) -> [KeroN] <STEAM_1:1:161759963>
L 09/02/2026 - 20:15:44: [FF] [Curren Bouquetd'or] <BOT_OR_UNKNOWN> -> 5 HP bằng (súng) -> [chimxanh] <STEAM_1:1:626078671>
L 09/02/2026 - 20:15:44: [FF] [Holo 40k] <STEAM_1:1:925049770> -> 7 HP bằng (melee) -> [chimxanh] <STEAM_1:1:626078671>
L 09/02/2026 - 20:15:47: [HẠ GỤC] Spitter Bot <BOT> đã hạ gục Lê Hải <STEAM_1:0:471595906> bằng (môi trường/khác)
L 09/02/2026 - 20:15:48: [FF] [KeroN] <STEAM_1:1:161759963> -> 5 HP bằng (melee) -> [chimxanh] <STEAM_1:1:626078671>
L 09/02/2026 - 20:15:48: [FF] [Curren Bouquetd'or] <BOT_OR_UNKNOWN> -> 5 HP bằng (súng) -> [chimxanh] <STEAM_1:1:626078671>
L 09/02/2026 - 20:15:48: [FF] [Curren Bouquetd'or] <BOT_OR_UNKNOWN> -> 5 HP bằng (súng) -> [chimxanh] <STEAM_1:1:626078671>
L 09/02/2026 - 20:15:48: [HẠ GỤC] Curren Bouquetd'or <BOT_OR_UNKNOWN> đã hạ gục chimxanh <STEAM_1:1:626078671> bằng (súng)
L 09/02/2026 - 20:15:48: [FF] [Curren Bouquetd'or] <BOT_OR_UNKNOWN> -> 5 HP bằng (súng) -> [chimxanh] <STEAM_1:1:626078671>
L 09/02/2026 - 20:15:48: [HẠ GỤC] Spitter Bot <BOT> đã hạ gục Curren Bouquetd'or <BOT_OR_UNKNOWN> bằng (môi trường/khác)
L 09/02/2026 - 20:15:48: [HẠ GỤC] Spitter Bot <BOT> đã hạ gục KeroN <STEAM_1:1:161759963> bằng (môi trường/khác)
L 09/02/2026 - 20:16:18: [KILL] Zombie/Witch/Môi trường <N/A> đã giết KeroN <STEAM_1:1:161759963> bằng (zombie cào/đấm)
L 09/02/2026 - 20:16:24: [KILL] Zombie/Witch/Môi trường <N/A> đã giết chimxanh <STEAM_1:1:626078671> bằng (zombie cào/đấm)
L 09/02/2026 - 20:16:25: [FF] [Holo 40k] <STEAM_1:1:925049770> -> 7 HP bằng (melee) -> [Lê Hải] <STEAM_1:0:471595906>
L 09/02/2026 - 20:16:26: [KILL] Zombie/Witch/Môi trường <N/A> đã giết Lê Hải <STEAM_1:0:471595906> bằng (zombie cào/đấm)
L 09/02/2026 - 20:16:28: [KILL] Zombie/Witch/Môi trường <N/A> đã giết Holo 40k <STEAM_1:1:925049770> bằng (zombie cào/đấm)
L 09/02/2026 - 20:16:33: [KILL] Zombie/Witch/Môi trường <N/A> đã giết Curren Bouquetd'or <BOT_OR_UNKNOWN> bằng (zombie cào/đấm)
L 09/02/2026 - 20:17:22: [FF] [Curren Bouquetd'or] <BOT_OR_UNKNOWN> -> 1 HP bằng (súng) -> [Holo 40k] <STEAM_1:1:925049770>
L 09/02/2026 - 20:17:24: [FF] [Curren Bouquetd'or] <BOT_OR_UNKNOWN> -> 1 HP bằng (súng) -> [Holo 40k] <STEAM_1:1:925049770>
L 09/02/2026 - 20:17:24: [HẠ GỤC] Spitter Bot <BOT> đã hạ gục Bảo Nguyên <STEAM_1:0:218160880> bằng (môi trường/khác)
L 09/02/2026 - 20:17:24: [HẠ GỤC] Spitter Bot <BOT> đã hạ gục Curren Bouquetd'or <BOT_OR_UNKNOWN> bằng (môi trường/khác)
L 09/02/2026 - 20:17:25: [HẠ GỤC] Spitter Bot <BOT> đã hạ gục Holo 40k <STEAM_1:1:925049770> bằng (môi trường/khác)
L 09/02/2026 - 20:17:40: [FF] [Rïçēz] <STEAM_1:1:558962692> -> 3 HP bằng (súng) -> [Holo 40k] <STEAM_1:1:925049770>
L 09/02/2026 - 20:17:40: [FF] [Bảo Nguyên] <STEAM_1:0:218160880> -> 25 HP bằng (melee) -> [KeroN] <STEAM_1:1:161759963>
L 09/02/2026 - 20:17:41: [FF] [KeroN] <STEAM_1:1:161759963> -> 8 HP bằng (melee) -> [Rïçēz] <STEAM_1:1:558962692>
L 09/02/2026 - 20:17:44: [FF] [Rïçēz] <STEAM_1:1:558962692> -> 3 HP bằng (súng) -> [KeroN] <STEAM_1:1:161759963>
L 09/02/2026 - 20:17:44: [FF] [Rïçēz] <STEAM_1:1:558962692> -> 3 HP bằng (súng) -> [KeroN] <STEAM_1:1:161759963>
L 09/02/2026 - 20:17:44: [FF] [Rïçēz] <STEAM_1:1:558962692> -> 3 HP bằng (súng) -> [KeroN] <STEAM_1:1:161759963>
L 09/02/2026 - 20:17:47: [FF] [Lê Hải] <STEAM_1:0:471595906> -> 1 HP bằng (súng) -> [Curren Bouquetd'or] <BOT_OR_UNKNOWN>
L 09/02/2026 - 20:18:05: [FF] [Lê Hải] <STEAM_1:0:471595906> -> 1 HP bằng (súng) -> [Curren Bouquetd'or] <BOT_OR_UNKNOWN>
L 09/02/2026 - 20:18:05: [FF] [Lê Hải] <STEAM_1:0:471595906> -> 1 HP bằng (súng) -> [Curren Bouquetd'or] <BOT_OR_UNKNOWN>
L 09/02/2026 - 20:18:05: [FF] [Lê Hải] <STEAM_1:0:471595906> -> 1 HP bằng (súng) -> [Curren Bouquetd'or] <BOT_OR_UNKNOWN>
L 09/02/2026 - 20:18:05: [FF] [Lê Hải] <STEAM_1:0:471595906> -> 1 HP bằng (súng) -> [Curren Bouquetd'or] <BOT_OR_UNKNOWN>
L 09/02/2026 - 20:18:05: [FF] [Lê Hải] <STEAM_1:0:471595906> -> 1 HP bằng (súng) -> [Curren Bouquetd'or] <BOT_OR_UNKNOWN>
L 09/02/2026 - 20:18:06: [FF] [KeroN] <STEAM_1:1:161759963> -> 1 HP bằng (môi trường/khác) -> [Curren Bouquetd'or] <BOT_OR_UNKNOWN>
L 09/02/2026 - 20:18:06: [FF] [KeroN] <STEAM_1:1:161759963> -> 1 HP bằng (môi trường/khác) -> [Holo 40k] <STEAM_1:1:925049770>
L 09/02/2026 - 20:18:06: [FF] [KeroN] <STEAM_1:1:161759963> -> 1 HP bằng (môi trường/khác) -> [Lê Hải] <STEAM_1:0:471595906>
L 09/02/2026 - 20:18:06: [FF] [KeroN] <STEAM_1:1:161759963> -> 1 HP bằng (môi trường/khác) -> [Bảo Nguyên] <STEAM_1:0:218160880>
L 09/02/2026 - 20:18:06: [FF] [KeroN] <STEAM_1:1:161759963> -> 1 HP bằng (môi trường/khác) -> [chimxanh] <STEAM_1:1:626078671>
L 09/02/2026 - 20:18:06: [FF] [KeroN] <STEAM_1:1:161759963> -> 1 HP bằng (môi trường/khác) -> [（ ͜.人 ͜.）⛇☃] <STEAM_1:1:241852047>
L 09/02/2026 - 20:18:07: [FF] [Rïçēz] <STEAM_1:1:558962692> -> 16 HP bằng (boom/fire) -> [Curren Bouquetd'or] <BOT_OR_UNKNOWN>
L 09/02/2026 - 20:18:07: [FF] [Rïçēz] <STEAM_1:1:558962692> -> 16 HP bằng (boom/fire) -> [Curren Bouquetd'or] <BOT_OR_UNKNOWN>
L 09/02/2026 - 20:18:07: [FF] [Rïçēz] <STEAM_1:1:558962692> -> 16 HP bằng (boom/fire) -> [Curren Bouquetd'or] <BOT_OR_UNKNOWN>
L 09/02/2026 - 20:18:07: [FF] [Rïçēz] <STEAM_1:1:558962692> -> 16 HP bằng (boom/fire) -> [Curren Bouquetd'or] <BOT_OR_UNKNOWN>
L 09/02/2026 - 20:18:07: [FF] [Rïçēz] <STEAM_1:1:558962692> -> 16 HP bằng (boom/fire) -> [Curren Bouquetd'or] <BOT_OR_UNKNOWN>
L 09/02/2026 - 20:18:08: [FF] [Rïçēz] <STEAM_1:1:558962692> -> 16 HP bằng (boom/fire) -> [Curren Bouquetd'or] <BOT_OR_UNKNOWN>
L 09/02/2026 - 20:18:08: [FF] [Rïçēz] <STEAM_1:1:558962692> -> 16 HP bằng (boom/fire) -> [Curren Bouquetd'or] <BOT_OR_UNKNOWN>
L 09/02/2026 - 20:18:08: [FF] [Rïçēz] <STEAM_1:1:558962692> -> 16 HP bằng (boom/fire) -> [Curren Bouquetd'or] <BOT_OR_UNKNOWN>
L 09/02/2026 - 20:18:08: [HẠ GỤC] Rïçēz <STEAM_1:1:558962692> đã hạ gục Curren Bouquetd'or <BOT_OR_UNKNOWN> bằng (boom/fire)
L 09/02/2026 - 20:18:09: [FF] [Rïçēz] <STEAM_1:1:558962692> -> 16 HP bằng (boom/fire) -> [Curren Bouquetd'or] <BOT_OR_UNKNOWN>
L 09/02/2026 - 20:18:09: [FF] [Rïçēz] <STEAM_1:1:558962692> -> 16 HP bằng (boom/fire) -> [Curren Bouquetd'or] <BOT_OR_UNKNOWN>
L 09/02/2026 - 20:18:09: [HẠ GỤC] Rïçēz <STEAM_1:1:558962692> đã hạ gục Rïçēz <STEAM_1:1:558962692> bằng (boom/fire)
L 09/02/2026 - 20:18:09: [FF] [Rïçēz] <STEAM_1:1:558962692> -> 16 HP bằng (boom/fire) -> [Curren Bouquetd'or] <BOT_OR_UNKNOWN>
L 09/02/2026 - 20:18:09: [FF] [Rïçēz] <STEAM_1:1:558962692> -> 16 HP bằng (boom/fire) -> [Curren Bouquetd'or] <BOT_OR_UNKNOWN>
L 09/02/2026 - 20:18:10: [FF] [Rïçēz] <STEAM_1:1:558962692> -> 16 HP bằng (boom/fire) -> [Curren Bouquetd'or] <BOT_OR_UNKNOWN>
L 09/02/2026 - 20:18:10: [FF] [Rïçēz] <STEAM_1:1:558962692> -> 16 HP bằng (boom/fire) -> [Curren Bouquetd'or] <BOT_OR_UNKNOWN>
L 09/02/2026 - 20:18:10: [KILL] Zombie/Witch/Môi trường <N/A> đã giết Chicoarun <STEAM_1:0:952954061> bằng (zombie cào/đấm)
L 09/02/2026 - 20:18:10: [FF] [Rïçēz] <STEAM_1:1:558962692> -> 16 HP bằng (boom/fire) -> [Curren Bouquetd'or] <BOT_OR_UNKNOWN>
L 09/02/2026 - 20:18:11: [FF] [Rïçēz] <STEAM_1:1:558962692> -> 16 HP bằng (boom/fire) -> [Curren Bouquetd'or] <BOT_OR_UNKNOWN>
L 09/02/2026 - 20:18:11: [FF] [Bảo Nguyên] <STEAM_1:0:218160880> -> 1 HP bằng (môi trường/khác) -> [chimxanh] <STEAM_1:1:626078671>
L 09/02/2026 - 20:18:11: [FF] [Rïçēz] <STEAM_1:1:558962692> -> 16 HP bằng (boom/fire) -> [Curren Bouquetd'or] <BOT_OR_UNKNOWN>
L 09/02/2026 - 20:18:11: [FF] [Rïçēz] <STEAM_1:1:558962692> -> 16 HP bằng (boom/fire) -> [Curren Bouquetd'or] <BOT_OR_UNKNOWN>
L 09/02/2026 - 20:18:11: [FF] [Rïçēz] <STEAM_1:1:558962692> -> 16 HP bằng (boom/fire) -> [Curren Bouquetd'or] <BOT_OR_UNKNOWN>
L 09/02/2026 - 20:18:12: [FF] [Rïçēz] <STEAM_1:1:558962692> -> 16 HP bằng (boom/fire) -> [Curren Bouquetd'or] <BOT_OR_UNKNOWN>
L 09/02/2026 - 20:18:12: [FF] [Rïçēz] <STEAM_1:1:558962692> -> 16 HP bằng (boom/fire) -> [Curren Bouquetd'or] <BOT_OR_UNKNOWN>
L 09/02/2026 - 20:18:12: [FF] [Rïçēz] <STEAM_1:1:558962692> -> 16 HP bằng (boom/fire) -> [Curren Bouquetd'or] <BOT_OR_UNKNOWN>
L 09/02/2026 - 20:18:12: [FF] [Rïçēz] <STEAM_1:1:558962692> -> 16 HP bằng (boom/fire) -> [Curren Bouquetd'or] <BOT_OR_UNKNOWN>
L 09/02/2026 - 20:18:13: [FF] [Rïçēz] <STEAM_1:1:558962692> -> 16 HP bằng (boom/fire) -> [Curren Bouquetd'or] <BOT_OR_UNKNOWN>
L 09/02/2026 - 20:18:13: [FF] [Rïçēz] <STEAM_1:1:558962692> -> 16 HP bằng (boom/fire) -> [Curren Bouquetd'or] <BOT_OR_UNKNOWN>
L 09/02/2026 - 20:18:13: [FF] [Rïçēz] <STEAM_1:1:558962692> -> 16 HP bằng (boom/fire) -> [Curren Bouquetd'or] <BOT_OR_UNKNOWN>
L 09/02/2026 - 20:18:13: [FF] [Rïçēz] <STEAM_1:1:558962692> -> 16 HP bằng (boom/fire) -> [Curren Bouquetd'or] <BOT_OR_UNKNOWN>
L 09/02/2026 - 20:18:14: [FF] [Rïçēz] <STEAM_1:1:558962692> -> 16 HP bằng (boom/fire) -> [Curren Bouquetd'or] <BOT_OR_UNKNOWN>
L 09/02/2026 - 20:18:14: [FF] [Rïçēz] <STEAM_1:1:558962692> -> 16 HP bằng (boom/fire) -> [Curren Bouquetd'or] <BOT_OR_UNKNOWN>
L 09/02/2026 - 20:18:14: [HẠ GỤC] Zombie/Witch/Môi trường <N/A> đã hạ gục Holo 40k <STEAM_1:1:925049770> bằng (môi trường/khác)
L 09/02/2026 - 20:18:14: [FF] [Rïçēz] <STEAM_1:1:558962692> -> 16 HP bằng (boom/fire) -> [Curren Bouquetd'or] <BOT_OR_UNKNOWN>
L 09/02/2026 - 20:18:14: [KILL] Zombie/Witch/Môi trường <N/A> đã giết Bảo Nguyên <STEAM_1:0:218160880> bằng (zombie cào/đấm)
L 09/02/2026 - 20:18:14: [FF] [Rïçēz] <STEAM_1:1:558962692> -> 16 HP bằng (boom/fire) -> [Curren Bouquetd'or] <BOT_OR_UNKNOWN>
L 09/02/2026 - 20:18:15: [FF] [Rïçēz] <STEAM_1:1:558962692> -> 16 HP bằng (boom/fire) -> [Curren Bouquetd'or] <BOT_OR_UNKNOWN>
L 09/02/2026 - 20:18:15: [FF] [Rïçēz] <STEAM_1:1:558962692> -> 16 HP bằng (boom/fire) -> [Curren Bouquetd'or] <BOT_OR_UNKNOWN>
L 09/02/2026 - 20:18:15: [FF] [Rïçēz] <STEAM_1:1:558962692> -> 16 HP bằng (boom/fire) -> [Curren Bouquetd'or] <BOT_OR_UNKNOWN>
L 09/02/2026 - 20:18:15: [FF] [Rïçēz] <STEAM_1:1:558962692> -> 16 HP bằng (boom/fire) -> [Curren Bouquetd'or] <BOT_OR_UNKNOWN>
L 09/02/2026 - 20:18:15: [FF] [Lê Hải] <STEAM_1:0:471595906> -> 5 HP bằng (súng) -> [KeroN] <STEAM_1:1:161759963>
L 09/02/2026 - 20:18:16: [FF] [Rïçēz] <STEAM_1:1:558962692> -> 16 HP bằng (boom/fire) -> [Curren Bouquetd'or] <BOT_OR_UNKNOWN>
L 09/02/2026 - 20:18:16: [FF] [Rïçēz] <STEAM_1:1:558962692> -> 16 HP bằng (boom/fire) -> [Curren Bouquetd'or] <BOT_OR_UNKNOWN>
L 09/02/2026 - 20:18:16: [FF] [Rïçēz] <STEAM_1:1:558962692> -> 16 HP bằng (boom/fire) -> [Curren Bouquetd'or] <BOT_OR_UNKNOWN>
L 09/02/2026 - 20:18:16: [FF] [Rïçēz] <STEAM_1:1:558962692> -> 16 HP bằng (boom/fire) -> [Curren Bouquetd'or] <BOT_OR_UNKNOWN>
L 09/02/2026 - 20:18:17: [FF] [Rïçēz] <STEAM_1:1:558962692> -> 16 HP bằng (boom/fire) -> [Curren Bouquetd'or] <BOT_OR_UNKNOWN>
L 09/02/2026 - 20:18:17: [FF] [Rïçēz] <STEAM_1:1:558962692> -> 16 HP bằng (boom/fire) -> [Curren Bouquetd'or] <BOT_OR_UNKNOWN>
L 09/02/2026 - 20:18:17: [FF] [Rïçēz] <STEAM_1:1:558962692> -> 16 HP bằng (boom/fire) -> [Curren Bouquetd'or] <BOT_OR_UNKNOWN>
L 09/02/2026 - 20:18:17: [FF] [Rïçēz] <STEAM_1:1:558962692> -> 16 HP bằng (boom/fire) -> [Curren Bouquetd'or] <BOT_OR_UNKNOWN>
L 09/02/2026 - 20:18:18: [FF] [Rïçēz] <STEAM_1:1:558962692> -> 16 HP bằng (boom/fire) -> [Curren Bouquetd'or] <BOT_OR_UNKNOWN>
L 09/02/2026 - 20:18:18: [FF] [Rïçēz] <STEAM_1:1:558962692> -> 16 HP bằng (boom/fire) -> [Curren Bouquetd'or] <BOT_OR_UNKNOWN>
L 09/02/2026 - 20:18:18: [FF] [Rïçēz] <STEAM_1:1:558962692> -> 16 HP bằng (boom/fire) -> [Curren Bouquetd'or] <BOT_OR_UNKNOWN>
L 09/02/2026 - 20:18:18: [FF] [Rïçēz] <STEAM_1:1:558962692> -> 16 HP bằng (boom/fire) -> [Curren Bouquetd'or] <BOT_OR_UNKNOWN>
L 09/02/2026 - 20:18:19: [FF] [Rïçēz] <STEAM_1:1:558962692> -> 16 HP bằng (boom/fire) -> [Curren Bouquetd'or] <BOT_OR_UNKNOWN>
L 09/02/2026 - 20:18:19: [FF] [Rïçēz] <STEAM_1:1:558962692> -> 16 HP bằng (boom/fire) -> [Curren Bouquetd'or] <BOT_OR_UNKNOWN>
L 09/02/2026 - 20:18:25: [FF] [Lê Hải] <STEAM_1:0:471595906> -> 5 HP bằng (súng) -> [KeroN] <STEAM_1:1:161759963>
L 09/02/2026 - 20:18:26: [FF] [Lê Hải] <STEAM_1:0:471595906> -> 16 HP bằng (boom/fire) -> [chimxanh] <STEAM_1:1:626078671>
L 09/02/2026 - 20:18:26: [FF] [Lê Hải] <STEAM_1:0:471595906> -> 16 HP bằng (boom/fire) -> [chimxanh] <STEAM_1:1:626078671>
L 09/02/2026 - 20:18:27: [KILL] Zombie/Witch/Môi trường <N/A> đã giết chimxanh <STEAM_1:1:626078671> bằng (zombie cào/đấm)
L 09/02/2026 - 20:18:28: [FF] [Lê Hải] <STEAM_1:0:471595906> -> 5 HP bằng (súng) -> [（ ͜.人 ͜.）⛇☃] <STEAM_1:1:241852047>
L 09/02/2026 - 20:18:28: [FF] [Lê Hải] <STEAM_1:0:471595906> -> 5 HP bằng (súng) -> [（ ͜.人 ͜.）⛇☃] <STEAM_1:1:241852047>
L 09/02/2026 - 20:18:29: [FF] [（ ͜.人 ͜.）⛇☃] <STEAM_1:1:241852047> -> 5 HP bằng (súng) -> [KeroN] <STEAM_1:1:161759963>
L 09/02/2026 - 20:18:29: [FF] [（ ͜.人 ͜.）⛇☃] <STEAM_1:1:241852047> -> 5 HP bằng (súng) -> [KeroN] <STEAM_1:1:161759963>
L 09/02/2026 - 20:18:29: [FF] [（ ͜.人 ͜.）⛇☃] <STEAM_1:1:241852047> -> 5 HP bằng (súng) -> [KeroN] <STEAM_1:1:161759963>
L 09/02/2026 - 20:18:33: [KILL] Zombie/Witch/Môi trường <N/A> đã giết KeroN <STEAM_1:1:161759963> bằng (zombie cào/đấm)
L 09/02/2026 - 20:18:42: [KILL] Zombie/Witch/Môi trường <N/A> đã giết Lê Hải <STEAM_1:0:471595906> bằng (zombie cào/đấm)
L 09/02/2026 - 20:18:43: [KILL] Zombie/Witch/Môi trường <N/A> đã giết （ ͜.人 ͜.）⛇☃ <STEAM_1:1:241852047> bằng (zombie cào/đấm)
L 09/02/2026 - 20:18:45: [KILL] Zombie/Witch/Môi trường <N/A> đã giết Curren Bouquetd'or <BOT_OR_UNKNOWN> bằng (môi trường/khác)
L 09/02/2026 - 20:18:48: [KILL] Zombie/Witch/Môi trường <N/A> đã giết Rïçēz <STEAM_1:1:558962692> bằng (môi trường/khác)
L 09/02/2026 - 20:18:52: [KILL] Zombie/Witch/Môi trường <N/A> đã giết Bill <BOT> bằng (zombie cào/đấm)
L 09/02/2026 - 20:19:56: [FF] [Chicoarun] <STEAM_1:0:952954061> -> 5 HP bằng (melee) -> [Lê Hải] <STEAM_1:0:471595906>
L 09/02/2026 - 20:19:57: [FF] [Lê Hải] <STEAM_1:0:471595906> -> 25 HP bằng (melee) -> [Chicoarun] <STEAM_1:0:952954061>
L 09/02/2026 - 20:19:57: [FF] [Lê Hải] <STEAM_1:0:471595906> -> 25 HP bằng (melee) -> [KeroN] <STEAM_1:1:161759963>
L 09/02/2026 - 20:20:01: [FF] [Chicoarun] <STEAM_1:0:952954061> -> 5 HP bằng (melee) -> [KeroN] <STEAM_1:1:161759963>
L 09/02/2026 - 20:20:01: [HẠ GỤC] Zombie/Witch/Môi trường <N/A> đã hạ gục Holo 40k <BOT_OR_UNKNOWN> bằng (môi trường/khác)
L 09/02/2026 - 20:20:06: [FF] [Curren Bouquetd'or] <BOT_OR_UNKNOWN> -> 1 HP bằng (súng) -> [Chicoarun] <STEAM_1:0:952954061>
L 09/02/2026 - 20:20:06: [FF] [Curren Bouquetd'or] <BOT_OR_UNKNOWN> -> 1 HP bằng (súng) -> [Chicoarun] <STEAM_1:0:952954061>
L 09/02/2026 - 20:20:06: [FF] [Curren Bouquetd'or] <BOT_OR_UNKNOWN> -> 1 HP bằng (súng) -> [Chicoarun] <STEAM_1:0:952954061>
L 09/02/2026 - 20:20:07: [FF] [chimxanh] <STEAM_1:1:626078671> -> 5 HP bằng (melee) -> [Bảo Nguyên] <STEAM_1:0:218160880>
L 09/02/2026 - 20:20:08: [FF] [KeroN] <STEAM_1:1:161759963> -> 7 HP bằng (melee) -> [Bảo Nguyên] <STEAM_1:0:218160880>
L 09/02/2026 - 20:20:08: [FF] [Lê Hải] <STEAM_1:0:471595906> -> 25 HP bằng (melee) -> [chimxanh] <STEAM_1:1:626078671>
L 09/02/2026 - 20:20:08: [FF] [Chicoarun] <STEAM_1:0:952954061> -> 5 HP bằng (melee) -> [Bảo Nguyên] <STEAM_1:0:218160880>
L 09/02/2026 - 20:20:08: [FF] [Chicoarun] <STEAM_1:0:952954061> -> 5 HP bằng (melee) -> [chimxanh] <STEAM_1:1:626078671>
L 09/02/2026 - 20:20:09: [HẠ GỤC] Spitter Bot <BOT> đã hạ gục Curren Bouquetd'or <BOT_OR_UNKNOWN> bằng (môi trường/khác)
L 09/02/2026 - 20:20:10: [HẠ GỤC] Spitter Bot <BOT> đã hạ gục Chicoarun <STEAM_1:0:952954061> bằng (môi trường/khác)
L 09/02/2026 - 20:20:10: [HẠ GỤC] Spitter Bot <BOT> đã hạ gục chimxanh <STEAM_1:1:626078671> bằng (môi trường/khác)
L 09/02/2026 - 20:20:11: [HẠ GỤC] Spitter Bot <BOT> đã hạ gục KeroN <STEAM_1:1:161759963> bằng (môi trường/khác)
L 09/02/2026 - 20:20:25: [FF] [Curren Bouquetd'or] <BOT_OR_UNKNOWN> -> 1 HP bằng (môi trường/khác) -> [（ ͜.人 ͜.）⛇☃] <STEAM_1:1:241852047>
L 09/02/2026 - 20:20:25: [FF] [Curren Bouquetd'or] <BOT_OR_UNKNOWN> -> 1 HP bằng (môi trường/khác) -> [Holo 40k] <BOT_OR_UNKNOWN>
L 09/02/2026 - 20:20:25: [FF] [Curren Bouquetd'or] <BOT_OR_UNKNOWN> -> 1 HP bằng (môi trường/khác) -> [Bảo Nguyên] <STEAM_1:0:218160880>
L 09/02/2026 - 20:20:25: [FF] [Curren Bouquetd'or] <BOT_OR_UNKNOWN> -> 1 HP bằng (môi trường/khác) -> [chimxanh] <STEAM_1:1:626078671>
L 09/02/2026 - 20:20:25: [FF] [Curren Bouquetd'or] <BOT_OR_UNKNOWN> -> 1 HP bằng (môi trường/khác) -> [KeroN] <STEAM_1:1:161759963>
L 09/02/2026 - 20:20:25: [FF] [Curren Bouquetd'or] <BOT_OR_UNKNOWN> -> 1 HP bằng (môi trường/khác) -> [Chicoarun] <STEAM_1:0:952954061>
L 09/02/2026 - 20:20:25: [FF] [Curren Bouquetd'or] <BOT_OR_UNKNOWN> -> 1 HP bằng (môi trường/khác) -> [Lê Hải] <STEAM_1:0:471595906>
L 09/02/2026 - 20:20:36: [KILL] Zombie/Witch/Môi trường <N/A> đã giết Chicoarun <STEAM_1:0:952954061> bằng (zombie cào/đấm)
L 09/02/2026 - 20:20:38: [FF] [Lê Hải] <STEAM_1:0:471595906> -> 5 HP bằng (súng) -> [Bảo Nguyên] <STEAM_1:0:218160880>
L 09/02/2026 - 20:20:38: [FF] [Lê Hải] <STEAM_1:0:471595906> -> 5 HP bằng (súng) -> [Bảo Nguyên] <STEAM_1:0:218160880>
L 09/02/2026 - 20:20:39: [FF] [Bảo Nguyên] <STEAM_1:0:218160880> -> 5 HP bằng (súng) -> [KeroN] <STEAM_1:1:161759963>
L 09/02/2026 - 20:20:39: [FF] [Bảo Nguyên] <STEAM_1:0:218160880> -> 5 HP bằng (súng) -> [KeroN] <STEAM_1:1:161759963>
L 09/02/2026 - 20:20:39: [FF] [Bảo Nguyên] <STEAM_1:0:218160880> -> 5 HP bằng (súng) -> [KeroN] <STEAM_1:1:161759963>
L 09/02/2026 - 20:20:39: [FF] [Bảo Nguyên] <STEAM_1:0:218160880> -> 5 HP bằng (súng) -> [KeroN] <STEAM_1:1:161759963>
L 09/02/2026 - 20:20:39: [FF] [（ ͜.人 ͜.）⛇☃] <STEAM_1:1:241852047> -> 3 HP bằng (súng) -> [Lê Hải] <STEAM_1:0:471595906>
L 09/02/2026 - 20:20:39: [FF] [Bảo Nguyên] <STEAM_1:0:218160880> -> 5 HP bằng (súng) -> [KeroN] <STEAM_1:1:161759963>
L 09/02/2026 - 20:20:39: [FF] [Bảo Nguyên] <STEAM_1:0:218160880> -> 5 HP bằng (súng) -> [KeroN] <STEAM_1:1:161759963>
L 09/02/2026 - 20:20:40: [FF] [（ ͜.人 ͜.）⛇☃] <STEAM_1:1:241852047> -> 5 HP bằng (súng) -> [KeroN] <STEAM_1:1:161759963>
L 09/02/2026 - 20:20:41: [KILL] Zombie/Witch/Môi trường <N/A> đã giết KeroN <STEAM_1:1:161759963> bằng (zombie cào/đấm)
L 09/02/2026 - 20:20:41: [FF] [（ ͜.人 ͜.）⛇☃] <STEAM_1:1:241852047> -> 16 HP bằng (boom/fire) -> [Rïçēz] <STEAM_1:1:558962692>
L 09/02/2026 - 20:20:42: [FF] [（ ͜.人 ͜.）⛇☃] <STEAM_1:1:241852047> -> 16 HP bằng (boom/fire) -> [Rïçēz] <STEAM_1:1:558962692>
L 09/02/2026 - 20:20:45: [KILL] Zombie/Witch/Môi trường <N/A> đã giết Lê Hải <STEAM_1:0:471595906> bằng (zombie cào/đấm)
L 09/02/2026 - 20:20:46: [FF] [（ ͜.人 ͜.）⛇☃] <STEAM_1:1:241852047> -> 2 HP bằng (súng) -> [Bảo Nguyên] <STEAM_1:0:218160880>
L 09/02/2026 - 20:20:46: [KILL] Zombie/Witch/Môi trường <N/A> đã giết Holo 40k <BOT_OR_UNKNOWN> bằng (zombie cào/đấm)
L 09/02/2026 - 20:21:01: [HẠ GỤC] Zombie/Witch/Môi trường <N/A> đã hạ gục Rïçēz <STEAM_1:1:558962692> bằng (môi trường/khác)
L 09/02/2026 - 20:21:05: [FF] [Bảo Nguyên] <STEAM_1:0:218160880> -> 1 HP bằng (môi trường/khác) -> [Rïçēz] <STEAM_1:1:558962692>
L 09/02/2026 - 20:21:05: [FF] [Bảo Nguyên] <STEAM_1:0:218160880> -> 1 HP bằng (môi trường/khác) -> [chimxanh] <STEAM_1:1:626078671>
L 09/02/2026 - 20:21:07: [FF] [chimxanh] <STEAM_1:1:626078671> -> 5 HP bằng (melee) -> [Bảo Nguyên] <STEAM_1:0:218160880>
L 09/02/2026 - 20:21:19: [FF] [（ ͜.人 ͜.）⛇☃] <STEAM_1:1:241852047> -> 1 HP bằng (môi trường/khác) -> [Curren Bouquetd'or] <BOT_OR_UNKNOWN>
L 09/02/2026 - 20:22:03: [HẠ GỤC] Curren Bouquetd'or <BOT_OR_UNKNOWN> đã hạ gục Curren Bouquetd'or <BOT_OR_UNKNOWN> bằng (súng)
L 09/02/2026 - 20:22:04: [FF] [（ ͜.人 ͜.）⛇☃] <STEAM_1:1:241852047> -> 6 HP bằng (boom/fire) -> [Bảo Nguyên] <STEAM_1:0:218160880>
L 09/02/2026 - 20:22:17: [FF] [（ ͜.人 ͜.）⛇☃] <STEAM_1:1:241852047> -> 16 HP bằng (boom/fire) -> [Curren Bouquetd'or] <BOT_OR_UNKNOWN>
L 09/02/2026 - 20:22:21: [FF] [（ ͜.人 ͜.）⛇☃] <STEAM_1:1:241852047> -> 1 HP bằng (súng) -> [Holo 40k] <BOT_OR_UNKNOWN>
L 09/02/2026 - 20:22:32: [HẠ GỤC] Spitter Bot <BOT> đã hạ gục Holo 40k <BOT_OR_UNKNOWN> bằng (môi trường/khác)
L 09/02/2026 - 20:22:34: [FF] [Curren Bouquetd'or] <BOT_OR_UNKNOWN> -> 5 HP bằng (súng) -> [Rïçēz] <STEAM_1:1:558962692>
L 09/02/2026 - 20:22:34: [FF] [Curren Bouquetd'or] <BOT_OR_UNKNOWN> -> 5 HP bằng (súng) -> [Rïçēz] <STEAM_1:1:558962692>
L 09/02/2026 - 20:22:34: [FF] [Curren Bouquetd'or] <BOT_OR_UNKNOWN> -> 5 HP bằng (súng) -> [Rïçēz] <STEAM_1:1:558962692>
L 09/02/2026 - 20:22:34: [FF] [Curren Bouquetd'or] <BOT_OR_UNKNOWN> -> 5 HP bằng (súng) -> [Rïçēz] <STEAM_1:1:558962692>
L 09/02/2026 - 20:22:34: [FF] [Bảo Nguyên] <STEAM_1:0:218160880> -> 5 HP bằng (súng) -> [weeBlord] <STEAM_1:0:242584050>
L 09/02/2026 - 20:22:34: [FF] [Curren Bouquetd'or] <BOT_OR_UNKNOWN> -> 5 HP bằng (súng) -> [Bảo Nguyên] <STEAM_1:0:218160880>
L 09/02/2026 - 20:22:35: [FF] [Curren Bouquetd'or] <BOT_OR_UNKNOWN> -> 5 HP bằng (súng) -> [Bảo Nguyên] <STEAM_1:0:218160880>
L 09/02/2026 - 20:22:35: [FF] [Curren Bouquetd'or] <BOT_OR_UNKNOWN> -> 5 HP bằng (súng) -> [Bảo Nguyên] <STEAM_1:0:218160880>
L 09/02/2026 - 20:22:35: [FF] [Curren Bouquetd'or] <BOT_OR_UNKNOWN> -> 5 HP bằng (súng) -> [weeBlord] <STEAM_1:0:242584050>
L 09/02/2026 - 20:22:36: [FF] [（ ͜.人 ͜.）⛇☃] <STEAM_1:1:241852047> -> 16 HP bằng (boom/fire) -> [chimxanh] <STEAM_1:1:626078671>
L 09/02/2026 - 20:22:36: [FF] [（ ͜.人 ͜.）⛇☃] <STEAM_1:1:241852047> -> 16 HP bằng (boom/fire) -> [chimxanh] <STEAM_1:1:626078671>
L 09/02/2026 - 20:22:36: [FF] [（ ͜.人 ͜.）⛇☃] <STEAM_1:1:241852047> -> 16 HP bằng (boom/fire) -> [chimxanh] <STEAM_1:1:626078671>
L 09/02/2026 - 20:22:43: [FF] [Bảo Nguyên] <STEAM_1:0:218160880> -> 5 HP bằng (súng) -> [Chicoarun] <STEAM_1:0:952954061>
L 09/02/2026 - 20:22:43: [FF] [Bảo Nguyên] <STEAM_1:0:218160880> -> 5 HP bằng (súng) -> [KeroN] <STEAM_1:1:161759963>
L 09/02/2026 - 20:22:43: [FF] [Bảo Nguyên] <STEAM_1:0:218160880> -> 5 HP bằng (súng) -> [KeroN] <STEAM_1:1:161759963>
L 09/02/2026 - 20:22:43: [FF] [Bảo Nguyên] <STEAM_1:0:218160880> -> 5 HP bằng (súng) -> [KeroN] <STEAM_1:1:161759963>
L 09/02/2026 - 20:22:43: [FF] [Bảo Nguyên] <STEAM_1:0:218160880> -> 5 HP bằng (súng) -> [KeroN] <STEAM_1:1:161759963>
L 09/02/2026 - 20:22:43: [FF] [Bảo Nguyên] <STEAM_1:0:218160880> -> 5 HP bằng (súng) -> [KeroN] <STEAM_1:1:161759963>
L 09/02/2026 - 20:22:45: [FF] [KeroN] <STEAM_1:1:161759963> -> 5 HP bằng (súng) -> [weeBlord] <STEAM_1:0:242584050>
L 09/02/2026 - 20:22:54: [FF] [KeroN] <STEAM_1:1:161759963> -> 5 HP bằng (súng) -> [Rïçēz] <STEAM_1:1:558962692>
L 09/02/2026 - 20:22:54: [FF] [KeroN] <STEAM_1:1:161759963> -> 5 HP bằng (súng) -> [Rïçēz] <STEAM_1:1:558962692>
L 09/02/2026 - 20:22:58: [HẠ GỤC] Zombie/Witch/Môi trường <N/A> đã hạ gục Curren Bouquetd'or <BOT_OR_UNKNOWN> bằng (môi trường/khác)
L 09/02/2026 - 20:23:02: [FF] [None :D] <STEAM_1:0:578030381> -> 5 HP bằng (súng) -> [Lê Hải] <STEAM_1:0:471595906>
L 09/02/2026 - 20:23:03: [HẠ GỤC] (1)Charger Bot <BOT> đã hạ gục Bảo Nguyên <STEAM_1:0:218160880> bằng (zombie cào/đấm)
L 09/02/2026 - 20:23:03: [FF] [（ ͜.人 ͜.）⛇☃] <STEAM_1:1:241852047> -> 5 HP bằng (súng) -> [Chicoarun] <STEAM_1:0:952954061>
L 09/02/2026 - 20:23:06: [HẠ GỤC] Charger Bot <BOT> đã hạ gục Rïçēz <STEAM_1:1:558962692> bằng (zombie cào/đấm)
L 09/02/2026 - 20:23:09: [FF] [weeBlord] <STEAM_1:0:242584050> -> 5 HP bằng (súng) -> [chimxanh] <STEAM_1:1:626078671>
L 09/02/2026 - 20:23:10: [HẠ GỤC] Zombie/Witch/Môi trường <N/A> đã hạ gục None :D <STEAM_1:0:578030381> bằng (môi trường/khác)
L 09/02/2026 - 20:23:11: [FF] [Lê Hải] <STEAM_1:0:471595906> -> 1 HP bằng (môi trường/khác) -> [Holo 40k] <BOT_OR_UNKNOWN>
L 09/02/2026 - 20:23:11: [FF] [Lê Hải] <STEAM_1:0:471595906> -> 1 HP bằng (môi trường/khác) -> [KeroN] <STEAM_1:1:161759963>
L 09/02/2026 - 20:23:11: [FF] [Lê Hải] <STEAM_1:0:471595906> -> 1 HP bằng (môi trường/khác) -> [（ ͜.人 ͜.）⛇☃] <STEAM_1:1:241852047>
L 09/02/2026 - 20:23:11: [FF] [Lê Hải] <STEAM_1:0:471595906> -> 1 HP bằng (môi trường/khác) -> [Chicoarun] <STEAM_1:0:952954061>
L 09/02/2026 - 20:23:11: [FF] [Lê Hải] <STEAM_1:0:471595906> -> 1 HP bằng (môi trường/khác) -> [Bảo Nguyên] <STEAM_1:0:218160880>
L 09/02/2026 - 20:23:14: [FF] [Rïçēz] <STEAM_1:1:558962692> -> 5 HP bằng (súng) -> [None :D] <STEAM_1:0:578030381>
L 09/02/2026 - 20:23:14: [FF] [Rïçēz] <STEAM_1:1:558962692> -> 5 HP bằng (súng) -> [None :D] <STEAM_1:0:578030381>
L 09/02/2026 - 20:23:14: [FF] [Rïçēz] <STEAM_1:1:558962692> -> 1 HP bằng (boom/fire) -> [None :D] <STEAM_1:0:578030381>
L 09/02/2026 - 20:23:14: [FF] [Rïçēz] <STEAM_1:1:558962692> -> 5 HP bằng (súng) -> [None :D] <STEAM_1:0:578030381>
L 09/02/2026 - 20:23:14: [FF] [Rïçēz] <STEAM_1:1:558962692> -> 3 HP bằng (boom/fire) -> [None :D] <STEAM_1:0:578030381>
L 09/02/2026 - 20:23:14: [FF] [Rïçēz] <STEAM_1:1:558962692> -> 4 HP bằng (boom/fire) -> [None :D] <STEAM_1:0:578030381>
L 09/02/2026 - 20:23:15: [FF] [Rïçēz] <STEAM_1:1:558962692> -> 6 HP bằng (boom/fire) -> [None :D] <STEAM_1:0:578030381>
L 09/02/2026 - 20:23:15: [FF] [Rïçēz] <STEAM_1:1:558962692> -> 8 HP bằng (boom/fire) -> [None :D] <STEAM_1:0:578030381>
L 09/02/2026 - 20:23:15: [FF] [Rïçēz] <STEAM_1:1:558962692> -> 9 HP bằng (boom/fire) -> [None :D] <STEAM_1:0:578030381>
L 09/02/2026 - 20:23:15: [FF] [Rïçēz] <STEAM_1:1:558962692> -> 11 HP bằng (boom/fire) -> [None :D] <STEAM_1:0:578030381>
L 09/02/2026 - 20:23:15: [FF] [Rïçēz] <STEAM_1:1:558962692> -> 12 HP bằng (boom/fire) -> [None :D] <STEAM_1:0:578030381>
L 09/02/2026 - 20:23:16: [FF] [Rïçēz] <STEAM_1:1:558962692> -> 14 HP bằng (boom/fire) -> [None :D] <STEAM_1:0:578030381>
L 09/02/2026 - 20:23:16: [FF] [Rïçēz] <STEAM_1:1:558962692> -> 16 HP bằng (boom/fire) -> [None :D] <STEAM_1:0:578030381>
L 09/02/2026 - 20:23:16: [FF] [Rïçēz] <STEAM_1:1:558962692> -> 16 HP bằng (boom/fire) -> [None :D] <STEAM_1:0:578030381>
L 09/02/2026 - 20:23:16: [FF] [Rïçēz] <STEAM_1:1:558962692> -> 16 HP bằng (boom/fire) -> [None :D] <STEAM_1:0:578030381>
L 09/02/2026 - 20:23:16: [FF] [Rïçēz] <STEAM_1:1:558962692> -> 16 HP bằng (boom/fire) -> [None :D] <STEAM_1:0:578030381>
L 09/02/2026 - 20:23:17: [FF] [Rïçēz] <STEAM_1:1:558962692> -> 16 HP bằng (boom/fire) -> [None :D] <STEAM_1:0:578030381>
L 09/02/2026 - 20:23:17: [FF] [Rïçēz] <STEAM_1:1:558962692> -> 16 HP bằng (boom/fire) -> [None :D] <STEAM_1:0:578030381>
L 09/02/2026 - 20:23:17: [FF] [Rïçēz] <STEAM_1:1:558962692> -> 16 HP bằng (boom/fire) -> [None :D] <STEAM_1:0:578030381>
L 09/02/2026 - 20:23:17: [FF] [Rïçēz] <STEAM_1:1:558962692> -> 16 HP bằng (boom/fire) -> [None :D] <STEAM_1:0:578030381>
L 09/02/2026 - 20:23:17: [FF] [Rïçēz] <STEAM_1:1:558962692> -> 16 HP bằng (boom/fire) -> [None :D] <STEAM_1:0:578030381>
L 09/02/2026 - 20:23:18: [FF] [Rïçēz] <STEAM_1:1:558962692> -> 16 HP bằng (boom/fire) -> [None :D] <STEAM_1:0:578030381>
L 09/02/2026 - 20:23:18: [FF] [Rïçēz] <STEAM_1:1:558962692> -> 16 HP bằng (boom/fire) -> [None :D] <STEAM_1:0:578030381>
L 09/02/2026 - 20:23:18: [FF] [Rïçēz] <STEAM_1:1:558962692> -> 16 HP bằng (boom/fire) -> [None :D] <STEAM_1:0:578030381>
L 09/02/2026 - 20:23:18: [FF] [Rïçēz] <STEAM_1:1:558962692> -> 16 HP bằng (boom/fire) -> [None :D] <STEAM_1:0:578030381>
L 09/02/2026 - 20:23:18: [FF] [Rïçēz] <STEAM_1:1:558962692> -> 16 HP bằng (boom/fire) -> [None :D] <STEAM_1:0:578030381>
L 09/02/2026 - 20:23:19: [FF] [Rïçēz] <STEAM_1:1:558962692> -> 16 HP bằng (boom/fire) -> [None :D] <STEAM_1:0:578030381>
L 09/02/2026 - 20:23:19: [FF] [Rïçēz] <STEAM_1:1:558962692> -> 16 HP bằng (boom/fire) -> [None :D] <STEAM_1:0:578030381>
L 09/02/2026 - 20:23:22: [FF] [Holo 40k] <BOT_OR_UNKNOWN> -> 3 HP bằng (súng) -> [Rïçēz] <STEAM_1:1:558962692>
L 09/02/2026 - 20:23:22: [FF] [Holo 40k] <BOT_OR_UNKNOWN> -> 3 HP bằng (súng) -> [Rïçēz] <STEAM_1:1:558962692>
L 09/02/2026 - 20:23:22: [HẠ GỤC] Holo 40k <BOT_OR_UNKNOWN> đã hạ gục Rïçēz <STEAM_1:1:558962692> bằng (súng)
L 09/02/2026 - 20:23:22: [FF] [Holo 40k] <BOT_OR_UNKNOWN> -> 3 HP bằng (súng) -> [Rïçēz] <STEAM_1:1:558962692>
L 09/02/2026 - 20:23:22: [FF] [Holo 40k] <BOT_OR_UNKNOWN> -> 3 HP bằng (súng) -> [Rïçēz] <STEAM_1:1:558962692>
L 09/02/2026 - 20:23:22: [FF] [Holo 40k] <BOT_OR_UNKNOWN> -> 3 HP bằng (súng) -> [Rïçēz] <STEAM_1:1:558962692>
L 09/02/2026 - 20:23:22: [FF] [Holo 40k] <BOT_OR_UNKNOWN> -> 3 HP bằng (súng) -> [Rïçēz] <STEAM_1:1:558962692>
L 09/02/2026 - 20:23:22: [FF] [Holo 40k] <BOT_OR_UNKNOWN> -> 3 HP bằng (súng) -> [Rïçēz] <STEAM_1:1:558962692>
L 09/02/2026 - 20:23:22: [FF] [Holo 40k] <BOT_OR_UNKNOWN> -> 3 HP bằng (súng) -> [Rïçēz] <STEAM_1:1:558962692>
L 09/02/2026 - 20:23:22: [FF] [Holo 40k] <BOT_OR_UNKNOWN> -> 3 HP bằng (súng) -> [Rïçēz] <STEAM_1:1:558962692>
L 09/02/2026 - 20:23:22: [FF] [Holo 40k] <BOT_OR_UNKNOWN> -> 3 HP bằng (súng) -> [Rïçēz] <STEAM_1:1:558962692>
L 09/02/2026 - 20:23:28: [FF] [KeroN] <STEAM_1:1:161759963> -> 5 HP bằng (súng) -> [Chicoarun] <STEAM_1:0:952954061>
L 09/02/2026 - 20:23:28: [FF] [KeroN] <STEAM_1:1:161759963> -> 5 HP bằng (súng) -> [Chicoarun] <STEAM_1:0:952954061>
L 09/02/2026 - 20:23:29: [FF] [（ ͜.人 ͜.）⛇☃] <STEAM_1:1:241852047> -> 2 HP bằng (súng) -> [None :D] <STEAM_1:0:578030381>
L 09/02/2026 - 20:23:35: [HẠ GỤC] Zombie/Witch/Môi trường <N/A> đã hạ gục KeroN <STEAM_1:1:161759963> bằng (môi trường/khác)
L 09/02/2026 - 20:23:38: [HẠ GỤC] Zombie/Witch/Môi trường <N/A> đã hạ gục weeBlord <STEAM_1:0:242584050> bằng (môi trường/khác)
L 09/02/2026 - 20:23:42: [HẠ GỤC] Tank <BOT> đã hạ gục KeroN <STEAM_1:1:161759963> bằng (môi trường/khác)
L 09/02/2026 - 20:23:46: [HẠ GỤC] Zombie/Witch/Môi trường <N/A> đã hạ gục （ ͜.人 ͜.）⛇☃ <STEAM_1:1:241852047> bằng (môi trường/khác)
L 09/02/2026 - 20:23:49: [HẠ GỤC] Tank <BOT> đã hạ gục Curren Bouquetd'or <BOT_OR_UNKNOWN> bằng (môi trường/khác)
L 09/02/2026 - 20:23:50: [HẠ GỤC] Zombie/Witch/Môi trường <N/A> đã hạ gục Bảo Nguyên <STEAM_1:0:218160880> bằng (môi trường/khác)
L 09/02/2026 - 20:23:51: [FF] [Rïçēz] <STEAM_1:1:558962692> -> 5 HP bằng (súng) -> [weeBlord] <STEAM_1:0:242584050>
L 09/02/2026 - 20:23:51: [FF] [Rïçēz] <STEAM_1:1:558962692> -> 5 HP bằng (súng) -> [weeBlord] <STEAM_1:0:242584050>
L 09/02/2026 - 20:23:51: [FF] [Rïçēz] <STEAM_1:1:558962692> -> 5 HP bằng (súng) -> [weeBlord] <STEAM_1:0:242584050>
L 09/02/2026 - 20:23:51: [FF] [Rïçēz] <STEAM_1:1:558962692> -> 5 HP bằng (súng) -> [weeBlord] <STEAM_1:0:242584050>
L 09/02/2026 - 20:23:51: [FF] [Rïçēz] <STEAM_1:1:558962692> -> 5 HP bằng (súng) -> [weeBlord] <STEAM_1:0:242584050>
L 09/02/2026 - 20:23:51: [FF] [None :D] <STEAM_1:0:578030381> -> 5 HP bằng (súng) -> [weeBlord] <STEAM_1:0:242584050>
L 09/02/2026 - 20:23:51: [FF] [Rïçēz] <STEAM_1:1:558962692> -> 5 HP bằng (súng) -> [weeBlord] <STEAM_1:0:242584050>
L 09/02/2026 - 20:23:58: [FF] [weeBlord] <STEAM_1:0:242584050> -> 5 HP bằng (súng) -> [Lê Hải] <STEAM_1:0:471595906>
L 09/02/2026 - 20:23:58: [FF] [weeBlord] <STEAM_1:0:242584050> -> 5 HP bằng (súng) -> [Lê Hải] <STEAM_1:0:471595906>
L 09/02/2026 - 20:23:58: [FF] [weeBlord] <STEAM_1:0:242584050> -> 5 HP bằng (súng) -> [Lê Hải] <STEAM_1:0:471595906>
L 09/02/2026 - 20:23:58: [FF] [weeBlord] <STEAM_1:0:242584050> -> 5 HP bằng (súng) -> [Lê Hải] <STEAM_1:0:471595906>
L 09/02/2026 - 20:23:59: [FF] [weeBlord] <STEAM_1:0:242584050> -> 5 HP bằng (súng) -> [Lê Hải] <STEAM_1:0:471595906>
L 09/02/2026 - 20:24:00: [FF] [（ ͜.人 ͜.）⛇☃] <STEAM_1:1:241852047> -> 3 HP bằng (súng) -> [None :D] <STEAM_1:0:578030381>
L 09/02/2026 - 20:24:00: [HẠ GỤC] Tank <BOT> đã hạ gục Holo 40k <BOT_OR_UNKNOWN> bằng (môi trường/khác)
L 09/02/2026 - 20:24:08: [FF] [None :D] <STEAM_1:0:578030381> -> 5 HP bằng (súng) -> [chimxanh] <STEAM_1:1:626078671>
L 09/02/2026 - 20:24:08: [FF] [None :D] <STEAM_1:0:578030381> -> 5 HP bằng (súng) -> [Rïçēz] <STEAM_1:1:558962692>
L 09/02/2026 - 20:24:08: [FF] [None :D] <STEAM_1:0:578030381> -> 5 HP bằng (súng) -> [Rïçēz] <STEAM_1:1:558962692>
L 09/02/2026 - 20:24:11: [HẠ GỤC] Tank <BOT> đã hạ gục Chicoarun <STEAM_1:0:952954061> bằng (môi trường/khác)
L 09/02/2026 - 20:24:11: [FF] [None :D] <STEAM_1:0:578030381> -> 5 HP bằng (súng) -> [Lê Hải] <STEAM_1:0:471595906>
L 09/02/2026 - 20:24:11: [FF] [None :D] <STEAM_1:0:578030381> -> 6 HP bằng (súng) -> [Lê Hải] <STEAM_1:0:471595906>
L 09/02/2026 - 20:24:11: [FF] [None :D] <STEAM_1:0:578030381> -> 5 HP bằng (súng) -> [Lê Hải] <STEAM_1:0:471595906>
L 09/02/2026 - 20:24:11: [FF] [None :D] <STEAM_1:0:578030381> -> 5 HP bằng (súng) -> [Lê Hải] <STEAM_1:0:471595906>
L 09/02/2026 - 20:24:11: [FF] [None :D] <STEAM_1:0:578030381> -> 5 HP bằng (súng) -> [Lê Hải] <STEAM_1:0:471595906>
L 09/02/2026 - 20:24:14: [FF] [Lê Hải] <STEAM_1:0:471595906> -> 5 HP bằng (súng) -> [chimxanh] <STEAM_1:1:626078671>
L 09/02/2026 - 20:24:14: [FF] [Lê Hải] <STEAM_1:0:471595906> -> 5 HP bằng (súng) -> [chimxanh] <STEAM_1:1:626078671>
L 09/02/2026 - 20:24:15: [HẠ GỤC] Tank <BOT> đã hạ gục chimxanh <STEAM_1:1:626078671> bằng (môi trường/khác)
L 09/02/2026 - 20:24:16: [FF] [Rïçēz] <STEAM_1:1:558962692> -> 5 HP bằng (súng) -> [weeBlord] <STEAM_1:0:242584050>
L 09/02/2026 - 20:24:16: [FF] [Rïçēz] <STEAM_1:1:558962692> -> 5 HP bằng (súng) -> [weeBlord] <STEAM_1:0:242584050>
L 09/02/2026 - 20:24:17: [FF] [KeroN] <STEAM_1:1:161759963> -> 5 HP bằng (súng) -> [Lê Hải] <STEAM_1:0:471595906>
L 09/02/2026 - 20:24:17: [FF] [KeroN] <STEAM_1:1:161759963> -> 5 HP bằng (súng) -> [Lê Hải] <STEAM_1:0:471595906>
L 09/02/2026 - 20:24:18: [FF] [KeroN] <STEAM_1:1:161759963> -> 5 HP bằng (súng) -> [Lê Hải] <STEAM_1:0:471595906>
L 09/02/2026 - 20:24:18: [FF] [KeroN] <STEAM_1:1:161759963> -> 5 HP bằng (súng) -> [Lê Hải] <STEAM_1:0:471595906>
L 09/02/2026 - 20:24:18: [FF] [KeroN] <STEAM_1:1:161759963> -> 5 HP bằng (súng) -> [Lê Hải] <STEAM_1:0:471595906>
L 09/02/2026 - 20:24:30: [HẠ GỤC] Tank <BOT> đã hạ gục Lê Hải <STEAM_1:0:471595906> bằng (môi trường/khác)
L 09/02/2026 - 20:24:36: [FF] [Chicoarun] <STEAM_1:0:952954061> -> 5 HP bằng (súng) -> [weeBlord] <STEAM_1:0:242584050>
L 09/02/2026 - 20:24:36: [FF] [Chicoarun] <STEAM_1:0:952954061> -> 5 HP bằng (súng) -> [weeBlord] <STEAM_1:0:242584050>
L 09/02/2026 - 20:24:36: [FF] [Chicoarun] <STEAM_1:0:952954061> -> 5 HP bằng (súng) -> [weeBlord] <STEAM_1:0:242584050>
L 09/02/2026 - 20:24:39: [FF] [Chicoarun] <STEAM_1:0:952954061> -> 5 HP bằng (súng) -> [Coach] <BOT>
L 09/02/2026 - 20:24:39: [FF] [Chicoarun] <STEAM_1:0:952954061> -> 5 HP bằng (súng) -> [Coach] <BOT>
L 09/02/2026 - 20:24:39: [FF] [Chicoarun] <STEAM_1:0:952954061> -> 5 HP bằng (súng) -> [Coach] <BOT>
L 09/02/2026 - 20:24:39: [FF] [Chicoarun] <STEAM_1:0:952954061> -> 5 HP bằng (súng) -> [Coach] <BOT>
L 09/02/2026 - 20:24:39: [FF] [Chicoarun] <STEAM_1:0:952954061> -> 5 HP bằng (súng) -> [Coach] <BOT>
L 09/02/2026 - 20:24:40: [FF] [Chicoarun] <STEAM_1:0:952954061> -> 5 HP bằng (súng) -> [Coach] <BOT>
L 09/02/2026 - 20:24:40: [FF] [Chicoarun] <STEAM_1:0:952954061> -> 5 HP bằng (súng) -> [Coach] <BOT>
L 09/02/2026 - 20:24:47: [HẠ GỤC] Tank <BOT> đã hạ gục Coach <BOT> bằng (môi trường/khác)
L 09/02/2026 - 20:25:13: [HẠ GỤC] Tank <BOT> đã hạ gục Coach <BOT> bằng (môi trường/khác)
L 09/02/2026 - 20:25:14: [HẠ GỤC] Tank <BOT> đã hạ gục chimxanh <STEAM_1:1:626078671> bằng (môi trường/khác)
L 09/02/2026 - 20:25:15: [FF] [KeroN] <STEAM_1:1:161759963> -> 5 HP bằng (súng) -> [Lê Hải] <STEAM_1:0:471595906>
L 09/02/2026 - 20:25:19: [KILL] Tank <BOT> đã giết Coach <BOT> bằng (môi trường/khác)
L 09/02/2026 - 20:25:24: [HẠ GỤC] Tank <BOT> đã hạ gục Chicoarun <STEAM_1:0:952954061> bằng (môi trường/khác)
L 09/02/2026 - 20:25:25: [FF] [Lê Hải] <STEAM_1:0:471595906> -> 5 HP bằng (súng) -> [KeroN] <STEAM_1:1:161759963>
L 09/02/2026 - 20:25:25: [FF] [Lê Hải] <STEAM_1:0:471595906> -> 5 HP bằng (súng) -> [KeroN] <STEAM_1:1:161759963>
L 09/02/2026 - 20:25:44: [KILL] Tank <BOT> đã giết Chicoarun <STEAM_1:0:952954061> bằng (môi trường/khác)
L 09/02/2026 - 20:26:06: [FF] [Lê Hải] <STEAM_1:0:471595906> -> 5 HP bằng (súng) -> [Rïçēz] <STEAM_1:1:558962692>
L 09/02/2026 - 20:26:08: [HẠ GỤC] Tank <BOT> đã hạ gục Rïçēz <STEAM_1:1:558962692> bằng (môi trường/khác)
L 09/02/2026 - 20:26:09: [FF] [chimxanh] <STEAM_1:1:626078671> -> 1 HP bằng (súng) -> [Holo 40k] <BOT_OR_UNKNOWN>
L 09/02/2026 - 20:26:11: [HẠ GỤC] Zombie/Witch/Môi trường <N/A> đã hạ gục None :D <STEAM_1:0:578030381> bằng (môi trường/khác)
L 09/02/2026 - 20:26:28: [HẠ GỤC] Tank <BOT> đã hạ gục （ ͜.人 ͜.）⛇☃ <STEAM_1:1:241852047> bằng (môi trường/khác)
L 09/02/2026 - 20:26:40: [HẠ GỤC] Tank <BOT> đã hạ gục weeBlord <STEAM_1:0:242584050> bằng (môi trường/khác)
L 09/02/2026 - 20:26:41: [KILL] Tank <BOT> đã giết Holo 40k <BOT_OR_UNKNOWN> bằng (môi trường/khác)
L 09/02/2026 - 20:26:41: [FF] [Lê Hải] <STEAM_1:0:471595906> -> 5 HP bằng (súng) -> [weeBlord] <STEAM_1:0:242584050>
L 09/02/2026 - 20:26:43: [FF] [Lê Hải] <STEAM_1:0:471595906> -> 5 HP bằng (súng) -> [weeBlord] <STEAM_1:0:242584050>
L 09/02/2026 - 20:26:44: [FF] [Lê Hải] <STEAM_1:0:471595906> -> 5 HP bằng (súng) -> [weeBlord] <STEAM_1:0:242584050>
L 09/02/2026 - 20:26:53: [FF] [（ ͜.人 ͜.）⛇☃] <STEAM_1:1:241852047> -> 5 HP bằng (súng) -> [Chicoarun] <STEAM_1:0:952954061>
L 09/02/2026 - 20:26:53: [FF] [（ ͜.人 ͜.）⛇☃] <STEAM_1:1:241852047> -> 5 HP bằng (súng) -> [Chicoarun] <STEAM_1:0:952954061>
L 09/02/2026 - 20:26:53: [FF] [（ ͜.人 ͜.）⛇☃] <STEAM_1:1:241852047> -> 5 HP bằng (súng) -> [Chicoarun] <STEAM_1:0:952954061>
L 09/02/2026 - 20:26:53: [FF] [（ ͜.人 ͜.）⛇☃] <STEAM_1:1:241852047> -> 5 HP bằng (súng) -> [Chicoarun] <STEAM_1:0:952954061>
L 09/02/2026 - 20:27:01: [FF] [KeroN] <STEAM_1:1:161759963> -> 5 HP bằng (súng) -> [weeBlord] <STEAM_1:0:242584050>
L 09/02/2026 - 20:27:01: [KILL] Tank <BOT> đã giết weeBlord <STEAM_1:0:242584050> bằng (môi trường/khác)
L 09/02/2026 - 20:27:06: [HẠ GỤC] Zombie/Witch/Môi trường <N/A> đã hạ gục Lê Hải <STEAM_1:0:471595906> bằng (môi trường/khác)
L 09/02/2026 - 20:27:09: [HẠ GỤC] Tank <BOT> đã hạ gục Rïçēz <STEAM_1:1:558962692> bằng (môi trường/khác)
L 09/02/2026 - 20:27:20: [HẠ GỤC] Tank <BOT> đã hạ gục Chicoarun <STEAM_1:0:952954061> bằng (môi trường/khác)
L 09/02/2026 - 20:27:28: [FF] [（ ͜.人 ͜.）⛇☃] <STEAM_1:1:241852047> -> 5 HP bằng (súng) -> [Rïçēz] <STEAM_1:1:558962692>
L 09/02/2026 - 20:27:38: [HẠ GỤC] Tank <BOT> đã hạ gục Curren Bouquetd'or <BOT_OR_UNKNOWN> bằng (môi trường/khác)
L 09/02/2026 - 20:27:47: [KILL] Tank <BOT> đã giết KeroN <STEAM_1:1:161759963> bằng (môi trường/khác)
L 09/02/2026 - 20:27:57: [KILL] Tank <BOT> đã giết Curren Bouquetd'or <BOT_OR_UNKNOWN> bằng (môi trường/khác)
L 09/02/2026 - 20:28:05: [KILL] Zombie/Witch/Môi trường <N/A> đã giết Rïçēz <STEAM_1:1:558962692> bằng (môi trường/khác)
L 09/02/2026 - 20:28:08: [KILL] Tank <BOT> đã giết chimxanh <STEAM_1:1:626078671> bằng (môi trường/khác)
L 09/02/2026 - 20:28:11: [FF] [（ ͜.人 ͜.）⛇☃] <STEAM_1:1:241852047> -> 2 HP bằng (súng) -> [weeBlord] <STEAM_1:0:242584050>
L 09/02/2026 - 20:28:15: [FF] [（ ͜.人 ͜.）⛇☃] <STEAM_1:1:241852047> -> 2 HP bằng (súng) -> [Bảo Nguyên] <STEAM_1:0:218160880>
L 09/02/2026 - 20:28:28: [HẠ GỤC] Tank <BOT> đã hạ gục Holo 40k <BOT_OR_UNKNOWN> bằng (môi trường/khác)
L 09/02/2026 - 20:28:32: [FF] [（ ͜.人 ͜.）⛇☃] <STEAM_1:1:241852047> -> 4 HP bằng (súng) -> [weeBlord] <STEAM_1:0:242584050>
L 09/02/2026 - 20:28:44: [HẠ GỤC] Tank <BOT> đã hạ gục Holo 40k <BOT_OR_UNKNOWN> bằng (môi trường/khác)
L 09/02/2026 - 20:28:59: [FF] [Chicoarun] <STEAM_1:0:952954061> -> 5 HP bằng (súng) -> [KeroN] <STEAM_1:1:161759963>
L 09/02/2026 - 20:28:59: [HẠ GỤC] Tank <BOT> đã hạ gục Bảo Nguyên <STEAM_1:0:218160880> bằng (môi trường/khác)
L 09/02/2026 - 20:29:27: [FF] [KeroN] <STEAM_1:1:161759963> -> 5 HP bằng (súng) -> [Rïçēz] <STEAM_1:1:558962692>
L 09/02/2026 - 20:29:27: [FF] [KeroN] <STEAM_1:1:161759963> -> 5 HP bằng (súng) -> [Rïçēz] <STEAM_1:1:558962692>
L 09/02/2026 - 20:29:29: [FF] [None :D] <STEAM_1:0:578030381> -> 5 HP bằng (súng) -> [KeroN] <STEAM_1:1:161759963>
L 09/02/2026 - 20:29:34: [FF] [KeroN] <STEAM_1:1:161759963> -> 5 HP bằng (súng) -> [Rïçēz] <STEAM_1:1:558962692>
L 09/02/2026 - 20:29:34: [KILL] Tank <BOT> đã giết Lê Hải <STEAM_1:0:471595906> bằng (môi trường/khác)
L 09/02/2026 - 20:29:39: [FF] [None :D] <STEAM_1:0:578030381> -> 5 HP bằng (súng) -> [chimxanh] <STEAM_1:1:626078671>
L 09/02/2026 - 20:29:39: [FF] [None :D] <STEAM_1:0:578030381> -> 5 HP bằng (súng) -> [Rïçēz] <STEAM_1:1:558962692>
L 09/02/2026 - 20:29:43: [HẠ GỤC] Tank <BOT> đã hạ gục Rïçēz <STEAM_1:1:558962692> bằng (môi trường/khác)
L 09/02/2026 - 20:29:47: [HẠ GỤC] Tank <BOT> đã hạ gục Chicoarun <STEAM_1:0:952954061> bằng (môi trường/khác)
L 09/02/2026 - 20:29:49: [FF] [Holo 40k] <BOT_OR_UNKNOWN> -> 5 HP bằng (súng) -> [Chicoarun] <STEAM_1:0:952954061>
L 09/02/2026 - 20:29:52: [FF] [chimxanh] <STEAM_1:1:626078671> -> 5 HP bằng (súng) -> [Rïçēz] <STEAM_1:1:558962692>
L 09/02/2026 - 20:29:52: [FF] [chimxanh] <STEAM_1:1:626078671> -> 5 HP bằng (súng) -> [Rïçēz] <STEAM_1:1:558962692>
L 09/02/2026 - 20:29:52: [FF] [chimxanh] <STEAM_1:1:626078671> -> 5 HP bằng (súng) -> [Rïçēz] <STEAM_1:1:558962692>
L 09/02/2026 - 20:30:01: [FF] [Rïçēz] <STEAM_1:1:558962692> -> 1 HP bằng (súng) -> [Holo 40k] <BOT_OR_UNKNOWN>
L 09/02/2026 - 20:30:01: [FF] [Rïçēz] <STEAM_1:1:558962692> -> 1 HP bằng (súng) -> [Holo 40k] <BOT_OR_UNKNOWN>
L 09/02/2026 - 20:30:01: [FF] [Rïçēz] <STEAM_1:1:558962692> -> 1 HP bằng (súng) -> [Holo 40k] <BOT_OR_UNKNOWN>
L 09/02/2026 - 20:30:01: [FF] [Rïçēz] <STEAM_1:1:558962692> -> 1 HP bằng (súng) -> [Holo 40k] <BOT_OR_UNKNOWN>
L 09/02/2026 - 20:30:01: [FF] [Rïçēz] <STEAM_1:1:558962692> -> 1 HP bằng (súng) -> [Holo 40k] <BOT_OR_UNKNOWN>
L 09/02/2026 - 20:30:01: [FF] [Rïçēz] <STEAM_1:1:558962692> -> 1 HP bằng (súng) -> [Holo 40k] <BOT_OR_UNKNOWN>
L 09/02/2026 - 20:30:01: [KILL] Tank <BOT> đã giết Holo 40k <BOT_OR_UNKNOWN> bằng (môi trường/khác)
L 09/02/2026 - 20:30:20: [HẠ GỤC] Tank <BOT> đã hạ gục Bảo Nguyên <STEAM_1:0:218160880> bằng (môi trường/khác)
L 09/02/2026 - 20:30:24: [KILL] Zombie/Witch/Môi trường <N/A> đã giết Chicoarun <STEAM_1:0:952954061> bằng (môi trường/khác)
L 09/02/2026 - 20:30:30: [FF] [KeroN] <STEAM_1:1:161759963> -> 22 HP bằng (súng) -> [Rïçēz] <STEAM_1:1:558962692>
L 09/02/2026 - 20:30:31: [FF] [KeroN] <STEAM_1:1:161759963> -> 22 HP bằng (súng) -> [Rïçēz] <STEAM_1:1:558962692>
L 09/02/2026 - 20:30:31: [FF] [KeroN] <STEAM_1:1:161759963> -> 15 HP bằng (súng) -> [Rïçēz] <STEAM_1:1:558962692>
L 09/02/2026 - 20:30:33: [HẠ GỤC] Tank <BOT> đã hạ gục （ ͜.人 ͜.）⛇☃ <STEAM_1:1:241852047> bằng (môi trường/khác)
L 09/02/2026 - 20:30:48: [FF] [KeroN] <STEAM_1:1:161759963> -> 15 HP bằng (súng) -> [Rïçēz] <STEAM_1:1:558962692>
L 09/02/2026 - 20:30:54: [FF] [KeroN] <STEAM_1:1:161759963> -> 15 HP bằng (súng) -> [Rïçēz] <STEAM_1:1:558962692>
L 09/02/2026 - 20:30:58: [FF] [KeroN] <STEAM_1:1:161759963> -> 22 HP bằng (súng) -> [weeBlord] <STEAM_1:0:242584050>
L 09/02/2026 - 20:31:00: [FF] [KeroN] <STEAM_1:1:161759963> -> 22 HP bằng (súng) -> [weeBlord] <STEAM_1:0:242584050>
L 09/02/2026 - 20:31:20: [HẠ GỤC] Zombie/Witch/Môi trường <N/A> đã hạ gục chimxanh <STEAM_1:1:626078671> bằng (môi trường/khác)
L 09/02/2026 - 20:31:28: [KILL] Tank <BOT> đã giết None :D <STEAM_1:0:578030381> bằng (môi trường/khác)
L 09/02/2026 - 20:31:30: [KILL] Tank <BOT> đã giết Bảo Nguyên <STEAM_1:0:218160880> bằng (môi trường/khác)
L 09/02/2026 - 20:31:31: [HẠ GỤC] Tank <BOT> đã hạ gục KeroN <STEAM_1:1:161759963> bằng (môi trường/khác)
L 09/02/2026 - 20:31:59: [HẠ GỤC] Tank <BOT> đã hạ gục chimxanh <STEAM_1:1:626078671> bằng (môi trường/khác)
L 09/02/2026 - 20:32:09: [FF] [（ ͜.人 ͜.）⛇☃] <STEAM_1:1:241852047> -> 15 HP bằng (súng) -> [KeroN] <STEAM_1:1:161759963>
L 09/02/2026 - 20:32:13: [FF] [Lê Hải] <STEAM_1:0:471595906> -> 22 HP bằng (súng) -> [KeroN] <STEAM_1:1:161759963>
L 09/02/2026 - 20:32:20: [FF] [Chicoarun] <STEAM_1:0:952954061> -> 5 HP bằng (súng) -> [Rïçēz] <STEAM_1:1:558962692>
L 09/02/2026 - 20:32:20: [FF] [Chicoarun] <STEAM_1:0:952954061> -> 5 HP bằng (súng) -> [Lê Hải] <STEAM_1:0:471595906>
L 09/02/2026 - 20:32:20: [FF] [Chicoarun] <STEAM_1:0:952954061> -> 5 HP bằng (súng) -> [Rïçēz] <STEAM_1:1:558962692>
L 09/02/2026 - 20:32:27: [FF] [Chicoarun] <STEAM_1:0:952954061> -> 5 HP bằng (súng) -> [Rïçēz] <STEAM_1:1:558962692>
L 09/02/2026 - 20:32:38: [HẠ GỤC] Zombie/Witch/Môi trường <N/A> đã hạ gục Lê Hải <STEAM_1:0:471595906> bằng (môi trường/khác)
L 09/02/2026 - 20:32:38: [HẠ GỤC] Zombie/Witch/Môi trường <N/A> đã hạ gục （ ͜.人 ͜.）⛇☃ <STEAM_1:1:241852047> bằng (môi trường/khác)
L 09/02/2026 - 20:32:38: [HẠ GỤC] Zombie/Witch/Môi trường <N/A> đã hạ gục None :D <STEAM_1:0:578030381> bằng (môi trường/khác)
L 09/02/2026 - 20:32:39: [FF] [weeBlord] <STEAM_1:0:242584050> -> 15 HP bằng (súng) -> [Bảo Nguyên] <STEAM_1:0:218160880>
L 09/02/2026 - 20:32:40: [FF] [weeBlord] <STEAM_1:0:242584050> -> 22 HP bằng (súng) -> [Bảo Nguyên] <STEAM_1:0:218160880>
L 09/02/2026 - 20:32:41: [FF] [Bảo Nguyên] <STEAM_1:0:218160880> -> 5 HP bằng (súng) -> [weeBlord] <STEAM_1:0:242584050>
L 09/02/2026 - 20:32:44: [FF] [KeroN] <STEAM_1:1:161759963> -> 15 HP bằng (súng) -> [Chicoarun] <STEAM_1:0:952954061>
L 09/02/2026 - 20:32:46: [HẠ GỤC] KeroN <STEAM_1:1:161759963> đã hạ gục Chicoarun <STEAM_1:0:952954061> bằng (súng)
L 09/02/2026 - 20:32:49: [FF] [chimxanh] <STEAM_1:1:626078671> -> 6 HP bằng (súng) -> [Rïçēz] <STEAM_1:1:558962692>
L 09/02/2026 - 20:33:00: [FF] [None :D] <STEAM_1:0:578030381> -> 5 HP bằng (súng) -> [Chicoarun] <STEAM_1:0:952954061>
L 09/02/2026 - 20:33:02: [FF] [Bảo Nguyên] <STEAM_1:0:218160880> -> 5 HP bằng (súng) -> [Chicoarun] <STEAM_1:0:952954061>
L 09/02/2026 - 20:33:02: [FF] [Bảo Nguyên] <STEAM_1:0:218160880> -> 5 HP bằng (súng) -> [Chicoarun] <STEAM_1:0:952954061>
L 09/02/2026 - 20:33:03: [FF] [（ ͜.人 ͜.）⛇☃] <STEAM_1:1:241852047> -> 15 HP bằng (súng) -> [Chicoarun] <STEAM_1:0:952954061>
L 09/02/2026 - 20:33:03: [FF] [（ ͜.人 ͜.）⛇☃] <STEAM_1:1:241852047> -> 9 HP bằng (boom/fire) -> [Chicoarun] <STEAM_1:0:952954061>
L 09/02/2026 - 20:33:03: [FF] [（ ͜.人 ͜.）⛇☃] <STEAM_1:1:241852047> -> 11 HP bằng (boom/fire) -> [Chicoarun] <STEAM_1:0:952954061>
L 09/02/2026 - 20:33:03: [FF] [（ ͜.人 ͜.）⛇☃] <STEAM_1:1:241852047> -> 13 HP bằng (boom/fire) -> [Chicoarun] <STEAM_1:0:952954061>
L 09/02/2026 - 20:33:03: [FF] [（ ͜.人 ͜.）⛇☃] <STEAM_1:1:241852047> -> 14 HP bằng (boom/fire) -> [Chicoarun] <STEAM_1:0:952954061>
L 09/02/2026 - 20:33:04: [FF] [（ ͜.人 ͜.）⛇☃] <STEAM_1:1:241852047> -> 16 HP bằng (boom/fire) -> [Chicoarun] <STEAM_1:0:952954061>
L 09/02/2026 - 20:33:04: [FF] [（ ͜.人 ͜.）⛇☃] <STEAM_1:1:241852047> -> 16 HP bằng (boom/fire) -> [Chicoarun] <STEAM_1:0:952954061>
L 09/02/2026 - 20:33:04: [HẠ GỤC] （ ͜.人 ͜.）⛇☃ <STEAM_1:1:241852047> đã hạ gục Chicoarun <STEAM_1:0:952954061> bằng (boom/fire)
L 09/02/2026 - 20:33:04: [FF] [（ ͜.人 ͜.）⛇☃] <STEAM_1:1:241852047> -> 16 HP bằng (boom/fire) -> [Chicoarun] <STEAM_1:0:952954061>
L 09/02/2026 - 20:33:04: [FF] [（ ͜.人 ͜.）⛇☃] <STEAM_1:1:241852047> -> 16 HP bằng (boom/fire) -> [Chicoarun] <STEAM_1:0:952954061>
L 09/02/2026 - 20:33:05: [FF] [（ ͜.人 ͜.）⛇☃] <STEAM_1:1:241852047> -> 16 HP bằng (boom/fire) -> [Chicoarun] <STEAM_1:0:952954061>
L 09/02/2026 - 20:33:05: [FF] [（ ͜.人 ͜.）⛇☃] <STEAM_1:1:241852047> -> 16 HP bằng (boom/fire) -> [Chicoarun] <STEAM_1:0:952954061>
L 09/02/2026 - 20:33:05: [FF] [（ ͜.人 ͜.）⛇☃] <STEAM_1:1:241852047> -> 16 HP bằng (boom/fire) -> [Chicoarun] <STEAM_1:0:952954061>
L 09/02/2026 - 20:33:05: [FF] [（ ͜.人 ͜.）⛇☃] <STEAM_1:1:241852047> -> 16 HP bằng (boom/fire) -> [Chicoarun] <STEAM_1:0:952954061>
L 09/02/2026 - 20:33:23: [FF] [weeBlord] <STEAM_1:0:242584050> -> 7 HP bằng (melee) -> [chimxanh] <STEAM_1:1:626078671>
L 09/02/2026 - 20:33:40: [HẠ GỤC] Boomer Bot <BOT> đã hạ gục Curren Bouquetd'or <BOT_OR_UNKNOWN> bằng (môi trường/khác)
L 09/02/2026 - 20:33:46: [FF] [Bảo Nguyên] <STEAM_1:0:218160880> -> 5 HP bằng (súng) -> [Chicoarun] <STEAM_1:0:952954061>
L 09/02/2026 - 20:33:46: [FF] [Bảo Nguyên] <STEAM_1:0:218160880> -> 5 HP bằng (súng) -> [Chicoarun] <STEAM_1:0:952954061>
L 09/02/2026 - 20:33:46: [FF] [Bảo Nguyên] <STEAM_1:0:218160880> -> 5 HP bằng (súng) -> [Chicoarun] <STEAM_1:0:952954061>
L 09/02/2026 - 20:33:48: [HẠ GỤC] Zombie/Witch/Môi trường <N/A> đã hạ gục Chicoarun <STEAM_1:0:952954061> bằng (môi trường/khác)
L 09/02/2026 - 20:33:48: [HẠ GỤC] Zombie/Witch/Môi trường <N/A> đã hạ gục （ ͜.人 ͜.）⛇☃ <STEAM_1:1:241852047> bằng (môi trường/khác)
L 09/02/2026 - 20:33:52: [FF] [Bảo Nguyên] <STEAM_1:0:218160880> -> 5 HP bằng (súng) -> [Lê Hải] <STEAM_1:0:471595906>
L 09/02/2026 - 20:33:52: [FF] [Bảo Nguyên] <STEAM_1:0:218160880> -> 5 HP bằng (súng) -> [Lê Hải] <STEAM_1:0:471595906>
L 09/02/2026 - 20:34:28: [FF] [Bảo Nguyên] <STEAM_1:0:218160880> -> 5 HP bằng (súng) -> [Lê Hải] <STEAM_1:0:471595906>
L 09/02/2026 - 20:34:32: [HẠ GỤC] Spitter Bot <BOT> đã hạ gục Holo 40k <BOT_OR_UNKNOWN> bằng (môi trường/khác)
L 09/02/2026 - 20:34:32: [FF] [（ ͜.人 ͜.）⛇☃] <STEAM_1:1:241852047> -> 22 HP bằng (súng) -> [weeBlord] <STEAM_1:0:242584050>
L 09/02/2026 - 20:34:39: [FF] [Chicoarun] <STEAM_1:0:952954061> -> 6 HP bằng (súng) -> [KeroN] <STEAM_1:1:161759963>
L 09/02/2026 - 20:34:39: [FF] [Chicoarun] <STEAM_1:0:952954061> -> 6 HP bằng (súng) -> [KeroN] <STEAM_1:1:161759963>
L 09/02/2026 - 20:34:44: [FF] [None :D] <STEAM_1:0:578030381> -> 3 HP bằng (súng) -> [weeBlord] <STEAM_1:0:242584050>
L 09/02/2026 - 20:34:44: [FF] [None :D] <STEAM_1:0:578030381> -> 3 HP bằng (súng) -> [weeBlord] <STEAM_1:0:242584050>
L 09/02/2026 - 20:34:44: [FF] [None :D] <STEAM_1:0:578030381> -> 3 HP bằng (súng) -> [weeBlord] <STEAM_1:0:242584050>
L 09/02/2026 - 20:34:44: [FF] [None :D] <STEAM_1:0:578030381> -> 3 HP bằng (súng) -> [weeBlord] <STEAM_1:0:242584050>
L 09/02/2026 - 20:34:44: [FF] [None :D] <STEAM_1:0:578030381> -> 3 HP bằng (súng) -> [weeBlord] <STEAM_1:0:242584050>
L 09/02/2026 - 20:34:44: [FF] [None :D] <STEAM_1:0:578030381> -> 3 HP bằng (súng) -> [weeBlord] <STEAM_1:0:242584050>
L 09/02/2026 - 20:34:44: [FF] [None :D] <STEAM_1:0:578030381> -> 3 HP bằng (súng) -> [weeBlord] <STEAM_1:0:242584050>
L 09/02/2026 - 20:34:44: [HẠ GỤC] None :D <STEAM_1:0:578030381> đã hạ gục weeBlord <STEAM_1:0:242584050> bằng (súng)
L 09/02/2026 - 20:34:44: [FF] [None :D] <STEAM_1:0:578030381> -> 3 HP bằng (súng) -> [weeBlord] <STEAM_1:0:242584050>
L 09/02/2026 - 20:34:44: [FF] [None :D] <STEAM_1:0:578030381> -> 3 HP bằng (súng) -> [weeBlord] <STEAM_1:0:242584050>
L 09/02/2026 - 20:34:44: [FF] [None :D] <STEAM_1:0:578030381> -> 3 HP bằng (súng) -> [weeBlord] <STEAM_1:0:242584050>
L 09/02/2026 - 20:34:44: [FF] [None :D] <STEAM_1:0:578030381> -> 3 HP bằng (súng) -> [weeBlord] <STEAM_1:0:242584050>
L 09/02/2026 - 20:34:44: [FF] [None :D] <STEAM_1:0:578030381> -> 3 HP bằng (súng) -> [weeBlord] <STEAM_1:0:242584050>
L 09/02/2026 - 20:34:44: [FF] [None :D] <STEAM_1:0:578030381> -> 3 HP bằng (súng) -> [weeBlord] <STEAM_1:0:242584050>
L 09/02/2026 - 20:34:44: [FF] [None :D] <STEAM_1:0:578030381> -> 3 HP bằng (súng) -> [weeBlord] <STEAM_1:0:242584050>
L 09/02/2026 - 20:34:44: [FF] [None :D] <STEAM_1:0:578030381> -> 3 HP bằng (súng) -> [weeBlord] <STEAM_1:0:242584050>
L 09/02/2026 - 20:34:44: [FF] [None :D] <STEAM_1:0:578030381> -> 3 HP bằng (súng) -> [weeBlord] <STEAM_1:0:242584050>
L 09/02/2026 - 20:34:44: [FF] [None :D] <STEAM_1:0:578030381> -> 3 HP bằng (súng) -> [weeBlord] <STEAM_1:0:242584050>
L 09/02/2026 - 20:34:44: [FF] [None :D] <STEAM_1:0:578030381> -> 3 HP bằng (súng) -> [weeBlord] <STEAM_1:0:242584050>
L 09/02/2026 - 20:34:44: [FF] [None :D] <STEAM_1:0:578030381> -> 3 HP bằng (súng) -> [weeBlord] <STEAM_1:0:242584050>
L 09/02/2026 - 20:34:44: [FF] [None :D] <STEAM_1:0:578030381> -> 3 HP bằng (súng) -> [weeBlord] <STEAM_1:0:242584050>
L 09/02/2026 - 20:34:44: [FF] [None :D] <STEAM_1:0:578030381> -> 3 HP bằng (súng) -> [weeBlord] <STEAM_1:0:242584050>
L 09/02/2026 - 20:34:44: [FF] [None :D] <STEAM_1:0:578030381> -> 3 HP bằng (súng) -> [weeBlord] <STEAM_1:0:242584050>
L 09/02/2026 - 20:34:45: [FF] [（ ͜.人 ͜.）⛇☃] <STEAM_1:1:241852047> -> 22 HP bằng (súng) -> [chimxanh] <STEAM_1:1:626078671>
L 09/02/2026 - 20:34:45: [FF] [Bảo Nguyên] <STEAM_1:0:218160880> -> 1 HP bằng (súng) -> [Holo 40k] <BOT_OR_UNKNOWN>
L 09/02/2026 - 20:34:45: [FF] [Bảo Nguyên] <STEAM_1:0:218160880> -> 1 HP bằng (súng) -> [Holo 40k] <BOT_OR_UNKNOWN>
L 09/02/2026 - 20:34:45: [FF] [Bảo Nguyên] <STEAM_1:0:218160880> -> 1 HP bằng (súng) -> [Holo 40k] <BOT_OR_UNKNOWN>
L 09/02/2026 - 20:34:45: [FF] [Curren Bouquetd'or] <BOT_OR_UNKNOWN> -> 1 HP bằng (súng) -> [Holo 40k] <BOT_OR_UNKNOWN>
L 09/02/2026 - 20:34:49: [FF] [None :D] <STEAM_1:0:578030381> -> 3 HP bằng (súng) -> [chimxanh] <STEAM_1:1:626078671>
L 09/02/2026 - 20:34:49: [FF] [None :D] <STEAM_1:0:578030381> -> 3 HP bằng (súng) -> [chimxanh] <STEAM_1:1:626078671>
L 09/02/2026 - 20:34:49: [FF] [None :D] <STEAM_1:0:578030381> -> 3 HP bằng (súng) -> [chimxanh] <STEAM_1:1:626078671>
L 09/02/2026 - 20:34:49: [FF] [None :D] <STEAM_1:0:578030381> -> 3 HP bằng (súng) -> [chimxanh] <STEAM_1:1:626078671>
L 09/02/2026 - 20:34:49: [FF] [None :D] <STEAM_1:0:578030381> -> 3 HP bằng (súng) -> [chimxanh] <STEAM_1:1:626078671>
L 09/02/2026 - 20:34:49: [FF] [None :D] <STEAM_1:0:578030381> -> 3 HP bằng (súng) -> [chimxanh] <STEAM_1:1:626078671>
L 09/02/2026 - 20:34:49: [FF] [weeBlord] <STEAM_1:0:242584050> -> 1 HP bằng (boom/fire) -> [（ ͜.人 ͜.）⛇☃] <STEAM_1:1:241852047>
L 09/02/2026 - 20:34:50: [FF] [weeBlord] <STEAM_1:0:242584050> -> 3 HP bằng (boom/fire) -> [（ ͜.人 ͜.）⛇☃] <STEAM_1:1:241852047>
L 09/02/2026 - 20:34:50: [FF] [weeBlord] <STEAM_1:0:242584050> -> 4 HP bằng (boom/fire) -> [（ ͜.人 ͜.）⛇☃] <STEAM_1:1:241852047>
L 09/02/2026 - 20:34:50: [FF] [weeBlord] <STEAM_1:0:242584050> -> 6 HP bằng (boom/fire) -> [（ ͜.人 ͜.）⛇☃] <STEAM_1:1:241852047>
L 09/02/2026 - 20:34:50: [FF] [weeBlord] <STEAM_1:0:242584050> -> 8 HP bằng (boom/fire) -> [Lê Hải] <STEAM_1:0:471595906>
L 09/02/2026 - 20:34:50: [FF] [weeBlord] <STEAM_1:0:242584050> -> 9 HP bằng (boom/fire) -> [Lê Hải] <STEAM_1:0:471595906>
L 09/02/2026 - 20:34:51: [FF] [weeBlord] <STEAM_1:0:242584050> -> 11 HP bằng (boom/fire) -> [Lê Hải] <STEAM_1:0:471595906>
L 09/02/2026 - 20:34:51: [FF] [weeBlord] <STEAM_1:0:242584050> -> 12 HP bằng (boom/fire) -> [Lê Hải] <STEAM_1:0:471595906>
L 09/02/2026 - 20:34:51: [HẠ GỤC] weeBlord <STEAM_1:0:242584050> đã hạ gục Lê Hải <STEAM_1:0:471595906> bằng (súng)
L 09/02/2026 - 20:34:51: [FF] [weeBlord] <STEAM_1:0:242584050> -> 14 HP bằng (boom/fire) -> [Lê Hải] <STEAM_1:0:471595906>
L 09/02/2026 - 20:34:51: [FF] [weeBlord] <STEAM_1:0:242584050> -> 15 HP bằng (súng) -> [Lê Hải] <STEAM_1:0:471595906>
L 09/02/2026 - 20:34:51: [FF] [weeBlord] <STEAM_1:0:242584050> -> 16 HP bằng (boom/fire) -> [Lê Hải] <STEAM_1:0:471595906>
L 09/02/2026 - 20:34:51: [FF] [weeBlord] <STEAM_1:0:242584050> -> 16 HP bằng (boom/fire) -> [Lê Hải] <STEAM_1:0:471595906>
L 09/02/2026 - 20:34:52: [FF] [weeBlord] <STEAM_1:0:242584050> -> 16 HP bằng (boom/fire) -> [Lê Hải] <STEAM_1:0:471595906>
L 09/02/2026 - 20:34:52: [FF] [weeBlord] <STEAM_1:0:242584050> -> 16 HP bằng (boom/fire) -> [Lê Hải] <STEAM_1:0:471595906>
L 09/02/2026 - 20:34:52: [FF] [weeBlord] <STEAM_1:0:242584050> -> 16 HP bằng (boom/fire) -> [Lê Hải] <STEAM_1:0:471595906>
L 09/02/2026 - 20:34:52: [FF] [weeBlord] <STEAM_1:0:242584050> -> 16 HP bằng (boom/fire) -> [Lê Hải] <STEAM_1:0:471595906>
L 09/02/2026 - 20:34:52: [FF] [weeBlord] <STEAM_1:0:242584050> -> 16 HP bằng (boom/fire) -> [Lê Hải] <STEAM_1:0:471595906>
L 09/02/2026 - 20:34:53: [FF] [weeBlord] <STEAM_1:0:242584050> -> 16 HP bằng (boom/fire) -> [Lê Hải] <STEAM_1:0:471595906>
L 09/02/2026 - 20:34:53: [FF] [weeBlord] <STEAM_1:0:242584050> -> 16 HP bằng (boom/fire) -> [Lê Hải] <STEAM_1:0:471595906>
L 09/02/2026 - 20:34:53: [FF] [weeBlord] <STEAM_1:0:242584050> -> 16 HP bằng (boom/fire) -> [Lê Hải] <STEAM_1:0:471595906>
L 09/02/2026 - 20:34:53: [FF] [weeBlord] <STEAM_1:0:242584050> -> 16 HP bằng (boom/fire) -> [Lê Hải] <STEAM_1:0:471595906>
L 09/02/2026 - 20:34:53: [FF] [weeBlord] <STEAM_1:0:242584050> -> 16 HP bằng (boom/fire) -> [Lê Hải] <STEAM_1:0:471595906>
L 09/02/2026 - 20:34:54: [FF] [weeBlord] <STEAM_1:0:242584050> -> 16 HP bằng (boom/fire) -> [Lê Hải] <STEAM_1:0:471595906>
L 09/02/2026 - 20:34:54: [FF] [weeBlord] <STEAM_1:0:242584050> -> 16 HP bằng (boom/fire) -> [Lê Hải] <STEAM_1:0:471595906>
L 09/02/2026 - 20:34:54: [FF] [weeBlord] <STEAM_1:0:242584050> -> 16 HP bằng (boom/fire) -> [Lê Hải] <STEAM_1:0:471595906>
L 09/02/2026 - 20:34:54: [FF] [weeBlord] <STEAM_1:0:242584050> -> 16 HP bằng (boom/fire) -> [Lê Hải] <STEAM_1:0:471595906>
L 09/02/2026 - 20:34:54: [FF] [weeBlord] <STEAM_1:0:242584050> -> 16 HP bằng (boom/fire) -> [Lê Hải] <STEAM_1:0:471595906>
L 09/02/2026 - 20:34:55: [FF] [weeBlord] <STEAM_1:0:242584050> -> 16 HP bằng (boom/fire) -> [Lê Hải] <STEAM_1:0:471595906>
L 09/02/2026 - 20:34:55: [FF] [weeBlord] <STEAM_1:0:242584050> -> 16 HP bằng (boom/fire) -> [Lê Hải] <STEAM_1:0:471595906>
L 09/02/2026 - 20:34:55: [FF] [weeBlord] <STEAM_1:0:242584050> -> 16 HP bằng (boom/fire) -> [Lê Hải] <STEAM_1:0:471595906>
L 09/02/2026 - 20:34:55: [FF] [weeBlord] <STEAM_1:0:242584050> -> 16 HP bằng (boom/fire) -> [Lê Hải] <STEAM_1:0:471595906>
L 09/02/2026 - 20:34:55: [FF] [weeBlord] <STEAM_1:0:242584050> -> 16 HP bằng (boom/fire) -> [Lê Hải] <STEAM_1:0:471595906>
L 09/02/2026 - 20:34:56: [FF] [weeBlord] <STEAM_1:0:242584050> -> 16 HP bằng (boom/fire) -> [Lê Hải] <STEAM_1:0:471595906>
L 09/02/2026 - 20:34:56: [FF] [weeBlord] <STEAM_1:0:242584050> -> 16 HP bằng (boom/fire) -> [Lê Hải] <STEAM_1:0:471595906>
L 09/02/2026 - 20:34:56: [FF] [weeBlord] <STEAM_1:0:242584050> -> 16 HP bằng (boom/fire) -> [Lê Hải] <STEAM_1:0:471595906>
L 09/02/2026 - 20:34:56: [FF] [weeBlord] <STEAM_1:0:242584050> -> 16 HP bằng (boom/fire) -> [Lê Hải] <STEAM_1:0:471595906>
L 09/02/2026 - 20:35:03: [FF] [Curren Bouquetd'or] <BOT_OR_UNKNOWN> -> 5 HP bằng (súng) -> [Chicoarun] <STEAM_1:0:952954061>
L 09/02/2026 - 20:35:03: [FF] [Curren Bouquetd'or] <BOT_OR_UNKNOWN> -> 5 HP bằng (súng) -> [Chicoarun] <STEAM_1:0:952954061>
L 09/02/2026 - 20:35:03: [FF] [Curren Bouquetd'or] <BOT_OR_UNKNOWN> -> 5 HP bằng (súng) -> [Chicoarun] <STEAM_1:0:952954061>
L 09/02/2026 - 20:35:03: [FF] [Curren Bouquetd'or] <BOT_OR_UNKNOWN> -> 5 HP bằng (súng) -> [Chicoarun] <STEAM_1:0:952954061>
L 09/02/2026 - 20:35:03: [FF] [Curren Bouquetd'or] <BOT_OR_UNKNOWN> -> 5 HP bằng (súng) -> [Chicoarun] <STEAM_1:0:952954061>
L 09/02/2026 - 20:35:04: [HẠ GỤC] Zombie/Witch/Môi trường <N/A> đã hạ gục Rïçēz <STEAM_1:1:558962692> bằng (môi trường/khác)
L 09/02/2026 - 20:35:08: [FF] [（ ͜.人 ͜.）⛇☃] <STEAM_1:1:241852047> -> 16 HP bằng (boom/fire) -> [weeBlord] <STEAM_1:0:242584050>
L 09/02/2026 - 20:35:43: [FF] [None :D] <STEAM_1:0:578030381> -> 5 HP bằng (súng) -> [weeBlord] <STEAM_1:0:242584050>
L 09/02/2026 - 20:35:46: [FF] [Bảo Nguyên] <STEAM_1:0:218160880> -> 2 HP bằng (súng) -> [Curren Bouquetd'or] <BOT_OR_UNKNOWN>
L 09/02/2026 - 20:35:46: [HẠ GỤC] Boomer Bot <BOT> đã hạ gục Curren Bouquetd'or <BOT_OR_UNKNOWN> bằng (môi trường/khác)
L 09/02/2026 - 20:35:52: [FF] [KeroN] <STEAM_1:1:161759963> -> 4 HP bằng (súng) -> [Curren Bouquetd'or] <BOT_OR_UNKNOWN>
L 09/02/2026 - 20:35:55: [FF] [Chicoarun] <STEAM_1:0:952954061> -> 16 HP bằng (boom/fire) -> [Curren Bouquetd'or] <BOT_OR_UNKNOWN>
L 09/02/2026 - 20:35:56: [FF] [Chicoarun] <STEAM_1:0:952954061> -> 16 HP bằng (boom/fire) -> [Curren Bouquetd'or] <BOT_OR_UNKNOWN>
L 09/02/2026 - 20:35:56: [FF] [Chicoarun] <STEAM_1:0:952954061> -> 16 HP bằng (boom/fire) -> [Curren Bouquetd'or] <BOT_OR_UNKNOWN>
L 09/02/2026 - 20:35:56: [FF] [Chicoarun] <STEAM_1:0:952954061> -> 16 HP bằng (boom/fire) -> [Curren Bouquetd'or] <BOT_OR_UNKNOWN>
L 09/02/2026 - 20:35:56: [FF] [Chicoarun] <STEAM_1:0:952954061> -> 16 HP bằng (boom/fire) -> [Curren Bouquetd'or] <BOT_OR_UNKNOWN>
L 09/02/2026 - 20:35:56: [KILL] Chicoarun <STEAM_1:0:952954061> đã giết Curren Bouquetd'or <BOT_OR_UNKNOWN> bằng (boom/fire)
L 09/02/2026 - 20:35:58: [FF] [None :D] <STEAM_1:0:578030381> -> 1 HP bằng (môi trường/khác) -> [Bảo Nguyên] <STEAM_1:0:218160880>
L 09/02/2026 - 20:36:02: [FF] [Bảo Nguyên] <STEAM_1:0:218160880> -> 15 HP bằng (súng) -> [chimxanh] <STEAM_1:1:626078671>
L 09/02/2026 - 20:36:02: [FF] [Bảo Nguyên] <STEAM_1:0:218160880> -> 15 HP bằng (súng) -> [chimxanh] <STEAM_1:1:626078671>
L 09/02/2026 - 20:36:02: [FF] [KeroN] <STEAM_1:1:161759963> -> 15 HP bằng (súng) -> [Chicoarun] <STEAM_1:0:952954061>
L 09/02/2026 - 20:36:02: [FF] [KeroN] <STEAM_1:1:161759963> -> 15 HP bằng (súng) -> [Chicoarun] <STEAM_1:0:952954061>
L 09/02/2026 - 20:36:18: [FF] [None :D] <STEAM_1:0:578030381> -> 9 HP bằng (súng) -> [KeroN] <STEAM_1:1:161759963>
L 09/02/2026 - 20:36:18: [FF] [None :D] <STEAM_1:0:578030381> -> 9 HP bằng (súng) -> [KeroN] <STEAM_1:1:161759963>
L 09/02/2026 - 20:36:19: [FF] [（ ͜.人 ͜.）⛇☃] <STEAM_1:1:241852047> -> 3 HP bằng (súng) -> [KeroN] <STEAM_1:1:161759963>
L 09/02/2026 - 20:36:19: [FF] [（ ͜.人 ͜.）⛇☃] <STEAM_1:1:241852047> -> 3 HP bằng (súng) -> [KeroN] <STEAM_1:1:161759963>
L 09/02/2026 - 20:36:19: [FF] [（ ͜.人 ͜.）⛇☃] <STEAM_1:1:241852047> -> 3 HP bằng (súng) -> [KeroN] <STEAM_1:1:161759963>
L 09/02/2026 - 20:36:19: [FF] [（ ͜.人 ͜.）⛇☃] <STEAM_1:1:241852047> -> 3 HP bằng (súng) -> [KeroN] <STEAM_1:1:161759963>
L 09/02/2026 - 20:36:19: [FF] [（ ͜.人 ͜.）⛇☃] <STEAM_1:1:241852047> -> 3 HP bằng (súng) -> [KeroN] <STEAM_1:1:161759963>
L 09/02/2026 - 20:36:19: [FF] [（ ͜.人 ͜.）⛇☃] <STEAM_1:1:241852047> -> 3 HP bằng (súng) -> [KeroN] <STEAM_1:1:161759963>
L 09/02/2026 - 20:36:19: [FF] [（ ͜.人 ͜.）⛇☃] <STEAM_1:1:241852047> -> 3 HP bằng (súng) -> [KeroN] <STEAM_1:1:161759963>
L 09/02/2026 - 20:36:19: [FF] [（ ͜.人 ͜.）⛇☃] <STEAM_1:1:241852047> -> 3 HP bằng (súng) -> [KeroN] <STEAM_1:1:161759963>
L 09/02/2026 - 20:36:19: [FF] [（ ͜.人 ͜.）⛇☃] <STEAM_1:1:241852047> -> 3 HP bằng (súng) -> [KeroN] <STEAM_1:1:161759963>
L 09/02/2026 - 20:36:19: [FF] [（ ͜.人 ͜.）⛇☃] <STEAM_1:1:241852047> -> 3 HP bằng (súng) -> [KeroN] <STEAM_1:1:161759963>
L 09/02/2026 - 20:36:19: [FF] [（ ͜.人 ͜.）⛇☃] <STEAM_1:1:241852047> -> 3 HP bằng (súng) -> [KeroN] <STEAM_1:1:161759963>
L 09/02/2026 - 20:36:20: [KILL] Spitter Bot <BOT> đã giết Chicoarun <STEAM_1:0:952954061> bằng (môi trường/khác)
L 09/02/2026 - 20:36:21: [FF] [weeBlord] <STEAM_1:0:242584050> -> 7 HP bằng (melee) -> [KeroN] <STEAM_1:1:161759963>
L 09/02/2026 - 20:36:21: [HẠ GỤC] Spitter Bot <BOT> đã hạ gục Bảo Nguyên <STEAM_1:0:218160880> bằng (môi trường/khác)
L 09/02/2026 - 20:36:26: [FF] [Rïçēz] <STEAM_1:1:558962692> -> 3 HP bằng (súng) -> [Lê Hải] <STEAM_1:0:471595906>
L 09/02/2026 - 20:36:26: [FF] [Rïçēz] <STEAM_1:1:558962692> -> 3 HP bằng (súng) -> [Lê Hải] <STEAM_1:0:471595906>
L 09/02/2026 - 20:36:26: [FF] [Rïçēz] <STEAM_1:1:558962692> -> 3 HP bằng (súng) -> [Lê Hải] <STEAM_1:0:471595906>
L 09/02/2026 - 20:36:26: [FF] [Rïçēz] <STEAM_1:1:558962692> -> 3 HP bằng (súng) -> [Lê Hải] <STEAM_1:0:471595906>
L 09/02/2026 - 20:36:26: [FF] [Rïçēz] <STEAM_1:1:558962692> -> 3 HP bằng (súng) -> [Lê Hải] <STEAM_1:0:471595906>
L 09/02/2026 - 20:36:26: [FF] [Rïçēz] <STEAM_1:1:558962692> -> 3 HP bằng (súng) -> [Lê Hải] <STEAM_1:0:471595906>
L 09/02/2026 - 20:36:26: [FF] [Rïçēz] <STEAM_1:1:558962692> -> 3 HP bằng (súng) -> [Lê Hải] <STEAM_1:0:471595906>
L 09/02/2026 - 20:36:26: [FF] [Rïçēz] <STEAM_1:1:558962692> -> 3 HP bằng (súng) -> [Lê Hải] <STEAM_1:0:471595906>
L 09/02/2026 - 20:36:26: [FF] [Rïçēz] <STEAM_1:1:558962692> -> 3 HP bằng (súng) -> [Lê Hải] <STEAM_1:0:471595906>
L 09/02/2026 - 20:36:29: [FF] [KeroN] <STEAM_1:1:161759963> -> 15 HP bằng (súng) -> [Rïçēz] <STEAM_1:1:558962692>
L 09/02/2026 - 20:36:32: [FF] [（ ͜.人 ͜.）⛇☃] <STEAM_1:1:241852047> -> 1 HP bằng (súng) -> [Holo 40k] <BOT_OR_UNKNOWN>
L 09/02/2026 - 20:36:41: [HẠ GỤC] Zombie/Witch/Môi trường <N/A> đã hạ gục Rïçēz <STEAM_1:1:558962692> bằng (môi trường/khác)
L 09/02/2026 - 20:36:42: [HẠ GỤC] Zombie/Witch/Môi trường <N/A> đã hạ gục weeBlord <STEAM_1:0:242584050> bằng (môi trường/khác)
L 09/02/2026 - 20:36:53: [FF] [（ ͜.人 ͜.）⛇☃] <STEAM_1:1:241852047> -> 16 HP bằng (boom/fire) -> [chimxanh] <STEAM_1:1:626078671>
L 09/02/2026 - 20:36:54: [FF] [（ ͜.人 ͜.）⛇☃] <STEAM_1:1:241852047> -> 16 HP bằng (boom/fire) -> [chimxanh] <STEAM_1:1:626078671>
L 09/02/2026 - 20:36:58: [FF] [（ ͜.人 ͜.）⛇☃] <STEAM_1:1:241852047> -> 16 HP bằng (boom/fire) -> [weeBlord] <STEAM_1:0:242584050>
L 09/02/2026 - 20:36:58: [FF] [（ ͜.人 ͜.）⛇☃] <STEAM_1:1:241852047> -> 16 HP bằng (boom/fire) -> [weeBlord] <STEAM_1:0:242584050>
L 09/02/2026 - 20:36:58: [FF] [（ ͜.人 ͜.）⛇☃] <STEAM_1:1:241852047> -> 16 HP bằng (boom/fire) -> [weeBlord] <STEAM_1:0:242584050>
L 09/02/2026 - 20:36:58: [FF] [（ ͜.人 ͜.）⛇☃] <STEAM_1:1:241852047> -> 16 HP bằng (boom/fire) -> [weeBlord] <STEAM_1:0:242584050>
L 09/02/2026 - 20:36:59: [FF] [（ ͜.人 ͜.）⛇☃] <STEAM_1:1:241852047> -> 16 HP bằng (boom/fire) -> [weeBlord] <STEAM_1:0:242584050>
L 09/02/2026 - 20:36:59: [FF] [（ ͜.人 ͜.）⛇☃] <STEAM_1:1:241852047> -> 16 HP bằng (boom/fire) -> [weeBlord] <STEAM_1:0:242584050>
L 09/02/2026 - 20:36:59: [KILL] （ ͜.人 ͜.）⛇☃ <STEAM_1:1:241852047> đã giết weeBlord <STEAM_1:0:242584050> bằng (boom/fire)
L 09/02/2026 - 20:37:00: [HẠ GỤC] （ ͜.人 ͜.）⛇☃ <STEAM_1:1:241852047> đã hạ gục None :D <STEAM_1:0:578030381> bằng (boom/fire)
L 09/02/2026 - 20:37:01: [FF] [（ ͜.人 ͜.）⛇☃] <STEAM_1:1:241852047> -> 16 HP bằng (boom/fire) -> [None :D] <STEAM_1:0:578030381>
L 09/02/2026 - 20:37:01: [FF] [（ ͜.人 ͜.）⛇☃] <STEAM_1:1:241852047> -> 16 HP bằng (boom/fire) -> [None :D] <STEAM_1:0:578030381>
L 09/02/2026 - 20:37:01: [FF] [（ ͜.人 ͜.）⛇☃] <STEAM_1:1:241852047> -> 16 HP bằng (boom/fire) -> [None :D] <STEAM_1:0:578030381>
L 09/02/2026 - 20:37:01: [FF] [（ ͜.人 ͜.）⛇☃] <STEAM_1:1:241852047> -> 16 HP bằng (boom/fire) -> [None :D] <STEAM_1:0:578030381>
L 09/02/2026 - 20:37:01: [FF] [（ ͜.人 ͜.）⛇☃] <STEAM_1:1:241852047> -> 16 HP bằng (boom/fire) -> [None :D] <STEAM_1:0:578030381>
L 09/02/2026 - 20:37:02: [FF] [（ ͜.人 ͜.）⛇☃] <STEAM_1:1:241852047> -> 16 HP bằng (boom/fire) -> [None :D] <STEAM_1:0:578030381>
L 09/02/2026 - 20:37:02: [FF] [（ ͜.人 ͜.）⛇☃] <STEAM_1:1:241852047> -> 16 HP bằng (boom/fire) -> [None :D] <STEAM_1:0:578030381>
L 09/02/2026 - 20:37:03: [FF] [（ ͜.人 ͜.）⛇☃] <STEAM_1:1:241852047> -> 16 HP bằng (boom/fire) -> [None :D] <STEAM_1:0:578030381>
L 09/02/2026 - 20:37:03: [FF] [（ ͜.人 ͜.）⛇☃] <STEAM_1:1:241852047> -> 16 HP bằng (boom/fire) -> [None :D] <STEAM_1:0:578030381>
L 09/02/2026 - 20:37:23: [FF] [Lê Hải] <STEAM_1:0:471595906> -> 2 HP bằng (súng) -> [Holo 40k] <BOT_OR_UNKNOWN>
L 09/02/2026 - 20:37:24: [FF] [Curren Bouquetd'or] <BOT_OR_UNKNOWN> -> 1 HP bằng (súng) -> [Holo 40k] <BOT_OR_UNKNOWN>
L 09/02/2026 - 20:37:24: [FF] [Rïçēz] <STEAM_1:1:558962692> -> 5 HP bằng (súng) -> [KeroN] <STEAM_1:1:161759963>
L 09/02/2026 - 20:37:25: [FF] [Rïçēz] <STEAM_1:1:558962692> -> 9 HP bằng (súng) -> [（ ͜.人 ͜.）⛇☃] <STEAM_1:1:241852047>
L 09/02/2026 - 20:37:25: [FF] [Rïçēz] <STEAM_1:1:558962692> -> 5 HP bằng (súng) -> [KeroN] <STEAM_1:1:161759963>
L 09/02/2026 - 20:37:25: [FF] [Rïçēz] <STEAM_1:1:558962692> -> 6 HP bằng (súng) -> [KeroN] <STEAM_1:1:161759963>
L 09/02/2026 - 20:37:25: [FF] [Rïçēz] <STEAM_1:1:558962692> -> 5 HP bằng (súng) -> [（ ͜.人 ͜.）⛇☃] <STEAM_1:1:241852047>
L 09/02/2026 - 20:37:25: [HẠ GỤC] Rïçēz <STEAM_1:1:558962692> đã hạ gục （ ͜.人 ͜.）⛇☃ <STEAM_1:1:241852047> bằng (súng)
L 09/02/2026 - 20:37:26: [HẠ GỤC] Zombie/Witch/Môi trường <N/A> đã hạ gục chimxanh <STEAM_1:1:626078671> bằng (môi trường/khác)
L 09/02/2026 - 20:37:40: [FF] [None :D] <STEAM_1:0:578030381> -> 5 HP bằng (súng) -> [Lê Hải] <STEAM_1:0:471595906>
L 09/02/2026 - 20:38:03: [HẠ GỤC] Boomer Bot <BOT> đã hạ gục Lê Hải <STEAM_1:0:471595906> bằng (môi trường/khác)
L 09/02/2026 - 20:38:04: [FF] [Holo 40k] <BOT_OR_UNKNOWN> -> 3 HP bằng (súng) -> [Bảo Nguyên] <STEAM_1:0:218160880>
L 09/02/2026 - 20:38:05: [FF] [KeroN] <STEAM_1:1:161759963> -> 15 HP bằng (súng) -> [Rïçēz] <STEAM_1:1:558962692>
L 09/02/2026 - 20:38:08: [FF] [Curren Bouquetd'or] <BOT_OR_UNKNOWN> -> 1 HP bằng (súng) -> [Holo 40k] <BOT_OR_UNKNOWN>
L 09/02/2026 - 20:38:08: [FF] [Holo 40k] <BOT_OR_UNKNOWN> -> 1 HP bằng (boom/fire) -> [Curren Bouquetd'or] <BOT_OR_UNKNOWN>
L 09/02/2026 - 20:38:08: [FF] [Holo 40k] <BOT_OR_UNKNOWN> -> 1 HP bằng (boom/fire) -> [Rïçēz] <STEAM_1:1:558962692>
L 09/02/2026 - 20:38:08: [FF] [Holo 40k] <BOT_OR_UNKNOWN> -> 1 HP bằng (boom/fire) -> [chimxanh] <STEAM_1:1:626078671>
L 09/02/2026 - 20:38:08: [FF] [Holo 40k] <BOT_OR_UNKNOWN> -> 1 HP bằng (boom/fire) -> [weeBlord] <STEAM_1:0:242584050>
L 09/02/2026 - 20:38:08: [FF] [Curren Bouquetd'or] <BOT_OR_UNKNOWN> -> 1 HP bằng (súng) -> [Holo 40k] <BOT_OR_UNKNOWN>
L 09/02/2026 - 20:38:08: [FF] [Curren Bouquetd'or] <BOT_OR_UNKNOWN> -> 1 HP bằng (súng) -> [Holo 40k] <BOT_OR_UNKNOWN>
L 09/02/2026 - 20:38:08: [FF] [Curren Bouquetd'or] <BOT_OR_UNKNOWN> -> 1 HP bằng (súng) -> [Holo 40k] <BOT_OR_UNKNOWN>
L 09/02/2026 - 20:38:08: [FF] [Holo 40k] <BOT_OR_UNKNOWN> -> 3 HP bằng (boom/fire) -> [Curren Bouquetd'or] <BOT_OR_UNKNOWN>
L 09/02/2026 - 20:38:08: [FF] [Holo 40k] <BOT_OR_UNKNOWN> -> 3 HP bằng (boom/fire) -> [Rïçēz] <STEAM_1:1:558962692>
L 09/02/2026 - 20:38:08: [FF] [Holo 40k] <BOT_OR_UNKNOWN> -> 3 HP bằng (boom/fire) -> [chimxanh] <STEAM_1:1:626078671>
L 09/02/2026 - 20:38:08: [FF] [Holo 40k] <BOT_OR_UNKNOWN> -> 3 HP bằng (boom/fire) -> [weeBlord] <STEAM_1:0:242584050>
L 09/02/2026 - 20:38:08: [FF] [Lê Hải] <STEAM_1:0:471595906> -> 22 HP bằng (súng) -> [weeBlord] <STEAM_1:0:242584050>
L 09/02/2026 - 20:38:08: [FF] [Holo 40k] <BOT_OR_UNKNOWN> -> 4 HP bằng (boom/fire) -> [Curren Bouquetd'or] <BOT_OR_UNKNOWN>
L 09/02/2026 - 20:38:08: [FF] [Holo 40k] <BOT_OR_UNKNOWN> -> 4 HP bằng (boom/fire) -> [KeroN] <STEAM_1:1:161759963>
L 09/02/2026 - 20:38:08: [FF] [Holo 40k] <BOT_OR_UNKNOWN> -> 4 HP bằng (boom/fire) -> [Rïçēz] <STEAM_1:1:558962692>
L 09/02/2026 - 20:38:08: [FF] [Holo 40k] <BOT_OR_UNKNOWN> -> 4 HP bằng (boom/fire) -> [weeBlord] <STEAM_1:0:242584050>
L 09/02/2026 - 20:38:08: [FF] [Holo 40k] <BOT_OR_UNKNOWN> -> 4 HP bằng (boom/fire) -> [chimxanh] <STEAM_1:1:626078671>
L 09/02/2026 - 20:38:08: [FF] [Holo 40k] <BOT_OR_UNKNOWN> -> 4 HP bằng (boom/fire) -> [Lê Hải] <STEAM_1:0:471595906>
L 09/02/2026 - 20:38:09: [FF] [Holo 40k] <BOT_OR_UNKNOWN> -> 6 HP bằng (boom/fire) -> [Curren Bouquetd'or] <BOT_OR_UNKNOWN>
L 09/02/2026 - 20:38:09: [FF] [Holo 40k] <BOT_OR_UNKNOWN> -> 6 HP bằng (boom/fire) -> [chimxanh] <STEAM_1:1:626078671>
L 09/02/2026 - 20:38:09: [FF] [Holo 40k] <BOT_OR_UNKNOWN> -> 6 HP bằng (boom/fire) -> [KeroN] <STEAM_1:1:161759963>
L 09/02/2026 - 20:38:09: [FF] [Holo 40k] <BOT_OR_UNKNOWN> -> 6 HP bằng (boom/fire) -> [Rïçēz] <STEAM_1:1:558962692>
L 09/02/2026 - 20:38:09: [FF] [Holo 40k] <BOT_OR_UNKNOWN> -> 6 HP bằng (boom/fire) -> [weeBlord] <STEAM_1:0:242584050>
L 09/02/2026 - 20:38:09: [FF] [Holo 40k] <BOT_OR_UNKNOWN> -> 6 HP bằng (boom/fire) -> [Lê Hải] <STEAM_1:0:471595906>
L 09/02/2026 - 20:38:09: [FF] [Holo 40k] <BOT_OR_UNKNOWN> -> 8 HP bằng (boom/fire) -> [Curren Bouquetd'or] <BOT_OR_UNKNOWN>
L 09/02/2026 - 20:38:09: [FF] [Holo 40k] <BOT_OR_UNKNOWN> -> 8 HP bằng (boom/fire) -> [chimxanh] <STEAM_1:1:626078671>
L 09/02/2026 - 20:38:09: [FF] [Holo 40k] <BOT_OR_UNKNOWN> -> 8 HP bằng (boom/fire) -> [KeroN] <STEAM_1:1:161759963>
L 09/02/2026 - 20:38:09: [FF] [Holo 40k] <BOT_OR_UNKNOWN> -> 8 HP bằng (boom/fire) -> [Rïçēz] <STEAM_1:1:558962692>
L 09/02/2026 - 20:38:09: [FF] [Holo 40k] <BOT_OR_UNKNOWN> -> 8 HP bằng (boom/fire) -> [weeBlord] <STEAM_1:0:242584050>
L 09/02/2026 - 20:38:09: [FF] [Holo 40k] <BOT_OR_UNKNOWN> -> 8 HP bằng (boom/fire) -> [Lê Hải] <STEAM_1:0:471595906>
L 09/02/2026 - 20:38:09: [FF] [Holo 40k] <BOT_OR_UNKNOWN> -> 8 HP bằng (boom/fire) -> [（ ͜.人 ͜.）⛇☃] <STEAM_1:1:241852047>
L 09/02/2026 - 20:38:09: [FF] [Holo 40k] <BOT_OR_UNKNOWN> -> 9 HP bằng (boom/fire) -> [Curren Bouquetd'or] <BOT_OR_UNKNOWN>
L 09/02/2026 - 20:38:09: [FF] [Holo 40k] <BOT_OR_UNKNOWN> -> 9 HP bằng (boom/fire) -> [chimxanh] <STEAM_1:1:626078671>
L 09/02/2026 - 20:38:09: [FF] [Holo 40k] <BOT_OR_UNKNOWN> -> 9 HP bằng (boom/fire) -> [KeroN] <STEAM_1:1:161759963>
L 09/02/2026 - 20:38:09: [FF] [Holo 40k] <BOT_OR_UNKNOWN> -> 9 HP bằng (boom/fire) -> [Rïçēz] <STEAM_1:1:558962692>
L 09/02/2026 - 20:38:09: [FF] [Holo 40k] <BOT_OR_UNKNOWN> -> 9 HP bằng (boom/fire) -> [Lê Hải] <STEAM_1:0:471595906>
L 09/02/2026 - 20:38:09: [FF] [Holo 40k] <BOT_OR_UNKNOWN> -> 9 HP bằng (boom/fire) -> [Chicoarun] <STEAM_1:0:952954061>
L 09/02/2026 - 20:38:09: [FF] [Holo 40k] <BOT_OR_UNKNOWN> -> 9 HP bằng (boom/fire) -> [weeBlord] <STEAM_1:0:242584050>
L 09/02/2026 - 20:38:09: [FF] [Holo 40k] <BOT_OR_UNKNOWN> -> 9 HP bằng (boom/fire) -> [（ ͜.人 ͜.）⛇☃] <STEAM_1:1:241852047>
L 09/02/2026 - 20:38:09: [FF] [Holo 40k] <BOT_OR_UNKNOWN> -> 11 HP bằng (boom/fire) -> [Curren Bouquetd'or] <BOT_OR_UNKNOWN>
L 09/02/2026 - 20:38:09: [FF] [Holo 40k] <BOT_OR_UNKNOWN> -> 11 HP bằng (boom/fire) -> [chimxanh] <STEAM_1:1:626078671>
L 09/02/2026 - 20:38:09: [FF] [Holo 40k] <BOT_OR_UNKNOWN> -> 11 HP bằng (boom/fire) -> [KeroN] <STEAM_1:1:161759963>
L 09/02/2026 - 20:38:09: [FF] [Holo 40k] <BOT_OR_UNKNOWN> -> 11 HP bằng (boom/fire) -> [Rïçēz] <STEAM_1:1:558962692>
L 09/02/2026 - 20:38:09: [FF] [Holo 40k] <BOT_OR_UNKNOWN> -> 11 HP bằng (boom/fire) -> [weeBlord] <STEAM_1:0:242584050>
L 09/02/2026 - 20:38:09: [FF] [Holo 40k] <BOT_OR_UNKNOWN> -> 11 HP bằng (boom/fire) -> [Chicoarun] <STEAM_1:0:952954061>
L 09/02/2026 - 20:38:09: [FF] [Holo 40k] <BOT_OR_UNKNOWN> -> 11 HP bằng (boom/fire) -> [Lê Hải] <STEAM_1:0:471595906>
L 09/02/2026 - 20:38:09: [FF] [Holo 40k] <BOT_OR_UNKNOWN> -> 11 HP bằng (boom/fire) -> [（ ͜.人 ͜.）⛇☃] <STEAM_1:1:241852047>
L 09/02/2026 - 20:38:09: [FF] [Holo 40k] <BOT_OR_UNKNOWN> -> 12 HP bằng (boom/fire) -> [Curren Bouquetd'or] <BOT_OR_UNKNOWN>
L 09/02/2026 - 20:38:09: [HẠ GỤC] Holo 40k <BOT_OR_UNKNOWN> đã hạ gục KeroN <STEAM_1:1:161759963> bằng (boom/fire)
L 09/02/2026 - 20:38:09: [FF] [Holo 40k] <BOT_OR_UNKNOWN> -> 12 HP bằng (boom/fire) -> [weeBlord] <STEAM_1:0:242584050>
L 09/02/2026 - 20:38:09: [FF] [Holo 40k] <BOT_OR_UNKNOWN> -> 12 HP bằng (boom/fire) -> [chimxanh] <STEAM_1:1:626078671>
L 09/02/2026 - 20:38:09: [FF] [Holo 40k] <BOT_OR_UNKNOWN> -> 12 HP bằng (boom/fire) -> [Chicoarun] <STEAM_1:0:952954061>
L 09/02/2026 - 20:38:09: [FF] [Holo 40k] <BOT_OR_UNKNOWN> -> 12 HP bằng (boom/fire) -> [Rïçēz] <STEAM_1:1:558962692>
L 09/02/2026 - 20:38:09: [FF] [Holo 40k] <BOT_OR_UNKNOWN> -> 12 HP bằng (boom/fire) -> [Lê Hải] <STEAM_1:0:471595906>
L 09/02/2026 - 20:38:09: [FF] [Holo 40k] <BOT_OR_UNKNOWN> -> 12 HP bằng (boom/fire) -> [（ ͜.人 ͜.）⛇☃] <STEAM_1:1:241852047>
L 09/02/2026 - 20:38:09: [KILL] Holo 40k <BOT_OR_UNKNOWN> đã giết （ ͜.人 ͜.）⛇☃ <STEAM_1:1:241852047> bằng (boom/fire)
L 09/02/2026 - 20:38:10: [FF] [Holo 40k] <BOT_OR_UNKNOWN> -> 14 HP bằng (boom/fire) -> [Curren Bouquetd'or] <BOT_OR_UNKNOWN>
L 09/02/2026 - 20:38:10: [FF] [Holo 40k] <BOT_OR_UNKNOWN> -> 14 HP bằng (boom/fire) -> [KeroN] <STEAM_1:1:161759963>
L 09/02/2026 - 20:38:10: [FF] [Holo 40k] <BOT_OR_UNKNOWN> -> 14 HP bằng (boom/fire) -> [Rïçēz] <STEAM_1:1:558962692>
L 09/02/2026 - 20:38:10: [FF] [Holo 40k] <BOT_OR_UNKNOWN> -> 14 HP bằng (boom/fire) -> [weeBlord] <STEAM_1:0:242584050>
L 09/02/2026 - 20:38:10: [FF] [Holo 40k] <BOT_OR_UNKNOWN> -> 14 HP bằng (boom/fire) -> [Lê Hải] <STEAM_1:0:471595906>
L 09/02/2026 - 20:38:10: [FF] [Holo 40k] <BOT_OR_UNKNOWN> -> 14 HP bằng (boom/fire) -> [Chicoarun] <STEAM_1:0:952954061>
L 09/02/2026 - 20:38:10: [FF] [Holo 40k] <BOT_OR_UNKNOWN> -> 14 HP bằng (boom/fire) -> [chimxanh] <STEAM_1:1:626078671>
L 09/02/2026 - 20:38:10: [FF] [Holo 40k] <BOT_OR_UNKNOWN> -> 16 HP bằng (boom/fire) -> [Lê Hải] <STEAM_1:0:471595906>
L 09/02/2026 - 20:38:10: [FF] [Holo 40k] <BOT_OR_UNKNOWN> -> 16 HP bằng (boom/fire) -> [Curren Bouquetd'or] <BOT_OR_UNKNOWN>
L 09/02/2026 - 20:38:10: [FF] [Holo 40k] <BOT_OR_UNKNOWN> -> 16 HP bằng (boom/fire) -> [weeBlord] <STEAM_1:0:242584050>
L 09/02/2026 - 20:38:10: [FF] [Holo 40k] <BOT_OR_UNKNOWN> -> 16 HP bằng (boom/fire) -> [KeroN] <STEAM_1:1:161759963>
L 09/02/2026 - 20:38:10: [FF] [Holo 40k] <BOT_OR_UNKNOWN> -> 16 HP bằng (boom/fire) -> [Rïçēz] <STEAM_1:1:558962692>
L 09/02/2026 - 20:38:10: [FF] [Holo 40k] <BOT_OR_UNKNOWN> -> 16 HP bằng (boom/fire) -> [Chicoarun] <STEAM_1:0:952954061>
L 09/02/2026 - 20:38:10: [FF] [Holo 40k] <BOT_OR_UNKNOWN> -> 16 HP bằng (boom/fire) -> [chimxanh] <STEAM_1:1:626078671>
L 09/02/2026 - 20:38:10: [FF] [Holo 40k] <BOT_OR_UNKNOWN> -> 16 HP bằng (boom/fire) -> [Lê Hải] <STEAM_1:0:471595906>
L 09/02/2026 - 20:38:10: [KILL] Holo 40k <BOT_OR_UNKNOWN> đã giết Lê Hải <STEAM_1:0:471595906> bằng (boom/fire)
L 09/02/2026 - 20:38:10: [FF] [Holo 40k] <BOT_OR_UNKNOWN> -> 16 HP bằng (boom/fire) -> [Curren Bouquetd'or] <BOT_OR_UNKNOWN>
L 09/02/2026 - 20:38:10: [FF] [Holo 40k] <BOT_OR_UNKNOWN> -> 16 HP bằng (boom/fire) -> [weeBlord] <STEAM_1:0:242584050>
L 09/02/2026 - 20:38:10: [FF] [Holo 40k] <BOT_OR_UNKNOWN> -> 16 HP bằng (boom/fire) -> [KeroN] <STEAM_1:1:161759963>
L 09/02/2026 - 20:38:10: [FF] [Holo 40k] <BOT_OR_UNKNOWN> -> 16 HP bằng (boom/fire) -> [Rïçēz] <STEAM_1:1:558962692>
L 09/02/2026 - 20:38:10: [FF] [Holo 40k] <BOT_OR_UNKNOWN> -> 16 HP bằng (boom/fire) -> [Chicoarun] <STEAM_1:0:952954061>
L 09/02/2026 - 20:38:10: [HẠ GỤC] Holo 40k <BOT_OR_UNKNOWN> đã hạ gục chimxanh <STEAM_1:1:626078671> bằng (boom/fire)
L 09/02/2026 - 20:38:10: [FF] [Holo 40k] <BOT_OR_UNKNOWN> -> 16 HP bằng (boom/fire) -> [Curren Bouquetd'or] <BOT_OR_UNKNOWN>
L 09/02/2026 - 20:38:10: [FF] [Holo 40k] <BOT_OR_UNKNOWN> -> 16 HP bằng (boom/fire) -> [KeroN] <STEAM_1:1:161759963>
L 09/02/2026 - 20:38:10: [HẠ GỤC] Holo 40k <BOT_OR_UNKNOWN> đã hạ gục weeBlord <STEAM_1:0:242584050> bằng (boom/fire)
L 09/02/2026 - 20:38:10: [FF] [Holo 40k] <BOT_OR_UNKNOWN> -> 16 HP bằng (boom/fire) -> [Rïçēz] <STEAM_1:1:558962692>
L 09/02/2026 - 20:38:10: [FF] [Holo 40k] <BOT_OR_UNKNOWN> -> 16 HP bằng (boom/fire) -> [Chicoarun] <STEAM_1:0:952954061>
L 09/02/2026 - 20:38:10: [FF] [Holo 40k] <BOT_OR_UNKNOWN> -> 16 HP bằng (boom/fire) -> [chimxanh] <STEAM_1:1:626078671>
L 09/02/2026 - 20:38:10: [HẠ GỤC] Holo 40k <BOT_OR_UNKNOWN> đã hạ gục Curren Bouquetd'or <BOT_OR_UNKNOWN> bằng (boom/fire)
L 09/02/2026 - 20:38:10: [FF] [Holo 40k] <BOT_OR_UNKNOWN> -> 16 HP bằng (boom/fire) -> [KeroN] <STEAM_1:1:161759963>
L 09/02/2026 - 20:38:10: [FF] [Holo 40k] <BOT_OR_UNKNOWN> -> 16 HP bằng (boom/fire) -> [weeBlord] <STEAM_1:0:242584050>
L 09/02/2026 - 20:38:10: [FF] [Holo 40k] <BOT_OR_UNKNOWN> -> 16 HP bằng (boom/fire) -> [Rïçēz] <STEAM_1:1:558962692>
L 09/02/2026 - 20:38:10: [FF] [Holo 40k] <BOT_OR_UNKNOWN> -> 16 HP bằng (boom/fire) -> [Chicoarun] <STEAM_1:0:952954061>
L 09/02/2026 - 20:38:10: [FF] [Holo 40k] <BOT_OR_UNKNOWN> -> 16 HP bằng (boom/fire) -> [chimxanh] <STEAM_1:1:626078671>
L 09/02/2026 - 20:38:11: [FF] [Holo 40k] <BOT_OR_UNKNOWN> -> 16 HP bằng (boom/fire) -> [Curren Bouquetd'or] <BOT_OR_UNKNOWN>
L 09/02/2026 - 20:38:11: [FF] [Holo 40k] <BOT_OR_UNKNOWN> -> 16 HP bằng (boom/fire) -> [weeBlord] <STEAM_1:0:242584050>
L 09/02/2026 - 20:38:11: [FF] [Holo 40k] <BOT_OR_UNKNOWN> -> 16 HP bằng (boom/fire) -> [KeroN] <STEAM_1:1:161759963>
L 09/02/2026 - 20:38:11: [HẠ GỤC] Holo 40k <BOT_OR_UNKNOWN> đã hạ gục Chicoarun <STEAM_1:0:952954061> bằng (boom/fire)
L 09/02/2026 - 20:38:11: [FF] [Holo 40k] <BOT_OR_UNKNOWN> -> 16 HP bằng (boom/fire) -> [chimxanh] <STEAM_1:1:626078671>
L 09/02/2026 - 20:38:11: [FF] [Holo 40k] <BOT_OR_UNKNOWN> -> 16 HP bằng (boom/fire) -> [Curren Bouquetd'or] <BOT_OR_UNKNOWN>
L 09/02/2026 - 20:38:11: [FF] [Holo 40k] <BOT_OR_UNKNOWN> -> 16 HP bằng (boom/fire) -> [weeBlord] <STEAM_1:0:242584050>
L 09/02/2026 - 20:38:11: [FF] [Holo 40k] <BOT_OR_UNKNOWN> -> 16 HP bằng (boom/fire) -> [Chicoarun] <STEAM_1:0:952954061>
L 09/02/2026 - 20:38:11: [FF] [Holo 40k] <BOT_OR_UNKNOWN> -> 16 HP bằng (boom/fire) -> [KeroN] <STEAM_1:1:161759963>
L 09/02/2026 - 20:38:11: [FF] [Holo 40k] <BOT_OR_UNKNOWN> -> 16 HP bằng (boom/fire) -> [chimxanh] <STEAM_1:1:626078671>
L 09/02/2026 - 20:38:11: [FF] [Holo 40k] <BOT_OR_UNKNOWN> -> 16 HP bằng (boom/fire) -> [Curren Bouquetd'or] <BOT_OR_UNKNOWN>
L 09/02/2026 - 20:38:11: [FF] [Holo 40k] <BOT_OR_UNKNOWN> -> 16 HP bằng (boom/fire) -> [weeBlord] <STEAM_1:0:242584050>
L 09/02/2026 - 20:38:11: [FF] [Holo 40k] <BOT_OR_UNKNOWN> -> 16 HP bằng (boom/fire) -> [Chicoarun] <STEAM_1:0:952954061>
L 09/02/2026 - 20:38:11: [FF] [Holo 40k] <BOT_OR_UNKNOWN> -> 16 HP bằng (boom/fire) -> [chimxanh] <STEAM_1:1:626078671>
L 09/02/2026 - 20:38:11: [FF] [Holo 40k] <BOT_OR_UNKNOWN> -> 16 HP bằng (boom/fire) -> [KeroN] <STEAM_1:1:161759963>
L 09/02/2026 - 20:38:11: [FF] [Holo 40k] <BOT_OR_UNKNOWN> -> 16 HP bằng (boom/fire) -> [Curren Bouquetd'or] <BOT_OR_UNKNOWN>
L 09/02/2026 - 20:38:11: [FF] [Holo 40k] <BOT_OR_UNKNOWN> -> 16 HP bằng (boom/fire) -> [weeBlord] <STEAM_1:0:242584050>
L 09/02/2026 - 20:38:11: [FF] [Holo 40k] <BOT_OR_UNKNOWN> -> 16 HP bằng (boom/fire) -> [Chicoarun] <STEAM_1:0:952954061>
L 09/02/2026 - 20:38:11: [FF] [Holo 40k] <BOT_OR_UNKNOWN> -> 16 HP bằng (boom/fire) -> [chimxanh] <STEAM_1:1:626078671>
L 09/02/2026 - 20:38:11: [FF] [Holo 40k] <BOT_OR_UNKNOWN> -> 16 HP bằng (boom/fire) -> [KeroN] <STEAM_1:1:161759963>
L 09/02/2026 - 20:38:11: [FF] [Holo 40k] <BOT_OR_UNKNOWN> -> 16 HP bằng (boom/fire) -> [Curren Bouquetd'or] <BOT_OR_UNKNOWN>
L 09/02/2026 - 20:38:11: [FF] [Holo 40k] <BOT_OR_UNKNOWN> -> 16 HP bằng (boom/fire) -> [weeBlord] <STEAM_1:0:242584050>
L 09/02/2026 - 20:38:11: [FF] [Holo 40k] <BOT_OR_UNKNOWN> -> 16 HP bằng (boom/fire) -> [Chicoarun] <STEAM_1:0:952954061>
L 09/02/2026 - 20:38:11: [FF] [Holo 40k] <BOT_OR_UNKNOWN> -> 16 HP bằng (boom/fire) -> [chimxanh] <STEAM_1:1:626078671>
L 09/02/2026 - 20:38:11: [FF] [Holo 40k] <BOT_OR_UNKNOWN> -> 16 HP bằng (boom/fire) -> [KeroN] <STEAM_1:1:161759963>
L 09/02/2026 - 20:38:12: [FF] [Holo 40k] <BOT_OR_UNKNOWN> -> 16 HP bằng (boom/fire) -> [Curren Bouquetd'or] <BOT_OR_UNKNOWN>
L 09/02/2026 - 20:38:12: [FF] [Holo 40k] <BOT_OR_UNKNOWN> -> 16 HP bằng (boom/fire) -> [weeBlord] <STEAM_1:0:242584050>
L 09/02/2026 - 20:38:12: [FF] [Holo 40k] <BOT_OR_UNKNOWN> -> 16 HP bằng (boom/fire) -> [Chicoarun] <STEAM_1:0:952954061>
L 09/02/2026 - 20:38:12: [FF] [Holo 40k] <BOT_OR_UNKNOWN> -> 16 HP bằng (boom/fire) -> [chimxanh] <STEAM_1:1:626078671>
L 09/02/2026 - 20:38:12: [FF] [Holo 40k] <BOT_OR_UNKNOWN> -> 16 HP bằng (boom/fire) -> [KeroN] <STEAM_1:1:161759963>
L 09/02/2026 - 20:38:12: [FF] [Holo 40k] <BOT_OR_UNKNOWN> -> 16 HP bằng (boom/fire) -> [Curren Bouquetd'or] <BOT_OR_UNKNOWN>
L 09/02/2026 - 20:38:12: [FF] [Holo 40k] <BOT_OR_UNKNOWN> -> 16 HP bằng (boom/fire) -> [weeBlord] <STEAM_1:0:242584050>
L 09/02/2026 - 20:38:12: [FF] [Holo 40k] <BOT_OR_UNKNOWN> -> 16 HP bằng (boom/fire) -> [Chicoarun] <STEAM_1:0:952954061>
L 09/02/2026 - 20:38:12: [FF] [Holo 40k] <BOT_OR_UNKNOWN> -> 16 HP bằng (boom/fire) -> [chimxanh] <STEAM_1:1:626078671>
L 09/02/2026 - 20:38:12: [FF] [Holo 40k] <BOT_OR_UNKNOWN> -> 16 HP bằng (boom/fire) -> [KeroN] <STEAM_1:1:161759963>
L 09/02/2026 - 20:38:12: [FF] [Holo 40k] <BOT_OR_UNKNOWN> -> 16 HP bằng (boom/fire) -> [Curren Bouquetd'or] <BOT_OR_UNKNOWN>
L 09/02/2026 - 20:38:12: [FF] [Holo 40k] <BOT_OR_UNKNOWN> -> 16 HP bằng (boom/fire) -> [weeBlord] <STEAM_1:0:242584050>
L 09/02/2026 - 20:38:12: [FF] [Holo 40k] <BOT_OR_UNKNOWN> -> 16 HP bằng (boom/fire) -> [Chicoarun] <STEAM_1:0:952954061>
L 09/02/2026 - 20:38:12: [FF] [Holo 40k] <BOT_OR_UNKNOWN> -> 16 HP bằng (boom/fire) -> [chimxanh] <STEAM_1:1:626078671>
L 09/02/2026 - 20:38:12: [FF] [Holo 40k] <BOT_OR_UNKNOWN> -> 16 HP bằng (boom/fire) -> [KeroN] <STEAM_1:1:161759963>
L 09/02/2026 - 20:38:12: [FF] [Holo 40k] <BOT_OR_UNKNOWN> -> 16 HP bằng (boom/fire) -> [Curren Bouquetd'or] <BOT_OR_UNKNOWN>
L 09/02/2026 - 20:38:12: [FF] [Holo 40k] <BOT_OR_UNKNOWN> -> 16 HP bằng (boom/fire) -> [Chicoarun] <STEAM_1:0:952954061>
L 09/02/2026 - 20:38:12: [FF] [Holo 40k] <BOT_OR_UNKNOWN> -> 16 HP bằng (boom/fire) -> [chimxanh] <STEAM_1:1:626078671>
L 09/02/2026 - 20:38:12: [FF] [Holo 40k] <BOT_OR_UNKNOWN> -> 16 HP bằng (boom/fire) -> [KeroN] <STEAM_1:1:161759963>
L 09/02/2026 - 20:38:12: [FF] [Holo 40k] <BOT_OR_UNKNOWN> -> 16 HP bằng (boom/fire) -> [Curren Bouquetd'or] <BOT_OR_UNKNOWN>
L 09/02/2026 - 20:38:12: [FF] [Holo 40k] <BOT_OR_UNKNOWN> -> 16 HP bằng (boom/fire) -> [Chicoarun] <STEAM_1:0:952954061>
L 09/02/2026 - 20:38:12: [FF] [Holo 40k] <BOT_OR_UNKNOWN> -> 16 HP bằng (boom/fire) -> [KeroN] <STEAM_1:1:161759963>
L 09/02/2026 - 20:38:13: [FF] [Holo 40k] <BOT_OR_UNKNOWN> -> 16 HP bằng (boom/fire) -> [Curren Bouquetd'or] <BOT_OR_UNKNOWN>
L 09/02/2026 - 20:38:13: [FF] [Holo 40k] <BOT_OR_UNKNOWN> -> 16 HP bằng (boom/fire) -> [Chicoarun] <STEAM_1:0:952954061>
L 09/02/2026 - 20:38:13: [FF] [Holo 40k] <BOT_OR_UNKNOWN> -> 16 HP bằng (boom/fire) -> [KeroN] <STEAM_1:1:161759963>
L 09/02/2026 - 20:38:13: [FF] [Holo 40k] <BOT_OR_UNKNOWN> -> 16 HP bằng (boom/fire) -> [Curren Bouquetd'or] <BOT_OR_UNKNOWN>
L 09/02/2026 - 20:38:13: [FF] [Holo 40k] <BOT_OR_UNKNOWN> -> 16 HP bằng (boom/fire) -> [Chicoarun] <STEAM_1:0:952954061>
L 09/02/2026 - 20:38:13: [FF] [Holo 40k] <BOT_OR_UNKNOWN> -> 16 HP bằng (boom/fire) -> [KeroN] <STEAM_1:1:161759963>
L 09/02/2026 - 20:38:13: [FF] [Holo 40k] <BOT_OR_UNKNOWN> -> 16 HP bằng (boom/fire) -> [Curren Bouquetd'or] <BOT_OR_UNKNOWN>
L 09/02/2026 - 20:38:13: [FF] [Holo 40k] <BOT_OR_UNKNOWN> -> 16 HP bằng (boom/fire) -> [Chicoarun] <STEAM_1:0:952954061>
L 09/02/2026 - 20:38:13: [FF] [Holo 40k] <BOT_OR_UNKNOWN> -> 16 HP bằng (boom/fire) -> [KeroN] <STEAM_1:1:161759963>
L 09/02/2026 - 20:38:13: [FF] [None :D] <STEAM_1:0:578030381> -> 1 HP bằng (môi trường/khác) -> [Curren Bouquetd'or] <BOT_OR_UNKNOWN>
L 09/02/2026 - 20:38:13: [FF] [None :D] <STEAM_1:0:578030381> -> 1 HP bằng (môi trường/khác) -> [Rïçēz] <STEAM_1:1:558962692>
L 09/02/2026 - 20:38:13: [FF] [None :D] <STEAM_1:0:578030381> -> 1 HP bằng (môi trường/khác) -> [Holo 40k] <BOT_OR_UNKNOWN>
L 09/02/2026 - 20:38:13: [FF] [None :D] <STEAM_1:0:578030381> -> 1 HP bằng (môi trường/khác) -> [Chicoarun] <STEAM_1:0:952954061>
L 09/02/2026 - 20:38:13: [FF] [None :D] <STEAM_1:0:578030381> -> 1 HP bằng (môi trường/khác) -> [KeroN] <STEAM_1:1:161759963>
L 09/02/2026 - 20:38:13: [HẠ GỤC] Zombie/Witch/Môi trường <N/A> đã hạ gục Rïçēz <STEAM_1:1:558962692> bằng (môi trường/khác)
L 09/02/2026 - 20:38:13: [FF] [Holo 40k] <BOT_OR_UNKNOWN> -> 16 HP bằng (boom/fire) -> [Curren Bouquetd'or] <BOT_OR_UNKNOWN>
L 09/02/2026 - 20:38:13: [FF] [Holo 40k] <BOT_OR_UNKNOWN> -> 16 HP bằng (boom/fire) -> [Chicoarun] <STEAM_1:0:952954061>
L 09/02/2026 - 20:38:13: [FF] [Holo 40k] <BOT_OR_UNKNOWN> -> 16 HP bằng (boom/fire) -> [KeroN] <STEAM_1:1:161759963>
L 09/02/2026 - 20:38:13: [FF] [Holo 40k] <BOT_OR_UNKNOWN> -> 16 HP bằng (boom/fire) -> [Curren Bouquetd'or] <BOT_OR_UNKNOWN>
L 09/02/2026 - 20:38:13: [FF] [Holo 40k] <BOT_OR_UNKNOWN> -> 16 HP bằng (boom/fire) -> [Chicoarun] <STEAM_1:0:952954061>
L 09/02/2026 - 20:38:13: [FF] [Holo 40k] <BOT_OR_UNKNOWN> -> 16 HP bằng (boom/fire) -> [KeroN] <STEAM_1:1:161759963>
L 09/02/2026 - 20:38:14: [FF] [Holo 40k] <BOT_OR_UNKNOWN> -> 16 HP bằng (boom/fire) -> [Curren Bouquetd'or] <BOT_OR_UNKNOWN>
L 09/02/2026 - 20:38:14: [FF] [Holo 40k] <BOT_OR_UNKNOWN> -> 16 HP bằng (boom/fire) -> [Chicoarun] <STEAM_1:0:952954061>
L 09/02/2026 - 20:38:14: [FF] [Holo 40k] <BOT_OR_UNKNOWN> -> 16 HP bằng (boom/fire) -> [KeroN] <STEAM_1:1:161759963>
L 09/02/2026 - 20:38:14: [FF] [Holo 40k] <BOT_OR_UNKNOWN> -> 16 HP bằng (boom/fire) -> [Curren Bouquetd'or] <BOT_OR_UNKNOWN>
L 09/02/2026 - 20:38:14: [FF] [Holo 40k] <BOT_OR_UNKNOWN> -> 16 HP bằng (boom/fire) -> [Chicoarun] <STEAM_1:0:952954061>
L 09/02/2026 - 20:38:14: [FF] [Holo 40k] <BOT_OR_UNKNOWN> -> 16 HP bằng (boom/fire) -> [KeroN] <STEAM_1:1:161759963>
L 09/02/2026 - 20:38:14: [FF] [Holo 40k] <BOT_OR_UNKNOWN> -> 16 HP bằng (boom/fire) -> [Curren Bouquetd'or] <BOT_OR_UNKNOWN>
L 09/02/2026 - 20:38:14: [FF] [Holo 40k] <BOT_OR_UNKNOWN> -> 16 HP bằng (boom/fire) -> [Chicoarun] <STEAM_1:0:952954061>
L 09/02/2026 - 20:38:14: [FF] [Holo 40k] <BOT_OR_UNKNOWN> -> 16 HP bằng (boom/fire) -> [KeroN] <STEAM_1:1:161759963>
L 09/02/2026 - 20:38:14: [FF] [Holo 40k] <BOT_OR_UNKNOWN> -> 16 HP bằng (boom/fire) -> [Curren Bouquetd'or] <BOT_OR_UNKNOWN>
L 09/02/2026 - 20:38:14: [FF] [Holo 40k] <BOT_OR_UNKNOWN> -> 16 HP bằng (boom/fire) -> [Chicoarun] <STEAM_1:0:952954061>
L 09/02/2026 - 20:38:14: [FF] [Holo 40k] <BOT_OR_UNKNOWN> -> 16 HP bằng (boom/fire) -> [KeroN] <STEAM_1:1:161759963>
L 09/02/2026 - 20:38:14: [FF] [Holo 40k] <BOT_OR_UNKNOWN> -> 16 HP bằng (boom/fire) -> [Curren Bouquetd'or] <BOT_OR_UNKNOWN>
L 09/02/2026 - 20:38:14: [FF] [Holo 40k] <BOT_OR_UNKNOWN> -> 16 HP bằng (boom/fire) -> [Chicoarun] <STEAM_1:0:952954061>
L 09/02/2026 - 20:38:14: [FF] [Holo 40k] <BOT_OR_UNKNOWN> -> 16 HP bằng (boom/fire) -> [KeroN] <STEAM_1:1:161759963>
L 09/02/2026 - 20:38:15: [FF] [Holo 40k] <BOT_OR_UNKNOWN> -> 16 HP bằng (boom/fire) -> [Curren Bouquetd'or] <BOT_OR_UNKNOWN>
L 09/02/2026 - 20:38:15: [FF] [Holo 40k] <BOT_OR_UNKNOWN> -> 16 HP bằng (boom/fire) -> [Chicoarun] <STEAM_1:0:952954061>
L 09/02/2026 - 20:38:15: [FF] [Holo 40k] <BOT_OR_UNKNOWN> -> 16 HP bằng (boom/fire) -> [KeroN] <STEAM_1:1:161759963>
L 09/02/2026 - 20:38:15: [FF] [Holo 40k] <BOT_OR_UNKNOWN> -> 16 HP bằng (boom/fire) -> [Curren Bouquetd'or] <BOT_OR_UNKNOWN>
L 09/02/2026 - 20:38:15: [FF] [Holo 40k] <BOT_OR_UNKNOWN> -> 16 HP bằng (boom/fire) -> [Chicoarun] <STEAM_1:0:952954061>
L 09/02/2026 - 20:38:15: [FF] [Holo 40k] <BOT_OR_UNKNOWN> -> 16 HP bằng (boom/fire) -> [KeroN] <STEAM_1:1:161759963>
L 09/02/2026 - 20:38:15: [FF] [Holo 40k] <BOT_OR_UNKNOWN> -> 16 HP bằng (boom/fire) -> [Curren Bouquetd'or] <BOT_OR_UNKNOWN>
L 09/02/2026 - 20:38:15: [FF] [Holo 40k] <BOT_OR_UNKNOWN> -> 16 HP bằng (boom/fire) -> [Chicoarun] <STEAM_1:0:952954061>
L 09/02/2026 - 20:38:15: [FF] [Holo 40k] <BOT_OR_UNKNOWN> -> 16 HP bằng (boom/fire) -> [KeroN] <STEAM_1:1:161759963>
L 09/02/2026 - 20:38:15: [FF] [Holo 40k] <BOT_OR_UNKNOWN> -> 16 HP bằng (boom/fire) -> [Curren Bouquetd'or] <BOT_OR_UNKNOWN>
L 09/02/2026 - 20:38:15: [FF] [Holo 40k] <BOT_OR_UNKNOWN> -> 16 HP bằng (boom/fire) -> [Chicoarun] <STEAM_1:0:952954061>
L 09/02/2026 - 20:38:15: [FF] [Holo 40k] <BOT_OR_UNKNOWN> -> 16 HP bằng (boom/fire) -> [KeroN] <STEAM_1:1:161759963>
L 09/02/2026 - 20:38:15: [FF] [Holo 40k] <BOT_OR_UNKNOWN> -> 16 HP bằng (boom/fire) -> [Curren Bouquetd'or] <BOT_OR_UNKNOWN>
L 09/02/2026 - 20:38:15: [FF] [Holo 40k] <BOT_OR_UNKNOWN> -> 16 HP bằng (boom/fire) -> [Chicoarun] <STEAM_1:0:952954061>
L 09/02/2026 - 20:38:15: [FF] [Holo 40k] <BOT_OR_UNKNOWN> -> 16 HP bằng (boom/fire) -> [KeroN] <STEAM_1:1:161759963>
L 09/02/2026 - 20:38:16: [FF] [Holo 40k] <BOT_OR_UNKNOWN> -> 16 HP bằng (boom/fire) -> [Curren Bouquetd'or] <BOT_OR_UNKNOWN>
L 09/02/2026 - 20:38:16: [FF] [Holo 40k] <BOT_OR_UNKNOWN> -> 16 HP bằng (boom/fire) -> [Chicoarun] <STEAM_1:0:952954061>
L 09/02/2026 - 20:38:16: [FF] [Holo 40k] <BOT_OR_UNKNOWN> -> 16 HP bằng (boom/fire) -> [KeroN] <STEAM_1:1:161759963>
L 09/02/2026 - 20:38:16: [FF] [Holo 40k] <BOT_OR_UNKNOWN> -> 16 HP bằng (boom/fire) -> [Curren Bouquetd'or] <BOT_OR_UNKNOWN>
L 09/02/2026 - 20:38:16: [FF] [Holo 40k] <BOT_OR_UNKNOWN> -> 16 HP bằng (boom/fire) -> [Chicoarun] <STEAM_1:0:952954061>
L 09/02/2026 - 20:38:16: [FF] [Holo 40k] <BOT_OR_UNKNOWN> -> 16 HP bằng (boom/fire) -> [KeroN] <STEAM_1:1:161759963>
L 09/02/2026 - 20:38:16: [FF] [Holo 40k] <BOT_OR_UNKNOWN> -> 16 HP bằng (boom/fire) -> [Curren Bouquetd'or] <BOT_OR_UNKNOWN>
L 09/02/2026 - 20:38:16: [FF] [Holo 40k] <BOT_OR_UNKNOWN> -> 16 HP bằng (boom/fire) -> [Chicoarun] <STEAM_1:0:952954061>
L 09/02/2026 - 20:38:16: [FF] [Holo 40k] <BOT_OR_UNKNOWN> -> 16 HP bằng (boom/fire) -> [Curren Bouquetd'or] <BOT_OR_UNKNOWN>
L 09/02/2026 - 20:38:16: [FF] [Holo 40k] <BOT_OR_UNKNOWN> -> 16 HP bằng (boom/fire) -> [Chicoarun] <STEAM_1:0:952954061>
L 09/02/2026 - 20:38:16: [FF] [Holo 40k] <BOT_OR_UNKNOWN> -> 16 HP bằng (boom/fire) -> [Curren Bouquetd'or] <BOT_OR_UNKNOWN>
L 09/02/2026 - 20:38:16: [FF] [Holo 40k] <BOT_OR_UNKNOWN> -> 16 HP bằng (boom/fire) -> [Chicoarun] <STEAM_1:0:952954061>
L 09/02/2026 - 20:38:17: [FF] [Holo 40k] <BOT_OR_UNKNOWN> -> 16 HP bằng (boom/fire) -> [Curren Bouquetd'or] <BOT_OR_UNKNOWN>
L 09/02/2026 - 20:38:17: [FF] [Holo 40k] <BOT_OR_UNKNOWN> -> 16 HP bằng (boom/fire) -> [Chicoarun] <STEAM_1:0:952954061>
L 09/02/2026 - 20:38:17: [FF] [Holo 40k] <BOT_OR_UNKNOWN> -> 16 HP bằng (boom/fire) -> [Curren Bouquetd'or] <BOT_OR_UNKNOWN>
L 09/02/2026 - 20:38:17: [FF] [Holo 40k] <BOT_OR_UNKNOWN> -> 16 HP bằng (boom/fire) -> [Chicoarun] <STEAM_1:0:952954061>
L 09/02/2026 - 20:38:17: [FF] [Holo 40k] <BOT_OR_UNKNOWN> -> 16 HP bằng (boom/fire) -> [Curren Bouquetd'or] <BOT_OR_UNKNOWN>
L 09/02/2026 - 20:38:17: [FF] [Holo 40k] <BOT_OR_UNKNOWN> -> 16 HP bằng (boom/fire) -> [Chicoarun] <STEAM_1:0:952954061>
L 09/02/2026 - 20:38:17: [FF] [Holo 40k] <BOT_OR_UNKNOWN> -> 16 HP bằng (boom/fire) -> [Curren Bouquetd'or] <BOT_OR_UNKNOWN>
L 09/02/2026 - 20:38:17: [FF] [Holo 40k] <BOT_OR_UNKNOWN> -> 16 HP bằng (boom/fire) -> [Chicoarun] <STEAM_1:0:952954061>
L 09/02/2026 - 20:38:17: [FF] [Holo 40k] <BOT_OR_UNKNOWN> -> 16 HP bằng (boom/fire) -> [Curren Bouquetd'or] <BOT_OR_UNKNOWN>
L 09/02/2026 - 20:38:17: [FF] [Holo 40k] <BOT_OR_UNKNOWN> -> 16 HP bằng (boom/fire) -> [Chicoarun] <STEAM_1:0:952954061>
L 09/02/2026 - 20:38:18: [FF] [Chicoarun] <STEAM_1:0:952954061> -> 1 HP bằng (boom/fire) -> [Curren Bouquetd'or] <BOT_OR_UNKNOWN>
L 09/02/2026 - 20:38:18: [FF] [Holo 40k] <BOT_OR_UNKNOWN> -> 16 HP bằng (boom/fire) -> [Curren Bouquetd'or] <BOT_OR_UNKNOWN>
L 09/02/2026 - 20:38:18: [FF] [Holo 40k] <BOT_OR_UNKNOWN> -> 16 HP bằng (boom/fire) -> [Chicoarun] <STEAM_1:0:952954061>
L 09/02/2026 - 20:38:18: [FF] [Chicoarun] <STEAM_1:0:952954061> -> 3 HP bằng (boom/fire) -> [Curren Bouquetd'or] <BOT_OR_UNKNOWN>
L 09/02/2026 - 20:38:18: [FF] [Holo 40k] <BOT_OR_UNKNOWN> -> 16 HP bằng (boom/fire) -> [Curren Bouquetd'or] <BOT_OR_UNKNOWN>
L 09/02/2026 - 20:38:18: [FF] [Holo 40k] <BOT_OR_UNKNOWN> -> 16 HP bằng (boom/fire) -> [Chicoarun] <STEAM_1:0:952954061>
L 09/02/2026 - 20:38:18: [FF] [Chicoarun] <STEAM_1:0:952954061> -> 4 HP bằng (boom/fire) -> [Curren Bouquetd'or] <BOT_OR_UNKNOWN>
L 09/02/2026 - 20:38:18: [FF] [Holo 40k] <BOT_OR_UNKNOWN> -> 16 HP bằng (boom/fire) -> [Curren Bouquetd'or] <BOT_OR_UNKNOWN>
L 09/02/2026 - 20:38:18: [FF] [Holo 40k] <BOT_OR_UNKNOWN> -> 16 HP bằng (boom/fire) -> [Chicoarun] <STEAM_1:0:952954061>
L 09/02/2026 - 20:38:18: [FF] [Chicoarun] <STEAM_1:0:952954061> -> 6 HP bằng (boom/fire) -> [Curren Bouquetd'or] <BOT_OR_UNKNOWN>
L 09/02/2026 - 20:38:18: [FF] [Holo 40k] <BOT_OR_UNKNOWN> -> 16 HP bằng (boom/fire) -> [Curren Bouquetd'or] <BOT_OR_UNKNOWN>
L 09/02/2026 - 20:38:18: [FF] [Holo 40k] <BOT_OR_UNKNOWN> -> 16 HP bằng (boom/fire) -> [Chicoarun] <STEAM_1:0:952954061>
L 09/02/2026 - 20:38:18: [FF] [Holo 40k] <BOT_OR_UNKNOWN> -> 16 HP bằng (boom/fire) -> [Curren Bouquetd'or] <BOT_OR_UNKNOWN>
L 09/02/2026 - 20:38:18: [FF] [Holo 40k] <BOT_OR_UNKNOWN> -> 16 HP bằng (boom/fire) -> [Chicoarun] <STEAM_1:0:952954061>
L 09/02/2026 - 20:38:19: [FF] [Holo 40k] <BOT_OR_UNKNOWN> -> 16 HP bằng (boom/fire) -> [Curren Bouquetd'or] <BOT_OR_UNKNOWN>
L 09/02/2026 - 20:38:19: [FF] [Holo 40k] <BOT_OR_UNKNOWN> -> 16 HP bằng (boom/fire) -> [Chicoarun] <STEAM_1:0:952954061>
L 09/02/2026 - 20:38:19: [FF] [Holo 40k] <BOT_OR_UNKNOWN> -> 16 HP bằng (boom/fire) -> [Curren Bouquetd'or] <BOT_OR_UNKNOWN>
L 09/02/2026 - 20:38:19: [FF] [Holo 40k] <BOT_OR_UNKNOWN> -> 16 HP bằng (boom/fire) -> [Chicoarun] <STEAM_1:0:952954061>
L 09/02/2026 - 20:38:19: [FF] [Holo 40k] <BOT_OR_UNKNOWN> -> 16 HP bằng (boom/fire) -> [Curren Bouquetd'or] <BOT_OR_UNKNOWN>
L 09/02/2026 - 20:38:19: [FF] [Holo 40k] <BOT_OR_UNKNOWN> -> 16 HP bằng (boom/fire) -> [Chicoarun] <STEAM_1:0:952954061>
L 09/02/2026 - 20:38:19: [FF] [Holo 40k] <BOT_OR_UNKNOWN> -> 16 HP bằng (boom/fire) -> [Curren Bouquetd'or] <BOT_OR_UNKNOWN>
L 09/02/2026 - 20:38:19: [FF] [Holo 40k] <BOT_OR_UNKNOWN> -> 16 HP bằng (boom/fire) -> [Chicoarun] <STEAM_1:0:952954061>
L 09/02/2026 - 20:38:19: [FF] [Holo 40k] <BOT_OR_UNKNOWN> -> 16 HP bằng (boom/fire) -> [Curren Bouquetd'or] <BOT_OR_UNKNOWN>
L 09/02/2026 - 20:38:19: [FF] [Holo 40k] <BOT_OR_UNKNOWN> -> 16 HP bằng (boom/fire) -> [Chicoarun] <STEAM_1:0:952954061>
L 09/02/2026 - 20:38:20: [FF] [Holo 40k] <BOT_OR_UNKNOWN> -> 16 HP bằng (boom/fire) -> [Curren Bouquetd'or] <BOT_OR_UNKNOWN>
L 09/02/2026 - 20:38:20: [FF] [Holo 40k] <BOT_OR_UNKNOWN> -> 16 HP bằng (boom/fire) -> [Chicoarun] <STEAM_1:0:952954061>
L 09/02/2026 - 20:38:20: [FF] [Holo 40k] <BOT_OR_UNKNOWN> -> 16 HP bằng (boom/fire) -> [Curren Bouquetd'or] <BOT_OR_UNKNOWN>
L 09/02/2026 - 20:38:20: [FF] [Holo 40k] <BOT_OR_UNKNOWN> -> 16 HP bằng (boom/fire) -> [Chicoarun] <STEAM_1:0:952954061>
L 09/02/2026 - 20:38:20: [FF] [Holo 40k] <BOT_OR_UNKNOWN> -> 16 HP bằng (boom/fire) -> [Curren Bouquetd'or] <BOT_OR_UNKNOWN>
L 09/02/2026 - 20:38:20: [FF] [Holo 40k] <BOT_OR_UNKNOWN> -> 16 HP bằng (boom/fire) -> [Chicoarun] <STEAM_1:0:952954061>
L 09/02/2026 - 20:38:20: [FF] [Holo 40k] <BOT_OR_UNKNOWN> -> 16 HP bằng (boom/fire) -> [Curren Bouquetd'or] <BOT_OR_UNKNOWN>
L 09/02/2026 - 20:38:20: [FF] [Holo 40k] <BOT_OR_UNKNOWN> -> 16 HP bằng (boom/fire) -> [Chicoarun] <STEAM_1:0:952954061>
L 09/02/2026 - 20:38:20: [FF] [Holo 40k] <BOT_OR_UNKNOWN> -> 16 HP bằng (boom/fire) -> [Curren Bouquetd'or] <BOT_OR_UNKNOWN>
L 09/02/2026 - 20:38:20: [FF] [Holo 40k] <BOT_OR_UNKNOWN> -> 16 HP bằng (boom/fire) -> [Chicoarun] <STEAM_1:0:952954061>
L 09/02/2026 - 20:38:21: [KILL] Chicoarun <STEAM_1:0:952954061> đã giết Chicoarun <STEAM_1:0:952954061> bằng (boom/fire)
L 09/02/2026 - 20:38:22: [FF] [Holo 40k] <BOT_OR_UNKNOWN> -> 16 HP bằng (boom/fire) -> [Bảo Nguyên] <STEAM_1:0:218160880>
L 09/02/2026 - 20:38:22: [FF] [Holo 40k] <BOT_OR_UNKNOWN> -> 16 HP bằng (boom/fire) -> [Bảo Nguyên] <STEAM_1:0:218160880>
L 09/02/2026 - 20:38:23: [FF] [Holo 40k] <BOT_OR_UNKNOWN> -> 16 HP bằng (boom/fire) -> [Curren Bouquetd'or] <BOT_OR_UNKNOWN>
L 09/02/2026 - 20:38:23: [FF] [Holo 40k] <BOT_OR_UNKNOWN> -> 16 HP bằng (boom/fire) -> [Bảo Nguyên] <STEAM_1:0:218160880>
L 09/02/2026 - 20:38:24: [HẠ GỤC] Chicoarun <STEAM_1:0:952954061> đã hạ gục Bảo Nguyên <STEAM_1:0:218160880> bằng (boom/fire)
L 09/02/2026 - 20:38:24: [FF] [Chicoarun] <STEAM_1:0:952954061> -> 16 HP bằng (boom/fire) -> [Bảo Nguyên] <STEAM_1:0:218160880>
L 09/02/2026 - 20:38:24: [FF] [Chicoarun] <STEAM_1:0:952954061> -> 16 HP bằng (boom/fire) -> [Bảo Nguyên] <STEAM_1:0:218160880>
L 09/02/2026 - 20:38:25: [FF] [Chicoarun] <STEAM_1:0:952954061> -> 16 HP bằng (boom/fire) -> [Bảo Nguyên] <STEAM_1:0:218160880>
L 09/02/2026 - 20:38:25: [FF] [Chicoarun] <STEAM_1:0:952954061> -> 16 HP bằng (boom/fire) -> [Bảo Nguyên] <STEAM_1:0:218160880>
L 09/02/2026 - 20:38:25: [FF] [Chicoarun] <STEAM_1:0:952954061> -> 16 HP bằng (boom/fire) -> [Curren Bouquetd'or] <BOT_OR_UNKNOWN>
L 09/02/2026 - 20:38:25: [FF] [Chicoarun] <STEAM_1:0:952954061> -> 16 HP bằng (boom/fire) -> [Bảo Nguyên] <STEAM_1:0:218160880>
L 09/02/2026 - 20:38:25: [FF] [Chicoarun] <STEAM_1:0:952954061> -> 16 HP bằng (boom/fire) -> [Bảo Nguyên] <STEAM_1:0:218160880>
L 09/02/2026 - 20:38:25: [FF] [Chicoarun] <STEAM_1:0:952954061> -> 16 HP bằng (boom/fire) -> [Curren Bouquetd'or] <BOT_OR_UNKNOWN>
L 09/02/2026 - 20:38:25: [FF] [Chicoarun] <STEAM_1:0:952954061> -> 16 HP bằng (boom/fire) -> [Curren Bouquetd'or] <BOT_OR_UNKNOWN>
L 09/02/2026 - 20:38:25: [FF] [Chicoarun] <STEAM_1:0:952954061> -> 16 HP bằng (boom/fire) -> [Bảo Nguyên] <STEAM_1:0:218160880>
L 09/02/2026 - 20:38:25: [FF] [Chicoarun] <STEAM_1:0:952954061> -> 16 HP bằng (boom/fire) -> [Curren Bouquetd'or] <BOT_OR_UNKNOWN>
L 09/02/2026 - 20:38:26: [FF] [Chicoarun] <STEAM_1:0:952954061> -> 16 HP bằng (boom/fire) -> [Bảo Nguyên] <STEAM_1:0:218160880>
L 09/02/2026 - 20:38:26: [HẠ GỤC] Chicoarun <STEAM_1:0:952954061> đã hạ gục Curren Bouquetd'or <BOT_OR_UNKNOWN> bằng (boom/fire)
L 09/02/2026 - 20:38:26: [FF] [Chicoarun] <STEAM_1:0:952954061> -> 16 HP bằng (boom/fire) -> [Bảo Nguyên] <STEAM_1:0:218160880>
L 09/02/2026 - 20:38:26: [FF] [Chicoarun] <STEAM_1:0:952954061> -> 16 HP bằng (boom/fire) -> [Curren Bouquetd'or] <BOT_OR_UNKNOWN>
L 09/02/2026 - 20:38:26: [FF] [Chicoarun] <STEAM_1:0:952954061> -> 16 HP bằng (boom/fire) -> [Bảo Nguyên] <STEAM_1:0:218160880>
L 09/02/2026 - 20:38:26: [FF] [Chicoarun] <STEAM_1:0:952954061> -> 16 HP bằng (boom/fire) -> [Curren Bouquetd'or] <BOT_OR_UNKNOWN>
L 09/02/2026 - 20:38:26: [FF] [Chicoarun] <STEAM_1:0:952954061> -> 16 HP bằng (boom/fire) -> [Bảo Nguyên] <STEAM_1:0:218160880>
L 09/02/2026 - 20:38:26: [FF] [Chicoarun] <STEAM_1:0:952954061> -> 16 HP bằng (boom/fire) -> [Curren Bouquetd'or] <BOT_OR_UNKNOWN>
L 09/02/2026 - 20:38:26: [FF] [Chicoarun] <STEAM_1:0:952954061> -> 16 HP bằng (boom/fire) -> [Bảo Nguyên] <STEAM_1:0:218160880>
L 09/02/2026 - 20:38:27: [FF] [Chicoarun] <STEAM_1:0:952954061> -> 16 HP bằng (boom/fire) -> [Curren Bouquetd'or] <BOT_OR_UNKNOWN>
L 09/02/2026 - 20:38:27: [FF] [Chicoarun] <STEAM_1:0:952954061> -> 16 HP bằng (boom/fire) -> [Bảo Nguyên] <STEAM_1:0:218160880>
L 09/02/2026 - 20:38:27: [FF] [Chicoarun] <STEAM_1:0:952954061> -> 16 HP bằng (boom/fire) -> [Curren Bouquetd'or] <BOT_OR_UNKNOWN>
L 09/02/2026 - 20:38:27: [FF] [Chicoarun] <STEAM_1:0:952954061> -> 16 HP bằng (boom/fire) -> [Bảo Nguyên] <STEAM_1:0:218160880>
L 09/02/2026 - 20:38:27: [FF] [Chicoarun] <STEAM_1:0:952954061> -> 16 HP bằng (boom/fire) -> [Curren Bouquetd'or] <BOT_OR_UNKNOWN>
L 09/02/2026 - 20:38:27: [FF] [Chicoarun] <STEAM_1:0:952954061> -> 16 HP bằng (boom/fire) -> [Bảo Nguyên] <STEAM_1:0:218160880>
L 09/02/2026 - 20:38:27: [FF] [Chicoarun] <STEAM_1:0:952954061> -> 16 HP bằng (boom/fire) -> [Curren Bouquetd'or] <BOT_OR_UNKNOWN>
L 09/02/2026 - 20:38:27: [FF] [Chicoarun] <STEAM_1:0:952954061> -> 16 HP bằng (boom/fire) -> [Bảo Nguyên] <STEAM_1:0:218160880>
L 09/02/2026 - 20:38:27: [FF] [Chicoarun] <STEAM_1:0:952954061> -> 16 HP bằng (boom/fire) -> [Curren Bouquetd'or] <BOT_OR_UNKNOWN>
L 09/02/2026 - 20:38:28: [FF] [Chicoarun] <STEAM_1:0:952954061> -> 16 HP bằng (boom/fire) -> [Curren Bouquetd'or] <BOT_OR_UNKNOWN>
L 09/02/2026 - 20:38:28: [FF] [Chicoarun] <STEAM_1:0:952954061> -> 16 HP bằng (boom/fire) -> [Curren Bouquetd'or] <BOT_OR_UNKNOWN>
L 09/02/2026 - 20:38:28: [FF] [Chicoarun] <STEAM_1:0:952954061> -> 16 HP bằng (boom/fire) -> [Curren Bouquetd'or] <BOT_OR_UNKNOWN>
L 09/02/2026 - 20:38:28: [FF] [Chicoarun] <STEAM_1:0:952954061> -> 16 HP bằng (boom/fire) -> [Curren Bouquetd'or] <BOT_OR_UNKNOWN>
L 09/02/2026 - 20:38:28: [FF] [Chicoarun] <STEAM_1:0:952954061> -> 16 HP bằng (boom/fire) -> [Curren Bouquetd'or] <BOT_OR_UNKNOWN>
L 09/02/2026 - 20:38:29: [FF] [Chicoarun] <STEAM_1:0:952954061> -> 16 HP bằng (boom/fire) -> [Curren Bouquetd'or] <BOT_OR_UNKNOWN>
L 09/02/2026 - 20:38:29: [FF] [Chicoarun] <STEAM_1:0:952954061> -> 16 HP bằng (boom/fire) -> [Curren Bouquetd'or] <BOT_OR_UNKNOWN>
L 09/02/2026 - 20:38:29: [FF] [Chicoarun] <STEAM_1:0:952954061> -> 16 HP bằng (boom/fire) -> [Rïçēz] <STEAM_1:1:558962692>
L 09/02/2026 - 20:38:29: [FF] [Chicoarun] <STEAM_1:0:952954061> -> 16 HP bằng (boom/fire) -> [Curren Bouquetd'or] <BOT_OR_UNKNOWN>
L 09/02/2026 - 20:38:29: [FF] [Chicoarun] <STEAM_1:0:952954061> -> 16 HP bằng (boom/fire) -> [Rïçēz] <STEAM_1:1:558962692>
L 09/02/2026 - 20:38:29: [FF] [Chicoarun] <STEAM_1:0:952954061> -> 16 HP bằng (boom/fire) -> [Curren Bouquetd'or] <BOT_OR_UNKNOWN>
L 09/02/2026 - 20:38:29: [FF] [Chicoarun] <STEAM_1:0:952954061> -> 16 HP bằng (boom/fire) -> [Rïçēz] <STEAM_1:1:558962692>
L 09/02/2026 - 20:38:29: [FF] [Chicoarun] <STEAM_1:0:952954061> -> 16 HP bằng (boom/fire) -> [Curren Bouquetd'or] <BOT_OR_UNKNOWN>
L 09/02/2026 - 20:38:29: [FF] [Chicoarun] <STEAM_1:0:952954061> -> 16 HP bằng (boom/fire) -> [Rïçēz] <STEAM_1:1:558962692>
L 09/02/2026 - 20:38:30: [FF] [Chicoarun] <STEAM_1:0:952954061> -> 16 HP bằng (boom/fire) -> [Curren Bouquetd'or] <BOT_OR_UNKNOWN>
L 09/02/2026 - 20:38:30: [FF] [Chicoarun] <STEAM_1:0:952954061> -> 16 HP bằng (boom/fire) -> [Rïçēz] <STEAM_1:1:558962692>
L 09/02/2026 - 20:38:30: [FF] [Chicoarun] <STEAM_1:0:952954061> -> 16 HP bằng (boom/fire) -> [Curren Bouquetd'or] <BOT_OR_UNKNOWN>
L 09/02/2026 - 20:38:30: [FF] [Chicoarun] <STEAM_1:0:952954061> -> 16 HP bằng (boom/fire) -> [Rïçēz] <STEAM_1:1:558962692>
L 09/02/2026 - 20:38:30: [FF] [Chicoarun] <STEAM_1:0:952954061> -> 16 HP bằng (boom/fire) -> [Curren Bouquetd'or] <BOT_OR_UNKNOWN>
L 09/02/2026 - 20:38:30: [FF] [Chicoarun] <STEAM_1:0:952954061> -> 16 HP bằng (boom/fire) -> [Curren Bouquetd'or] <BOT_OR_UNKNOWN>
L 09/02/2026 - 20:38:30: [FF] [Chicoarun] <STEAM_1:0:952954061> -> 16 HP bằng (boom/fire) -> [Curren Bouquetd'or] <BOT_OR_UNKNOWN>
L 09/02/2026 - 20:38:31: [FF] [Chicoarun] <STEAM_1:0:952954061> -> 16 HP bằng (boom/fire) -> [Curren Bouquetd'or] <BOT_OR_UNKNOWN>
L 09/02/2026 - 20:38:31: [FF] [Chicoarun] <STEAM_1:0:952954061> -> 16 HP bằng (boom/fire) -> [Curren Bouquetd'or] <BOT_OR_UNKNOWN>
L 09/02/2026 - 20:38:31: [FF] [Chicoarun] <STEAM_1:0:952954061> -> 16 HP bằng (boom/fire) -> [Curren Bouquetd'or] <BOT_OR_UNKNOWN>
L 09/02/2026 - 20:38:31: [FF] [Chicoarun] <STEAM_1:0:952954061> -> 16 HP bằng (boom/fire) -> [Curren Bouquetd'or] <BOT_OR_UNKNOWN>
L 09/02/2026 - 20:38:31: [FF] [Chicoarun] <STEAM_1:0:952954061> -> 16 HP bằng (boom/fire) -> [Curren Bouquetd'or] <BOT_OR_UNKNOWN>
L 09/02/2026 - 20:38:32: [FF] [Chicoarun] <STEAM_1:0:952954061> -> 16 HP bằng (boom/fire) -> [Curren Bouquetd'or] <BOT_OR_UNKNOWN>
L 09/02/2026 - 20:38:32: [FF] [Chicoarun] <STEAM_1:0:952954061> -> 16 HP bằng (boom/fire) -> [Curren Bouquetd'or] <BOT_OR_UNKNOWN>
L 09/02/2026 - 20:38:32: [FF] [Chicoarun] <STEAM_1:0:952954061> -> 16 HP bằng (boom/fire) -> [Curren Bouquetd'or] <BOT_OR_UNKNOWN>
L 09/02/2026 - 20:38:32: [FF] [Chicoarun] <STEAM_1:0:952954061> -> 16 HP bằng (boom/fire) -> [Curren Bouquetd'or] <BOT_OR_UNKNOWN>
L 09/02/2026 - 20:38:33: [KILL] Zombie/Witch/Môi trường <N/A> đã giết Bảo Nguyên <STEAM_1:0:218160880> bằng (môi trường/khác)
L 09/02/2026 - 20:38:36: [HẠ GỤC] Zombie/Witch/Môi trường <N/A> đã hạ gục Holo 40k <BOT_OR_UNKNOWN> bằng (môi trường/khác)
L 09/02/2026 - 20:38:38: [HẠ GỤC] Charger Bot <BOT> đã hạ gục Rïçēz <STEAM_1:1:558962692> bằng (zombie cào/đấm)
L 09/02/2026 - 20:38:38: [FF] [Holo 40k] <BOT_OR_UNKNOWN> -> 1 HP bằng (boom/fire) -> [Curren Bouquetd'or] <BOT_OR_UNKNOWN>
L 09/02/2026 - 20:38:39: [FF] [Holo 40k] <BOT_OR_UNKNOWN> -> 3 HP bằng (boom/fire) -> [Curren Bouquetd'or] <BOT_OR_UNKNOWN>
L 09/02/2026 - 20:38:39: [FF] [Holo 40k] <BOT_OR_UNKNOWN> -> 4 HP bằng (boom/fire) -> [Curren Bouquetd'or] <BOT_OR_UNKNOWN>
L 09/02/2026 - 20:38:39: [FF] [Holo 40k] <BOT_OR_UNKNOWN> -> 6 HP bằng (boom/fire) -> [Curren Bouquetd'or] <BOT_OR_UNKNOWN>
L 09/02/2026 - 20:38:39: [FF] [Holo 40k] <BOT_OR_UNKNOWN> -> 8 HP bằng (boom/fire) -> [Curren Bouquetd'or] <BOT_OR_UNKNOWN>
L 09/02/2026 - 20:38:39: [FF] [Holo 40k] <BOT_OR_UNKNOWN> -> 9 HP bằng (boom/fire) -> [Curren Bouquetd'or] <BOT_OR_UNKNOWN>
L 09/02/2026 - 20:38:40: [FF] [Holo 40k] <BOT_OR_UNKNOWN> -> 11 HP bằng (boom/fire) -> [Curren Bouquetd'or] <BOT_OR_UNKNOWN>
L 09/02/2026 - 20:38:40: [FF] [Holo 40k] <BOT_OR_UNKNOWN> -> 12 HP bằng (boom/fire) -> [Curren Bouquetd'or] <BOT_OR_UNKNOWN>
L 09/02/2026 - 20:38:40: [FF] [Holo 40k] <BOT_OR_UNKNOWN> -> 14 HP bằng (boom/fire) -> [Curren Bouquetd'or] <BOT_OR_UNKNOWN>
L 09/02/2026 - 20:38:40: [FF] [Holo 40k] <BOT_OR_UNKNOWN> -> 16 HP bằng (boom/fire) -> [Curren Bouquetd'or] <BOT_OR_UNKNOWN>
L 09/02/2026 - 20:38:40: [FF] [Holo 40k] <BOT_OR_UNKNOWN> -> 16 HP bằng (boom/fire) -> [Curren Bouquetd'or] <BOT_OR_UNKNOWN>
L 09/02/2026 - 20:38:41: [FF] [Holo 40k] <BOT_OR_UNKNOWN> -> 16 HP bằng (boom/fire) -> [Curren Bouquetd'or] <BOT_OR_UNKNOWN>
L 09/02/2026 - 20:38:41: [FF] [Holo 40k] <BOT_OR_UNKNOWN> -> 16 HP bằng (boom/fire) -> [Curren Bouquetd'or] <BOT_OR_UNKNOWN>
L 09/02/2026 - 20:38:41: [FF] [Holo 40k] <BOT_OR_UNKNOWN> -> 16 HP bằng (boom/fire) -> [Curren Bouquetd'or] <BOT_OR_UNKNOWN>
L 09/02/2026 - 20:38:41: [FF] [Holo 40k] <BOT_OR_UNKNOWN> -> 16 HP bằng (boom/fire) -> [Curren Bouquetd'or] <BOT_OR_UNKNOWN>
L 09/02/2026 - 20:38:41: [FF] [Holo 40k] <BOT_OR_UNKNOWN> -> 16 HP bằng (boom/fire) -> [Curren Bouquetd'or] <BOT_OR_UNKNOWN>
L 09/02/2026 - 20:38:42: [FF] [Holo 40k] <BOT_OR_UNKNOWN> -> 16 HP bằng (boom/fire) -> [Curren Bouquetd'or] <BOT_OR_UNKNOWN>
L 09/02/2026 - 20:38:42: [FF] [Holo 40k] <BOT_OR_UNKNOWN> -> 16 HP bằng (boom/fire) -> [Curren Bouquetd'or] <BOT_OR_UNKNOWN>
L 09/02/2026 - 20:38:42: [FF] [Holo 40k] <BOT_OR_UNKNOWN> -> 16 HP bằng (boom/fire) -> [Curren Bouquetd'or] <BOT_OR_UNKNOWN>
L 09/02/2026 - 20:38:42: [FF] [Holo 40k] <BOT_OR_UNKNOWN> -> 16 HP bằng (boom/fire) -> [Curren Bouquetd'or] <BOT_OR_UNKNOWN>
L 09/02/2026 - 20:38:42: [FF] [Holo 40k] <BOT_OR_UNKNOWN> -> 16 HP bằng (boom/fire) -> [Curren Bouquetd'or] <BOT_OR_UNKNOWN>
L 09/02/2026 - 20:38:43: [FF] [Holo 40k] <BOT_OR_UNKNOWN> -> 16 HP bằng (boom/fire) -> [Curren Bouquetd'or] <BOT_OR_UNKNOWN>
L 09/02/2026 - 20:38:43: [FF] [Holo 40k] <BOT_OR_UNKNOWN> -> 16 HP bằng (boom/fire) -> [Curren Bouquetd'or] <BOT_OR_UNKNOWN>
L 09/02/2026 - 20:38:43: [FF] [Holo 40k] <BOT_OR_UNKNOWN> -> 16 HP bằng (boom/fire) -> [Curren Bouquetd'or] <BOT_OR_UNKNOWN>
L 09/02/2026 - 20:38:43: [FF] [Holo 40k] <BOT_OR_UNKNOWN> -> 16 HP bằng (boom/fire) -> [Curren Bouquetd'or] <BOT_OR_UNKNOWN>
L 09/02/2026 - 20:38:43: [FF] [Holo 40k] <BOT_OR_UNKNOWN> -> 16 HP bằng (boom/fire) -> [Curren Bouquetd'or] <BOT_OR_UNKNOWN>
L 09/02/2026 - 20:38:44: [FF] [Holo 40k] <BOT_OR_UNKNOWN> -> 16 HP bằng (boom/fire) -> [Curren Bouquetd'or] <BOT_OR_UNKNOWN>
L 09/02/2026 - 20:38:44: [KILL] Holo 40k <BOT_OR_UNKNOWN> đã giết Curren Bouquetd'or <BOT_OR_UNKNOWN> bằng (boom/fire)
L 09/02/2026 - 20:38:47: [HẠ GỤC] Zombie/Witch/Môi trường <N/A> đã hạ gục None :D <STEAM_1:0:578030381> bằng (môi trường/khác)
L 09/02/2026 - 20:39:04: [HẠ GỤC] Jockey Bot <BOT> đã hạ gục weeBlord <STEAM_1:0:242584050> bằng (zombie cào/đấm)
L 09/02/2026 - 20:39:14: [KILL] Zombie/Witch/Môi trường <N/A> đã giết KeroN <STEAM_1:1:161759963> bằng (môi trường/khác)
L 09/02/2026 - 20:39:20: [FF] [Holo 40k] <BOT_OR_UNKNOWN> -> 3 HP bằng (súng) -> [Rïçēz] <STEAM_1:1:558962692>
L 09/02/2026 - 20:39:20: [FF] [Holo 40k] <BOT_OR_UNKNOWN> -> 3 HP bằng (súng) -> [Rïçēz] <STEAM_1:1:558962692>
L 09/02/2026 - 20:39:20: [FF] [Holo 40k] <BOT_OR_UNKNOWN> -> 3 HP bằng (súng) -> [Rïçēz] <STEAM_1:1:558962692>
L 09/02/2026 - 20:39:20: [FF] [Holo 40k] <BOT_OR_UNKNOWN> -> 3 HP bằng (súng) -> [Rïçēz] <STEAM_1:1:558962692>
L 09/02/2026 - 20:39:20: [FF] [Holo 40k] <BOT_OR_UNKNOWN> -> 3 HP bằng (súng) -> [Rïçēz] <STEAM_1:1:558962692>
L 09/02/2026 - 20:39:29: [FF] [（ ͜.人 ͜.）⛇☃] <STEAM_1:1:241852047> -> 16 HP bằng (boom/fire) -> [Holo 40k] <BOT_OR_UNKNOWN>
L 09/02/2026 - 20:39:29: [FF] [（ ͜.人 ͜.）⛇☃] <STEAM_1:1:241852047> -> 16 HP bằng (boom/fire) -> [Holo 40k] <BOT_OR_UNKNOWN>
L 09/02/2026 - 20:39:29: [FF] [（ ͜.人 ͜.）⛇☃] <STEAM_1:1:241852047> -> 16 HP bằng (boom/fire) -> [Holo 40k] <BOT_OR_UNKNOWN>
L 09/02/2026 - 20:39:32: [FF] [（ ͜.人 ͜.）⛇☃] <STEAM_1:1:241852047> -> 16 HP bằng (boom/fire) -> [Holo 40k] <BOT_OR_UNKNOWN>
L 09/02/2026 - 20:39:32: [FF] [（ ͜.人 ͜.）⛇☃] <STEAM_1:1:241852047> -> 16 HP bằng (boom/fire) -> [Holo 40k] <BOT_OR_UNKNOWN>
L 09/02/2026 - 20:39:32: [FF] [（ ͜.人 ͜.）⛇☃] <STEAM_1:1:241852047> -> 16 HP bằng (boom/fire) -> [Holo 40k] <BOT_OR_UNKNOWN>
L 09/02/2026 - 20:39:33: [FF] [（ ͜.人 ͜.）⛇☃] <STEAM_1:1:241852047> -> 16 HP bằng (boom/fire) -> [Holo 40k] <BOT_OR_UNKNOWN>
L 09/02/2026 - 20:39:33: [KILL] （ ͜.人 ͜.）⛇☃ <STEAM_1:1:241852047> đã giết Holo 40k <BOT_OR_UNKNOWN> bằng (boom/fire)
L 09/02/2026 - 20:39:34: [FF] [Lê Hải] <STEAM_1:0:471595906> -> 17 HP bằng (súng) -> [Chicoarun] <STEAM_1:0:952954061>
L 09/02/2026 - 20:39:39: [HẠ GỤC] Zombie/Witch/Môi trường <N/A> đã hạ gục Chicoarun <STEAM_1:0:952954061> bằng (môi trường/khác)
L 09/02/2026 - 20:39:42: [FF] [chimxanh] <STEAM_1:1:626078671> -> 6 HP bằng (súng) -> [Bảo Nguyên] <STEAM_1:0:218160880>
L 09/02/2026 - 20:39:48: [FF] [（ ͜.人 ͜.）⛇☃] <STEAM_1:1:241852047> -> 5 HP bằng (melee) -> [Bảo Nguyên] <STEAM_1:0:218160880>
L 09/02/2026 - 20:39:54: [FF] [Lê Hải] <STEAM_1:0:471595906> -> 2 HP bằng (súng) -> [Curren Bouquetd'or] <BOT_OR_UNKNOWN>
L 09/02/2026 - 20:39:56: [FF] [Lê Hải] <STEAM_1:0:471595906> -> 1 HP bằng (súng) -> [Curren Bouquetd'or] <BOT_OR_UNKNOWN>
L 09/02/2026 - 20:39:57: [HẠ GỤC] Charger Bot <BOT> đã hạ gục （ ͜.人 ͜.）⛇☃ <STEAM_1:1:241852047> bằng (zombie cào/đấm)
L 09/02/2026 - 20:40:02: [HẠ GỤC] Charger Bot <BOT> đã hạ gục Bảo Nguyên <STEAM_1:0:218160880> bằng (zombie cào/đấm)
L 09/02/2026 - 20:40:07: [FF] [Lê Hải] <STEAM_1:0:471595906> -> 5 HP bằng (súng) -> [chimxanh] <STEAM_1:1:626078671>
L 09/02/2026 - 20:40:07: [FF] [Lê Hải] <STEAM_1:0:471595906> -> 12 HP bằng (súng) -> [chimxanh] <STEAM_1:1:626078671>
L 09/02/2026 - 20:42:01: [FF] [Rïçēz] <STEAM_1:1:558962692> -> 5 HP bằng (súng) -> [chimxanh] <STEAM_1:1:626078671>
L 09/02/2026 - 20:42:03: [FF] [None :D] <STEAM_1:0:578030381> -> 15 HP bằng (súng) -> [weeBlord] <STEAM_1:0:242584050>
L 09/02/2026 - 20:42:04: [FF] [Chicoarun] <STEAM_1:0:952954061> -> 9 HP bằng (súng) -> [Holo 40k] <STEAM_1:1:925049770>
L 09/02/2026 - 20:42:04: [FF] [None :D] <STEAM_1:0:578030381> -> 16 HP bằng (boom/fire) -> [Holo 40k] <STEAM_1:1:925049770>
L 09/02/2026 - 20:42:05: [FF] [Lê Hải] <STEAM_1:0:471595906> -> 22 HP bằng (súng) -> [Curren Bouquetd'or] <STEAM_1:1:524205977>
L 09/02/2026 - 20:42:05: [FF] [None :D] <STEAM_1:0:578030381> -> 16 HP bằng (boom/fire) -> [Holo 40k] <STEAM_1:1:925049770>
L 09/02/2026 - 20:42:05: [FF] [KeroN] <STEAM_1:1:161759963> -> 15 HP bằng (súng) -> [Holo 40k] <STEAM_1:1:925049770>
L 09/02/2026 - 20:42:05: [FF] [None :D] <STEAM_1:0:578030381> -> 16 HP bằng (boom/fire) -> [Holo 40k] <STEAM_1:1:925049770>
L 09/02/2026 - 20:42:05: [FF] [None :D] <STEAM_1:0:578030381> -> 16 HP bằng (boom/fire) -> [Holo 40k] <STEAM_1:1:925049770>
L 09/02/2026 - 20:42:05: [FF] [Bảo Nguyên] <STEAM_1:0:218160880> -> 22 HP bằng (súng) -> [Lê Hải] <STEAM_1:0:471595906>
L 09/02/2026 - 20:42:05: [FF] [None :D] <STEAM_1:0:578030381> -> 16 HP bằng (boom/fire) -> [Holo 40k] <STEAM_1:1:925049770>
L 09/02/2026 - 20:42:05: [FF] [（ ͜.人 ͜.）⛇☃] <STEAM_1:1:241852047> -> 16 HP bằng (boom/fire) -> [Holo 40k] <STEAM_1:1:925049770>
L 09/02/2026 - 20:42:05: [HẠ GỤC] Spitter Bot <BOT> đã hạ gục weeBlord <STEAM_1:0:242584050> bằng (môi trường/khác)
L 09/02/2026 - 20:42:05: [FF] [None :D] <STEAM_1:0:578030381> -> 16 HP bằng (boom/fire) -> [Holo 40k] <STEAM_1:1:925049770>
L 09/02/2026 - 20:42:06: [HẠ GỤC] （ ͜.人 ͜.）⛇☃ <STEAM_1:1:241852047> đã hạ gục Holo 40k <STEAM_1:1:925049770> bằng (boom/fire)
L 09/02/2026 - 20:42:06: [FF] [（ ͜.人 ͜.）⛇☃] <STEAM_1:1:241852047> -> 16 HP bằng (boom/fire) -> [Holo 40k] <STEAM_1:1:925049770>
L 09/02/2026 - 20:42:06: [HẠ GỤC] Spitter Bot <BOT> đã hạ gục Curren Bouquetd'or <STEAM_1:1:524205977> bằng (môi trường/khác)
L 09/02/2026 - 20:42:06: [FF] [（ ͜.人 ͜.）⛇☃] <STEAM_1:1:241852047> -> 16 HP bằng (boom/fire) -> [Holo 40k] <STEAM_1:1:925049770>
L 09/02/2026 - 20:42:06: [HẠ GỤC] Spitter Bot <BOT> đã hạ gục Chicoarun <STEAM_1:0:952954061> bằng (môi trường/khác)
L 09/02/2026 - 20:42:06: [FF] [（ ͜.人 ͜.）⛇☃] <STEAM_1:1:241852047> -> 16 HP bằng (boom/fire) -> [Holo 40k] <STEAM_1:1:925049770>
L 09/02/2026 - 20:42:06: [HẠ GỤC] Spitter Bot <BOT> đã hạ gục Lê Hải <STEAM_1:0:471595906> bằng (môi trường/khác)
L 09/02/2026 - 20:42:06: [HẠ GỤC] Spitter Bot <BOT> đã hạ gục Bảo Nguyên <STEAM_1:0:218160880> bằng (môi trường/khác)
L 09/02/2026 - 20:42:06: [FF] [（ ͜.人 ͜.）⛇☃] <STEAM_1:1:241852047> -> 16 HP bằng (boom/fire) -> [Holo 40k] <STEAM_1:1:925049770>
L 09/02/2026 - 20:42:07: [FF] [（ ͜.人 ͜.）⛇☃] <STEAM_1:1:241852047> -> 16 HP bằng (boom/fire) -> [Holo 40k] <STEAM_1:1:925049770>
L 09/02/2026 - 20:42:07: [FF] [（ ͜.人 ͜.）⛇☃] <STEAM_1:1:241852047> -> 16 HP bằng (boom/fire) -> [Holo 40k] <STEAM_1:1:925049770>
L 09/02/2026 - 20:42:09: [FF] [None :D] <STEAM_1:0:578030381> -> 16 HP bằng (boom/fire) -> [Curren Bouquetd'or] <STEAM_1:1:524205977>
L 09/02/2026 - 20:42:09: [FF] [None :D] <STEAM_1:0:578030381> -> 16 HP bằng (boom/fire) -> [Curren Bouquetd'or] <STEAM_1:1:524205977>
L 09/02/2026 - 20:42:09: [FF] [None :D] <STEAM_1:0:578030381> -> 16 HP bằng (boom/fire) -> [Curren Bouquetd'or] <STEAM_1:1:524205977>
L 09/02/2026 - 20:42:09: [FF] [None :D] <STEAM_1:0:578030381> -> 16 HP bằng (boom/fire) -> [Curren Bouquetd'or] <STEAM_1:1:524205977>
L 09/02/2026 - 20:42:09: [FF] [None :D] <STEAM_1:0:578030381> -> 16 HP bằng (boom/fire) -> [Curren Bouquetd'or] <STEAM_1:1:524205977>
L 09/02/2026 - 20:42:10: [FF] [None :D] <STEAM_1:0:578030381> -> 16 HP bằng (boom/fire) -> [Curren Bouquetd'or] <STEAM_1:1:524205977>
L 09/02/2026 - 20:42:10: [FF] [None :D] <STEAM_1:0:578030381> -> 16 HP bằng (boom/fire) -> [Curren Bouquetd'or] <STEAM_1:1:524205977>
L 09/02/2026 - 20:42:10: [FF] [None :D] <STEAM_1:0:578030381> -> 16 HP bằng (boom/fire) -> [Curren Bouquetd'or] <STEAM_1:1:524205977>
L 09/02/2026 - 20:42:10: [FF] [None :D] <STEAM_1:0:578030381> -> 16 HP bằng (boom/fire) -> [Curren Bouquetd'or] <STEAM_1:1:524205977>
L 09/02/2026 - 20:42:10: [FF] [None :D] <STEAM_1:0:578030381> -> 16 HP bằng (boom/fire) -> [Curren Bouquetd'or] <STEAM_1:1:524205977>
L 09/02/2026 - 20:42:11: [FF] [None :D] <STEAM_1:0:578030381> -> 16 HP bằng (boom/fire) -> [Curren Bouquetd'or] <STEAM_1:1:524205977>
L 09/02/2026 - 20:42:11: [FF] [None :D] <STEAM_1:0:578030381> -> 16 HP bằng (boom/fire) -> [Curren Bouquetd'or] <STEAM_1:1:524205977>
L 09/02/2026 - 20:42:11: [FF] [None :D] <STEAM_1:0:578030381> -> 16 HP bằng (boom/fire) -> [Curren Bouquetd'or] <STEAM_1:1:524205977>
L 09/02/2026 - 20:42:11: [FF] [None :D] <STEAM_1:0:578030381> -> 16 HP bằng (boom/fire) -> [Curren Bouquetd'or] <STEAM_1:1:524205977>
L 09/02/2026 - 20:42:11: [FF] [None :D] <STEAM_1:0:578030381> -> 16 HP bằng (boom/fire) -> [Curren Bouquetd'or] <STEAM_1:1:524205977>
L 09/02/2026 - 20:42:12: [FF] [None :D] <STEAM_1:0:578030381> -> 16 HP bằng (boom/fire) -> [Curren Bouquetd'or] <STEAM_1:1:524205977>
L 09/02/2026 - 20:42:12: [FF] [None :D] <STEAM_1:0:578030381> -> 16 HP bằng (boom/fire) -> [Curren Bouquetd'or] <STEAM_1:1:524205977>
L 09/02/2026 - 20:42:12: [FF] [None :D] <STEAM_1:0:578030381> -> 16 HP bằng (boom/fire) -> [Chicoarun] <STEAM_1:0:952954061>
L 09/02/2026 - 20:42:12: [FF] [None :D] <STEAM_1:0:578030381> -> 16 HP bằng (boom/fire) -> [Chicoarun] <STEAM_1:0:952954061>
L 09/02/2026 - 20:42:12: [FF] [None :D] <STEAM_1:0:578030381> -> 16 HP bằng (boom/fire) -> [Chicoarun] <STEAM_1:0:952954061>
L 09/02/2026 - 20:42:12: [FF] [None :D] <STEAM_1:0:578030381> -> 16 HP bằng (boom/fire) -> [Chicoarun] <STEAM_1:0:952954061>
L 09/02/2026 - 20:42:13: [FF] [None :D] <STEAM_1:0:578030381> -> 16 HP bằng (boom/fire) -> [Chicoarun] <STEAM_1:0:952954061>
L 09/02/2026 - 20:42:13: [FF] [None :D] <STEAM_1:0:578030381> -> 16 HP bằng (boom/fire) -> [Chicoarun] <STEAM_1:0:952954061>
L 09/02/2026 - 20:42:13: [FF] [None :D] <STEAM_1:0:578030381> -> 16 HP bằng (boom/fire) -> [Chicoarun] <STEAM_1:0:952954061>
L 09/02/2026 - 20:42:13: [FF] [None :D] <STEAM_1:0:578030381> -> 16 HP bằng (boom/fire) -> [Chicoarun] <STEAM_1:0:952954061>
L 09/02/2026 - 20:42:13: [FF] [None :D] <STEAM_1:0:578030381> -> 16 HP bằng (boom/fire) -> [Chicoarun] <STEAM_1:0:952954061>
L 09/02/2026 - 20:42:14: [FF] [None :D] <STEAM_1:0:578030381> -> 16 HP bằng (boom/fire) -> [Chicoarun] <STEAM_1:0:952954061>
L 09/02/2026 - 20:42:14: [FF] [None :D] <STEAM_1:0:578030381> -> 16 HP bằng (boom/fire) -> [Chicoarun] <STEAM_1:0:952954061>
L 09/02/2026 - 20:42:14: [FF] [None :D] <STEAM_1:0:578030381> -> 16 HP bằng (boom/fire) -> [Chicoarun] <STEAM_1:0:952954061>
L 09/02/2026 - 20:42:14: [FF] [None :D] <STEAM_1:0:578030381> -> 16 HP bằng (boom/fire) -> [Chicoarun] <STEAM_1:0:952954061>
L 09/02/2026 - 20:42:14: [FF] [None :D] <STEAM_1:0:578030381> -> 16 HP bằng (boom/fire) -> [Chicoarun] <STEAM_1:0:952954061>
L 09/02/2026 - 20:42:15: [FF] [None :D] <STEAM_1:0:578030381> -> 16 HP bằng (boom/fire) -> [Chicoarun] <STEAM_1:0:952954061>
L 09/02/2026 - 20:42:15: [FF] [None :D] <STEAM_1:0:578030381> -> 16 HP bằng (boom/fire) -> [Chicoarun] <STEAM_1:0:952954061>
L 09/02/2026 - 20:42:15: [FF] [None :D] <STEAM_1:0:578030381> -> 16 HP bằng (boom/fire) -> [KeroN] <STEAM_1:1:161759963>
L 09/02/2026 - 20:42:15: [FF] [None :D] <STEAM_1:0:578030381> -> 16 HP bằng (boom/fire) -> [KeroN] <STEAM_1:1:161759963>
L 09/02/2026 - 20:42:15: [FF] [None :D] <STEAM_1:0:578030381> -> 16 HP bằng (boom/fire) -> [Chicoarun] <STEAM_1:0:952954061>
L 09/02/2026 - 20:42:15: [FF] [None :D] <STEAM_1:0:578030381> -> 16 HP bằng (boom/fire) -> [KeroN] <STEAM_1:1:161759963>
L 09/02/2026 - 20:42:15: [FF] [None :D] <STEAM_1:0:578030381> -> 16 HP bằng (boom/fire) -> [Chicoarun] <STEAM_1:0:952954061>
L 09/02/2026 - 20:42:15: [FF] [None :D] <STEAM_1:0:578030381> -> 16 HP bằng (boom/fire) -> [KeroN] <STEAM_1:1:161759963>
L 09/02/2026 - 20:42:15: [FF] [None :D] <STEAM_1:0:578030381> -> 16 HP bằng (boom/fire) -> [Chicoarun] <STEAM_1:0:952954061>
L 09/02/2026 - 20:42:16: [HẠ GỤC] None :D <STEAM_1:0:578030381> đã hạ gục KeroN <STEAM_1:1:161759963> bằng (boom/fire)
L 09/02/2026 - 20:42:16: [FF] [None :D] <STEAM_1:0:578030381> -> 16 HP bằng (boom/fire) -> [Chicoarun] <STEAM_1:0:952954061>
L 09/02/2026 - 20:42:16: [FF] [None :D] <STEAM_1:0:578030381> -> 16 HP bằng (boom/fire) -> [KeroN] <STEAM_1:1:161759963>
L 09/02/2026 - 20:42:16: [FF] [None :D] <STEAM_1:0:578030381> -> 16 HP bằng (boom/fire) -> [chimxanh] <STEAM_1:1:626078671>
L 09/02/2026 - 20:42:16: [FF] [None :D] <STEAM_1:0:578030381> -> 16 HP bằng (boom/fire) -> [KeroN] <STEAM_1:1:161759963>
L 09/02/2026 - 20:42:16: [FF] [None :D] <STEAM_1:0:578030381> -> 16 HP bằng (boom/fire) -> [chimxanh] <STEAM_1:1:626078671>
L 09/02/2026 - 20:42:16: [FF] [None :D] <STEAM_1:0:578030381> -> 16 HP bằng (boom/fire) -> [KeroN] <STEAM_1:1:161759963>
L 09/02/2026 - 20:42:16: [FF] [None :D] <STEAM_1:0:578030381> -> 16 HP bằng (boom/fire) -> [chimxanh] <STEAM_1:1:626078671>
L 09/02/2026 - 20:42:16: [FF] [None :D] <STEAM_1:0:578030381> -> 16 HP bằng (boom/fire) -> [KeroN] <STEAM_1:1:161759963>
L 09/02/2026 - 20:42:17: [FF] [None :D] <STEAM_1:0:578030381> -> 16 HP bằng (boom/fire) -> [chimxanh] <STEAM_1:1:626078671>
L 09/02/2026 - 20:42:17: [FF] [None :D] <STEAM_1:0:578030381> -> 16 HP bằng (boom/fire) -> [KeroN] <STEAM_1:1:161759963>
L 09/02/2026 - 20:42:17: [FF] [None :D] <STEAM_1:0:578030381> -> 16 HP bằng (boom/fire) -> [chimxanh] <STEAM_1:1:626078671>
L 09/02/2026 - 20:42:17: [FF] [None :D] <STEAM_1:0:578030381> -> 16 HP bằng (boom/fire) -> [KeroN] <STEAM_1:1:161759963>
L 09/02/2026 - 20:42:17: [FF] [None :D] <STEAM_1:0:578030381> -> 16 HP bằng (boom/fire) -> [KeroN] <STEAM_1:1:161759963>
L 09/02/2026 - 20:42:17: [FF] [None :D] <STEAM_1:0:578030381> -> 16 HP bằng (boom/fire) -> [chimxanh] <STEAM_1:1:626078671>
L 09/02/2026 - 20:42:17: [FF] [None :D] <STEAM_1:0:578030381> -> 16 HP bằng (boom/fire) -> [KeroN] <STEAM_1:1:161759963>
L 09/02/2026 - 20:42:36: [FF] [Chicoarun] <STEAM_1:0:952954061> -> 9 HP bằng (súng) -> [Curren Bouquetd'or] <STEAM_1:1:524205977>
L 09/02/2026 - 20:42:36: [FF] [Chicoarun] <STEAM_1:0:952954061> -> 9 HP bằng (súng) -> [Curren Bouquetd'or] <STEAM_1:1:524205977>
L 09/02/2026 - 20:42:41: [HẠ GỤC] Tank <BOT> đã hạ gục weeBlord <STEAM_1:0:242584050> bằng (môi trường/khác)
L 09/02/2026 - 20:42:46: [FF] [Chicoarun] <STEAM_1:0:952954061> -> 1 HP bằng (boom/fire) -> [weeBlord] <STEAM_1:0:242584050>
L 09/02/2026 - 20:42:48: [FF] [Chicoarun] <STEAM_1:0:952954061> -> 16 HP bằng (boom/fire) -> [Curren Bouquetd'or] <STEAM_1:1:524205977>
L 09/02/2026 - 20:42:48: [FF] [Chicoarun] <STEAM_1:0:952954061> -> 16 HP bằng (boom/fire) -> [Curren Bouquetd'or] <STEAM_1:1:524205977>
L 09/02/2026 - 20:42:48: [FF] [Chicoarun] <STEAM_1:0:952954061> -> 16 HP bằng (boom/fire) -> [Curren Bouquetd'or] <STEAM_1:1:524205977>
L 09/02/2026 - 20:42:48: [FF] [Chicoarun] <STEAM_1:0:952954061> -> 16 HP bằng (boom/fire) -> [Holo 40k] <STEAM_1:1:925049770>
L 09/02/2026 - 20:42:48: [FF] [Chicoarun] <STEAM_1:0:952954061> -> 16 HP bằng (boom/fire) -> [Curren Bouquetd'or] <STEAM_1:1:524205977>
L 09/02/2026 - 20:42:48: [FF] [Chicoarun] <STEAM_1:0:952954061> -> 16 HP bằng (boom/fire) -> [Holo 40k] <STEAM_1:1:925049770>
L 09/02/2026 - 20:42:48: [HẠ GỤC] Chicoarun <STEAM_1:0:952954061> đã hạ gục Curren Bouquetd'or <STEAM_1:1:524205977> bằng (boom/fire)
L 09/02/2026 - 20:42:48: [FF] [Chicoarun] <STEAM_1:0:952954061> -> 16 HP bằng (boom/fire) -> [Holo 40k] <STEAM_1:1:925049770>
L 09/02/2026 - 20:42:49: [HẠ GỤC] Tank <BOT> đã hạ gục Holo 40k <STEAM_1:1:925049770> bằng (môi trường/khác)
L 09/02/2026 - 20:42:49: [FF] [Chicoarun] <STEAM_1:0:952954061> -> 16 HP bằng (boom/fire) -> [Curren Bouquetd'or] <STEAM_1:1:524205977>
L 09/02/2026 - 20:42:49: [FF] [Chicoarun] <STEAM_1:0:952954061> -> 16 HP bằng (boom/fire) -> [Holo 40k] <STEAM_1:1:925049770>
L 09/02/2026 - 20:42:49: [FF] [Chicoarun] <STEAM_1:0:952954061> -> 16 HP bằng (boom/fire) -> [Curren Bouquetd'or] <STEAM_1:1:524205977>
L 09/02/2026 - 20:42:49: [FF] [Chicoarun] <STEAM_1:0:952954061> -> 16 HP bằng (boom/fire) -> [Curren Bouquetd'or] <STEAM_1:1:524205977>
L 09/02/2026 - 20:42:49: [FF] [Chicoarun] <STEAM_1:0:952954061> -> 16 HP bằng (boom/fire) -> [Curren Bouquetd'or] <STEAM_1:1:524205977>
L 09/02/2026 - 20:42:49: [FF] [Chicoarun] <STEAM_1:0:952954061> -> 16 HP bằng (boom/fire) -> [Curren Bouquetd'or] <STEAM_1:1:524205977>
L 09/02/2026 - 20:42:50: [FF] [Chicoarun] <STEAM_1:0:952954061> -> 16 HP bằng (boom/fire) -> [Curren Bouquetd'or] <STEAM_1:1:524205977>
L 09/02/2026 - 20:42:50: [FF] [Chicoarun] <STEAM_1:0:952954061> -> 16 HP bằng (boom/fire) -> [Curren Bouquetd'or] <STEAM_1:1:524205977>
L 09/02/2026 - 20:42:50: [FF] [Chicoarun] <STEAM_1:0:952954061> -> 16 HP bằng (boom/fire) -> [Curren Bouquetd'or] <STEAM_1:1:524205977>
L 09/02/2026 - 20:42:50: [FF] [Chicoarun] <STEAM_1:0:952954061> -> 16 HP bằng (boom/fire) -> [Curren Bouquetd'or] <STEAM_1:1:524205977>
L 09/02/2026 - 20:42:50: [FF] [Chicoarun] <STEAM_1:0:952954061> -> 16 HP bằng (boom/fire) -> [Curren Bouquetd'or] <STEAM_1:1:524205977>
L 09/02/2026 - 20:42:51: [FF] [Chicoarun] <STEAM_1:0:952954061> -> 16 HP bằng (boom/fire) -> [Curren Bouquetd'or] <STEAM_1:1:524205977>
L 09/02/2026 - 20:42:51: [FF] [Chicoarun] <STEAM_1:0:952954061> -> 16 HP bằng (boom/fire) -> [Curren Bouquetd'or] <STEAM_1:1:524205977>
L 09/02/2026 - 20:42:51: [FF] [Chicoarun] <STEAM_1:0:952954061> -> 16 HP bằng (boom/fire) -> [Curren Bouquetd'or] <STEAM_1:1:524205977>
L 09/02/2026 - 20:42:51: [FF] [Chicoarun] <STEAM_1:0:952954061> -> 16 HP bằng (boom/fire) -> [Curren Bouquetd'or] <STEAM_1:1:524205977>
L 09/02/2026 - 20:42:51: [FF] [Chicoarun] <STEAM_1:0:952954061> -> 16 HP bằng (boom/fire) -> [Curren Bouquetd'or] <STEAM_1:1:524205977>
L 09/02/2026 - 20:42:52: [FF] [Chicoarun] <STEAM_1:0:952954061> -> 16 HP bằng (boom/fire) -> [Curren Bouquetd'or] <STEAM_1:1:524205977>
L 09/02/2026 - 20:42:52: [FF] [Chicoarun] <STEAM_1:0:952954061> -> 16 HP bằng (boom/fire) -> [Curren Bouquetd'or] <STEAM_1:1:524205977>
L 09/02/2026 - 20:42:52: [FF] [Chicoarun] <STEAM_1:0:952954061> -> 16 HP bằng (boom/fire) -> [Curren Bouquetd'or] <STEAM_1:1:524205977>
L 09/02/2026 - 20:42:52: [FF] [Chicoarun] <STEAM_1:0:952954061> -> 16 HP bằng (boom/fire) -> [Curren Bouquetd'or] <STEAM_1:1:524205977>
L 09/02/2026 - 20:42:52: [FF] [Chicoarun] <STEAM_1:0:952954061> -> 16 HP bằng (boom/fire) -> [Curren Bouquetd'or] <STEAM_1:1:524205977>
L 09/02/2026 - 20:42:53: [FF] [Chicoarun] <STEAM_1:0:952954061> -> 16 HP bằng (boom/fire) -> [Curren Bouquetd'or] <STEAM_1:1:524205977>
L 09/02/2026 - 20:42:53: [FF] [Chicoarun] <STEAM_1:0:952954061> -> 16 HP bằng (boom/fire) -> [Curren Bouquetd'or] <STEAM_1:1:524205977>
L 09/02/2026 - 20:42:53: [FF] [Bảo Nguyên] <STEAM_1:0:218160880> -> 15 HP bằng (súng) -> [Lê Hải] <STEAM_1:0:471595906>
L 09/02/2026 - 20:42:53: [FF] [Chicoarun] <STEAM_1:0:952954061> -> 16 HP bằng (boom/fire) -> [Curren Bouquetd'or] <STEAM_1:1:524205977>
L 09/02/2026 - 20:42:53: [FF] [Chicoarun] <STEAM_1:0:952954061> -> 16 HP bằng (boom/fire) -> [Curren Bouquetd'or] <STEAM_1:1:524205977>
L 09/02/2026 - 20:42:53: [FF] [Chicoarun] <STEAM_1:0:952954061> -> 16 HP bằng (boom/fire) -> [Curren Bouquetd'or] <STEAM_1:1:524205977>
L 09/02/2026 - 20:42:54: [FF] [Chicoarun] <STEAM_1:0:952954061> -> 16 HP bằng (boom/fire) -> [Curren Bouquetd'or] <STEAM_1:1:524205977>
L 09/02/2026 - 20:42:54: [FF] [Chicoarun] <STEAM_1:0:952954061> -> 16 HP bằng (boom/fire) -> [Curren Bouquetd'or] <STEAM_1:1:524205977>
L 09/02/2026 - 20:42:54: [FF] [Chicoarun] <STEAM_1:0:952954061> -> 16 HP bằng (boom/fire) -> [Curren Bouquetd'or] <STEAM_1:1:524205977>
L 09/02/2026 - 20:42:54: [FF] [Chicoarun] <STEAM_1:0:952954061> -> 16 HP bằng (boom/fire) -> [Curren Bouquetd'or] <STEAM_1:1:524205977>
L 09/02/2026 - 20:42:54: [HẠ GỤC] Tank <BOT> đã hạ gục chimxanh <STEAM_1:1:626078671> bằng (môi trường/khác)
L 09/02/2026 - 20:42:54: [FF] [Chicoarun] <STEAM_1:0:952954061> -> 16 HP bằng (boom/fire) -> [Curren Bouquetd'or] <STEAM_1:1:524205977>
L 09/02/2026 - 20:42:55: [FF] [Chicoarun] <STEAM_1:0:952954061> -> 16 HP bằng (boom/fire) -> [Curren Bouquetd'or] <STEAM_1:1:524205977>
L 09/02/2026 - 20:42:55: [FF] [Chicoarun] <STEAM_1:0:952954061> -> 16 HP bằng (boom/fire) -> [Curren Bouquetd'or] <STEAM_1:1:524205977>
L 09/02/2026 - 20:42:55: [FF] [Chicoarun] <STEAM_1:0:952954061> -> 16 HP bằng (boom/fire) -> [Curren Bouquetd'or] <STEAM_1:1:524205977>
L 09/02/2026 - 20:42:55: [FF] [Chicoarun] <STEAM_1:0:952954061> -> 16 HP bằng (boom/fire) -> [Curren Bouquetd'or] <STEAM_1:1:524205977>
L 09/02/2026 - 20:42:55: [FF] [Chicoarun] <STEAM_1:0:952954061> -> 16 HP bằng (boom/fire) -> [Curren Bouquetd'or] <STEAM_1:1:524205977>
L 09/02/2026 - 20:42:56: [FF] [Chicoarun] <STEAM_1:0:952954061> -> 16 HP bằng (boom/fire) -> [Curren Bouquetd'or] <STEAM_1:1:524205977>
L 09/02/2026 - 20:42:56: [FF] [Chicoarun] <STEAM_1:0:952954061> -> 16 HP bằng (boom/fire) -> [Curren Bouquetd'or] <STEAM_1:1:524205977>
L 09/02/2026 - 20:42:56: [FF] [Chicoarun] <STEAM_1:0:952954061> -> 16 HP bằng (boom/fire) -> [Curren Bouquetd'or] <STEAM_1:1:524205977>
L 09/02/2026 - 20:42:56: [FF] [Chicoarun] <STEAM_1:0:952954061> -> 16 HP bằng (boom/fire) -> [Curren Bouquetd'or] <STEAM_1:1:524205977>
L 09/02/2026 - 20:42:56: [FF] [Chicoarun] <STEAM_1:0:952954061> -> 16 HP bằng (boom/fire) -> [Curren Bouquetd'or] <STEAM_1:1:524205977>
L 09/02/2026 - 20:42:57: [FF] [Chicoarun] <STEAM_1:0:952954061> -> 16 HP bằng (boom/fire) -> [Curren Bouquetd'or] <STEAM_1:1:524205977>
L 09/02/2026 - 20:42:57: [FF] [Chicoarun] <STEAM_1:0:952954061> -> 16 HP bằng (boom/fire) -> [Bảo Nguyên] <STEAM_1:0:218160880>
L 09/02/2026 - 20:42:57: [FF] [Chicoarun] <STEAM_1:0:952954061> -> 16 HP bằng (boom/fire) -> [Curren Bouquetd'or] <STEAM_1:1:524205977>
L 09/02/2026 - 20:42:57: [FF] [Chicoarun] <STEAM_1:0:952954061> -> 16 HP bằng (boom/fire) -> [Bảo Nguyên] <STEAM_1:0:218160880>
L 09/02/2026 - 20:42:57: [FF] [Chicoarun] <STEAM_1:0:952954061> -> 16 HP bằng (boom/fire) -> [Curren Bouquetd'or] <STEAM_1:1:524205977>
L 09/02/2026 - 20:42:57: [FF] [Chicoarun] <STEAM_1:0:952954061> -> 16 HP bằng (boom/fire) -> [Bảo Nguyên] <STEAM_1:0:218160880>
L 09/02/2026 - 20:42:57: [FF] [Chicoarun] <STEAM_1:0:952954061> -> 16 HP bằng (boom/fire) -> [Curren Bouquetd'or] <STEAM_1:1:524205977>
L 09/02/2026 - 20:42:57: [FF] [Chicoarun] <STEAM_1:0:952954061> -> 16 HP bằng (boom/fire) -> [Bảo Nguyên] <STEAM_1:0:218160880>
L 09/02/2026 - 20:42:57: [FF] [Chicoarun] <STEAM_1:0:952954061> -> 16 HP bằng (boom/fire) -> [Curren Bouquetd'or] <STEAM_1:1:524205977>
L 09/02/2026 - 20:42:57: [FF] [Chicoarun] <STEAM_1:0:952954061> -> 16 HP bằng (boom/fire) -> [Bảo Nguyên] <STEAM_1:0:218160880>
L 09/02/2026 - 20:42:58: [FF] [Chicoarun] <STEAM_1:0:952954061> -> 16 HP bằng (boom/fire) -> [Curren Bouquetd'or] <STEAM_1:1:524205977>
L 09/02/2026 - 20:42:58: [HẠ GỤC] Chicoarun <STEAM_1:0:952954061> đã hạ gục Bảo Nguyên <STEAM_1:0:218160880> bằng (boom/fire)
L 09/02/2026 - 20:42:58: [FF] [Chicoarun] <STEAM_1:0:952954061> -> 16 HP bằng (boom/fire) -> [Curren Bouquetd'or] <STEAM_1:1:524205977>
L 09/02/2026 - 20:42:58: [FF] [Chicoarun] <STEAM_1:0:952954061> -> 16 HP bằng (boom/fire) -> [Bảo Nguyên] <STEAM_1:0:218160880>
L 09/02/2026 - 20:42:58: [FF] [Chicoarun] <STEAM_1:0:952954061> -> 16 HP bằng (boom/fire) -> [Curren Bouquetd'or] <STEAM_1:1:524205977>
L 09/02/2026 - 20:42:58: [FF] [Chicoarun] <STEAM_1:0:952954061> -> 16 HP bằng (boom/fire) -> [Bảo Nguyên] <STEAM_1:0:218160880>
L 09/02/2026 - 20:42:58: [FF] [Chicoarun] <STEAM_1:0:952954061> -> 16 HP bằng (boom/fire) -> [Curren Bouquetd'or] <STEAM_1:1:524205977>
L 09/02/2026 - 20:42:58: [FF] [Chicoarun] <STEAM_1:0:952954061> -> 16 HP bằng (boom/fire) -> [Bảo Nguyên] <STEAM_1:0:218160880>
L 09/02/2026 - 20:42:58: [FF] [Chicoarun] <STEAM_1:0:952954061> -> 16 HP bằng (boom/fire) -> [Curren Bouquetd'or] <STEAM_1:1:524205977>
L 09/02/2026 - 20:42:58: [FF] [Chicoarun] <STEAM_1:0:952954061> -> 16 HP bằng (boom/fire) -> [Bảo Nguyên] <STEAM_1:0:218160880>
L 09/02/2026 - 20:42:59: [FF] [Chicoarun] <STEAM_1:0:952954061> -> 16 HP bằng (boom/fire) -> [Curren Bouquetd'or] <STEAM_1:1:524205977>
L 09/02/2026 - 20:42:59: [FF] [Chicoarun] <STEAM_1:0:952954061> -> 16 HP bằng (boom/fire) -> [Bảo Nguyên] <STEAM_1:0:218160880>
L 09/02/2026 - 20:42:59: [FF] [Chicoarun] <STEAM_1:0:952954061> -> 16 HP bằng (boom/fire) -> [Curren Bouquetd'or] <STEAM_1:1:524205977>
L 09/02/2026 - 20:42:59: [FF] [Chicoarun] <STEAM_1:0:952954061> -> 16 HP bằng (boom/fire) -> [Bảo Nguyên] <STEAM_1:0:218160880>
L 09/02/2026 - 20:42:59: [FF] [Chicoarun] <STEAM_1:0:952954061> -> 16 HP bằng (boom/fire) -> [Curren Bouquetd'or] <STEAM_1:1:524205977>
L 09/02/2026 - 20:42:59: [FF] [Chicoarun] <STEAM_1:0:952954061> -> 16 HP bằng (boom/fire) -> [Bảo Nguyên] <STEAM_1:0:218160880>
L 09/02/2026 - 20:42:59: [FF] [Chicoarun] <STEAM_1:0:952954061> -> 16 HP bằng (boom/fire) -> [Curren Bouquetd'or] <STEAM_1:1:524205977>
L 09/02/2026 - 20:42:59: [FF] [Chicoarun] <STEAM_1:0:952954061> -> 16 HP bằng (boom/fire) -> [Bảo Nguyên] <STEAM_1:0:218160880>
L 09/02/2026 - 20:42:59: [FF] [Chicoarun] <STEAM_1:0:952954061> -> 16 HP bằng (boom/fire) -> [Curren Bouquetd'or] <STEAM_1:1:524205977>
L 09/02/2026 - 20:42:59: [FF] [Chicoarun] <STEAM_1:0:952954061> -> 16 HP bằng (boom/fire) -> [Bảo Nguyên] <STEAM_1:0:218160880>
L 09/02/2026 - 20:43:00: [FF] [Chicoarun] <STEAM_1:0:952954061> -> 16 HP bằng (boom/fire) -> [Curren Bouquetd'or] <STEAM_1:1:524205977>
L 09/02/2026 - 20:43:00: [FF] [Chicoarun] <STEAM_1:0:952954061> -> 16 HP bằng (boom/fire) -> [Bảo Nguyên] <STEAM_1:0:218160880>
L 09/02/2026 - 20:43:00: [FF] [Chicoarun] <STEAM_1:0:952954061> -> 16 HP bằng (boom/fire) -> [Bảo Nguyên] <STEAM_1:0:218160880>
L 09/02/2026 - 20:43:00: [FF] [Chicoarun] <STEAM_1:0:952954061> -> 16 HP bằng (boom/fire) -> [Holo 40k] <STEAM_1:1:925049770>
L 09/02/2026 - 20:43:00: [FF] [Chicoarun] <STEAM_1:0:952954061> -> 16 HP bằng (boom/fire) -> [Bảo Nguyên] <STEAM_1:0:218160880>
L 09/02/2026 - 20:43:00: [FF] [Chicoarun] <STEAM_1:0:952954061> -> 16 HP bằng (boom/fire) -> [Holo 40k] <STEAM_1:1:925049770>
L 09/02/2026 - 20:43:00: [FF] [Chicoarun] <STEAM_1:0:952954061> -> 16 HP bằng (boom/fire) -> [Bảo Nguyên] <STEAM_1:0:218160880>
L 09/02/2026 - 20:43:00: [FF] [Chicoarun] <STEAM_1:0:952954061> -> 16 HP bằng (boom/fire) -> [Holo 40k] <STEAM_1:1:925049770>
L 09/02/2026 - 20:43:01: [FF] [（ ͜.人 ͜.）⛇☃] <STEAM_1:1:241852047> -> 5 HP bằng (melee) -> [KeroN] <STEAM_1:1:161759963>
L 09/02/2026 - 20:43:01: [HẠ GỤC] Tank <BOT> đã hạ gục Lê Hải <STEAM_1:0:471595906> bằng (môi trường/khác)
L 09/02/2026 - 20:43:02: [HẠ GỤC] Tank <BOT> đã hạ gục None :D <STEAM_1:0:578030381> bằng (môi trường/khác)
L 09/02/2026 - 20:43:09: [HẠ GỤC] Tank <BOT> đã hạ gục Rïçēz <STEAM_1:1:558962692> bằng (môi trường/khác)
L 09/02/2026 - 20:43:14: [KILL] Tank <BOT> đã giết Lê Hải <STEAM_1:0:471595906> bằng (môi trường/khác)
L 09/02/2026 - 20:43:19: [FF] [Bảo Nguyên] <STEAM_1:0:218160880> -> 11 HP bằng (súng) -> [Curren Bouquetd'or] <STEAM_1:1:524205977>
L 09/02/2026 - 20:43:25: [HẠ GỤC] Tank <BOT> đã hạ gục Chicoarun <STEAM_1:0:952954061> bằng (môi trường/khác)
L 09/02/2026 - 20:43:29: [HẠ GỤC] Tank <BOT> đã hạ gục KeroN <STEAM_1:1:161759963> bằng (môi trường/khác)
L 09/02/2026 - 20:43:32: [HẠ GỤC] Tank <BOT> đã hạ gục Rïçēz <STEAM_1:1:558962692> bằng (môi trường/khác)
L 09/02/2026 - 20:43:36: [FF] [Curren Bouquetd'or] <STEAM_1:1:524205977> -> 1 HP bằng (môi trường/khác) -> [Bảo Nguyên] <STEAM_1:0:218160880>
L 09/02/2026 - 20:43:36: [FF] [Curren Bouquetd'or] <STEAM_1:1:524205977> -> 1 HP bằng (môi trường/khác) -> [（ ͜.人 ͜.）⛇☃] <STEAM_1:1:241852047>
L 09/02/2026 - 20:43:39: [HẠ GỤC] Tank <BOT> đã hạ gục （ ͜.人 ͜.）⛇☃ <STEAM_1:1:241852047> bằng (môi trường/khác)
L 09/02/2026 - 20:43:48: [HẠ GỤC] Tank <BOT> đã hạ gục Chicoarun <STEAM_1:0:952954061> bằng (môi trường/khác)
L 09/02/2026 - 20:43:56: [HẠ GỤC] Zombie/Witch/Môi trường <N/A> đã hạ gục Curren Bouquetd'or <STEAM_1:1:524205977> bằng (môi trường/khác)
L 09/02/2026 - 20:44:27: [HẠ GỤC] Jockey <BOT> đã hạ gục Lê Hải <STEAM_1:0:471595906> bằng (zombie cào/đấm)
L 09/02/2026 - 20:44:34: [KILL] Hunter <BOT> đã giết Curren Bouquetd'or <STEAM_1:1:524205977> bằng (zombie cào/đấm)
L 09/02/2026 - 20:44:56: [HẠ GỤC] Tank <BOT> đã hạ gục Holo 40k <STEAM_1:1:925049770> bằng (môi trường/khác)
L 09/02/2026 - 20:44:58: [HẠ GỤC] Tank <BOT> đã hạ gục Chicoarun <STEAM_1:0:952954061> bằng (môi trường/khác)
L 09/02/2026 - 20:44:58: [FF] [（ ͜.人 ͜.）⛇☃] <STEAM_1:1:241852047> -> 6 HP bằng (súng) -> [Chicoarun] <STEAM_1:0:952954061>
L 09/02/2026 - 20:44:58: [FF] [（ ͜.人 ͜.）⛇☃] <STEAM_1:1:241852047> -> 5 HP bằng (súng) -> [Holo 40k] <STEAM_1:1:925049770>
L 09/02/2026 - 20:44:59: [FF] [（ ͜.人 ͜.）⛇☃] <STEAM_1:1:241852047> -> 5 HP bằng (súng) -> [chimxanh] <STEAM_1:1:626078671>
L 09/02/2026 - 20:45:00: [HẠ GỤC] Tank <BOT> đã hạ gục chimxanh <STEAM_1:1:626078671> bằng (môi trường/khác)
L 09/02/2026 - 20:45:01: [FF] [（ ͜.人 ͜.）⛇☃] <STEAM_1:1:241852047> -> 6 HP bằng (súng) -> [Holo 40k] <STEAM_1:1:925049770>
L 09/02/2026 - 20:45:03: [FF] [KeroN] <STEAM_1:1:161759963> -> 22 HP bằng (súng) -> [Nick] <BOT>
L 09/02/2026 - 20:45:25: [HẠ GỤC] Charger <BOT> đã hạ gục Lê Hải <STEAM_1:0:471595906> bằng (zombie cào/đấm)
L 09/02/2026 - 20:45:30: [HẠ GỤC] Spitter <BOT> đã hạ gục Nick <BOT> bằng (zombie cào/đấm)
L 09/02/2026 - 20:45:32: [HẠ GỤC] Tank <BOT> đã hạ gục Bảo Nguyên <STEAM_1:0:218160880> bằng (môi trường/khác)
L 09/02/2026 - 20:45:34: [FF] [chimxanh] <STEAM_1:1:626078671> -> 6 HP bằng (súng) -> [Chicoarun] <STEAM_1:0:952954061>
L 09/02/2026 - 20:45:36: [FF] [chimxanh] <STEAM_1:1:626078671> -> 5 HP bằng (súng) -> [Bảo Nguyên] <STEAM_1:0:218160880>
L 09/02/2026 - 20:46:01: [FF] [Bảo Nguyên] <STEAM_1:0:218160880> -> 11 HP bằng (súng) -> [Chicoarun] <STEAM_1:0:952954061>
L 09/02/2026 - 20:46:13: [HẠ GỤC] Tank <BOT> đã hạ gục Curren Bouquetd'or <STEAM_1:1:524205977> bằng (môi trường/khác)
L 09/02/2026 - 20:46:23: [KILL] Tank <BOT> đã giết Lê Hải <STEAM_1:0:471595906> bằng (môi trường/khác)
L 09/02/2026 - 20:46:38: [KILL] Tank <BOT> đã giết Chicoarun <STEAM_1:0:952954061> bằng (môi trường/khác)
L 09/02/2026 - 20:46:44: [KILL] Tank <BOT> đã giết Nick <BOT> bằng (môi trường/khác)
L 09/02/2026 - 20:46:45: [HẠ GỤC] Zombie/Witch/Môi trường <N/A> đã hạ gục chimxanh <STEAM_1:1:626078671> bằng (môi trường/khác)
L 09/02/2026 - 20:46:54: [HẠ GỤC] Zombie/Witch/Môi trường <N/A> đã hạ gục weeBlord <STEAM_1:0:242584050> bằng (môi trường/khác)
L 09/02/2026 - 20:47:21: [HẠ GỤC] Zombie/Witch/Môi trường <N/A> đã hạ gục Holo 40k <STEAM_1:1:925049770> bằng (môi trường/khác)
L 09/02/2026 - 20:47:33: [HẠ GỤC] Tank <BOT> đã hạ gục Bảo Nguyên <STEAM_1:0:218160880> bằng (môi trường/khác)
L 09/02/2026 - 20:47:35: [FF] [None :D] <STEAM_1:0:578030381> -> 22 HP bằng (súng) -> [weeBlord] <STEAM_1:0:242584050>
L 09/02/2026 - 20:47:35: [FF] [None :D] <STEAM_1:0:578030381> -> 15 HP bằng (súng) -> [weeBlord] <STEAM_1:0:242584050>
L 09/02/2026 - 20:47:40: [FF] [Lê Hải] <STEAM_1:0:471595906> -> 5 HP bằng (súng) -> [Mikasa] <STEAM_1:0:522010986>
L 09/02/2026 - 20:47:40: [HẠ GỤC] Tank <BOT> đã hạ gục Mikasa <STEAM_1:0:522010986> bằng (môi trường/khác)
L 09/02/2026 - 20:47:40: [FF] [Lê Hải] <STEAM_1:0:471595906> -> 5 HP bằng (súng) -> [Mikasa] <STEAM_1:0:522010986>
L 09/02/2026 - 20:47:40: [FF] [Lê Hải] <STEAM_1:0:471595906> -> 5 HP bằng (súng) -> [Mikasa] <STEAM_1:0:522010986>
L 09/02/2026 - 20:47:40: [FF] [Holo 40k] <STEAM_1:1:925049770> -> 3 HP bằng (súng) -> [Nick] <BOT>
L 09/02/2026 - 20:47:40: [FF] [Holo 40k] <STEAM_1:1:925049770> -> 3 HP bằng (súng) -> [Nick] <BOT>
L 09/02/2026 - 20:47:40: [FF] [Holo 40k] <STEAM_1:1:925049770> -> 3 HP bằng (súng) -> [Nick] <BOT>
L 09/02/2026 - 20:47:46: [HẠ GỤC] Zombie/Witch/Môi trường <N/A> đã hạ gục Nick <BOT> bằng (môi trường/khác)
L 09/02/2026 - 20:47:51: [HẠ GỤC] Tank <BOT> đã hạ gục （ ͜.人 ͜.）⛇☃ <STEAM_1:1:241852047> bằng (môi trường/khác)
L 09/02/2026 - 20:47:53: [HẠ GỤC] Tank <BOT> đã hạ gục chimxanh <STEAM_1:1:626078671> bằng (môi trường/khác)
L 09/02/2026 - 20:48:25: [FF] [Lê Hải] <STEAM_1:0:471595906> -> 6 HP bằng (súng) -> [KeroN] <STEAM_1:1:161759963>
L 09/02/2026 - 20:48:25: [FF] [Lê Hải] <STEAM_1:0:471595906> -> 6 HP bằng (súng) -> [KeroN] <STEAM_1:1:161759963>
L 09/02/2026 - 20:48:26: [FF] [None :D] <STEAM_1:0:578030381> -> 22 HP bằng (súng) -> [Bảo Nguyên] <STEAM_1:0:218160880>
L 09/02/2026 - 20:48:28: [FF] [Rïçēz] <STEAM_1:1:558962692> -> 5 HP bằng (súng) -> [Curren Bouquetd'or] <STEAM_1:1:524205977>
L 09/02/2026 - 20:48:29: [FF] [Rïçēz] <STEAM_1:1:558962692> -> 6 HP bằng (súng) -> [Curren Bouquetd'or] <STEAM_1:1:524205977>
L 09/02/2026 - 20:48:29: [FF] [Rïçēz] <STEAM_1:1:558962692> -> 6 HP bằng (súng) -> [Curren Bouquetd'or] <STEAM_1:1:524205977>
L 09/02/2026 - 20:48:29: [FF] [Rïçēz] <STEAM_1:1:558962692> -> 5 HP bằng (súng) -> [Curren Bouquetd'or] <STEAM_1:1:524205977>
L 09/02/2026 - 20:48:29: [FF] [Rïçēz] <STEAM_1:1:558962692> -> 6 HP bằng (súng) -> [Curren Bouquetd'or] <STEAM_1:1:524205977>
L 09/02/2026 - 20:48:32: [FF] [Chicoarun] <STEAM_1:0:952954061> -> 5 HP bằng (súng) -> [weeBlord] <STEAM_1:0:242584050>
L 09/02/2026 - 20:48:33: [FF] [KeroN] <STEAM_1:1:161759963> -> 22 HP bằng (súng) -> [Lê Hải] <STEAM_1:0:471595906>
L 09/02/2026 - 20:48:37: [HẠ GỤC] Chicoarun <STEAM_1:0:952954061> đã hạ gục KeroN <STEAM_1:1:161759963> bằng (súng)
L 09/02/2026 - 20:48:37: [FF] [Chicoarun] <STEAM_1:0:952954061> -> 5 HP bằng (súng) -> [KeroN] <STEAM_1:1:161759963>
L 09/02/2026 - 20:48:37: [FF] [Chicoarun] <STEAM_1:0:952954061> -> 5 HP bằng (súng) -> [KeroN] <STEAM_1:1:161759963>
L 09/02/2026 - 20:48:43: [FF] [（ ͜.人 ͜.）⛇☃] <STEAM_1:1:241852047> -> 15 HP bằng (súng) -> [Chicoarun] <STEAM_1:0:952954061>
L 09/02/2026 - 20:48:53: [FF] [Holo 40k] <STEAM_1:1:925049770> -> 3 HP bằng (súng) -> [Bảo Nguyên] <STEAM_1:0:218160880>
L 09/02/2026 - 20:48:53: [FF] [Holo 40k] <STEAM_1:1:925049770> -> 3 HP bằng (súng) -> [Bảo Nguyên] <STEAM_1:0:218160880>
L 09/02/2026 - 20:48:53: [FF] [Holo 40k] <STEAM_1:1:925049770> -> 3 HP bằng (súng) -> [Bảo Nguyên] <STEAM_1:0:218160880>
L 09/02/2026 - 20:48:56: [KILL] Zombie/Witch/Môi trường <N/A> đã giết Holo 40k <STEAM_1:1:925049770> bằng (môi trường/khác)
L 09/02/2026 - 20:49:00: [HẠ GỤC] Tank <BOT> đã hạ gục （ ͜.人 ͜.）⛇☃ <STEAM_1:1:241852047> bằng (môi trường/khác)
L 09/02/2026 - 20:49:14: [KILL] Tank <BOT> đã giết Bảo Nguyên <STEAM_1:0:218160880> bằng (môi trường/khác)
L 09/02/2026 - 20:49:18: [KILL] Tank <BOT> đã giết chimxanh <STEAM_1:1:626078671> bằng (môi trường/khác)
L 09/02/2026 - 20:49:20: [HẠ GỤC] Tank <BOT> đã hạ gục KeroN <STEAM_1:1:161759963> bằng (môi trường/khác)
L 09/02/2026 - 20:49:34: [FF] [Rïçēz] <STEAM_1:1:558962692> -> 6 HP bằng (súng) -> [Mikasa] <STEAM_1:0:522010986>
L 09/02/2026 - 20:49:36: [FF] [Chicoarun] <STEAM_1:0:952954061> -> 3 HP bằng (súng) -> [Mikasa] <STEAM_1:0:522010986>
L 09/02/2026 - 20:49:40: [HẠ GỤC] Tank <BOT> đã hạ gục Curren Bouquetd'or <STEAM_1:1:524205977> bằng (môi trường/khác)
L 09/02/2026 - 20:49:49: [FF] [Chicoarun] <STEAM_1:0:952954061> -> 3 HP bằng (súng) -> [Rïçēz] <STEAM_1:1:558962692>
L 09/02/2026 - 20:49:49: [FF] [Chicoarun] <STEAM_1:0:952954061> -> 3 HP bằng (súng) -> [Rïçēz] <STEAM_1:1:558962692>
L 09/02/2026 - 20:49:49: [FF] [Chicoarun] <STEAM_1:0:952954061> -> 3 HP bằng (súng) -> [Rïçēz] <STEAM_1:1:558962692>
L 09/02/2026 - 20:49:49: [FF] [Chicoarun] <STEAM_1:0:952954061> -> 3 HP bằng (súng) -> [Rïçēz] <STEAM_1:1:558962692>
L 09/02/2026 - 20:49:49: [FF] [Chicoarun] <STEAM_1:0:952954061> -> 3 HP bằng (súng) -> [Rïçēz] <STEAM_1:1:558962692>
L 09/02/2026 - 20:49:49: [FF] [Chicoarun] <STEAM_1:0:952954061> -> 3 HP bằng (súng) -> [Rïçēz] <STEAM_1:1:558962692>
L 09/02/2026 - 20:49:49: [FF] [Chicoarun] <STEAM_1:0:952954061> -> 3 HP bằng (súng) -> [Rïçēz] <STEAM_1:1:558962692>
L 09/02/2026 - 20:49:49: [FF] [Chicoarun] <STEAM_1:0:952954061> -> 3 HP bằng (súng) -> [Rïçēz] <STEAM_1:1:558962692>
L 09/02/2026 - 20:50:14: [FF] [weeBlord] <STEAM_1:0:242584050> -> 1 HP bằng (môi trường/khác) -> [TezzyPham] <STEAM_1:1:933338290>
L 09/02/2026 - 20:50:39: [FF] [（ ͜.人 ͜.）⛇☃] <STEAM_1:1:241852047> -> 10 HP bằng (súng) -> [Curren Bouquetd'or] <STEAM_1:1:524205977>
L 09/02/2026 - 20:50:40: [FF] [（ ͜.人 ͜.）⛇☃] <STEAM_1:1:241852047> -> 7 HP bằng (súng) -> [Curren Bouquetd'or] <STEAM_1:1:524205977>
L 09/02/2026 - 20:50:41: [HẠ GỤC] (1)Jockey Bot <BOT> đã hạ gục Holo 40k <STEAM_1:1:925049770> bằng (zombie cào/đấm)
L 09/02/2026 - 20:50:43: [FF] [Curren Bouquetd'or] <STEAM_1:1:524205977> -> 3 HP bằng (súng) -> [Lê Hải] <STEAM_1:0:471595906>
L 09/02/2026 - 20:50:44: [FF] [Rïçēz] <STEAM_1:1:558962692> -> 5 HP bằng (súng) -> [TezzyPham] <STEAM_1:1:933338290>
L 09/02/2026 - 20:50:44: [FF] [Rïçēz] <STEAM_1:1:558962692> -> 6 HP bằng (súng) -> [TezzyPham] <STEAM_1:1:933338290>
L 09/02/2026 - 20:50:44: [FF] [Rïçēz] <STEAM_1:1:558962692> -> 6 HP bằng (súng) -> [TezzyPham] <STEAM_1:1:933338290>
L 09/02/2026 - 20:50:44: [FF] [Rïçēz] <STEAM_1:1:558962692> -> 6 HP bằng (súng) -> [TezzyPham] <STEAM_1:1:933338290>
L 09/02/2026 - 20:50:46: [HẠ GỤC] Hunter Bot <BOT> đã hạ gục Curren Bouquetd'or <STEAM_1:1:524205977> bằng (zombie cào/đấm)
L 09/02/2026 - 20:50:50: [FF] [（ ͜.人 ͜.）⛇☃] <STEAM_1:1:241852047> -> 7 HP bằng (súng) -> [Chicoarun] <STEAM_1:0:952954061>
L 09/02/2026 - 20:51:01: [FF] [Curren Bouquetd'or] <STEAM_1:1:524205977> -> 3 HP bằng (súng) -> [Mikasa] <STEAM_1:0:522010986>
L 09/02/2026 - 20:51:01: [FF] [Curren Bouquetd'or] <STEAM_1:1:524205977> -> 3 HP bằng (súng) -> [Mikasa] <STEAM_1:0:522010986>
L 09/02/2026 - 20:51:01: [FF] [Curren Bouquetd'or] <STEAM_1:1:524205977> -> 3 HP bằng (súng) -> [Mikasa] <STEAM_1:0:522010986>
L 09/02/2026 - 20:51:02: [FF] [Curren Bouquetd'or] <STEAM_1:1:524205977> -> 3 HP bằng (súng) -> [TezzyPham] <STEAM_1:1:933338290>
L 09/02/2026 - 20:51:04: [FF] [（ ͜.人 ͜.）⛇☃] <STEAM_1:1:241852047> -> 10 HP bằng (súng) -> [Chicoarun] <STEAM_1:0:952954061>
L 09/02/2026 - 20:51:04: [FF] [（ ͜.人 ͜.）⛇☃] <STEAM_1:1:241852047> -> 10 HP bằng (súng) -> [Chicoarun] <STEAM_1:0:952954061>
L 09/02/2026 - 20:51:08: [FF] [KeroN] <STEAM_1:1:161759963> -> 1 HP bằng (môi trường/khác) -> [Bảo Nguyên] <STEAM_1:0:218160880>
L 09/02/2026 - 20:51:50: [FF] [Curren Bouquetd'or] <STEAM_1:1:524205977> -> 3 HP bằng (súng) -> [Bảo Nguyên] <STEAM_1:0:218160880>
L 09/02/2026 - 20:51:50: [FF] [Curren Bouquetd'or] <STEAM_1:1:524205977> -> 3 HP bằng (súng) -> [Bảo Nguyên] <STEAM_1:0:218160880>
L 09/02/2026 - 20:51:50: [FF] [Curren Bouquetd'or] <STEAM_1:1:524205977> -> 3 HP bằng (súng) -> [Bảo Nguyên] <STEAM_1:0:218160880>
L 09/02/2026 - 20:51:50: [FF] [Curren Bouquetd'or] <STEAM_1:1:524205977> -> 3 HP bằng (súng) -> [Bảo Nguyên] <STEAM_1:0:218160880>
L 09/02/2026 - 20:51:57: [FF] [Curren Bouquetd'or] <STEAM_1:1:524205977> -> 3 HP bằng (súng) -> [Bảo Nguyên] <STEAM_1:0:218160880>
L 09/02/2026 - 20:51:57: [HẠ GỤC] (1)Jockey Bot <BOT> đã hạ gục Holo 40k <STEAM_1:1:925049770> bằng (zombie cào/đấm)
L 09/02/2026 - 20:52:01: [HẠ GỤC] Zombie/Witch/Môi trường <N/A> đã hạ gục Bảo Nguyên <STEAM_1:0:218160880> bằng (môi trường/khác)
L 09/02/2026 - 20:52:03: [FF] [Lê Hải] <STEAM_1:0:471595906> -> 22 HP bằng (súng) -> [Mikasa] <STEAM_1:0:522010986>
L 09/02/2026 - 20:52:14: [FF] [weeBlord] <STEAM_1:0:242584050> -> 11 HP bằng (súng) -> [Bảo Nguyên] <STEAM_1:0:218160880>
L 09/02/2026 - 20:52:14: [FF] [Rïçēz] <STEAM_1:1:558962692> -> 6 HP bằng (súng) -> [Bảo Nguyên] <STEAM_1:0:218160880>
L 09/02/2026 - 20:52:14: [FF] [Rïçēz] <STEAM_1:1:558962692> -> 5 HP bằng (súng) -> [Bảo Nguyên] <STEAM_1:0:218160880>
L 09/02/2026 - 20:52:17: [HẠ GỤC] Smoker Bot <BOT> đã hạ gục TezzyPham <STEAM_1:1:933338290> bằng (zombie cào/đấm)
L 09/02/2026 - 20:52:17: [FF] [KeroN] <STEAM_1:1:161759963> -> 15 HP bằng (súng) -> [chimxanh] <STEAM_1:1:626078671>
L 09/02/2026 - 20:52:27: [HẠ GỤC] Mikasa <STEAM_1:0:522010986> đã hạ gục Rïçēz <STEAM_1:1:558962692> bằng (súng)
L 09/02/2026 - 20:52:27: [FF] [Mikasa] <STEAM_1:0:522010986> -> 3 HP bằng (súng) -> [Rïçēz] <STEAM_1:1:558962692>
L 09/02/2026 - 20:52:35: [FF] [（ ͜.人 ͜.）⛇☃] <STEAM_1:1:241852047> -> 7 HP bằng (súng) -> [Rïçēz] <STEAM_1:1:558962692>
L 09/02/2026 - 20:52:46: [FF] [Bảo Nguyên] <STEAM_1:0:218160880> -> 5 HP bằng (súng) -> [Chicoarun] <STEAM_1:0:952954061>
L 09/02/2026 - 20:52:46: [FF] [Bảo Nguyên] <STEAM_1:0:218160880> -> 5 HP bằng (súng) -> [Chicoarun] <STEAM_1:0:952954061>
L 09/02/2026 - 20:52:46: [FF] [Bảo Nguyên] <STEAM_1:0:218160880> -> 5 HP bằng (súng) -> [TezzyPham] <STEAM_1:1:933338290>
L 09/02/2026 - 20:52:46: [HẠ GỤC] Bảo Nguyên <STEAM_1:0:218160880> đã hạ gục TezzyPham <STEAM_1:1:933338290> bằng (súng)
L 09/02/2026 - 20:52:47: [FF] [Bảo Nguyên] <STEAM_1:0:218160880> -> 5 HP bằng (súng) -> [TezzyPham] <STEAM_1:1:933338290>
L 09/02/2026 - 20:52:47: [FF] [Bảo Nguyên] <STEAM_1:0:218160880> -> 5 HP bằng (súng) -> [Chicoarun] <STEAM_1:0:952954061>
L 09/02/2026 - 20:52:47: [FF] [Curren Bouquetd'or] <STEAM_1:1:524205977> -> 3 HP bằng (súng) -> [TezzyPham] <STEAM_1:1:933338290>
L 09/02/2026 - 20:52:52: [FF] [None :D] <STEAM_1:0:578030381> -> 22 HP bằng (súng) -> [chimxanh] <STEAM_1:1:626078671>
L 09/02/2026 - 20:52:54: [HẠ GỤC] Zombie/Witch/Môi trường <N/A> đã hạ gục Bảo Nguyên <STEAM_1:0:218160880> bằng (môi trường/khác)
L 09/02/2026 - 20:52:56: [HẠ GỤC] Zombie/Witch/Môi trường <N/A> đã hạ gục Curren Bouquetd'or <STEAM_1:1:524205977> bằng (môi trường/khác)
L 09/02/2026 - 20:52:57: [HẠ GỤC] Lê Hải <STEAM_1:0:471595906> đã hạ gục chimxanh <STEAM_1:1:626078671> bằng (súng)
L 09/02/2026 - 20:52:58: [FF] [None :D] <STEAM_1:0:578030381> -> 15 HP bằng (súng) -> [TezzyPham] <STEAM_1:1:933338290>
L 09/02/2026 - 20:52:59: [HẠ GỤC] Boomer Bot <BOT> đã hạ gục Chicoarun <STEAM_1:0:952954061> bằng (môi trường/khác)
L 09/02/2026 - 20:53:01: [KILL] Zombie/Witch/Môi trường <N/A> đã giết Holo 40k <STEAM_1:1:925049770> bằng (môi trường/khác)
L 09/02/2026 - 20:53:11: [FF] [chimxanh] <STEAM_1:1:626078671> -> 3 HP bằng (súng) -> [Bảo Nguyên] <STEAM_1:0:218160880>
L 09/02/2026 - 20:53:11: [FF] [chimxanh] <STEAM_1:1:626078671> -> 3 HP bằng (súng) -> [Bảo Nguyên] <STEAM_1:0:218160880>
L 09/02/2026 - 20:53:11: [FF] [chimxanh] <STEAM_1:1:626078671> -> 3 HP bằng (súng) -> [Bảo Nguyên] <STEAM_1:0:218160880>
L 09/02/2026 - 20:53:11: [FF] [chimxanh] <STEAM_1:1:626078671> -> 3 HP bằng (súng) -> [Bảo Nguyên] <STEAM_1:0:218160880>
L 09/02/2026 - 20:53:11: [FF] [chimxanh] <STEAM_1:1:626078671> -> 3 HP bằng (súng) -> [Bảo Nguyên] <STEAM_1:0:218160880>
L 09/02/2026 - 20:53:13: [FF] [TezzyPham] <STEAM_1:1:933338290> -> 5 HP bằng (súng) -> [Bảo Nguyên] <STEAM_1:0:218160880>
L 09/02/2026 - 20:53:13: [FF] [TezzyPham] <STEAM_1:1:933338290> -> 5 HP bằng (súng) -> [Bảo Nguyên] <STEAM_1:0:218160880>
L 09/02/2026 - 20:53:13: [FF] [TezzyPham] <STEAM_1:1:933338290> -> 5 HP bằng (súng) -> [Bảo Nguyên] <STEAM_1:0:218160880>
L 09/02/2026 - 20:53:13: [FF] [TezzyPham] <STEAM_1:1:933338290> -> 5 HP bằng (súng) -> [Bảo Nguyên] <STEAM_1:0:218160880>
L 09/02/2026 - 20:53:14: [FF] [chimxanh] <STEAM_1:1:626078671> -> 3 HP bằng (súng) -> [Bảo Nguyên] <STEAM_1:0:218160880>
L 09/02/2026 - 20:53:14: [FF] [chimxanh] <STEAM_1:1:626078671> -> 3 HP bằng (súng) -> [Bảo Nguyên] <STEAM_1:0:218160880>
L 09/02/2026 - 20:53:14: [FF] [chimxanh] <STEAM_1:1:626078671> -> 3 HP bằng (súng) -> [Bảo Nguyên] <STEAM_1:0:218160880>
L 09/02/2026 - 20:53:14: [FF] [chimxanh] <STEAM_1:1:626078671> -> 3 HP bằng (súng) -> [Bảo Nguyên] <STEAM_1:0:218160880>
L 09/02/2026 - 20:53:14: [FF] [chimxanh] <STEAM_1:1:626078671> -> 3 HP bằng (súng) -> [Bảo Nguyên] <STEAM_1:0:218160880>
L 09/02/2026 - 20:53:14: [FF] [chimxanh] <STEAM_1:1:626078671> -> 3 HP bằng (súng) -> [Bảo Nguyên] <STEAM_1:0:218160880>
L 09/02/2026 - 20:53:20: [FF] [Mikasa] <STEAM_1:0:522010986> -> 3 HP bằng (súng) -> [chimxanh] <STEAM_1:1:626078671>
L 09/02/2026 - 20:53:20: [FF] [Mikasa] <STEAM_1:0:522010986> -> 3 HP bằng (súng) -> [chimxanh] <STEAM_1:1:626078671>
L 09/02/2026 - 20:53:26: [FF] [Chicoarun] <STEAM_1:0:952954061> -> 3 HP bằng (boom/fire) -> [Bảo Nguyên] <STEAM_1:0:218160880>
L 09/02/2026 - 20:53:26: [FF] [Chicoarun] <STEAM_1:0:952954061> -> 3 HP bằng (boom/fire) -> [Bảo Nguyên] <STEAM_1:0:218160880>
L 09/02/2026 - 20:53:36: [FF] [Curren Bouquetd'or] <STEAM_1:1:524205977> -> 3 HP bằng (boom/fire) -> [Chicoarun] <STEAM_1:0:952954061>
L 09/02/2026 - 20:53:36: [FF] [Curren Bouquetd'or] <STEAM_1:1:524205977> -> 3 HP bằng (boom/fire) -> [Chicoarun] <STEAM_1:0:952954061>
L 09/02/2026 - 20:53:36: [FF] [Curren Bouquetd'or] <STEAM_1:1:524205977> -> 3 HP bằng (boom/fire) -> [Chicoarun] <STEAM_1:0:952954061>
L 09/02/2026 - 20:53:36: [FF] [Curren Bouquetd'or] <STEAM_1:1:524205977> -> 3 HP bằng (boom/fire) -> [Chicoarun] <STEAM_1:0:952954061>
L 09/02/2026 - 20:53:36: [FF] [Curren Bouquetd'or] <STEAM_1:1:524205977> -> 3 HP bằng (boom/fire) -> [Chicoarun] <STEAM_1:0:952954061>
L 09/02/2026 - 20:53:36: [FF] [Curren Bouquetd'or] <STEAM_1:1:524205977> -> 3 HP bằng (boom/fire) -> [Chicoarun] <STEAM_1:0:952954061>
L 09/02/2026 - 20:53:36: [FF] [Curren Bouquetd'or] <STEAM_1:1:524205977> -> 3 HP bằng (boom/fire) -> [Chicoarun] <STEAM_1:0:952954061>
L 09/02/2026 - 20:53:36: [FF] [Curren Bouquetd'or] <STEAM_1:1:524205977> -> 3 HP bằng (boom/fire) -> [Chicoarun] <STEAM_1:0:952954061>
L 09/02/2026 - 20:53:37: [FF] [Curren Bouquetd'or] <STEAM_1:1:524205977> -> 3 HP bằng (boom/fire) -> [Chicoarun] <STEAM_1:0:952954061>
L 09/02/2026 - 20:53:37: [KILL] Spitter Bot <BOT> đã giết Bảo Nguyên <STEAM_1:0:218160880> bằng (môi trường/khác)
L 09/02/2026 - 20:53:37: [HẠ GỤC] Spitter Bot <BOT> đã hạ gục Curren Bouquetd'or <STEAM_1:1:524205977> bằng (môi trường/khác)
L 09/02/2026 - 20:53:50: [FF] [Curren Bouquetd'or] <STEAM_1:1:524205977> -> 3 HP bằng (boom/fire) -> [KeroN] <STEAM_1:1:161759963>
L 09/02/2026 - 20:53:50: [FF] [Curren Bouquetd'or] <STEAM_1:1:524205977> -> 3 HP bằng (boom/fire) -> [KeroN] <STEAM_1:1:161759963>
L 09/02/2026 - 20:53:53: [HẠ GỤC] Zombie/Witch/Môi trường <N/A> đã hạ gục Chicoarun <STEAM_1:0:952954061> bằng (môi trường/khác)
L 09/02/2026 - 20:53:55: [FF] [Curren Bouquetd'or] <STEAM_1:1:524205977> -> 3 HP bằng (boom/fire) -> [None :D] <STEAM_1:0:578030381>
L 09/02/2026 - 20:53:55: [FF] [Curren Bouquetd'or] <STEAM_1:1:524205977> -> 3 HP bằng (boom/fire) -> [None :D] <STEAM_1:0:578030381>
L 09/02/2026 - 20:53:55: [FF] [Curren Bouquetd'or] <STEAM_1:1:524205977> -> 3 HP bằng (boom/fire) -> [None :D] <STEAM_1:0:578030381>
L 09/02/2026 - 20:53:55: [FF] [Curren Bouquetd'or] <STEAM_1:1:524205977> -> 3 HP bằng (boom/fire) -> [None :D] <STEAM_1:0:578030381>
L 09/02/2026 - 20:53:55: [FF] [Curren Bouquetd'or] <STEAM_1:1:524205977> -> 3 HP bằng (boom/fire) -> [None :D] <STEAM_1:0:578030381>
L 09/02/2026 - 20:53:55: [FF] [Curren Bouquetd'or] <STEAM_1:1:524205977> -> 3 HP bằng (boom/fire) -> [None :D] <STEAM_1:0:578030381>
L 09/02/2026 - 20:53:59: [HẠ GỤC] Hunter Bot <BOT> đã hạ gục KeroN <STEAM_1:1:161759963> bằng (zombie cào/đấm)
L 09/02/2026 - 20:53:59: [FF] [（ ͜.人 ͜.）⛇☃] <STEAM_1:1:241852047> -> 7 HP bằng (boom/fire) -> [KeroN] <STEAM_1:1:161759963>
L 09/02/2026 - 20:53:59: [FF] [Curren Bouquetd'or] <STEAM_1:1:524205977> -> 3 HP bằng (boom/fire) -> [KeroN] <STEAM_1:1:161759963>
L 09/02/2026 - 20:53:59: [FF] [Curren Bouquetd'or] <STEAM_1:1:524205977> -> 3 HP bằng (boom/fire) -> [KeroN] <STEAM_1:1:161759963>
L 09/02/2026 - 20:54:01: [FF] [（ ͜.人 ͜.）⛇☃] <STEAM_1:1:241852047> -> 5 HP bằng (boom/fire) -> [Curren Bouquetd'or] <STEAM_1:1:524205977>
L 09/02/2026 - 20:54:01: [FF] [Lê Hải] <STEAM_1:0:471595906> -> 22 HP bằng (súng) -> [Rïçēz] <STEAM_1:1:558962692>
L 09/02/2026 - 20:54:05: [FF] [Lê Hải] <STEAM_1:0:471595906> -> 15 HP bằng (súng) -> [（ ͜.人 ͜.）⛇☃] <STEAM_1:1:241852047>
L 09/02/2026 - 20:54:07: [FF] [Chicoarun] <STEAM_1:0:952954061> -> 3 HP bằng (boom/fire) -> [Lê Hải] <STEAM_1:0:471595906>
L 09/02/2026 - 20:54:07: [FF] [Chicoarun] <STEAM_1:0:952954061> -> 3 HP bằng (boom/fire) -> [Lê Hải] <STEAM_1:0:471595906>
L 09/02/2026 - 20:54:07: [FF] [Chicoarun] <STEAM_1:0:952954061> -> 3 HP bằng (boom/fire) -> [Lê Hải] <STEAM_1:0:471595906>
L 09/02/2026 - 20:54:07: [FF] [Chicoarun] <STEAM_1:0:952954061> -> 3 HP bằng (boom/fire) -> [Lê Hải] <STEAM_1:0:471595906>
L 09/02/2026 - 20:54:07: [FF] [Chicoarun] <STEAM_1:0:952954061> -> 3 HP bằng (boom/fire) -> [Lê Hải] <STEAM_1:0:471595906>
L 09/02/2026 - 20:54:07: [FF] [Chicoarun] <STEAM_1:0:952954061> -> 3 HP bằng (boom/fire) -> [Lê Hải] <STEAM_1:0:471595906>
L 09/02/2026 - 20:54:07: [FF] [Chicoarun] <STEAM_1:0:952954061> -> 3 HP bằng (boom/fire) -> [Lê Hải] <STEAM_1:0:471595906>
L 09/02/2026 - 20:54:07: [FF] [Chicoarun] <STEAM_1:0:952954061> -> 3 HP bằng (boom/fire) -> [Lê Hải] <STEAM_1:0:471595906>
L 09/02/2026 - 20:54:07: [FF] [Chicoarun] <STEAM_1:0:952954061> -> 3 HP bằng (boom/fire) -> [Lê Hải] <STEAM_1:0:471595906>
L 09/02/2026 - 20:54:07: [FF] [Chicoarun] <STEAM_1:0:952954061> -> 3 HP bằng (boom/fire) -> [Lê Hải] <STEAM_1:0:471595906>
L 09/02/2026 - 20:54:07: [FF] [Chicoarun] <STEAM_1:0:952954061> -> 3 HP bằng (boom/fire) -> [Lê Hải] <STEAM_1:0:471595906>
L 09/02/2026 - 20:54:09: [FF] [Chicoarun] <STEAM_1:0:952954061> -> 1 HP bằng (boom/fire) -> [weeBlord] <STEAM_1:0:242584050>
L 09/02/2026 - 20:54:09: [FF] [Chicoarun] <STEAM_1:0:952954061> -> 1 HP bằng (boom/fire) -> [KeroN] <STEAM_1:1:161759963>
L 09/02/2026 - 20:54:09: [FF] [Chicoarun] <STEAM_1:0:952954061> -> 3 HP bằng (boom/fire) -> [weeBlord] <STEAM_1:0:242584050>
L 09/02/2026 - 20:54:09: [FF] [Chicoarun] <STEAM_1:0:952954061> -> 3 HP bằng (boom/fire) -> [KeroN] <STEAM_1:1:161759963>
L 09/02/2026 - 20:54:09: [FF] [Chicoarun] <STEAM_1:0:952954061> -> 4 HP bằng (boom/fire) -> [weeBlord] <STEAM_1:0:242584050>
L 09/02/2026 - 20:54:09: [FF] [Chicoarun] <STEAM_1:0:952954061> -> 4 HP bằng (boom/fire) -> [KeroN] <STEAM_1:1:161759963>
L 09/02/2026 - 20:54:09: [FF] [Chicoarun] <STEAM_1:0:952954061> -> 6 HP bằng (boom/fire) -> [weeBlord] <STEAM_1:0:242584050>
L 09/02/2026 - 20:54:09: [FF] [Chicoarun] <STEAM_1:0:952954061> -> 6 HP bằng (boom/fire) -> [KeroN] <STEAM_1:1:161759963>
L 09/02/2026 - 20:54:10: [FF] [Chicoarun] <STEAM_1:0:952954061> -> 8 HP bằng (boom/fire) -> [weeBlord] <STEAM_1:0:242584050>
L 09/02/2026 - 20:54:10: [FF] [Chicoarun] <STEAM_1:0:952954061> -> 8 HP bằng (boom/fire) -> [KeroN] <STEAM_1:1:161759963>
L 09/02/2026 - 20:54:10: [FF] [Chicoarun] <STEAM_1:0:952954061> -> 10 HP bằng (boom/fire) -> [weeBlord] <STEAM_1:0:242584050>
L 09/02/2026 - 20:54:10: [FF] [Chicoarun] <STEAM_1:0:952954061> -> 10 HP bằng (boom/fire) -> [KeroN] <STEAM_1:1:161759963>
L 09/02/2026 - 20:54:10: [FF] [Chicoarun] <STEAM_1:0:952954061> -> 12 HP bằng (boom/fire) -> [KeroN] <STEAM_1:1:161759963>
L 09/02/2026 - 20:54:10: [FF] [Chicoarun] <STEAM_1:0:952954061> -> 12 HP bằng (boom/fire) -> [weeBlord] <STEAM_1:0:242584050>
L 09/02/2026 - 20:54:10: [FF] [Mikasa] <STEAM_1:0:522010986> -> 7 HP bằng (melee) -> [Chicoarun] <STEAM_1:0:952954061>
L 09/02/2026 - 20:54:10: [FF] [Chicoarun] <STEAM_1:0:952954061> -> 14 HP bằng (boom/fire) -> [weeBlord] <STEAM_1:0:242584050>
L 09/02/2026 - 20:54:10: [HẠ GỤC] Chicoarun <STEAM_1:0:952954061> đã hạ gục KeroN <STEAM_1:1:161759963> bằng (boom/fire)
L 09/02/2026 - 20:54:10: [HẠ GỤC] Zombie/Witch/Môi trường <N/A> đã hạ gục weeBlord <STEAM_1:0:242584050> bằng (boom/fire)
L 09/02/2026 - 20:54:11: [FF] [Chicoarun] <STEAM_1:0:952954061> -> 16 HP bằng (boom/fire) -> [weeBlord] <STEAM_1:0:242584050>
L 09/02/2026 - 20:54:11: [FF] [Chicoarun] <STEAM_1:0:952954061> -> 16 HP bằng (boom/fire) -> [weeBlord] <STEAM_1:0:242584050>
L 09/02/2026 - 20:54:11: [FF] [Chicoarun] <STEAM_1:0:952954061> -> 3 HP bằng (boom/fire) -> [weeBlord] <STEAM_1:0:242584050>
L 09/02/2026 - 20:54:11: [FF] [Chicoarun] <STEAM_1:0:952954061> -> 3 HP bằng (boom/fire) -> [weeBlord] <STEAM_1:0:242584050>
L 09/02/2026 - 20:54:11: [FF] [Chicoarun] <STEAM_1:0:952954061> -> 3 HP bằng (boom/fire) -> [weeBlord] <STEAM_1:0:242584050>
L 09/02/2026 - 20:54:11: [FF] [Chicoarun] <STEAM_1:0:952954061> -> 3 HP bằng (boom/fire) -> [weeBlord] <STEAM_1:0:242584050>
L 09/02/2026 - 20:54:11: [FF] [Chicoarun] <STEAM_1:0:952954061> -> 3 HP bằng (boom/fire) -> [weeBlord] <STEAM_1:0:242584050>
L 09/02/2026 - 20:54:11: [FF] [Chicoarun] <STEAM_1:0:952954061> -> 3 HP bằng (boom/fire) -> [weeBlord] <STEAM_1:0:242584050>
L 09/02/2026 - 20:54:11: [FF] [Chicoarun] <STEAM_1:0:952954061> -> 3 HP bằng (boom/fire) -> [weeBlord] <STEAM_1:0:242584050>
L 09/02/2026 - 20:54:11: [FF] [Chicoarun] <STEAM_1:0:952954061> -> 3 HP bằng (boom/fire) -> [weeBlord] <STEAM_1:0:242584050>
L 09/02/2026 - 20:54:11: [FF] [Chicoarun] <STEAM_1:0:952954061> -> 16 HP bằng (boom/fire) -> [None :D] <STEAM_1:0:578030381>
L 09/02/2026 - 20:54:11: [FF] [Chicoarun] <STEAM_1:0:952954061> -> 16 HP bằng (boom/fire) -> [weeBlord] <STEAM_1:0:242584050>
L 09/02/2026 - 20:54:11: [FF] [（ ͜.人 ͜.）⛇☃] <STEAM_1:1:241852047> -> 7 HP bằng (boom/fire) -> [Rïçēz] <STEAM_1:1:558962692>
L 09/02/2026 - 20:54:11: [KILL] Chicoarun <STEAM_1:0:952954061> đã giết Chicoarun <STEAM_1:0:952954061> bằng (boom/fire)
L 09/02/2026 - 20:54:11: [FF] [Chicoarun] <STEAM_1:0:952954061> -> 16 HP bằng (boom/fire) -> [None :D] <STEAM_1:0:578030381>
L 09/02/2026 - 20:54:11: [FF] [Chicoarun] <STEAM_1:0:952954061> -> 16 HP bằng (boom/fire) -> [weeBlord] <STEAM_1:0:242584050>
L 09/02/2026 - 20:54:11: [FF] [（ ͜.人 ͜.）⛇☃] <STEAM_1:1:241852047> -> 7 HP bằng (boom/fire) -> [Rïçēz] <STEAM_1:1:558962692>
L 09/02/2026 - 20:54:11: [FF] [（ ͜.人 ͜.）⛇☃] <STEAM_1:1:241852047> -> 10 HP bằng (boom/fire) -> [Rïçēz] <STEAM_1:1:558962692>
L 09/02/2026 - 20:54:12: [FF] [Chicoarun] <STEAM_1:0:952954061> -> 16 HP bằng (boom/fire) -> [None :D] <STEAM_1:0:578030381>
L 09/02/2026 - 20:54:12: [FF] [Chicoarun] <STEAM_1:0:952954061> -> 16 HP bằng (boom/fire) -> [None :D] <STEAM_1:0:578030381>
L 09/02/2026 - 20:54:12: [FF] [Chicoarun] <STEAM_1:0:952954061> -> 16 HP bằng (boom/fire) -> [None :D] <STEAM_1:0:578030381>
L 09/02/2026 - 20:54:12: [HẠ GỤC] Chicoarun <STEAM_1:0:952954061> đã hạ gục None :D <STEAM_1:0:578030381> bằng (boom/fire)
L 09/02/2026 - 20:54:13: [FF] [Chicoarun] <STEAM_1:0:952954061> -> 16 HP bằng (boom/fire) -> [None :D] <STEAM_1:0:578030381>
L 09/02/2026 - 20:54:13: [FF] [Chicoarun] <STEAM_1:0:952954061> -> 16 HP bằng (boom/fire) -> [None :D] <STEAM_1:0:578030381>
L 09/02/2026 - 20:54:13: [FF] [Chicoarun] <STEAM_1:0:952954061> -> 16 HP bằng (boom/fire) -> [None :D] <STEAM_1:0:578030381>
L 09/02/2026 - 20:54:13: [FF] [Chicoarun] <STEAM_1:0:952954061> -> 16 HP bằng (boom/fire) -> [None :D] <STEAM_1:0:578030381>
L 09/02/2026 - 20:54:14: [FF] [Chicoarun] <STEAM_1:0:952954061> -> 16 HP bằng (boom/fire) -> [None :D] <STEAM_1:0:578030381>
L 09/02/2026 - 20:54:14: [FF] [Chicoarun] <STEAM_1:0:952954061> -> 16 HP bằng (boom/fire) -> [None :D] <STEAM_1:0:578030381>
L 09/02/2026 - 20:54:14: [FF] [Chicoarun] <STEAM_1:0:952954061> -> 16 HP bằng (boom/fire) -> [None :D] <STEAM_1:0:578030381>
L 09/02/2026 - 20:54:14: [FF] [Chicoarun] <STEAM_1:0:952954061> -> 16 HP bằng (boom/fire) -> [None :D] <STEAM_1:0:578030381>
L 09/02/2026 - 20:54:15: [FF] [Chicoarun] <STEAM_1:0:952954061> -> 16 HP bằng (boom/fire) -> [None :D] <STEAM_1:0:578030381>
L 09/02/2026 - 20:54:15: [FF] [Chicoarun] <STEAM_1:0:952954061> -> 16 HP bằng (boom/fire) -> [None :D] <STEAM_1:0:578030381>
L 09/02/2026 - 20:54:15: [FF] [Chicoarun] <STEAM_1:0:952954061> -> 16 HP bằng (boom/fire) -> [None :D] <STEAM_1:0:578030381>
L 09/02/2026 - 20:54:15: [FF] [Chicoarun] <STEAM_1:0:952954061> -> 16 HP bằng (boom/fire) -> [None :D] <STEAM_1:0:578030381>
L 09/02/2026 - 20:54:16: [FF] [Chicoarun] <STEAM_1:0:952954061> -> 16 HP bằng (boom/fire) -> [None :D] <STEAM_1:0:578030381>
L 09/02/2026 - 20:54:16: [FF] [Chicoarun] <STEAM_1:0:952954061> -> 16 HP bằng (boom/fire) -> [None :D] <STEAM_1:0:578030381>
L 09/02/2026 - 20:54:16: [FF] [Chicoarun] <STEAM_1:0:952954061> -> 16 HP bằng (boom/fire) -> [None :D] <STEAM_1:0:578030381>
L 09/02/2026 - 20:54:16: [FF] [Chicoarun] <STEAM_1:0:952954061> -> 16 HP bằng (boom/fire) -> [None :D] <STEAM_1:0:578030381>
L 09/02/2026 - 20:54:17: [FF] [Chicoarun] <STEAM_1:0:952954061> -> 16 HP bằng (boom/fire) -> [None :D] <STEAM_1:0:578030381>
L 09/02/2026 - 20:54:17: [FF] [Chicoarun] <STEAM_1:0:952954061> -> 16 HP bằng (boom/fire) -> [None :D] <STEAM_1:0:578030381>
L 09/02/2026 - 20:54:17: [FF] [Chicoarun] <STEAM_1:0:952954061> -> 16 HP bằng (boom/fire) -> [None :D] <STEAM_1:0:578030381>
L 09/02/2026 - 20:54:17: [FF] [Chicoarun] <STEAM_1:0:952954061> -> 16 HP bằng (boom/fire) -> [None :D] <STEAM_1:0:578030381>
L 09/02/2026 - 20:54:18: [FF] [Chicoarun] <STEAM_1:0:952954061> -> 16 HP bằng (boom/fire) -> [None :D] <STEAM_1:0:578030381>
L 09/02/2026 - 20:54:18: [FF] [Chicoarun] <STEAM_1:0:952954061> -> 16 HP bằng (boom/fire) -> [None :D] <STEAM_1:0:578030381>
L 09/02/2026 - 20:54:18: [FF] [Chicoarun] <STEAM_1:0:952954061> -> 16 HP bằng (boom/fire) -> [None :D] <STEAM_1:0:578030381>
L 09/02/2026 - 20:54:18: [FF] [Chicoarun] <STEAM_1:0:952954061> -> 16 HP bằng (boom/fire) -> [None :D] <STEAM_1:0:578030381>
L 09/02/2026 - 20:54:19: [FF] [Chicoarun] <STEAM_1:0:952954061> -> 16 HP bằng (boom/fire) -> [None :D] <STEAM_1:0:578030381>
L 09/02/2026 - 20:54:19: [FF] [Chicoarun] <STEAM_1:0:952954061> -> 16 HP bằng (boom/fire) -> [None :D] <STEAM_1:0:578030381>
L 09/02/2026 - 20:54:19: [FF] [Chicoarun] <STEAM_1:0:952954061> -> 16 HP bằng (boom/fire) -> [None :D] <STEAM_1:0:578030381>
L 09/02/2026 - 20:54:19: [FF] [Chicoarun] <STEAM_1:0:952954061> -> 16 HP bằng (boom/fire) -> [None :D] <STEAM_1:0:578030381>
L 09/02/2026 - 20:54:20: [FF] [Chicoarun] <STEAM_1:0:952954061> -> 16 HP bằng (boom/fire) -> [None :D] <STEAM_1:0:578030381>
L 09/02/2026 - 20:54:20: [FF] [Chicoarun] <STEAM_1:0:952954061> -> 16 HP bằng (boom/fire) -> [None :D] <STEAM_1:0:578030381>
L 09/02/2026 - 20:54:20: [FF] [Chicoarun] <STEAM_1:0:952954061> -> 16 HP bằng (boom/fire) -> [None :D] <STEAM_1:0:578030381>
L 09/02/2026 - 20:54:20: [FF] [Chicoarun] <STEAM_1:0:952954061> -> 16 HP bằng (boom/fire) -> [None :D] <STEAM_1:0:578030381>
L 09/02/2026 - 20:54:21: [FF] [Chicoarun] <STEAM_1:0:952954061> -> 16 HP bằng (boom/fire) -> [None :D] <STEAM_1:0:578030381>
L 09/02/2026 - 20:54:21: [FF] [Chicoarun] <STEAM_1:0:952954061> -> 16 HP bằng (boom/fire) -> [None :D] <STEAM_1:0:578030381>
L 09/02/2026 - 20:54:21: [FF] [Chicoarun] <STEAM_1:0:952954061> -> 16 HP bằng (boom/fire) -> [None :D] <STEAM_1:0:578030381>
L 09/02/2026 - 20:54:21: [FF] [Chicoarun] <STEAM_1:0:952954061> -> 16 HP bằng (boom/fire) -> [None :D] <STEAM_1:0:578030381>
L 09/02/2026 - 20:54:22: [FF] [Chicoarun] <STEAM_1:0:952954061> -> 16 HP bằng (boom/fire) -> [None :D] <STEAM_1:0:578030381>
L 09/02/2026 - 20:54:22: [FF] [Chicoarun] <STEAM_1:0:952954061> -> 16 HP bằng (boom/fire) -> [None :D] <STEAM_1:0:578030381>
L 09/02/2026 - 20:54:22: [FF] [Mikasa] <STEAM_1:0:522010986> -> 3 HP bằng (boom/fire) -> [None :D] <STEAM_1:0:578030381>
L 09/02/2026 - 20:54:22: [FF] [Mikasa] <STEAM_1:0:522010986> -> 3 HP bằng (boom/fire) -> [None :D] <STEAM_1:0:578030381>
L 09/02/2026 - 20:54:22: [FF] [Chicoarun] <STEAM_1:0:952954061> -> 16 HP bằng (boom/fire) -> [None :D] <STEAM_1:0:578030381>
L 09/02/2026 - 20:54:22: [FF] [Chicoarun] <STEAM_1:0:952954061> -> 16 HP bằng (boom/fire) -> [None :D] <STEAM_1:0:578030381>
L 09/02/2026 - 20:54:23: [FF] [Chicoarun] <STEAM_1:0:952954061> -> 16 HP bằng (boom/fire) -> [None :D] <STEAM_1:0:578030381>
L 09/02/2026 - 20:54:23: [FF] [Chicoarun] <STEAM_1:0:952954061> -> 16 HP bằng (boom/fire) -> [None :D] <STEAM_1:0:578030381>
L 09/02/2026 - 20:54:23: [FF] [Mikasa] <STEAM_1:0:522010986> -> 3 HP bằng (boom/fire) -> [None :D] <STEAM_1:0:578030381>
L 09/02/2026 - 20:54:23: [FF] [Mikasa] <STEAM_1:0:522010986> -> 3 HP bằng (boom/fire) -> [None :D] <STEAM_1:0:578030381>
L 09/02/2026 - 20:54:23: [FF] [Mikasa] <STEAM_1:0:522010986> -> 3 HP bằng (boom/fire) -> [None :D] <STEAM_1:0:578030381>
L 09/02/2026 - 20:54:23: [FF] [Mikasa] <STEAM_1:0:522010986> -> 3 HP bằng (boom/fire) -> [None :D] <STEAM_1:0:578030381>
L 09/02/2026 - 20:54:23: [FF] [Mikasa] <STEAM_1:0:522010986> -> 3 HP bằng (boom/fire) -> [None :D] <STEAM_1:0:578030381>
L 09/02/2026 - 20:54:23: [FF] [Chicoarun] <STEAM_1:0:952954061> -> 16 HP bằng (boom/fire) -> [None :D] <STEAM_1:0:578030381>
L 09/02/2026 - 20:54:23: [FF] [Mikasa] <STEAM_1:0:522010986> -> 3 HP bằng (boom/fire) -> [None :D] <STEAM_1:0:578030381>
L 09/02/2026 - 20:54:23: [FF] [Mikasa] <STEAM_1:0:522010986> -> 3 HP bằng (boom/fire) -> [None :D] <STEAM_1:0:578030381>
L 09/02/2026 - 20:54:23: [FF] [Mikasa] <STEAM_1:0:522010986> -> 3 HP bằng (boom/fire) -> [None :D] <STEAM_1:0:578030381>
L 09/02/2026 - 20:54:23: [HẠ GỤC] Jockey Bot <BOT> đã hạ gục （ ͜.人 ͜.）⛇☃ <STEAM_1:1:241852047> bằng (zombie cào/đấm)
L 09/02/2026 - 20:54:23: [FF] [Chicoarun] <STEAM_1:0:952954061> -> 16 HP bằng (boom/fire) -> [None :D] <STEAM_1:0:578030381>
L 09/02/2026 - 20:54:26: [FF] [Curren Bouquetd'or] <STEAM_1:1:524205977> -> 4 HP bằng (súng) -> [Rïçēz] <STEAM_1:1:558962692>
L 09/02/2026 - 20:54:26: [FF] [Curren Bouquetd'or] <STEAM_1:1:524205977> -> 4 HP bằng (súng) -> [Rïçēz] <STEAM_1:1:558962692>
L 09/02/2026 - 20:54:26: [FF] [Curren Bouquetd'or] <STEAM_1:1:524205977> -> 4 HP bằng (súng) -> [Rïçēz] <STEAM_1:1:558962692>
L 09/02/2026 - 20:54:37: [FF] [（ ͜.人 ͜.）⛇☃] <STEAM_1:1:241852047> -> 10 HP bằng (boom/fire) -> [Rïçēz] <STEAM_1:1:558962692>
L 09/02/2026 - 20:54:37: [HẠ GỤC] Spitter Bot <BOT> đã hạ gục Rïçēz <STEAM_1:1:558962692> bằng (môi trường/khác)
L 09/02/2026 - 20:54:37: [FF] [（ ͜.人 ͜.）⛇☃] <STEAM_1:1:241852047> -> 10 HP bằng (boom/fire) -> [Rïçēz] <STEAM_1:1:558962692>
L 09/02/2026 - 20:54:42: [FF] [Curren Bouquetd'or] <STEAM_1:1:524205977> -> 4 HP bằng (súng) -> [Rïçēz] <STEAM_1:1:558962692>
L 09/02/2026 - 20:54:42: [FF] [Curren Bouquetd'or] <STEAM_1:1:524205977> -> 4 HP bằng (súng) -> [Rïçēz] <STEAM_1:1:558962692>
L 09/02/2026 - 20:54:42: [FF] [Curren Bouquetd'or] <STEAM_1:1:524205977> -> 4 HP bằng (súng) -> [Rïçēz] <STEAM_1:1:558962692>
L 09/02/2026 - 20:54:42: [FF] [Curren Bouquetd'or] <STEAM_1:1:524205977> -> 4 HP bằng (súng) -> [Rïçēz] <STEAM_1:1:558962692>
L 09/02/2026 - 20:54:42: [FF] [Curren Bouquetd'or] <STEAM_1:1:524205977> -> 4 HP bằng (súng) -> [Rïçēz] <STEAM_1:1:558962692>
L 09/02/2026 - 20:54:42: [FF] [Curren Bouquetd'or] <STEAM_1:1:524205977> -> 4 HP bằng (súng) -> [Rïçēz] <STEAM_1:1:558962692>
L 09/02/2026 - 20:54:42: [FF] [Curren Bouquetd'or] <STEAM_1:1:524205977> -> 4 HP bằng (súng) -> [Rïçēz] <STEAM_1:1:558962692>
L 09/02/2026 - 20:54:42: [FF] [Curren Bouquetd'or] <STEAM_1:1:524205977> -> 4 HP bằng (súng) -> [Rïçēz] <STEAM_1:1:558962692>
L 09/02/2026 - 20:54:42: [FF] [Curren Bouquetd'or] <STEAM_1:1:524205977> -> 4 HP bằng (súng) -> [Rïçēz] <STEAM_1:1:558962692>
L 09/02/2026 - 20:54:46: [HẠ GỤC] Zombie/Witch/Môi trường <N/A> đã hạ gục Holo 40k <STEAM_1:1:925049770> bằng (môi trường/khác)
L 09/02/2026 - 20:54:46: [FF] [chimxanh] <STEAM_1:1:626078671> -> 4 HP bằng (súng) -> [Bảo Nguyên] <STEAM_1:0:218160880>
L 09/02/2026 - 20:54:51: [KILL] Zombie/Witch/Môi trường <N/A> đã giết TezzyPham <STEAM_1:1:933338290> bằng (môi trường/khác)
L 09/02/2026 - 20:54:51: [FF] [Curren Bouquetd'or] <STEAM_1:1:524205977> -> 3 HP bằng (súng) -> [Mikasa] <STEAM_1:0:522010986>
L 09/02/2026 - 20:54:51: [FF] [Curren Bouquetd'or] <STEAM_1:1:524205977> -> 3 HP bằng (súng) -> [Mikasa] <STEAM_1:0:522010986>
L 09/02/2026 - 20:54:51: [FF] [Curren Bouquetd'or] <STEAM_1:1:524205977> -> 3 HP bằng (súng) -> [Mikasa] <STEAM_1:0:522010986>
L 09/02/2026 - 20:54:52: [FF] [Rïçēz] <STEAM_1:1:558962692> -> 6 HP bằng (súng) -> [weeBlord] <STEAM_1:0:242584050>
L 09/02/2026 - 20:54:52: [FF] [Rïçēz] <STEAM_1:1:558962692> -> 6 HP bằng (súng) -> [weeBlord] <STEAM_1:0:242584050>
L 09/02/2026 - 20:54:52: [FF] [Rïçēz] <STEAM_1:1:558962692> -> 9 HP bằng (súng) -> [weeBlord] <STEAM_1:0:242584050>
L 09/02/2026 - 20:54:52: [FF] [Rïçēz] <STEAM_1:1:558962692> -> 5 HP bằng (súng) -> [weeBlord] <STEAM_1:0:242584050>
L 09/02/2026 - 20:54:52: [FF] [Rïçēz] <STEAM_1:1:558962692> -> 5 HP bằng (súng) -> [weeBlord] <STEAM_1:0:242584050>
L 09/02/2026 - 20:54:53: [FF] [Rïçēz] <STEAM_1:1:558962692> -> 9 HP bằng (súng) -> [Curren Bouquetd'or] <STEAM_1:1:524205977>
L 09/02/2026 - 20:55:09: [KILL] Zombie/Witch/Môi trường <N/A> đã giết Bảo Nguyên <STEAM_1:0:218160880> bằng (zombie cào/đấm)
L 09/02/2026 - 20:55:11: [FF] [Curren Bouquetd'or] <STEAM_1:1:524205977> -> 3 HP bằng (súng) -> [（ ͜.人 ͜.）⛇☃] <STEAM_1:1:241852047>
L 09/02/2026 - 20:55:11: [FF] [Curren Bouquetd'or] <STEAM_1:1:524205977> -> 3 HP bằng (súng) -> [（ ͜.人 ͜.）⛇☃] <STEAM_1:1:241852047>
L 09/02/2026 - 20:55:11: [FF] [Curren Bouquetd'or] <STEAM_1:1:524205977> -> 3 HP bằng (súng) -> [（ ͜.人 ͜.）⛇☃] <STEAM_1:1:241852047>
L 09/02/2026 - 20:55:11: [FF] [Curren Bouquetd'or] <STEAM_1:1:524205977> -> 3 HP bằng (súng) -> [（ ͜.人 ͜.）⛇☃] <STEAM_1:1:241852047>
L 09/02/2026 - 20:55:11: [FF] [Curren Bouquetd'or] <STEAM_1:1:524205977> -> 3 HP bằng (súng) -> [（ ͜.人 ͜.）⛇☃] <STEAM_1:1:241852047>
L 09/02/2026 - 20:55:15: [KILL] Zombie/Witch/Môi trường <N/A> đã giết Curren Bouquetd'or <STEAM_1:1:524205977> bằng (zombie cào/đấm)
L 09/02/2026 - 20:55:16: [HẠ GỤC] Zombie/Witch/Môi trường <N/A> đã hạ gục （ ͜.人 ͜.）⛇☃ <STEAM_1:1:241852047> bằng (môi trường/khác)
L 09/02/2026 - 20:55:20: [FF] [Mikasa] <STEAM_1:0:522010986> -> 3 HP bằng (súng) -> [（ ͜.人 ͜.）⛇☃] <STEAM_1:1:241852047>
L 09/02/2026 - 20:55:20: [FF] [Mikasa] <STEAM_1:0:522010986> -> 3 HP bằng (súng) -> [（ ͜.人 ͜.）⛇☃] <STEAM_1:1:241852047>
L 09/02/2026 - 20:55:20: [FF] [Mikasa] <STEAM_1:0:522010986> -> 3 HP bằng (súng) -> [（ ͜.人 ͜.）⛇☃] <STEAM_1:1:241852047>
L 09/02/2026 - 20:55:20: [FF] [Mikasa] <STEAM_1:0:522010986> -> 3 HP bằng (súng) -> [（ ͜.人 ͜.）⛇☃] <STEAM_1:1:241852047>
L 09/02/2026 - 20:55:22: [FF] [Mikasa] <STEAM_1:0:522010986> -> 3 HP bằng (súng) -> [（ ͜.人 ͜.）⛇☃] <STEAM_1:1:241852047>
L 09/02/2026 - 20:55:27: [KILL] Zombie/Witch/Môi trường <N/A> đã giết Holo 40k <STEAM_1:1:925049770> bằng (zombie cào/đấm)
L 09/02/2026 - 20:55:29: [KILL] Zombie/Witch/Môi trường <N/A> đã giết chimxanh <STEAM_1:1:626078671> bằng (zombie cào/đấm)
L 09/02/2026 - 20:55:30: [HẠ GỤC] Spitter Bot <BOT> đã hạ gục Mikasa <STEAM_1:0:522010986> bằng (môi trường/khác)
L 09/02/2026 - 20:55:33: [KILL] Zombie/Witch/Môi trường <N/A> đã giết Rïçēz <STEAM_1:1:558962692> bằng (zombie cào/đấm)
L 09/02/2026 - 20:55:35: [KILL] Zombie/Witch/Môi trường <N/A> đã giết None :D <STEAM_1:0:578030381> bằng (zombie cào/đấm)
L 09/02/2026 - 20:55:37: [KILL] Zombie/Witch/Môi trường <N/A> đã giết Lê Hải <STEAM_1:0:471595906> bằng (zombie cào/đấm)
L 09/02/2026 - 20:55:48: [KILL] Zombie/Witch/Môi trường <N/A> đã giết KeroN <STEAM_1:1:161759963> bằng (zombie cào/đấm)
L 09/02/2026 - 20:55:58: [FF] [Mikasa] <STEAM_1:0:522010986> -> 3 HP bằng (súng) -> [weeBlord] <STEAM_1:0:242584050>
L 09/02/2026 - 20:55:58: [FF] [Mikasa] <STEAM_1:0:522010986> -> 3 HP bằng (súng) -> [weeBlord] <STEAM_1:0:242584050>
L 09/02/2026 - 20:55:58: [FF] [（ ͜.人 ͜.）⛇☃] <STEAM_1:1:241852047> -> 5 HP bằng (melee) -> [weeBlord] <STEAM_1:0:242584050>
L 09/02/2026 - 20:56:01: [FF] [TezzyPham] <STEAM_1:1:933338290> -> 5 HP bằng (súng) -> [Chicoarun] <STEAM_1:0:952954061>
L 09/02/2026 - 20:56:01: [KILL] Zombie/Witch/Môi trường <N/A> đã giết weeBlord <STEAM_1:0:242584050> bằng (zombie cào/đấm)
L 09/02/2026 - 20:56:16: [HẠ GỤC] Zombie/Witch/Môi trường <N/A> đã hạ gục Chicoarun <STEAM_1:0:952954061> bằng (môi trường/khác)
L 09/02/2026 - 20:56:25: [FF] [TezzyPham] <STEAM_1:1:933338290> -> 1 HP bằng (môi trường/khác) -> [Mikasa] <STEAM_1:0:522010986>
L 09/02/2026 - 20:56:31: [HẠ GỤC] Spitter Bot <BOT> đã hạ gục Mikasa <STEAM_1:0:522010986> bằng (môi trường/khác)
L 09/02/2026 - 20:56:35: [FF] [Curren Bouquetd'or] <STEAM_1:1:524205977> -> 3 HP bằng (súng) -> [Chicoarun] <STEAM_1:0:952954061>
L 09/02/2026 - 20:56:36: [HẠ GỤC] Zombie/Witch/Môi trường <N/A> đã hạ gục Bảo Nguyên <STEAM_1:0:218160880> bằng (môi trường/khác)
L 09/02/2026 - 20:56:36: [FF] [Curren Bouquetd'or] <STEAM_1:1:524205977> -> 3 HP bằng (súng) -> [Holo 40k] <STEAM_1:1:925049770>
L 09/02/2026 - 20:56:39: [HẠ GỤC] Spitter Bot <BOT> đã hạ gục Holo 40k <STEAM_1:1:925049770> bằng (môi trường/khác)
L 09/02/2026 - 20:56:40: [FF] [TezzyPham] <STEAM_1:1:933338290> -> 1 HP bằng (môi trường/khác) -> [Bảo Nguyên] <STEAM_1:0:218160880>
L 09/02/2026 - 20:56:40: [FF] [TezzyPham] <STEAM_1:1:933338290> -> 1 HP bằng (môi trường/khác) -> [Bảo Nguyên] <STEAM_1:0:218160880>
L 09/02/2026 - 20:56:49: [FF] [Mikasa] <STEAM_1:0:522010986> -> 3 HP bằng (súng) -> [Rïçēz] <STEAM_1:1:558962692>
L 09/02/2026 - 20:56:49: [FF] [Mikasa] <STEAM_1:0:522010986> -> 3 HP bằng (súng) -> [Rïçēz] <STEAM_1:1:558962692>
L 09/02/2026 - 20:56:49: [FF] [Mikasa] <STEAM_1:0:522010986> -> 3 HP bằng (súng) -> [Rïçēz] <STEAM_1:1:558962692>
L 09/02/2026 - 20:56:49: [FF] [Mikasa] <STEAM_1:0:522010986> -> 3 HP bằng (súng) -> [Rïçēz] <STEAM_1:1:558962692>
L 09/02/2026 - 20:56:49: [FF] [Mikasa] <STEAM_1:0:522010986> -> 3 HP bằng (súng) -> [Rïçēz] <STEAM_1:1:558962692>
L 09/02/2026 - 20:56:49: [FF] [Mikasa] <STEAM_1:0:522010986> -> 3 HP bằng (súng) -> [Rïçēz] <STEAM_1:1:558962692>
L 09/02/2026 - 20:56:49: [FF] [Mikasa] <STEAM_1:0:522010986> -> 3 HP bằng (súng) -> [Rïçēz] <STEAM_1:1:558962692>
L 09/02/2026 - 20:56:49: [FF] [Mikasa] <STEAM_1:0:522010986> -> 3 HP bằng (súng) -> [Rïçēz] <STEAM_1:1:558962692>
L 09/02/2026 - 20:56:49: [FF] [Mikasa] <STEAM_1:0:522010986> -> 3 HP bằng (súng) -> [Rïçēz] <STEAM_1:1:558962692>
L 09/02/2026 - 20:57:14: [HẠ GỤC] Zombie/Witch/Môi trường <N/A> đã hạ gục Holo 40k <STEAM_1:1:925049770> bằng (môi trường/khác)
L 09/02/2026 - 20:57:19: [HẠ GỤC] Zombie/Witch/Môi trường <N/A> đã hạ gục TezzyPham <STEAM_1:1:933338290> bằng (môi trường/khác)
L 09/02/2026 - 20:57:19: [FF] [Bảo Nguyên] <STEAM_1:0:218160880> -> 22 HP bằng (boom/fire) -> [Lê Hải] <STEAM_1:0:471595906>
L 09/02/2026 - 20:57:20: [FF] [Lê Hải] <STEAM_1:0:471595906> -> 6 HP bằng (súng) -> [Bảo Nguyên] <STEAM_1:0:218160880>
L 09/02/2026 - 20:57:21: [FF] [Lê Hải] <STEAM_1:0:471595906> -> 6 HP bằng (súng) -> [weeBlord] <STEAM_1:0:242584050>
L 09/02/2026 - 20:57:21: [FF] [Lê Hải] <STEAM_1:0:471595906> -> 6 HP bằng (súng) -> [weeBlord] <STEAM_1:0:242584050>
L 09/02/2026 - 20:57:21: [FF] [Lê Hải] <STEAM_1:0:471595906> -> 6 HP bằng (súng) -> [weeBlord] <STEAM_1:0:242584050>
L 09/02/2026 - 20:57:21: [FF] [Lê Hải] <STEAM_1:0:471595906> -> 6 HP bằng (súng) -> [weeBlord] <STEAM_1:0:242584050>
L 09/02/2026 - 20:57:22: [FF] [（ ͜.人 ͜.）⛇☃] <STEAM_1:1:241852047> -> 10 HP bằng (boom/fire) -> [Mikasa] <STEAM_1:0:522010986>
L 09/02/2026 - 20:57:25: [FF] [Lê Hải] <STEAM_1:0:471595906> -> 6 HP bằng (súng) -> [weeBlord] <STEAM_1:0:242584050>
L 09/02/2026 - 20:57:27: [HẠ GỤC] Zombie/Witch/Môi trường <N/A> đã hạ gục Curren Bouquetd'or <STEAM_1:1:524205977> bằng (môi trường/khác)
L 09/02/2026 - 20:57:30: [FF] [Lê Hải] <STEAM_1:0:471595906> -> 6 HP bằng (súng) -> [Rïçēz] <STEAM_1:1:558962692>
L 09/02/2026 - 20:57:30: [FF] [Lê Hải] <STEAM_1:0:471595906> -> 6 HP bằng (súng) -> [Rïçēz] <STEAM_1:1:558962692>
L 09/02/2026 - 20:57:30: [FF] [Lê Hải] <STEAM_1:0:471595906> -> 6 HP bằng (súng) -> [Rïçēz] <STEAM_1:1:558962692>
L 09/02/2026 - 20:57:33: [FF] [None :D] <STEAM_1:0:578030381> -> 5 HP bằng (melee) -> [Rïçēz] <STEAM_1:1:558962692>
L 09/02/2026 - 20:57:37: [FF] [Rïçēz] <STEAM_1:1:558962692> -> 3 HP bằng (súng) -> [chimxanh] <STEAM_1:1:626078671>
L 09/02/2026 - 20:57:37: [FF] [Rïçēz] <STEAM_1:1:558962692> -> 3 HP bằng (súng) -> [chimxanh] <STEAM_1:1:626078671>
L 09/02/2026 - 20:57:37: [FF] [Rïçēz] <STEAM_1:1:558962692> -> 3 HP bằng (súng) -> [chimxanh] <STEAM_1:1:626078671>
L 09/02/2026 - 20:57:37: [FF] [Rïçēz] <STEAM_1:1:558962692> -> 3 HP bằng (súng) -> [chimxanh] <STEAM_1:1:626078671>
L 09/02/2026 - 20:57:37: [HẠ GỤC] Boomer Bot <BOT> đã hạ gục chimxanh <STEAM_1:1:626078671> bằng (môi trường/khác)
L 09/02/2026 - 20:57:42: [HẠ GỤC] Zombie/Witch/Môi trường <N/A> đã hạ gục Rïçēz <STEAM_1:1:558962692> bằng (môi trường/khác)
L 09/02/2026 - 20:57:42: [FF] [Lê Hải] <STEAM_1:0:471595906> -> 9 HP bằng (súng) -> [None :D] <STEAM_1:0:578030381>
L 09/02/2026 - 20:57:42: [FF] [Lê Hải] <STEAM_1:0:471595906> -> 6 HP bằng (súng) -> [KeroN] <STEAM_1:1:161759963>
L 09/02/2026 - 20:57:42: [FF] [Lê Hải] <STEAM_1:0:471595906> -> 6 HP bằng (súng) -> [KeroN] <STEAM_1:1:161759963>
L 09/02/2026 - 20:57:43: [FF] [Lê Hải] <STEAM_1:0:471595906> -> 9 HP bằng (súng) -> [Holo 40k] <STEAM_1:1:925049770>
L 09/02/2026 - 20:57:43: [FF] [Lê Hải] <STEAM_1:0:471595906> -> 9 HP bằng (súng) -> [Holo 40k] <STEAM_1:1:925049770>
L 09/02/2026 - 20:57:44: [FF] [Lê Hải] <STEAM_1:0:471595906> -> 9 HP bằng (súng) -> [KeroN] <STEAM_1:1:161759963>
L 09/02/2026 - 20:57:44: [FF] [Lê Hải] <STEAM_1:0:471595906> -> 9 HP bằng (súng) -> [KeroN] <STEAM_1:1:161759963>
L 09/02/2026 - 20:57:44: [FF] [Lê Hải] <STEAM_1:0:471595906> -> 9 HP bằng (súng) -> [KeroN] <STEAM_1:1:161759963>
L 09/02/2026 - 20:57:44: [FF] [Lê Hải] <STEAM_1:0:471595906> -> 9 HP bằng (súng) -> [KeroN] <STEAM_1:1:161759963>
L 09/02/2026 - 20:57:45: [FF] [Lê Hải] <STEAM_1:0:471595906> -> 9 HP bằng (súng) -> [KeroN] <STEAM_1:1:161759963>
L 09/02/2026 - 20:57:45: [FF] [TezzyPham] <STEAM_1:1:933338290> -> 1 HP bằng (boom/fire) -> [Rïçēz] <STEAM_1:1:558962692>
L 09/02/2026 - 20:57:45: [FF] [TezzyPham] <STEAM_1:1:933338290> -> 3 HP bằng (boom/fire) -> [Rïçēz] <STEAM_1:1:558962692>
L 09/02/2026 - 20:57:46: [FF] [TezzyPham] <STEAM_1:1:933338290> -> 5 HP bằng (boom/fire) -> [Curren Bouquetd'or] <STEAM_1:1:524205977>
L 09/02/2026 - 20:57:46: [FF] [TezzyPham] <STEAM_1:1:933338290> -> 5 HP bằng (boom/fire) -> [chimxanh] <STEAM_1:1:626078671>
L 09/02/2026 - 20:57:46: [FF] [TezzyPham] <STEAM_1:1:933338290> -> 5 HP bằng (boom/fire) -> [Rïçēz] <STEAM_1:1:558962692>
L 09/02/2026 - 20:57:46: [FF] [TezzyPham] <STEAM_1:1:933338290> -> 7 HP bằng (boom/fire) -> [chimxanh] <STEAM_1:1:626078671>
L 09/02/2026 - 20:57:46: [FF] [TezzyPham] <STEAM_1:1:933338290> -> 7 HP bằng (boom/fire) -> [Rïçēz] <STEAM_1:1:558962692>
L 09/02/2026 - 20:57:46: [FF] [TezzyPham] <STEAM_1:1:933338290> -> 11 HP bằng (boom/fire) -> [Curren Bouquetd'or] <STEAM_1:1:524205977>
L 09/02/2026 - 20:57:47: [FF] [TezzyPham] <STEAM_1:1:933338290> -> 13 HP bằng (boom/fire) -> [Curren Bouquetd'or] <STEAM_1:1:524205977>
L 09/02/2026 - 20:57:47: [FF] [TezzyPham] <STEAM_1:1:933338290> -> 16 HP bằng (boom/fire) -> [Curren Bouquetd'or] <STEAM_1:1:524205977>
L 09/02/2026 - 20:57:51: [FF] [TezzyPham] <STEAM_1:1:933338290> -> 11 HP bằng (môi trường/khác) -> [Curren Bouquetd'or] <STEAM_1:1:524205977>
L 09/02/2026 - 20:57:51: [FF] [TezzyPham] <STEAM_1:1:933338290> -> 8 HP bằng (môi trường/khác) -> [weeBlord] <STEAM_1:0:242584050>
L 09/02/2026 - 20:57:51: [FF] [TezzyPham] <STEAM_1:1:933338290> -> 2 HP bằng (môi trường/khác) -> [Holo 40k] <STEAM_1:1:925049770>
L 09/02/2026 - 20:57:51: [FF] [TezzyPham] <STEAM_1:1:933338290> -> 2 HP bằng (môi trường/khác) -> [（ ͜.人 ͜.）⛇☃] <STEAM_1:1:241852047>
L 09/02/2026 - 20:57:51: [FF] [TezzyPham] <STEAM_1:1:933338290> -> 2 HP bằng (môi trường/khác) -> [Rïçēz] <STEAM_1:1:558962692>
L 09/02/2026 - 20:57:51: [FF] [TezzyPham] <STEAM_1:1:933338290> -> 1 HP bằng (môi trường/khác) -> [KeroN] <STEAM_1:1:161759963>
L 09/02/2026 - 20:57:51: [FF] [TezzyPham] <STEAM_1:1:933338290> -> 6 HP bằng (môi trường/khác) -> [Chicoarun] <STEAM_1:0:952954061>
L 09/02/2026 - 20:57:51: [FF] [TezzyPham] <STEAM_1:1:933338290> -> 2 HP bằng (môi trường/khác) -> [Lê Hải] <STEAM_1:0:471595906>
L 09/02/2026 - 20:57:51: [FF] [TezzyPham] <STEAM_1:1:933338290> -> 5 HP bằng (môi trường/khác) -> [chimxanh] <STEAM_1:1:626078671>
L 09/02/2026 - 20:57:51: [FF] [TezzyPham] <STEAM_1:1:933338290> -> 1 HP bằng (môi trường/khác) -> [Curren Bouquetd'or] <STEAM_1:1:524205977>
L 09/02/2026 - 20:57:51: [FF] [TezzyPham] <STEAM_1:1:933338290> -> 1 HP bằng (môi trường/khác) -> [weeBlord] <STEAM_1:0:242584050>
L 09/02/2026 - 20:57:51: [FF] [TezzyPham] <STEAM_1:1:933338290> -> 1 HP bằng (môi trường/khác) -> [None :D] <STEAM_1:0:578030381>
L 09/02/2026 - 20:57:51: [FF] [TezzyPham] <STEAM_1:1:933338290> -> 1 HP bằng (môi trường/khác) -> [Holo 40k] <STEAM_1:1:925049770>
L 09/02/2026 - 20:57:51: [FF] [TezzyPham] <STEAM_1:1:933338290> -> 1 HP bằng (môi trường/khác) -> [（ ͜.人 ͜.）⛇☃] <STEAM_1:1:241852047>
L 09/02/2026 - 20:57:51: [FF] [TezzyPham] <STEAM_1:1:933338290> -> 1 HP bằng (môi trường/khác) -> [Rïçēz] <STEAM_1:1:558962692>
L 09/02/2026 - 20:57:51: [FF] [TezzyPham] <STEAM_1:1:933338290> -> 1 HP bằng (môi trường/khác) -> [KeroN] <STEAM_1:1:161759963>
L 09/02/2026 - 20:57:51: [FF] [TezzyPham] <STEAM_1:1:933338290> -> 1 HP bằng (môi trường/khác) -> [Mikasa] <STEAM_1:0:522010986>
L 09/02/2026 - 20:57:51: [FF] [TezzyPham] <STEAM_1:1:933338290> -> 1 HP bằng (môi trường/khác) -> [Chicoarun] <STEAM_1:0:952954061>
L 09/02/2026 - 20:57:51: [FF] [TezzyPham] <STEAM_1:1:933338290> -> 1 HP bằng (môi trường/khác) -> [Lê Hải] <STEAM_1:0:471595906>
L 09/02/2026 - 20:57:51: [FF] [TezzyPham] <STEAM_1:1:933338290> -> 1 HP bằng (môi trường/khác) -> [Bảo Nguyên] <STEAM_1:0:218160880>
L 09/02/2026 - 20:57:51: [FF] [TezzyPham] <STEAM_1:1:933338290> -> 1 HP bằng (môi trường/khác) -> [chimxanh] <STEAM_1:1:626078671>
L 09/02/2026 - 20:57:51: [FF] [None :D] <STEAM_1:0:578030381> -> 5 HP bằng (melee) -> [Mikasa] <STEAM_1:0:522010986>
L 09/02/2026 - 20:57:52: [FF] [TezzyPham] <STEAM_1:1:933338290> -> 12 HP bằng (môi trường/khác) -> [Curren Bouquetd'or] <STEAM_1:1:524205977>
L 09/02/2026 - 20:57:52: [FF] [TezzyPham] <STEAM_1:1:933338290> -> 8 HP bằng (môi trường/khác) -> [weeBlord] <STEAM_1:0:242584050>
L 09/02/2026 - 20:57:52: [FF] [TezzyPham] <STEAM_1:1:933338290> -> 3 HP bằng (môi trường/khác) -> [（ ͜.人 ͜.）⛇☃] <STEAM_1:1:241852047>
L 09/02/2026 - 20:57:52: [FF] [TezzyPham] <STEAM_1:1:933338290> -> 2 HP bằng (môi trường/khác) -> [Rïçēz] <STEAM_1:1:558962692>
L 09/02/2026 - 20:57:52: [FF] [TezzyPham] <STEAM_1:1:933338290> -> 1 HP bằng (môi trường/khác) -> [KeroN] <STEAM_1:1:161759963>
L 09/02/2026 - 20:57:52: [FF] [TezzyPham] <STEAM_1:1:933338290> -> 4 HP bằng (môi trường/khác) -> [chimxanh] <STEAM_1:1:626078671>
L 09/02/2026 - 20:57:52: [FF] [TezzyPham] <STEAM_1:1:933338290> -> 2 HP bằng (môi trường/khác) -> [Holo 40k] <STEAM_1:1:925049770>
L 09/02/2026 - 20:57:52: [FF] [TezzyPham] <STEAM_1:1:933338290> -> 1 HP bằng (môi trường/khác) -> [Lê Hải] <STEAM_1:0:471595906>
L 09/02/2026 - 20:57:52: [FF] [TezzyPham] <STEAM_1:1:933338290> -> 1 HP bằng (môi trường/khác) -> [Curren Bouquetd'or] <STEAM_1:1:524205977>
L 09/02/2026 - 20:57:52: [FF] [TezzyPham] <STEAM_1:1:933338290> -> 1 HP bằng (môi trường/khác) -> [weeBlord] <STEAM_1:0:242584050>
L 09/02/2026 - 20:57:52: [FF] [TezzyPham] <STEAM_1:1:933338290> -> 1 HP bằng (môi trường/khác) -> [None :D] <STEAM_1:0:578030381>
L 09/02/2026 - 20:57:52: [FF] [TezzyPham] <STEAM_1:1:933338290> -> 1 HP bằng (môi trường/khác) -> [（ ͜.人 ͜.）⛇☃] <STEAM_1:1:241852047>
L 09/02/2026 - 20:57:52: [FF] [TezzyPham] <STEAM_1:1:933338290> -> 1 HP bằng (môi trường/khác) -> [Bảo Nguyên] <STEAM_1:0:218160880>
L 09/02/2026 - 20:57:52: [FF] [TezzyPham] <STEAM_1:1:933338290> -> 1 HP bằng (môi trường/khác) -> [Rïçēz] <STEAM_1:1:558962692>
L 09/02/2026 - 20:57:52: [FF] [TezzyPham] <STEAM_1:1:933338290> -> 1 HP bằng (môi trường/khác) -> [KeroN] <STEAM_1:1:161759963>
L 09/02/2026 - 20:57:52: [FF] [TezzyPham] <STEAM_1:1:933338290> -> 1 HP bằng (môi trường/khác) -> [Mikasa] <STEAM_1:0:522010986>
L 09/02/2026 - 20:57:52: [FF] [TezzyPham] <STEAM_1:1:933338290> -> 1 HP bằng (môi trường/khác) -> [Chicoarun] <STEAM_1:0:952954061>
L 09/02/2026 - 20:57:52: [FF] [TezzyPham] <STEAM_1:1:933338290> -> 1 HP bằng (môi trường/khác) -> [chimxanh] <STEAM_1:1:626078671>
L 09/02/2026 - 20:57:52: [FF] [TezzyPham] <STEAM_1:1:933338290> -> 1 HP bằng (môi trường/khác) -> [Holo 40k] <STEAM_1:1:925049770>
L 09/02/2026 - 20:57:52: [FF] [TezzyPham] <STEAM_1:1:933338290> -> 1 HP bằng (môi trường/khác) -> [Lê Hải] <STEAM_1:0:471595906>
L 09/02/2026 - 20:57:53: [FF] [None :D] <STEAM_1:0:578030381> -> 5 HP bằng (melee) -> [Mikasa] <STEAM_1:0:522010986>
L 09/02/2026 - 20:57:53: [FF] [None :D] <STEAM_1:0:578030381> -> 5 HP bằng (melee) -> [Holo 40k] <STEAM_1:1:925049770>
L 09/02/2026 - 20:57:54: [FF] [None :D] <STEAM_1:0:578030381> -> 5 HP bằng (melee) -> [Lê Hải] <STEAM_1:0:471595906>
L 09/02/2026 - 20:57:54: [FF] [None :D] <STEAM_1:0:578030381> -> 5 HP bằng (melee) -> [KeroN] <STEAM_1:1:161759963>
L 09/02/2026 - 20:58:06: [FF] [chimxanh] <STEAM_1:1:626078671> -> 5 HP bằng (súng) -> [Bảo Nguyên] <STEAM_1:0:218160880>
L 09/02/2026 - 20:58:06: [FF] [chimxanh] <STEAM_1:1:626078671> -> 5 HP bằng (súng) -> [Bảo Nguyên] <STEAM_1:0:218160880>
L 09/02/2026 - 20:58:23: [FF] [Lê Hải] <STEAM_1:0:471595906> -> 6 HP bằng (súng) -> [Mikasa] <STEAM_1:0:522010986>
L 09/02/2026 - 20:58:23: [FF] [KeroN] <STEAM_1:1:161759963> -> 22 HP bằng (súng) -> [Chicoarun] <STEAM_1:0:952954061>
L 09/02/2026 - 20:58:24: [FF] [Lê Hải] <STEAM_1:0:471595906> -> 5 HP bằng (súng) -> [weeBlord] <STEAM_1:0:242584050>
L 09/02/2026 - 20:58:24: [FF] [Lê Hải] <STEAM_1:0:471595906> -> 6 HP bằng (súng) -> [weeBlord] <STEAM_1:0:242584050>
L 09/02/2026 - 20:58:24: [FF] [Lê Hải] <STEAM_1:0:471595906> -> 6 HP bằng (súng) -> [weeBlord] <STEAM_1:0:242584050>
L 09/02/2026 - 20:58:24: [FF] [Lê Hải] <STEAM_1:0:471595906> -> 9 HP bằng (súng) -> [weeBlord] <STEAM_1:0:242584050>
L 09/02/2026 - 20:58:24: [FF] [Lê Hải] <STEAM_1:0:471595906> -> 6 HP bằng (súng) -> [weeBlord] <STEAM_1:0:242584050>
L 09/02/2026 - 20:58:24: [FF] [Lê Hải] <STEAM_1:0:471595906> -> 9 HP bằng (súng) -> [weeBlord] <STEAM_1:0:242584050>
L 09/02/2026 - 20:58:24: [HẠ GỤC] (1)Boomer Bot <BOT> đã hạ gục weeBlord <STEAM_1:0:242584050> bằng (môi trường/khác)
L 09/02/2026 - 20:58:25: [FF] [Lê Hải] <STEAM_1:0:471595906> -> 5 HP bằng (súng) -> [Chicoarun] <STEAM_1:0:952954061>
L 09/02/2026 - 20:58:27: [FF] [Rïçēz] <STEAM_1:1:558962692> -> 3 HP bằng (boom/fire) -> [Curren Bouquetd'or] <STEAM_1:1:524205977>
L 09/02/2026 - 20:58:27: [FF] [Rïçēz] <STEAM_1:1:558962692> -> 3 HP bằng (boom/fire) -> [Curren Bouquetd'or] <STEAM_1:1:524205977>
L 09/02/2026 - 20:58:27: [FF] [Rïçēz] <STEAM_1:1:558962692> -> 3 HP bằng (boom/fire) -> [Curren Bouquetd'or] <STEAM_1:1:524205977>
L 09/02/2026 - 20:58:27: [FF] [Rïçēz] <STEAM_1:1:558962692> -> 3 HP bằng (boom/fire) -> [Curren Bouquetd'or] <STEAM_1:1:524205977>
L 09/02/2026 - 20:58:27: [FF] [Rïçēz] <STEAM_1:1:558962692> -> 3 HP bằng (boom/fire) -> [Curren Bouquetd'or] <STEAM_1:1:524205977>
L 09/02/2026 - 20:58:27: [FF] [Rïçēz] <STEAM_1:1:558962692> -> 3 HP bằng (boom/fire) -> [Curren Bouquetd'or] <STEAM_1:1:524205977>
L 09/02/2026 - 20:58:27: [FF] [Rïçēz] <STEAM_1:1:558962692> -> 3 HP bằng (boom/fire) -> [Curren Bouquetd'or] <STEAM_1:1:524205977>
L 09/02/2026 - 20:58:31: [FF] [None :D] <STEAM_1:0:578030381> -> 11 HP bằng (boom/fire) -> [Bảo Nguyên] <STEAM_1:0:218160880>
L 09/02/2026 - 20:58:31: [FF] [Chicoarun] <STEAM_1:0:952954061> -> 3 HP bằng (boom/fire) -> [Bảo Nguyên] <STEAM_1:0:218160880>
L 09/02/2026 - 20:58:31: [FF] [Chicoarun] <STEAM_1:0:952954061> -> 3 HP bằng (boom/fire) -> [Bảo Nguyên] <STEAM_1:0:218160880>
L 09/02/2026 - 20:58:31: [FF] [Chicoarun] <STEAM_1:0:952954061> -> 3 HP bằng (boom/fire) -> [Bảo Nguyên] <STEAM_1:0:218160880>
L 09/02/2026 - 20:58:31: [FF] [Chicoarun] <STEAM_1:0:952954061> -> 3 HP bằng (boom/fire) -> [Bảo Nguyên] <STEAM_1:0:218160880>
L 09/02/2026 - 20:58:31: [FF] [Chicoarun] <STEAM_1:0:952954061> -> 3 HP bằng (boom/fire) -> [Bảo Nguyên] <STEAM_1:0:218160880>
L 09/02/2026 - 20:58:31: [FF] [KeroN] <STEAM_1:1:161759963> -> 15 HP bằng (súng) -> [Chicoarun] <STEAM_1:0:952954061>
L 09/02/2026 - 20:58:31: [FF] [Lê Hải] <STEAM_1:0:471595906> -> 9 HP bằng (súng) -> [Holo 40k] <STEAM_1:1:925049770>
L 09/02/2026 - 20:58:31: [FF] [Lê Hải] <STEAM_1:0:471595906> -> 9 HP bằng (súng) -> [Holo 40k] <STEAM_1:1:925049770>
L 09/02/2026 - 20:58:33: [HẠ GỤC] Chicoarun <STEAM_1:0:952954061> đã hạ gục （ ͜.人 ͜.）⛇☃ <STEAM_1:1:241852047> bằng (boom/fire)
L 09/02/2026 - 20:58:34: [FF] [KeroN] <STEAM_1:1:161759963> -> 11 HP bằng (súng) -> [Lê Hải] <STEAM_1:0:471595906>
L 09/02/2026 - 20:58:34: [FF] [KeroN] <STEAM_1:1:161759963> -> 22 HP bằng (súng) -> [Lê Hải] <STEAM_1:0:471595906>
L 09/02/2026 - 20:58:35: [FF] [Lê Hải] <STEAM_1:0:471595906> -> 5 HP bằng (súng) -> [TezzyPham] <STEAM_1:1:933338290>
L 09/02/2026 - 20:58:35: [FF] [Lê Hải] <STEAM_1:0:471595906> -> 6 HP bằng (súng) -> [TezzyPham] <STEAM_1:1:933338290>
L 09/02/2026 - 20:58:35: [HẠ GỤC] Spitter Bot <BOT> đã hạ gục Curren Bouquetd'or <STEAM_1:1:524205977> bằng (môi trường/khác)
L 09/02/2026 - 20:58:35: [FF] [Lê Hải] <STEAM_1:0:471595906> -> 6 HP bằng (súng) -> [TezzyPham] <STEAM_1:1:933338290>
L 09/02/2026 - 20:58:36: [FF] [TezzyPham] <STEAM_1:1:933338290> -> 1 HP bằng (boom/fire) -> [Chicoarun] <STEAM_1:0:952954061>
L 09/02/2026 - 20:58:36: [FF] [TezzyPham] <STEAM_1:1:933338290> -> 1 HP bằng (boom/fire) -> [（ ͜.人 ͜.）⛇☃] <STEAM_1:1:241852047>
L 09/02/2026 - 20:58:36: [FF] [TezzyPham] <STEAM_1:1:933338290> -> 1 HP bằng (boom/fire) -> [Chicoarun] <STEAM_1:0:952954061>
L 09/02/2026 - 20:58:36: [FF] [TezzyPham] <STEAM_1:1:933338290> -> 1 HP bằng (boom/fire) -> [（ ͜.人 ͜.）⛇☃] <STEAM_1:1:241852047>
L 09/02/2026 - 20:58:39: [FF] [Chicoarun] <STEAM_1:0:952954061> -> 3 HP bằng (boom/fire) -> [Curren Bouquetd'or] <STEAM_1:1:524205977>
L 09/02/2026 - 20:58:39: [FF] [Chicoarun] <STEAM_1:0:952954061> -> 3 HP bằng (boom/fire) -> [Curren Bouquetd'or] <STEAM_1:1:524205977>
L 09/02/2026 - 20:58:39: [HẠ GỤC] Jockey Bot <BOT> đã hạ gục Bảo Nguyên <STEAM_1:0:218160880> bằng (zombie cào/đấm)
L 09/02/2026 - 20:58:41: [FF] [KeroN] <STEAM_1:1:161759963> -> 15 HP bằng (súng) -> [Curren Bouquetd'or] <STEAM_1:1:524205977>
L 09/02/2026 - 20:58:41: [FF] [KeroN] <STEAM_1:1:161759963> -> 22 HP bằng (súng) -> [Lê Hải] <STEAM_1:0:471595906>
L 09/02/2026 - 20:58:42: [FF] [Lê Hải] <STEAM_1:0:471595906> -> 6 HP bằng (súng) -> [Holo 40k] <STEAM_1:1:925049770>
L 09/02/2026 - 20:58:45: [FF] [Lê Hải] <STEAM_1:0:471595906> -> 9 HP bằng (súng) -> [KeroN] <STEAM_1:1:161759963>
L 09/02/2026 - 20:58:45: [FF] [Lê Hải] <STEAM_1:0:471595906> -> 9 HP bằng (súng) -> [KeroN] <STEAM_1:1:161759963>
L 09/02/2026 - 20:58:48: [FF] [Chicoarun] <STEAM_1:0:952954061> -> 3 HP bằng (boom/fire) -> [Holo 40k] <STEAM_1:1:925049770>
L 09/02/2026 - 20:58:48: [FF] [Chicoarun] <STEAM_1:0:952954061> -> 3 HP bằng (boom/fire) -> [Holo 40k] <STEAM_1:1:925049770>
L 09/02/2026 - 20:58:48: [FF] [Chicoarun] <STEAM_1:0:952954061> -> 3 HP bằng (boom/fire) -> [Holo 40k] <STEAM_1:1:925049770>
L 09/02/2026 - 20:58:48: [FF] [Chicoarun] <STEAM_1:0:952954061> -> 3 HP bằng (boom/fire) -> [Holo 40k] <STEAM_1:1:925049770>
L 09/02/2026 - 20:58:48: [KILL] Zombie/Witch/Môi trường <N/A> đã giết Holo 40k <STEAM_1:1:925049770> bằng (môi trường/khác)
L 09/02/2026 - 20:58:49: [FF] [（ ͜.人 ͜.）⛇☃] <STEAM_1:1:241852047> -> 5 HP bằng (melee) -> [chimxanh] <STEAM_1:1:626078671>
L 09/02/2026 - 20:58:53: [FF] [None :D] <STEAM_1:0:578030381> -> 16 HP bằng (boom/fire) -> [Lê Hải] <STEAM_1:0:471595906>
L 09/02/2026 - 20:58:53: [FF] [None :D] <STEAM_1:0:578030381> -> 16 HP bằng (boom/fire) -> [Lê Hải] <STEAM_1:0:471595906>
L 09/02/2026 - 20:58:53: [HẠ GỤC] None :D <STEAM_1:0:578030381> đã hạ gục Lê Hải <STEAM_1:0:471595906> bằng (boom/fire)
L 09/02/2026 - 20:58:53: [FF] [None :D] <STEAM_1:0:578030381> -> 16 HP bằng (boom/fire) -> [Lê Hải] <STEAM_1:0:471595906>
L 09/02/2026 - 20:58:53: [FF] [None :D] <STEAM_1:0:578030381> -> 16 HP bằng (boom/fire) -> [Lê Hải] <STEAM_1:0:471595906>
L 09/02/2026 - 20:58:54: [FF] [None :D] <STEAM_1:0:578030381> -> 16 HP bằng (boom/fire) -> [Lê Hải] <STEAM_1:0:471595906>
L 09/02/2026 - 20:58:54: [FF] [None :D] <STEAM_1:0:578030381> -> 16 HP bằng (boom/fire) -> [Lê Hải] <STEAM_1:0:471595906>
L 09/02/2026 - 20:58:54: [FF] [None :D] <STEAM_1:0:578030381> -> 16 HP bằng (boom/fire) -> [Lê Hải] <STEAM_1:0:471595906>
L 09/02/2026 - 20:58:54: [FF] [None :D] <STEAM_1:0:578030381> -> 16 HP bằng (boom/fire) -> [Lê Hải] <STEAM_1:0:471595906>
L 09/02/2026 - 20:59:23: [FF] [Chicoarun] <STEAM_1:0:952954061> -> 1 HP bằng (boom/fire) -> [Lê Hải] <STEAM_1:0:471595906>
L 09/02/2026 - 20:59:24: [FF] [（ ͜.人 ͜.）⛇☃] <STEAM_1:1:241852047> -> 16 HP bằng (boom/fire) -> [Curren Bouquetd'or] <STEAM_1:1:524205977>
L 09/02/2026 - 20:59:24: [KILL] Zombie/Witch/Môi trường <N/A> đã giết Curren Bouquetd'or <STEAM_1:1:524205977> bằng (môi trường/khác)
L 09/02/2026 - 20:59:24: [FF] [Chicoarun] <STEAM_1:0:952954061> -> 3 HP bằng (boom/fire) -> [Lê Hải] <STEAM_1:0:471595906>
L 09/02/2026 - 20:59:24: [FF] [Chicoarun] <STEAM_1:0:952954061> -> 4 HP bằng (boom/fire) -> [Lê Hải] <STEAM_1:0:471595906>
L 09/02/2026 - 20:59:24: [FF] [Chicoarun] <STEAM_1:0:952954061> -> 6 HP bằng (boom/fire) -> [Lê Hải] <STEAM_1:0:471595906>
L 09/02/2026 - 20:59:24: [FF] [Chicoarun] <STEAM_1:0:952954061> -> 8 HP bằng (boom/fire) -> [Lê Hải] <STEAM_1:0:471595906>
L 09/02/2026 - 20:59:24: [FF] [Chicoarun] <STEAM_1:0:952954061> -> 9 HP bằng (boom/fire) -> [Lê Hải] <STEAM_1:0:471595906>
L 09/02/2026 - 20:59:25: [FF] [Chicoarun] <STEAM_1:0:952954061> -> 11 HP bằng (boom/fire) -> [Lê Hải] <STEAM_1:0:471595906>
L 09/02/2026 - 20:59:25: [FF] [Chicoarun] <STEAM_1:0:952954061> -> 12 HP bằng (boom/fire) -> [Lê Hải] <STEAM_1:0:471595906>
L 09/02/2026 - 20:59:25: [FF] [Chicoarun] <STEAM_1:0:952954061> -> 14 HP bằng (boom/fire) -> [Lê Hải] <STEAM_1:0:471595906>
L 09/02/2026 - 20:59:25: [FF] [Chicoarun] <STEAM_1:0:952954061> -> 16 HP bằng (boom/fire) -> [Lê Hải] <STEAM_1:0:471595906>
L 09/02/2026 - 20:59:25: [HẠ GỤC] Chicoarun <STEAM_1:0:952954061> đã hạ gục Lê Hải <STEAM_1:0:471595906> bằng (boom/fire)
L 09/02/2026 - 20:59:26: [FF] [Chicoarun] <STEAM_1:0:952954061> -> 16 HP bằng (boom/fire) -> [Lê Hải] <STEAM_1:0:471595906>
L 09/02/2026 - 20:59:26: [FF] [Chicoarun] <STEAM_1:0:952954061> -> 16 HP bằng (boom/fire) -> [Lê Hải] <STEAM_1:0:471595906>
L 09/02/2026 - 20:59:26: [FF] [Chicoarun] <STEAM_1:0:952954061> -> 16 HP bằng (boom/fire) -> [Lê Hải] <STEAM_1:0:471595906>
L 09/02/2026 - 20:59:26: [FF] [Chicoarun] <STEAM_1:0:952954061> -> 16 HP bằng (boom/fire) -> [Lê Hải] <STEAM_1:0:471595906>
L 09/02/2026 - 20:59:26: [FF] [Chicoarun] <STEAM_1:0:952954061> -> 16 HP bằng (boom/fire) -> [Lê Hải] <STEAM_1:0:471595906>
L 09/02/2026 - 20:59:26: [FF] [（ ͜.人 ͜.）⛇☃] <STEAM_1:1:241852047> -> 7 HP bằng (boom/fire) -> [Lê Hải] <STEAM_1:0:471595906>
L 09/02/2026 - 20:59:27: [FF] [（ ͜.人 ͜.）⛇☃] <STEAM_1:1:241852047> -> 7 HP bằng (boom/fire) -> [Lê Hải] <STEAM_1:0:471595906>
L 09/02/2026 - 20:59:27: [FF] [Chicoarun] <STEAM_1:0:952954061> -> 16 HP bằng (boom/fire) -> [Lê Hải] <STEAM_1:0:471595906>
L 09/02/2026 - 20:59:27: [FF] [（ ͜.人 ͜.）⛇☃] <STEAM_1:1:241852047> -> 7 HP bằng (boom/fire) -> [Lê Hải] <STEAM_1:0:471595906>
L 09/02/2026 - 20:59:27: [FF] [Chicoarun] <STEAM_1:0:952954061> -> 16 HP bằng (boom/fire) -> [Lê Hải] <STEAM_1:0:471595906>
L 09/02/2026 - 20:59:27: [FF] [Chicoarun] <STEAM_1:0:952954061> -> 16 HP bằng (boom/fire) -> [chimxanh] <STEAM_1:1:626078671>
L 09/02/2026 - 20:59:27: [FF] [Chicoarun] <STEAM_1:0:952954061> -> 16 HP bằng (boom/fire) -> [Lê Hải] <STEAM_1:0:471595906>
L 09/02/2026 - 20:59:27: [FF] [Chicoarun] <STEAM_1:0:952954061> -> 16 HP bằng (boom/fire) -> [chimxanh] <STEAM_1:1:626078671>
L 09/02/2026 - 20:59:27: [FF] [Chicoarun] <STEAM_1:0:952954061> -> 16 HP bằng (boom/fire) -> [Lê Hải] <STEAM_1:0:471595906>
L 09/02/2026 - 20:59:27: [FF] [Chicoarun] <STEAM_1:0:952954061> -> 16 HP bằng (boom/fire) -> [chimxanh] <STEAM_1:1:626078671>
L 09/02/2026 - 20:59:27: [FF] [Chicoarun] <STEAM_1:0:952954061> -> 16 HP bằng (boom/fire) -> [Lê Hải] <STEAM_1:0:471595906>
L 09/02/2026 - 20:59:27: [FF] [Chicoarun] <STEAM_1:0:952954061> -> 16 HP bằng (boom/fire) -> [chimxanh] <STEAM_1:1:626078671>
L 09/02/2026 - 20:59:28: [FF] [Chicoarun] <STEAM_1:0:952954061> -> 16 HP bằng (boom/fire) -> [Lê Hải] <STEAM_1:0:471595906>
L 09/02/2026 - 20:59:28: [FF] [Chicoarun] <STEAM_1:0:952954061> -> 16 HP bằng (boom/fire) -> [chimxanh] <STEAM_1:1:626078671>
L 09/02/2026 - 20:59:28: [FF] [Chicoarun] <STEAM_1:0:952954061> -> 16 HP bằng (boom/fire) -> [Lê Hải] <STEAM_1:0:471595906>
L 09/02/2026 - 20:59:28: [FF] [Chicoarun] <STEAM_1:0:952954061> -> 16 HP bằng (boom/fire) -> [Lê Hải] <STEAM_1:0:471595906>
L 09/02/2026 - 20:59:28: [FF] [Chicoarun] <STEAM_1:0:952954061> -> 16 HP bằng (boom/fire) -> [Lê Hải] <STEAM_1:0:471595906>
L 09/02/2026 - 20:59:28: [FF] [Chicoarun] <STEAM_1:0:952954061> -> 16 HP bằng (boom/fire) -> [Lê Hải] <STEAM_1:0:471595906>
L 09/02/2026 - 20:59:29: [FF] [Chicoarun] <STEAM_1:0:952954061> -> 16 HP bằng (boom/fire) -> [Lê Hải] <STEAM_1:0:471595906>
L 09/02/2026 - 20:59:29: [FF] [Chicoarun] <STEAM_1:0:952954061> -> 16 HP bằng (boom/fire) -> [Lê Hải] <STEAM_1:0:471595906>
L 09/02/2026 - 20:59:29: [FF] [Chicoarun] <STEAM_1:0:952954061> -> 16 HP bằng (boom/fire) -> [Lê Hải] <STEAM_1:0:471595906>
L 09/02/2026 - 20:59:29: [FF] [Chicoarun] <STEAM_1:0:952954061> -> 16 HP bằng (boom/fire) -> [Lê Hải] <STEAM_1:0:471595906>
L 09/02/2026 - 20:59:29: [FF] [Chicoarun] <STEAM_1:0:952954061> -> 16 HP bằng (boom/fire) -> [Lê Hải] <STEAM_1:0:471595906>
L 09/02/2026 - 20:59:30: [FF] [Chicoarun] <STEAM_1:0:952954061> -> 16 HP bằng (boom/fire) -> [Lê Hải] <STEAM_1:0:471595906>
L 09/02/2026 - 20:59:41: [FF] [TezzyPham] <STEAM_1:1:933338290> -> 1 HP bằng (môi trường/khác) -> [（ ͜.人 ͜.）⛇☃] <STEAM_1:1:241852047>
L 09/02/2026 - 20:59:41: [FF] [TezzyPham] <STEAM_1:1:933338290> -> 1 HP bằng (môi trường/khác) -> [weeBlord] <STEAM_1:0:242584050>
L 09/02/2026 - 20:59:41: [FF] [TezzyPham] <STEAM_1:1:933338290> -> 1 HP bằng (môi trường/khác) -> [Bảo Nguyên] <STEAM_1:0:218160880>
L 09/02/2026 - 20:59:41: [FF] [TezzyPham] <STEAM_1:1:933338290> -> 1 HP bằng (môi trường/khác) -> [None :D] <STEAM_1:0:578030381>
L 09/02/2026 - 20:59:43: [FF] [TezzyPham] <STEAM_1:1:933338290> -> 3 HP bằng (môi trường/khác) -> [weeBlord] <STEAM_1:0:242584050>
L 09/02/2026 - 20:59:43: [FF] [TezzyPham] <STEAM_1:1:933338290> -> 10 HP bằng (môi trường/khác) -> [（ ͜.人 ͜.）⛇☃] <STEAM_1:1:241852047>
L 09/02/2026 - 20:59:43: [FF] [TezzyPham] <STEAM_1:1:933338290> -> 10 HP bằng (môi trường/khác) -> [Bảo Nguyên] <STEAM_1:0:218160880>
L 09/02/2026 - 20:59:43: [FF] [TezzyPham] <STEAM_1:1:933338290> -> 7 HP bằng (môi trường/khác) -> [None :D] <STEAM_1:0:578030381>
L 09/02/2026 - 20:59:43: [FF] [TezzyPham] <STEAM_1:1:933338290> -> 1 HP bằng (môi trường/khác) -> [weeBlord] <STEAM_1:0:242584050>
L 09/02/2026 - 20:59:43: [FF] [TezzyPham] <STEAM_1:1:933338290> -> 1 HP bằng (môi trường/khác) -> [（ ͜.人 ͜.）⛇☃] <STEAM_1:1:241852047>
L 09/02/2026 - 20:59:43: [FF] [TezzyPham] <STEAM_1:1:933338290> -> 1 HP bằng (môi trường/khác) -> [Bảo Nguyên] <STEAM_1:0:218160880>
L 09/02/2026 - 20:59:43: [FF] [TezzyPham] <STEAM_1:1:933338290> -> 1 HP bằng (môi trường/khác) -> [None :D] <STEAM_1:0:578030381>
L 09/02/2026 - 20:59:52: [FF] [Lê Hải] <STEAM_1:0:471595906> -> 9 HP bằng (súng) -> [Bảo Nguyên] <STEAM_1:0:218160880>
L 09/02/2026 - 20:59:52: [FF] [Lê Hải] <STEAM_1:0:471595906> -> 9 HP bằng (súng) -> [Bảo Nguyên] <STEAM_1:0:218160880>
L 09/02/2026 - 20:59:53: [FF] [Lê Hải] <STEAM_1:0:471595906> -> 9 HP bằng (súng) -> [Bảo Nguyên] <STEAM_1:0:218160880>
L 09/02/2026 - 20:59:53: [FF] [Lê Hải] <STEAM_1:0:471595906> -> 9 HP bằng (súng) -> [Bảo Nguyên] <STEAM_1:0:218160880>
L 09/02/2026 - 20:59:55: [FF] [chimxanh] <STEAM_1:1:626078671> -> 10 HP bằng (súng) -> [Bảo Nguyên] <STEAM_1:0:218160880>
L 09/02/2026 - 21:01:21: [FF] [TezzyPham] <STEAM_1:1:933338290> -> 10 HP bằng (môi trường/khác) -> [（ ͜.人 ͜.）⛇☃] <STEAM_1:1:241852047>
L 09/02/2026 - 21:01:21: [FF] [TezzyPham] <STEAM_1:1:933338290> -> 1 HP bằng (môi trường/khác) -> [chimxanh] <STEAM_1:1:626078671>
L 09/02/2026 - 21:01:21: [FF] [TezzyPham] <STEAM_1:1:933338290> -> 11 HP bằng (môi trường/khác) -> [None :D] <STEAM_1:0:578030381>
L 09/02/2026 - 21:01:21: [FF] [TezzyPham] <STEAM_1:1:933338290> -> 6 HP bằng (môi trường/khác) -> [weeBlord] <STEAM_1:0:242584050>
L 09/02/2026 - 21:01:21: [FF] [TezzyPham] <STEAM_1:1:933338290> -> 9 HP bằng (môi trường/khác) -> [Chicoarun] <STEAM_1:0:952954061>
L 09/02/2026 - 21:01:21: [FF] [TezzyPham] <STEAM_1:1:933338290> -> 12 HP bằng (môi trường/khác) -> [KeroN] <STEAM_1:1:161759963>
L 09/02/2026 - 21:01:21: [FF] [TezzyPham] <STEAM_1:1:933338290> -> 11 HP bằng (môi trường/khác) -> [Curren Bouquetd'or] <STEAM_1:1:524205977>
L 09/02/2026 - 21:01:21: [FF] [TezzyPham] <STEAM_1:1:933338290> -> 1 HP bằng (môi trường/khác) -> [（ ͜.人 ͜.）⛇☃] <STEAM_1:1:241852047>
L 09/02/2026 - 21:01:21: [FF] [TezzyPham] <STEAM_1:1:933338290> -> 1 HP bằng (môi trường/khác) -> [chimxanh] <STEAM_1:1:626078671>
L 09/02/2026 - 21:01:21: [FF] [TezzyPham] <STEAM_1:1:933338290> -> 1 HP bằng (môi trường/khác) -> [None :D] <STEAM_1:0:578030381>
L 09/02/2026 - 21:01:21: [FF] [TezzyPham] <STEAM_1:1:933338290> -> 1 HP bằng (môi trường/khác) -> [weeBlord] <STEAM_1:0:242584050>
L 09/02/2026 - 21:01:21: [FF] [TezzyPham] <STEAM_1:1:933338290> -> 1 HP bằng (môi trường/khác) -> [Chicoarun] <STEAM_1:0:952954061>
L 09/02/2026 - 21:01:21: [FF] [TezzyPham] <STEAM_1:1:933338290> -> 1 HP bằng (môi trường/khác) -> [KeroN] <STEAM_1:1:161759963>
L 09/02/2026 - 21:01:21: [FF] [TezzyPham] <STEAM_1:1:933338290> -> 1 HP bằng (môi trường/khác) -> [Curren Bouquetd'or] <STEAM_1:1:524205977>
L 09/02/2026 - 21:01:21: [FF] [TezzyPham] <STEAM_1:1:933338290> -> 1 HP bằng (môi trường/khác) -> [(3)Rochelle] <BOT>
L 09/02/2026 - 21:01:21: [FF] [TezzyPham] <STEAM_1:1:933338290> -> 1 HP bằng (môi trường/khác) -> [Rïçēz] <STEAM_1:1:558962692>
L 09/02/2026 - 21:01:21: [FF] [TezzyPham] <STEAM_1:1:933338290> -> 10 HP bằng (môi trường/khác) -> [None :D] <STEAM_1:0:578030381>
L 09/02/2026 - 21:01:21: [FF] [TezzyPham] <STEAM_1:1:933338290> -> 6 HP bằng (môi trường/khác) -> [Rïçēz] <STEAM_1:1:558962692>
L 09/02/2026 - 21:01:21: [FF] [TezzyPham] <STEAM_1:1:933338290> -> 9 HP bằng (môi trường/khác) -> [Curren Bouquetd'or] <STEAM_1:1:524205977>
L 09/02/2026 - 21:01:21: [FF] [TezzyPham] <STEAM_1:1:933338290> -> 2 HP bằng (môi trường/khác) -> [chimxanh] <STEAM_1:1:626078671>
L 09/02/2026 - 21:01:21: [FF] [TezzyPham] <STEAM_1:1:933338290> -> 5 HP bằng (môi trường/khác) -> [Coach] <BOT>
L 09/02/2026 - 21:01:21: [FF] [TezzyPham] <STEAM_1:1:933338290> -> 11 HP bằng (môi trường/khác) -> [weeBlord] <STEAM_1:0:242584050>
L 09/02/2026 - 21:01:21: [FF] [TezzyPham] <STEAM_1:1:933338290> -> 14 HP bằng (môi trường/khác) -> [KeroN] <STEAM_1:1:161759963>
L 09/02/2026 - 21:01:21: [FF] [TezzyPham] <STEAM_1:1:933338290> -> 8 HP bằng (môi trường/khác) -> [（ ͜.人 ͜.）⛇☃] <STEAM_1:1:241852047>
L 09/02/2026 - 21:01:21: [FF] [TezzyPham] <STEAM_1:1:933338290> -> 8 HP bằng (môi trường/khác) -> [Chicoarun] <STEAM_1:0:952954061>
L 09/02/2026 - 21:01:21: [FF] [TezzyPham] <STEAM_1:1:933338290> -> 1 HP bằng (môi trường/khác) -> [None :D] <STEAM_1:0:578030381>
L 09/02/2026 - 21:01:21: [FF] [TezzyPham] <STEAM_1:1:933338290> -> 1 HP bằng (môi trường/khác) -> [Rïçēz] <STEAM_1:1:558962692>
L 09/02/2026 - 21:01:21: [FF] [TezzyPham] <STEAM_1:1:933338290> -> 1 HP bằng (môi trường/khác) -> [Curren Bouquetd'or] <STEAM_1:1:524205977>
L 09/02/2026 - 21:01:21: [FF] [TezzyPham] <STEAM_1:1:933338290> -> 1 HP bằng (môi trường/khác) -> [chimxanh] <STEAM_1:1:626078671>
L 09/02/2026 - 21:01:21: [FF] [TezzyPham] <STEAM_1:1:933338290> -> 1 HP bằng (môi trường/khác) -> [Coach] <BOT>
L 09/02/2026 - 21:01:21: [FF] [TezzyPham] <STEAM_1:1:933338290> -> 1 HP bằng (môi trường/khác) -> [weeBlord] <STEAM_1:0:242584050>
L 09/02/2026 - 21:01:21: [FF] [TezzyPham] <STEAM_1:1:933338290> -> 1 HP bằng (môi trường/khác) -> [KeroN] <STEAM_1:1:161759963>
L 09/02/2026 - 21:01:21: [FF] [TezzyPham] <STEAM_1:1:933338290> -> 1 HP bằng (môi trường/khác) -> [（ ͜.人 ͜.）⛇☃] <STEAM_1:1:241852047>
L 09/02/2026 - 21:01:21: [FF] [TezzyPham] <STEAM_1:1:933338290> -> 1 HP bằng (môi trường/khác) -> [Chicoarun] <STEAM_1:0:952954061>
L 09/02/2026 - 21:01:21: [FF] [TezzyPham] <STEAM_1:1:933338290> -> 1 HP bằng (môi trường/khác) -> [(3)Rochelle] <BOT>
L 09/02/2026 - 21:01:21: [FF] [None :D] <STEAM_1:0:578030381> -> 5 HP bằng (melee) -> [weeBlord] <STEAM_1:0:242584050>
L 09/02/2026 - 21:01:27: [FF] [KeroN] <STEAM_1:1:161759963> -> 22 HP bằng (boom/fire) -> [weeBlord] <STEAM_1:0:242584050>
L 09/02/2026 - 21:01:28: [FF] [KeroN] <STEAM_1:1:161759963> -> 22 HP bằng (boom/fire) -> [weeBlord] <STEAM_1:0:242584050>
L 09/02/2026 - 21:01:28: [FF] [Chicoarun] <STEAM_1:0:952954061> -> 4 HP bằng (boom/fire) -> [（ ͜.人 ͜.）⛇☃] <STEAM_1:1:241852047>
L 09/02/2026 - 21:01:28: [FF] [Chicoarun] <STEAM_1:0:952954061> -> 4 HP bằng (boom/fire) -> [（ ͜.人 ͜.）⛇☃] <STEAM_1:1:241852047>
L 09/02/2026 - 21:01:28: [FF] [Chicoarun] <STEAM_1:0:952954061> -> 4 HP bằng (boom/fire) -> [（ ͜.人 ͜.）⛇☃] <STEAM_1:1:241852047>
L 09/02/2026 - 21:01:28: [FF] [Chicoarun] <STEAM_1:0:952954061> -> 4 HP bằng (boom/fire) -> [（ ͜.人 ͜.）⛇☃] <STEAM_1:1:241852047>
L 09/02/2026 - 21:01:29: [FF] [Lê Hải] <STEAM_1:0:471595906> -> 6 HP bằng (boom/fire) -> [TezzyPham] <STEAM_1:1:933338290>
L 09/02/2026 - 21:01:29: [FF] [None :D] <STEAM_1:0:578030381> -> 7 HP bằng (boom/fire) -> [Coach] <BOT>
L 09/02/2026 - 21:01:29: [FF] [Lê Hải] <STEAM_1:0:471595906> -> 6 HP bằng (boom/fire) -> [Coach] <BOT>
L 09/02/2026 - 21:01:29: [FF] [None :D] <STEAM_1:0:578030381> -> 10 HP bằng (boom/fire) -> [Bảo Nguyên] <STEAM_1:0:218160880>
L 09/02/2026 - 21:01:29: [FF] [Lê Hải] <STEAM_1:0:471595906> -> 6 HP bằng (boom/fire) -> [Coach] <BOT>
L 09/02/2026 - 21:01:29: [FF] [None :D] <STEAM_1:0:578030381> -> 7 HP bằng (boom/fire) -> [Bảo Nguyên] <STEAM_1:0:218160880>
L 09/02/2026 - 21:01:29: [FF] [Lê Hải] <STEAM_1:0:471595906> -> 5 HP bằng (boom/fire) -> [Bảo Nguyên] <STEAM_1:0:218160880>
L 09/02/2026 - 21:01:29: [FF] [KeroN] <STEAM_1:1:161759963> -> 22 HP bằng (boom/fire) -> [Coach] <BOT>
L 09/02/2026 - 21:01:29: [FF] [Bảo Nguyên] <STEAM_1:0:218160880> -> 22 HP bằng (boom/fire) -> [Coach] <BOT>
L 09/02/2026 - 21:01:29: [FF] [Lê Hải] <STEAM_1:0:471595906> -> 6 HP bằng (boom/fire) -> [Coach] <BOT>
L 09/02/2026 - 21:01:29: [FF] [Lê Hải] <STEAM_1:0:471595906> -> 6 HP bằng (boom/fire) -> [Coach] <BOT>
L 09/02/2026 - 21:01:30: [FF] [Lê Hải] <STEAM_1:0:471595906> -> 9 HP bằng (boom/fire) -> [KeroN] <STEAM_1:1:161759963>
L 09/02/2026 - 21:01:30: [FF] [KeroN] <STEAM_1:1:161759963> -> 22 HP bằng (boom/fire) -> [Coach] <BOT>
L 09/02/2026 - 21:01:30: [FF] [Lê Hải] <STEAM_1:0:471595906> -> 9 HP bằng (boom/fire) -> [KeroN] <STEAM_1:1:161759963>
L 09/02/2026 - 21:01:30: [FF] [Lê Hải] <STEAM_1:0:471595906> -> 6 HP bằng (boom/fire) -> [KeroN] <STEAM_1:1:161759963>
L 09/02/2026 - 21:01:30: [FF] [Lê Hải] <STEAM_1:0:471595906> -> 9 HP bằng (boom/fire) -> [(3)Rochelle] <BOT>
L 09/02/2026 - 21:01:30: [FF] [Lê Hải] <STEAM_1:0:471595906> -> 5 HP bằng (boom/fire) -> [KeroN] <STEAM_1:1:161759963>
L 09/02/2026 - 21:01:31: [FF] [Lê Hải] <STEAM_1:0:471595906> -> 6 HP bằng (boom/fire) -> [KeroN] <STEAM_1:1:161759963>
L 09/02/2026 - 21:01:31: [FF] [None :D] <STEAM_1:0:578030381> -> 7 HP bằng (boom/fire) -> [Chicoarun] <STEAM_1:0:952954061>
L 09/02/2026 - 21:01:31: [FF] [Lê Hải] <STEAM_1:0:471595906> -> 9 HP bằng (boom/fire) -> [KeroN] <STEAM_1:1:161759963>
L 09/02/2026 - 21:01:31: [FF] [Lê Hải] <STEAM_1:0:471595906> -> 9 HP bằng (boom/fire) -> [KeroN] <STEAM_1:1:161759963>
L 09/02/2026 - 21:01:31: [FF] [Lê Hải] <STEAM_1:0:471595906> -> 9 HP bằng (boom/fire) -> [KeroN] <STEAM_1:1:161759963>
L 09/02/2026 - 21:01:31: [FF] [Lê Hải] <STEAM_1:0:471595906> -> 9 HP bằng (boom/fire) -> [Coach] <BOT>
L 09/02/2026 - 21:01:31: [FF] [Lê Hải] <STEAM_1:0:471595906> -> 9 HP bằng (boom/fire) -> [Coach] <BOT>
L 09/02/2026 - 21:01:32: [FF] [Lê Hải] <STEAM_1:0:471595906> -> 6 HP bằng (boom/fire) -> [Coach] <BOT>
L 09/02/2026 - 21:01:32: [FF] [Lê Hải] <STEAM_1:0:471595906> -> 5 HP bằng (boom/fire) -> [KeroN] <STEAM_1:1:161759963>
L 09/02/2026 - 21:01:32: [FF] [Rïçēz] <STEAM_1:1:558962692> -> 10 HP bằng (boom/fire) -> [KeroN] <STEAM_1:1:161759963>
L 09/02/2026 - 21:01:33: [FF] [Lê Hải] <STEAM_1:0:471595906> -> 6 HP bằng (boom/fire) -> [Coach] <BOT>
L 09/02/2026 - 21:01:34: [FF] [KeroN] <STEAM_1:1:161759963> -> 15 HP bằng (boom/fire) -> [weeBlord] <STEAM_1:0:242584050>
L 09/02/2026 - 21:01:35: [FF] [Rïçēz] <STEAM_1:1:558962692> -> 7 HP bằng (boom/fire) -> [weeBlord] <STEAM_1:0:242584050>
L 09/02/2026 - 21:01:37: [FF] [Rïçēz] <STEAM_1:1:558962692> -> 9 HP bằng (boom/fire) -> [chimxanh] <STEAM_1:1:626078671>
L 09/02/2026 - 21:01:38: [FF] [Rïçēz] <STEAM_1:1:558962692> -> 14 HP bằng (boom/fire) -> [KeroN] <STEAM_1:1:161759963>
L 09/02/2026 - 21:01:38: [FF] [Curren Bouquetd'or] <STEAM_1:1:524205977> -> 22 HP bằng (súng) -> [None :D] <STEAM_1:0:578030381>
L 09/02/2026 - 21:01:38: [FF] [Rïçēz] <STEAM_1:1:558962692> -> 9 HP bằng (boom/fire) -> [chimxanh] <STEAM_1:1:626078671>
L 09/02/2026 - 21:01:38: [FF] [Rïçēz] <STEAM_1:1:558962692> -> 7 HP bằng (boom/fire) -> [chimxanh] <STEAM_1:1:626078671>
L 09/02/2026 - 21:01:42: [FF] [Rïçēz] <STEAM_1:1:558962692> -> 14 HP bằng (boom/fire) -> [Chicoarun] <STEAM_1:0:952954061>
L 09/02/2026 - 21:01:42: [FF] [Lê Hải] <STEAM_1:0:471595906> -> 5 HP bằng (boom/fire) -> [Chicoarun] <STEAM_1:0:952954061>
L 09/02/2026 - 21:01:42: [FF] [Lê Hải] <STEAM_1:0:471595906> -> 6 HP bằng (boom/fire) -> [Chicoarun] <STEAM_1:0:952954061>
L 09/02/2026 - 21:01:48: [FF] [Bảo Nguyên] <STEAM_1:0:218160880> -> 1 HP bằng (môi trường/khác) -> [（ ͜.人 ͜.）⛇☃] <STEAM_1:1:241852047>
L 09/02/2026 - 21:01:48: [FF] [Bảo Nguyên] <STEAM_1:0:218160880> -> 1 HP bằng (môi trường/khác) -> [Curren Bouquetd'or] <STEAM_1:1:524205977>
L 09/02/2026 - 21:01:54: [FF] [（ ͜.人 ͜.）⛇☃] <STEAM_1:1:241852047> -> 5 HP bằng (melee) -> [Bảo Nguyên] <STEAM_1:0:218160880>
L 09/02/2026 - 21:01:54: [FF] [（ ͜.人 ͜.）⛇☃] <STEAM_1:1:241852047> -> 5 HP bằng (melee) -> [Bảo Nguyên] <STEAM_1:0:218160880>
L 09/02/2026 - 21:01:56: [FF] [（ ͜.人 ͜.）⛇☃] <STEAM_1:1:241852047> -> 5 HP bằng (melee) -> [Bảo Nguyên] <STEAM_1:0:218160880>
L 09/02/2026 - 21:01:56: [FF] [Bảo Nguyên] <STEAM_1:0:218160880> -> 5 HP bằng (melee) -> [（ ͜.人 ͜.）⛇☃] <STEAM_1:1:241852047>
L 09/02/2026 - 21:01:57: [KILL] Zombie/Witch/Môi trường <N/A> đã giết TezzyPham <STEAM_1:1:933338290> bằng (zombie cào/đấm)
L 09/02/2026 - 21:02:00: [KILL] Zombie/Witch/Môi trường <N/A> đã giết Curren Bouquetd'or <STEAM_1:1:524205977> bằng (zombie cào/đấm)
L 09/02/2026 - 21:02:02: [HẠ GỤC] Chicoarun <STEAM_1:0:952954061> đã hạ gục Chicoarun <STEAM_1:0:952954061> bằng (boom/fire)
L 09/02/2026 - 21:02:03: [KILL] Chicoarun <STEAM_1:0:952954061> đã giết Chicoarun <STEAM_1:0:952954061> bằng (boom/fire)
L 09/02/2026 - 21:02:10: [FF] [weeBlord] <STEAM_1:0:242584050> -> 7 HP bằng (melee) -> [Coach] <BOT>
L 09/02/2026 - 21:02:10: [HẠ GỤC] Bảo Nguyên <STEAM_1:0:218160880> đã hạ gục Coach <BOT> bằng (boom/fire)
L 09/02/2026 - 21:02:32: [HẠ GỤC] Zombie/Witch/Môi trường <N/A> đã hạ gục (3)Rochelle <BOT> bằng (môi trường/khác)
L 09/02/2026 - 21:02:39: [FF] [（ ͜.人 ͜.）⛇☃] <STEAM_1:1:241852047> -> 5 HP bằng (melee) -> [chimxanh] <STEAM_1:1:626078671>
L 09/02/2026 - 21:02:41: [FF] [Lê Hải] <STEAM_1:0:471595906> -> 5 HP bằng (súng) -> [(3)Rochelle] <BOT>
L 09/02/2026 - 21:02:42: [FF] [Lê Hải] <STEAM_1:0:471595906> -> 6 HP bằng (súng) -> [Bảo Nguyên] <STEAM_1:0:218160880>
L 09/02/2026 - 21:02:43: [HẠ GỤC] Lê Hải <STEAM_1:0:471595906> đã hạ gục Bảo Nguyên <STEAM_1:0:218160880> bằng (boom/fire)
L 09/02/2026 - 21:02:43: [FF] [Lê Hải] <STEAM_1:0:471595906> -> 16 HP bằng (boom/fire) -> [Bảo Nguyên] <STEAM_1:0:218160880>
L 09/02/2026 - 21:02:43: [FF] [Lê Hải] <STEAM_1:0:471595906> -> 16 HP bằng (boom/fire) -> [Bảo Nguyên] <STEAM_1:0:218160880>
L 09/02/2026 - 21:02:44: [FF] [Lê Hải] <STEAM_1:0:471595906> -> 16 HP bằng (boom/fire) -> [Bảo Nguyên] <STEAM_1:0:218160880>
L 09/02/2026 - 21:02:53: [FF] [Lê Hải] <STEAM_1:0:471595906> -> 16 HP bằng (boom/fire) -> [chimxanh] <STEAM_1:1:626078671>
L 09/02/2026 - 21:02:53: [FF] [Lê Hải] <STEAM_1:0:471595906> -> 16 HP bằng (boom/fire) -> [chimxanh] <STEAM_1:1:626078671>
L 09/02/2026 - 21:02:53: [HẠ GỤC] Lê Hải <STEAM_1:0:471595906> đã hạ gục chimxanh <STEAM_1:1:626078671> bằng (boom/fire)
L 09/02/2026 - 21:02:53: [FF] [Lê Hải] <STEAM_1:0:471595906> -> 16 HP bằng (boom/fire) -> [chimxanh] <STEAM_1:1:626078671>
L 09/02/2026 - 21:02:53: [FF] [Lê Hải] <STEAM_1:0:471595906> -> 16 HP bằng (boom/fire) -> [chimxanh] <STEAM_1:1:626078671>
L 09/02/2026 - 21:02:54: [FF] [Lê Hải] <STEAM_1:0:471595906> -> 16 HP bằng (boom/fire) -> [chimxanh] <STEAM_1:1:626078671>
L 09/02/2026 - 21:02:54: [FF] [Lê Hải] <STEAM_1:0:471595906> -> 16 HP bằng (boom/fire) -> [chimxanh] <STEAM_1:1:626078671>
L 09/02/2026 - 21:02:54: [FF] [Lê Hải] <STEAM_1:0:471595906> -> 16 HP bằng (boom/fire) -> [chimxanh] <STEAM_1:1:626078671>
L 09/02/2026 - 21:02:54: [FF] [Lê Hải] <STEAM_1:0:471595906> -> 16 HP bằng (boom/fire) -> [chimxanh] <STEAM_1:1:626078671>
L 09/02/2026 - 21:02:54: [FF] [Lê Hải] <STEAM_1:0:471595906> -> 16 HP bằng (boom/fire) -> [chimxanh] <STEAM_1:1:626078671>
L 09/02/2026 - 21:02:55: [HẠ GỤC] Smoker Bot <BOT> đã hạ gục None :D <STEAM_1:0:578030381> bằng (zombie cào/đấm)
L 09/02/2026 - 21:02:55: [FF] [Lê Hải] <STEAM_1:0:471595906> -> 16 HP bằng (boom/fire) -> [chimxanh] <STEAM_1:1:626078671>
L 09/02/2026 - 21:02:55: [FF] [Lê Hải] <STEAM_1:0:471595906> -> 16 HP bằng (boom/fire) -> [chimxanh] <STEAM_1:1:626078671>
L 09/02/2026 - 21:02:55: [FF] [Lê Hải] <STEAM_1:0:471595906> -> 16 HP bằng (boom/fire) -> [chimxanh] <STEAM_1:1:626078671>
L 09/02/2026 - 21:02:55: [FF] [Lê Hải] <STEAM_1:0:471595906> -> 16 HP bằng (boom/fire) -> [chimxanh] <STEAM_1:1:626078671>
L 09/02/2026 - 21:02:55: [FF] [Lê Hải] <STEAM_1:0:471595906> -> 16 HP bằng (boom/fire) -> [chimxanh] <STEAM_1:1:626078671>
L 09/02/2026 - 21:03:00: [FF] [Lê Hải] <STEAM_1:0:471595906> -> 6 HP bằng (súng) -> [（ ͜.人 ͜.）⛇☃] <STEAM_1:1:241852047>
L 09/02/2026 - 21:03:00: [FF] [Lê Hải] <STEAM_1:0:471595906> -> 6 HP bằng (súng) -> [KeroN] <STEAM_1:1:161759963>
L 09/02/2026 - 21:03:00: [FF] [Lê Hải] <STEAM_1:0:471595906> -> 6 HP bằng (súng) -> [KeroN] <STEAM_1:1:161759963>
L 09/02/2026 - 21:03:00: [FF] [Lê Hải] <STEAM_1:0:471595906> -> 6 HP bằng (súng) -> [KeroN] <STEAM_1:1:161759963>
L 09/02/2026 - 21:03:01: [FF] [Lê Hải] <STEAM_1:0:471595906> -> 9 HP bằng (súng) -> [KeroN] <STEAM_1:1:161759963>
L 09/02/2026 - 21:03:01: [FF] [Lê Hải] <STEAM_1:0:471595906> -> 6 HP bằng (súng) -> [KeroN] <STEAM_1:1:161759963>
L 09/02/2026 - 21:03:01: [FF] [Lê Hải] <STEAM_1:0:471595906> -> 6 HP bằng (súng) -> [KeroN] <STEAM_1:1:161759963>
L 09/02/2026 - 21:03:01: [FF] [KeroN] <STEAM_1:1:161759963> -> 15 HP bằng (boom/fire) -> [（ ͜.人 ͜.）⛇☃] <STEAM_1:1:241852047>
L 09/02/2026 - 21:03:01: [FF] [Lê Hải] <STEAM_1:0:471595906> -> 6 HP bằng (súng) -> [KeroN] <STEAM_1:1:161759963>
L 09/02/2026 - 21:03:01: [FF] [Lê Hải] <STEAM_1:0:471595906> -> 6 HP bằng (súng) -> [KeroN] <STEAM_1:1:161759963>
L 09/02/2026 - 21:03:01: [FF] [Lê Hải] <STEAM_1:0:471595906> -> 6 HP bằng (súng) -> [KeroN] <STEAM_1:1:161759963>
L 09/02/2026 - 21:03:04: [HẠ GỤC] Spitter Bot <BOT> đã hạ gục Rïçēz <STEAM_1:1:558962692> bằng (môi trường/khác)
L 09/02/2026 - 21:03:05: [FF] [weeBlord] <STEAM_1:0:242584050> -> 15 HP bằng (boom/fire) -> [None :D] <STEAM_1:0:578030381>
L 09/02/2026 - 21:03:35: [FF] [None :D] <STEAM_1:0:578030381> -> 14 HP bằng (súng) -> [Rïçēz] <STEAM_1:1:558962692>
L 09/02/2026 - 21:03:41: [FF] [Rïçēz] <STEAM_1:1:558962692> -> 7 HP bằng (súng) -> [Bảo Nguyên] <STEAM_1:0:218160880>
L 09/02/2026 - 21:03:41: [FF] [Rïçēz] <STEAM_1:1:558962692> -> 10 HP bằng (súng) -> [Bảo Nguyên] <STEAM_1:0:218160880>
L 09/02/2026 - 21:03:41: [HẠ GỤC] Smoker Bot <BOT> đã hạ gục Holo 40k <STEAM_1:1:925049770> bằng (zombie cào/đấm)
L 09/02/2026 - 21:03:41: [FF] [（ ͜.人 ͜.）⛇☃] <STEAM_1:1:241852047> -> 6 HP bằng (môi trường/khác) -> [None :D] <STEAM_1:0:578030381>
L 09/02/2026 - 21:03:41: [FF] [（ ͜.人 ͜.）⛇☃] <STEAM_1:1:241852047> -> 1 HP bằng (môi trường/khác) -> [None :D] <STEAM_1:0:578030381>
L 09/02/2026 - 21:03:43: [FF] [Binchu2222] <STEAM_1:0:690072085> -> 15 HP bằng (boom/fire) -> [Holo 40k] <STEAM_1:1:925049770>
L 09/02/2026 - 21:03:48: [HẠ GỤC] (1)Smoker Bot <BOT> đã hạ gục Binchu2222 <STEAM_1:0:690072085> bằng (môi trường/khác)
L 09/02/2026 - 21:03:50: [FF] [Lê Hải] <STEAM_1:0:471595906> -> 5 HP bằng (súng) -> [Rïçēz] <STEAM_1:1:558962692>
L 09/02/2026 - 21:03:50: [FF] [Lê Hải] <STEAM_1:0:471595906> -> 5 HP bằng (súng) -> [Rïçēz] <STEAM_1:1:558962692>
L 09/02/2026 - 21:03:51: [FF] [（ ͜.人 ͜.）⛇☃] <STEAM_1:1:241852047> -> 3 HP bằng (môi trường/khác) -> [Rïçēz] <STEAM_1:1:558962692>
L 09/02/2026 - 21:03:51: [FF] [（ ͜.人 ͜.）⛇☃] <STEAM_1:1:241852047> -> 1 HP bằng (môi trường/khác) -> [Rïçēz] <STEAM_1:1:558962692>
L 09/02/2026 - 21:03:53: [FF] [Curren Bouquetd'or] <STEAM_1:1:524205977> -> 5 HP bằng (súng) -> [Lê Hải] <STEAM_1:0:471595906>
L 09/02/2026 - 21:03:53: [FF] [Curren Bouquetd'or] <STEAM_1:1:524205977> -> 6 HP bằng (súng) -> [Lê Hải] <STEAM_1:0:471595906>
L 09/02/2026 - 21:03:53: [FF] [Curren Bouquetd'or] <STEAM_1:1:524205977> -> 5 HP bằng (súng) -> [Lê Hải] <STEAM_1:0:471595906>
L 09/02/2026 - 21:03:57: [FF] [（ ͜.人 ͜.）⛇☃] <STEAM_1:1:241852047> -> 1 HP bằng (môi trường/khác) -> [Lê Hải] <STEAM_1:0:471595906>
L 09/02/2026 - 21:03:57: [FF] [（ ͜.人 ͜.）⛇☃] <STEAM_1:1:241852047> -> 1 HP bằng (môi trường/khác) -> [None :D] <STEAM_1:0:578030381>
L 09/02/2026 - 21:03:57: [FF] [（ ͜.人 ͜.）⛇☃] <STEAM_1:1:241852047> -> 1 HP bằng (môi trường/khác) -> [Lê Hải] <STEAM_1:0:471595906>
L 09/02/2026 - 21:03:57: [FF] [（ ͜.人 ͜.）⛇☃] <STEAM_1:1:241852047> -> 1 HP bằng (môi trường/khác) -> [weeBlord] <STEAM_1:0:242584050>
L 09/02/2026 - 21:03:58: [FF] [Curren Bouquetd'or] <STEAM_1:1:524205977> -> 5 HP bằng (súng) -> [Lê Hải] <STEAM_1:0:471595906>
L 09/02/2026 - 21:03:58: [FF] [Curren Bouquetd'or] <STEAM_1:1:524205977> -> 5 HP bằng (súng) -> [Lê Hải] <STEAM_1:0:471595906>
L 09/02/2026 - 21:03:58: [FF] [Curren Bouquetd'or] <STEAM_1:1:524205977> -> 6 HP bằng (súng) -> [Lê Hải] <STEAM_1:0:471595906>
L 09/02/2026 - 21:03:58: [FF] [（ ͜.人 ͜.）⛇☃] <STEAM_1:1:241852047> -> 3 HP bằng (môi trường/khác) -> [Curren Bouquetd'or] <STEAM_1:1:524205977>
L 09/02/2026 - 21:03:58: [FF] [（ ͜.人 ͜.）⛇☃] <STEAM_1:1:241852047> -> 1 HP bằng (môi trường/khác) -> [Lê Hải] <STEAM_1:0:471595906>
L 09/02/2026 - 21:03:58: [FF] [（ ͜.人 ͜.）⛇☃] <STEAM_1:1:241852047> -> 1 HP bằng (môi trường/khác) -> [Curren Bouquetd'or] <STEAM_1:1:524205977>
L 09/02/2026 - 21:03:58: [FF] [（ ͜.人 ͜.）⛇☃] <STEAM_1:1:241852047> -> 1 HP bằng (môi trường/khác) -> [Lê Hải] <STEAM_1:0:471595906>
L 09/02/2026 - 21:03:58: [FF] [（ ͜.人 ͜.）⛇☃] <STEAM_1:1:241852047> -> 1 HP bằng (môi trường/khác) -> [weeBlord] <STEAM_1:0:242584050>
L 09/02/2026 - 21:04:09: [FF] [（ ͜.人 ͜.）⛇☃] <STEAM_1:1:241852047> -> 1 HP bằng (môi trường/khác) -> [Chicoarun] <STEAM_1:0:952954061>
L 09/02/2026 - 21:04:15: [FF] [None :D] <STEAM_1:0:578030381> -> 3 HP bằng (súng) -> [Curren Bouquetd'or] <STEAM_1:1:524205977>
L 09/02/2026 - 21:04:15: [FF] [None :D] <STEAM_1:0:578030381> -> 3 HP bằng (súng) -> [Curren Bouquetd'or] <STEAM_1:1:524205977>
L 09/02/2026 - 21:04:15: [FF] [None :D] <STEAM_1:0:578030381> -> 3 HP bằng (súng) -> [Curren Bouquetd'or] <STEAM_1:1:524205977>
L 09/02/2026 - 21:04:15: [FF] [None :D] <STEAM_1:0:578030381> -> 3 HP bằng (súng) -> [Curren Bouquetd'or] <STEAM_1:1:524205977>
L 09/02/2026 - 21:04:15: [FF] [None :D] <STEAM_1:0:578030381> -> 3 HP bằng (súng) -> [Curren Bouquetd'or] <STEAM_1:1:524205977>
L 09/02/2026 - 21:04:15: [FF] [None :D] <STEAM_1:0:578030381> -> 3 HP bằng (súng) -> [Curren Bouquetd'or] <STEAM_1:1:524205977>
L 09/02/2026 - 21:04:15: [FF] [None :D] <STEAM_1:0:578030381> -> 3 HP bằng (súng) -> [Curren Bouquetd'or] <STEAM_1:1:524205977>
L 09/02/2026 - 21:04:15: [FF] [None :D] <STEAM_1:0:578030381> -> 3 HP bằng (súng) -> [Curren Bouquetd'or] <STEAM_1:1:524205977>
L 09/02/2026 - 21:04:15: [FF] [None :D] <STEAM_1:0:578030381> -> 3 HP bằng (súng) -> [Curren Bouquetd'or] <STEAM_1:1:524205977>
L 09/02/2026 - 21:04:15: [FF] [None :D] <STEAM_1:0:578030381> -> 3 HP bằng (súng) -> [Curren Bouquetd'or] <STEAM_1:1:524205977>
L 09/02/2026 - 21:04:15: [FF] [None :D] <STEAM_1:0:578030381> -> 3 HP bằng (súng) -> [Curren Bouquetd'or] <STEAM_1:1:524205977>
L 09/02/2026 - 21:04:22: [FF] [（ ͜.人 ͜.）⛇☃] <STEAM_1:1:241852047> -> 16 HP bằng (boom/fire) -> [Chicoarun] <STEAM_1:0:952954061>
L 09/02/2026 - 21:04:22: [FF] [（ ͜.人 ͜.）⛇☃] <STEAM_1:1:241852047> -> 16 HP bằng (boom/fire) -> [Chicoarun] <STEAM_1:0:952954061>
L 09/02/2026 - 21:04:22: [FF] [（ ͜.人 ͜.）⛇☃] <STEAM_1:1:241852047> -> 16 HP bằng (boom/fire) -> [Chicoarun] <STEAM_1:0:952954061>
L 09/02/2026 - 21:04:22: [FF] [（ ͜.人 ͜.）⛇☃] <STEAM_1:1:241852047> -> 16 HP bằng (boom/fire) -> [Chicoarun] <STEAM_1:0:952954061>
L 09/02/2026 - 21:04:23: [FF] [（ ͜.人 ͜.）⛇☃] <STEAM_1:1:241852047> -> 16 HP bằng (boom/fire) -> [Chicoarun] <STEAM_1:0:952954061>
L 09/02/2026 - 21:04:25: [FF] [Binchu2222] <STEAM_1:0:690072085> -> 22 HP bằng (súng) -> [KeroN] <STEAM_1:1:161759963>
L 09/02/2026 - 21:04:34: [FF] [None :D] <STEAM_1:0:578030381> -> 3 HP bằng (súng) -> [TezzyPham] <STEAM_1:1:933338290>
L 09/02/2026 - 21:04:34: [FF] [None :D] <STEAM_1:0:578030381> -> 4 HP bằng (súng) -> [Chicoarun] <STEAM_1:0:952954061>
L 09/02/2026 - 21:04:34: [FF] [None :D] <STEAM_1:0:578030381> -> 3 HP bằng (súng) -> [Chicoarun] <STEAM_1:0:952954061>
L 09/02/2026 - 21:04:34: [FF] [None :D] <STEAM_1:0:578030381> -> 4 HP bằng (súng) -> [Chicoarun] <STEAM_1:0:952954061>
L 09/02/2026 - 21:04:34: [FF] [None :D] <STEAM_1:0:578030381> -> 3 HP bằng (súng) -> [Chicoarun] <STEAM_1:0:952954061>
L 09/02/2026 - 21:04:34: [FF] [None :D] <STEAM_1:0:578030381> -> 3 HP bằng (súng) -> [Chicoarun] <STEAM_1:0:952954061>
L 09/02/2026 - 21:04:34: [FF] [None :D] <STEAM_1:0:578030381> -> 4 HP bằng (súng) -> [Chicoarun] <STEAM_1:0:952954061>
L 09/02/2026 - 21:04:34: [FF] [None :D] <STEAM_1:0:578030381> -> 3 HP bằng (súng) -> [Chicoarun] <STEAM_1:0:952954061>
L 09/02/2026 - 21:04:34: [FF] [None :D] <STEAM_1:0:578030381> -> 4 HP bằng (súng) -> [Chicoarun] <STEAM_1:0:952954061>
L 09/02/2026 - 21:04:34: [FF] [None :D] <STEAM_1:0:578030381> -> 4 HP bằng (súng) -> [Chicoarun] <STEAM_1:0:952954061>
L 09/02/2026 - 21:04:36: [FF] [chimxanh] <STEAM_1:1:626078671> -> 14 HP bằng (boom/fire) -> [weeBlord] <STEAM_1:0:242584050>
L 09/02/2026 - 21:04:36: [FF] [chimxanh] <STEAM_1:1:626078671> -> 7 HP bằng (boom/fire) -> [weeBlord] <STEAM_1:0:242584050>
L 09/02/2026 - 21:04:36: [FF] [（ ͜.人 ͜.）⛇☃] <STEAM_1:1:241852047> -> 1 HP bằng (môi trường/khác) -> [None :D] <STEAM_1:0:578030381>
L 09/02/2026 - 21:04:36: [FF] [（ ͜.人 ͜.）⛇☃] <STEAM_1:1:241852047> -> 1 HP bằng (môi trường/khác) -> [chimxanh] <STEAM_1:1:626078671>
L 09/02/2026 - 21:04:36: [FF] [（ ͜.人 ͜.）⛇☃] <STEAM_1:1:241852047> -> 1 HP bằng (môi trường/khác) -> [None :D] <STEAM_1:0:578030381>
L 09/02/2026 - 21:04:36: [FF] [（ ͜.人 ͜.）⛇☃] <STEAM_1:1:241852047> -> 1 HP bằng (môi trường/khác) -> [Curren Bouquetd'or] <STEAM_1:1:524205977>
L 09/02/2026 - 21:04:37: [FF] [chimxanh] <STEAM_1:1:626078671> -> 10 HP bằng (boom/fire) -> [None :D] <STEAM_1:0:578030381>
L 09/02/2026 - 21:04:37: [FF] [Binchu2222] <STEAM_1:0:690072085> -> 15 HP bằng (súng) -> [Curren Bouquetd'or] <STEAM_1:1:524205977>
L 09/02/2026 - 21:04:38: [FF] [（ ͜.人 ͜.）⛇☃] <STEAM_1:1:241852047> -> 1 HP bằng (môi trường/khác) -> [TezzyPham] <STEAM_1:1:933338290>
L 09/02/2026 - 21:04:41: [FF] [Lê Hải] <STEAM_1:0:471595906> -> 5 HP bằng (súng) -> [Rïçēz] <STEAM_1:1:558962692>
L 09/02/2026 - 21:04:43: [HẠ GỤC] Jockey Bot <BOT> đã hạ gục None :D <STEAM_1:0:578030381> bằng (zombie cào/đấm)
L 09/02/2026 - 21:04:46: [FF] [Curren Bouquetd'or] <STEAM_1:1:524205977> -> 3 HP bằng (súng) -> [chimxanh] <STEAM_1:1:626078671>
L 09/02/2026 - 21:04:46: [FF] [Curren Bouquetd'or] <STEAM_1:1:524205977> -> 3 HP bằng (súng) -> [chimxanh] <STEAM_1:1:626078671>
L 09/02/2026 - 21:04:46: [FF] [Curren Bouquetd'or] <STEAM_1:1:524205977> -> 3 HP bằng (súng) -> [chimxanh] <STEAM_1:1:626078671>
L 09/02/2026 - 21:04:46: [FF] [Curren Bouquetd'or] <STEAM_1:1:524205977> -> 3 HP bằng (súng) -> [chimxanh] <STEAM_1:1:626078671>
L 09/02/2026 - 21:04:46: [FF] [Curren Bouquetd'or] <STEAM_1:1:524205977> -> 3 HP bằng (súng) -> [chimxanh] <STEAM_1:1:626078671>
L 09/02/2026 - 21:04:46: [FF] [Curren Bouquetd'or] <STEAM_1:1:524205977> -> 3 HP bằng (súng) -> [chimxanh] <STEAM_1:1:626078671>
L 09/02/2026 - 21:04:46: [FF] [Curren Bouquetd'or] <STEAM_1:1:524205977> -> 3 HP bằng (súng) -> [chimxanh] <STEAM_1:1:626078671>
L 09/02/2026 - 21:04:46: [FF] [Curren Bouquetd'or] <STEAM_1:1:524205977> -> 3 HP bằng (súng) -> [chimxanh] <STEAM_1:1:626078671>
L 09/02/2026 - 21:04:46: [FF] [Curren Bouquetd'or] <STEAM_1:1:524205977> -> 3 HP bằng (súng) -> [chimxanh] <STEAM_1:1:626078671>
L 09/02/2026 - 21:04:46: [HẠ GỤC] Zombie/Witch/Môi trường <N/A> đã hạ gục Chicoarun <STEAM_1:0:952954061> bằng (môi trường/khác)
L 09/02/2026 - 21:04:46: [HẠ GỤC] Zombie/Witch/Môi trường <N/A> đã hạ gục weeBlord <STEAM_1:0:242584050> bằng (môi trường/khác)
L 09/02/2026 - 21:04:54: [FF] [Curren Bouquetd'or] <STEAM_1:1:524205977> -> 3 HP bằng (súng) -> [None :D] <STEAM_1:0:578030381>
L 09/02/2026 - 21:04:54: [FF] [Curren Bouquetd'or] <STEAM_1:1:524205977> -> 3 HP bằng (súng) -> [None :D] <STEAM_1:0:578030381>
L 09/02/2026 - 21:04:54: [FF] [Curren Bouquetd'or] <STEAM_1:1:524205977> -> 3 HP bằng (súng) -> [None :D] <STEAM_1:0:578030381>
L 09/02/2026 - 21:04:54: [FF] [Curren Bouquetd'or] <STEAM_1:1:524205977> -> 3 HP bằng (súng) -> [None :D] <STEAM_1:0:578030381>
L 09/02/2026 - 21:04:54: [FF] [Curren Bouquetd'or] <STEAM_1:1:524205977> -> 3 HP bằng (súng) -> [None :D] <STEAM_1:0:578030381>
L 09/02/2026 - 21:04:54: [FF] [Curren Bouquetd'or] <STEAM_1:1:524205977> -> 3 HP bằng (súng) -> [None :D] <STEAM_1:0:578030381>
L 09/02/2026 - 21:04:55: [HẠ GỤC] Spitter Bot <BOT> đã hạ gục Bảo Nguyên <STEAM_1:0:218160880> bằng (môi trường/khác)
L 09/02/2026 - 21:04:57: [FF] [（ ͜.人 ͜.）⛇☃] <STEAM_1:1:241852047> -> 2 HP bằng (môi trường/khác) -> [Bảo Nguyên] <STEAM_1:0:218160880>
L 09/02/2026 - 21:04:57: [FF] [（ ͜.人 ͜.）⛇☃] <STEAM_1:1:241852047> -> 1 HP bằng (môi trường/khác) -> [None :D] <STEAM_1:0:578030381>
L 09/02/2026 - 21:04:57: [FF] [（ ͜.人 ͜.）⛇☃] <STEAM_1:1:241852047> -> 1 HP bằng (môi trường/khác) -> [Bảo Nguyên] <STEAM_1:0:218160880>
L 09/02/2026 - 21:04:57: [FF] [（ ͜.人 ͜.）⛇☃] <STEAM_1:1:241852047> -> 1 HP bằng (môi trường/khác) -> [None :D] <STEAM_1:0:578030381>
L 09/02/2026 - 21:04:57: [HẠ GỤC] Spitter Bot <BOT> đã hạ gục Curren Bouquetd'or <STEAM_1:1:524205977> bằng (môi trường/khác)
L 09/02/2026 - 21:05:01: [FF] [（ ͜.人 ͜.）⛇☃] <STEAM_1:1:241852047> -> 3 HP bằng (môi trường/khác) -> [KeroN] <STEAM_1:1:161759963>
L 09/02/2026 - 21:05:01: [FF] [（ ͜.人 ͜.）⛇☃] <STEAM_1:1:241852047> -> 1 HP bằng (môi trường/khác) -> [chimxanh] <STEAM_1:1:626078671>
L 09/02/2026 - 21:05:01: [FF] [（ ͜.人 ͜.）⛇☃] <STEAM_1:1:241852047> -> 1 HP bằng (môi trường/khác) -> [KeroN] <STEAM_1:1:161759963>
L 09/02/2026 - 21:05:09: [FF] [（ ͜.人 ͜.）⛇☃] <STEAM_1:1:241852047> -> 14 HP bằng (môi trường/khác) -> [chimxanh] <STEAM_1:1:626078671>
L 09/02/2026 - 21:05:09: [FF] [（ ͜.人 ͜.）⛇☃] <STEAM_1:1:241852047> -> 1 HP bằng (môi trường/khác) -> [chimxanh] <STEAM_1:1:626078671>
L 09/02/2026 - 21:05:11: [HẠ GỤC] Zombie/Witch/Môi trường <N/A> đã hạ gục Chicoarun <STEAM_1:0:952954061> bằng (môi trường/khác)
L 09/02/2026 - 21:05:12: [FF] [Binchu2222] <STEAM_1:0:690072085> -> 15 HP bằng (súng) -> [Rïçēz] <STEAM_1:1:558962692>
L 09/02/2026 - 21:05:16: [FF] [（ ͜.人 ͜.）⛇☃] <STEAM_1:1:241852047> -> 1 HP bằng (môi trường/khác) -> [KeroN] <STEAM_1:1:161759963>
L 09/02/2026 - 21:05:16: [FF] [（ ͜.人 ͜.）⛇☃] <STEAM_1:1:241852047> -> 1 HP bằng (môi trường/khác) -> [KeroN] <STEAM_1:1:161759963>
L 09/02/2026 - 21:05:16: [FF] [（ ͜.人 ͜.）⛇☃] <STEAM_1:1:241852047> -> 1 HP bằng (môi trường/khác) -> [None :D] <STEAM_1:0:578030381>
L 09/02/2026 - 21:05:16: [HẠ GỤC] Zombie/Witch/Môi trường <N/A> đã hạ gục Rïçēz <STEAM_1:1:558962692> bằng (môi trường/khác)
L 09/02/2026 - 21:05:17: [FF] [（ ͜.人 ͜.）⛇☃] <STEAM_1:1:241852047> -> 1 HP bằng (môi trường/khác) -> [Curren Bouquetd'or] <STEAM_1:1:524205977>
L 09/02/2026 - 21:05:17: [FF] [chimxanh] <STEAM_1:1:626078671> -> 5 HP bằng (melee) -> [Holo 40k] <STEAM_1:1:925049770>
L 09/02/2026 - 21:05:19: [HẠ GỤC] Tank <BOT> đã hạ gục KeroN <STEAM_1:1:161759963> bằng (môi trường/khác)
L 09/02/2026 - 21:05:21: [FF] [Holo 40k] <STEAM_1:1:925049770> -> 3 HP bằng (súng) -> [chimxanh] <STEAM_1:1:626078671>
L 09/02/2026 - 21:05:21: [FF] [Holo 40k] <STEAM_1:1:925049770> -> 3 HP bằng (súng) -> [chimxanh] <STEAM_1:1:626078671>
L 09/02/2026 - 21:05:21: [FF] [Holo 40k] <STEAM_1:1:925049770> -> 3 HP bằng (súng) -> [chimxanh] <STEAM_1:1:626078671>
L 09/02/2026 - 21:05:21: [HẠ GỤC] Holo 40k <STEAM_1:1:925049770> đã hạ gục chimxanh <STEAM_1:1:626078671> bằng (súng)
L 09/02/2026 - 21:05:21: [FF] [Holo 40k] <STEAM_1:1:925049770> -> 3 HP bằng (súng) -> [chimxanh] <STEAM_1:1:626078671>
L 09/02/2026 - 21:05:21: [FF] [Holo 40k] <STEAM_1:1:925049770> -> 3 HP bằng (súng) -> [chimxanh] <STEAM_1:1:626078671>
L 09/02/2026 - 21:05:21: [FF] [Holo 40k] <STEAM_1:1:925049770> -> 3 HP bằng (súng) -> [KeroN] <STEAM_1:1:161759963>
L 09/02/2026 - 21:05:21: [FF] [Holo 40k] <STEAM_1:1:925049770> -> 3 HP bằng (súng) -> [KeroN] <STEAM_1:1:161759963>
L 09/02/2026 - 21:05:21: [FF] [Holo 40k] <STEAM_1:1:925049770> -> 3 HP bằng (súng) -> [KeroN] <STEAM_1:1:161759963>
L 09/02/2026 - 21:05:21: [FF] [Holo 40k] <STEAM_1:1:925049770> -> 3 HP bằng (súng) -> [KeroN] <STEAM_1:1:161759963>
L 09/02/2026 - 21:05:21: [FF] [Holo 40k] <STEAM_1:1:925049770> -> 3 HP bằng (súng) -> [KeroN] <STEAM_1:1:161759963>
L 09/02/2026 - 21:05:21: [FF] [Holo 40k] <STEAM_1:1:925049770> -> 3 HP bằng (súng) -> [KeroN] <STEAM_1:1:161759963>
L 09/02/2026 - 21:05:21: [FF] [Holo 40k] <STEAM_1:1:925049770> -> 3 HP bằng (súng) -> [KeroN] <STEAM_1:1:161759963>
L 09/02/2026 - 21:05:21: [FF] [Holo 40k] <STEAM_1:1:925049770> -> 3 HP bằng (súng) -> [KeroN] <STEAM_1:1:161759963>
L 09/02/2026 - 21:05:22: [FF] [（ ͜.人 ͜.）⛇☃] <STEAM_1:1:241852047> -> 1 HP bằng (môi trường/khác) -> [chimxanh] <STEAM_1:1:626078671>
L 09/02/2026 - 21:05:22: [FF] [（ ͜.人 ͜.）⛇☃] <STEAM_1:1:241852047> -> 2 HP bằng (môi trường/khác) -> [KeroN] <STEAM_1:1:161759963>
L 09/02/2026 - 21:05:22: [FF] [（ ͜.人 ͜.）⛇☃] <STEAM_1:1:241852047> -> 1 HP bằng (môi trường/khác) -> [Holo 40k] <STEAM_1:1:925049770>
L 09/02/2026 - 21:05:22: [FF] [（ ͜.人 ͜.）⛇☃] <STEAM_1:1:241852047> -> 1 HP bằng (môi trường/khác) -> [KeroN] <STEAM_1:1:161759963>
L 09/02/2026 - 21:05:23: [FF] [Bảo Nguyên] <STEAM_1:0:218160880> -> 16 HP bằng (boom/fire) -> [TezzyPham] <STEAM_1:1:933338290>
L 09/02/2026 - 21:05:23: [FF] [Bảo Nguyên] <STEAM_1:0:218160880> -> 16 HP bằng (boom/fire) -> [TezzyPham] <STEAM_1:1:933338290>
L 09/02/2026 - 21:05:23: [FF] [Bảo Nguyên] <STEAM_1:0:218160880> -> 16 HP bằng (boom/fire) -> [TezzyPham] <STEAM_1:1:933338290>
L 09/02/2026 - 21:05:23: [FF] [Bảo Nguyên] <STEAM_1:0:218160880> -> 16 HP bằng (boom/fire) -> [TezzyPham] <STEAM_1:1:933338290>
L 09/02/2026 - 21:05:24: [KILL] Tank <BOT> đã giết Holo 40k <STEAM_1:1:925049770> bằng (môi trường/khác)
L 09/02/2026 - 21:05:25: [HẠ GỤC] Tank <BOT> đã hạ gục Curren Bouquetd'or <STEAM_1:1:524205977> bằng (môi trường/khác)
L 09/02/2026 - 21:05:32: [FF] [Bảo Nguyên] <STEAM_1:0:218160880> -> 16 HP bằng (boom/fire) -> [TezzyPham] <STEAM_1:1:933338290>
L 09/02/2026 - 21:05:37: [FF] [Rïçēz] <STEAM_1:1:558962692> -> 10 HP bằng (súng) -> [KeroN] <STEAM_1:1:161759963>
L 09/02/2026 - 21:05:37: [HẠ GỤC] Tank <BOT> đã hạ gục KeroN <STEAM_1:1:161759963> bằng (môi trường/khác)
L 09/02/2026 - 21:05:40: [FF] [Rïçēz] <STEAM_1:1:558962692> -> 6 HP bằng (súng) -> [KeroN] <STEAM_1:1:161759963>
L 09/02/2026 - 21:05:48: [FF] [None :D] <STEAM_1:0:578030381> -> 5 HP bằng (melee) -> [Lê Hải] <STEAM_1:0:471595906>
L 09/02/2026 - 21:05:51: [FF] [（ ͜.人 ͜.）⛇☃] <STEAM_1:1:241852047> -> 8 HP bằng (môi trường/khác) -> [chimxanh] <STEAM_1:1:626078671>
L 09/02/2026 - 21:05:51: [FF] [（ ͜.人 ͜.）⛇☃] <STEAM_1:1:241852047> -> 14 HP bằng (môi trường/khác) -> [Rïçēz] <STEAM_1:1:558962692>
L 09/02/2026 - 21:05:51: [FF] [（ ͜.人 ͜.）⛇☃] <STEAM_1:1:241852047> -> 1 HP bằng (môi trường/khác) -> [chimxanh] <STEAM_1:1:626078671>
L 09/02/2026 - 21:05:51: [FF] [（ ͜.人 ͜.）⛇☃] <STEAM_1:1:241852047> -> 1 HP bằng (môi trường/khác) -> [Rïçēz] <STEAM_1:1:558962692>
L 09/02/2026 - 21:05:54: [HẠ GỤC] Tank <BOT> đã hạ gục TezzyPham <STEAM_1:1:933338290> bằng (môi trường/khác)
L 09/02/2026 - 21:06:03: [HẠ GỤC] Tank <BOT> đã hạ gục Bảo Nguyên <STEAM_1:0:218160880> bằng (môi trường/khác)
L 09/02/2026 - 21:06:04: [HẠ GỤC] Tank <BOT> đã hạ gục None :D <STEAM_1:0:578030381> bằng (môi trường/khác)
L 09/02/2026 - 21:06:05: [FF] [（ ͜.人 ͜.）⛇☃] <STEAM_1:1:241852047> -> 1 HP bằng (môi trường/khác) -> [KeroN] <STEAM_1:1:161759963>
L 09/02/2026 - 21:06:06: [FF] [（ ͜.人 ͜.）⛇☃] <STEAM_1:1:241852047> -> 5 HP bằng (môi trường/khác) -> [Lê Hải] <STEAM_1:0:471595906>
L 09/02/2026 - 21:06:06: [FF] [（ ͜.人 ͜.）⛇☃] <STEAM_1:1:241852047> -> 1 HP bằng (môi trường/khác) -> [Lê Hải] <STEAM_1:0:471595906>
L 09/02/2026 - 21:06:16: [FF] [TezzyPham] <STEAM_1:1:933338290> -> 9 HP bằng (súng) -> [Rïçēz] <STEAM_1:1:558962692>
L 09/02/2026 - 21:06:16: [FF] [TezzyPham] <STEAM_1:1:933338290> -> 9 HP bằng (súng) -> [Rïçēz] <STEAM_1:1:558962692>
L 09/02/2026 - 21:06:20: [FF] [TezzyPham] <STEAM_1:1:933338290> -> 9 HP bằng (súng) -> [Rïçēz] <STEAM_1:1:558962692>
L 09/02/2026 - 21:06:31: [HẠ GỤC] Zombie/Witch/Môi trường <N/A> đã hạ gục chimxanh <STEAM_1:1:626078671> bằng (môi trường/khác)
L 09/02/2026 - 21:06:34: [HẠ GỤC] Tank <BOT> đã hạ gục Binchu2222 <STEAM_1:0:690072085> bằng (môi trường/khác)
L 09/02/2026 - 21:06:35: [HẠ GỤC] Tank <BOT> đã hạ gục Holo 40k <STEAM_1:1:925049770> bằng (zombie cào/đấm)
L 09/02/2026 - 21:06:41: [FF] [（ ͜.人 ͜.）⛇☃] <STEAM_1:1:241852047> -> 5 HP bằng (melee) -> [chimxanh] <STEAM_1:1:626078671>
L 09/02/2026 - 21:06:45: [HẠ GỤC] Zombie/Witch/Môi trường <N/A> đã hạ gục Rïçēz <STEAM_1:1:558962692> bằng (môi trường/khác)
L 09/02/2026 - 21:06:48: [FF] [Rïçēz] <STEAM_1:1:558962692> -> 1 HP bằng (môi trường/khác) -> [（ ͜.人 ͜.）⛇☃] <STEAM_1:1:241852047>
L 09/02/2026 - 21:06:52: [FF] [KeroN] <STEAM_1:1:161759963> -> 15 HP bằng (súng) -> [weeBlord] <STEAM_1:0:242584050>
L 09/02/2026 - 21:06:59: [KILL] Tank <BOT> đã giết Bảo Nguyên <STEAM_1:0:218160880> bằng (môi trường/khác)
L 09/02/2026 - 21:07:01: [HẠ GỤC] Tank <BOT> đã hạ gục TezzyPham <STEAM_1:1:933338290> bằng (môi trường/khác)
L 09/02/2026 - 21:07:32: [HẠ GỤC] Tank <BOT> đã hạ gục Rïçēz <STEAM_1:1:558962692> bằng (môi trường/khác)
L 09/02/2026 - 21:07:34: [FF] [Binchu2222] <STEAM_1:0:690072085> -> 15 HP bằng (súng) -> [Lê Hải] <STEAM_1:0:471595906>
L 09/02/2026 - 21:07:34: [FF] [Binchu2222] <STEAM_1:0:690072085> -> 15 HP bằng (súng) -> [weeBlord] <STEAM_1:0:242584050>
L 09/02/2026 - 21:07:35: [FF] [Binchu2222] <STEAM_1:0:690072085> -> 11 HP bằng (súng) -> [weeBlord] <STEAM_1:0:242584050>
L 09/02/2026 - 21:07:39: [FF] [Binchu2222] <STEAM_1:0:690072085> -> 15 HP bằng (súng) -> [Lê Hải] <STEAM_1:0:471595906>
L 09/02/2026 - 21:07:39: [HẠ GỤC] Tank <BOT> đã hạ gục （ ͜.人 ͜.）⛇☃ <STEAM_1:1:241852047> bằng (zombie cào/đấm)
L 09/02/2026 - 21:07:40: [FF] [Lê Hải] <STEAM_1:0:471595906> -> 5 HP bằng (súng) -> [（ ͜.人 ͜.）⛇☃] <STEAM_1:1:241852047>
L 09/02/2026 - 21:07:41: [HẠ GỤC] Tank <BOT> đã hạ gục weeBlord <STEAM_1:0:242584050> bằng (zombie cào/đấm)
L 09/02/2026 - 21:07:45: [HẠ GỤC] Tank <BOT> đã hạ gục Holo 40k <STEAM_1:1:925049770> bằng (môi trường/khác)
L 09/02/2026 - 21:07:51: [KILL] Smoker <BOT> đã giết Chicoarun <STEAM_1:0:952954061> bằng (zombie cào/đấm)
L 09/02/2026 - 21:07:52: [FF] [Lê Hải] <STEAM_1:0:471595906> -> 5 HP bằng (súng) -> [KeroN] <STEAM_1:1:161759963>
L 09/02/2026 - 21:07:53: [FF] [None :D] <STEAM_1:0:578030381> -> 14 HP bằng (súng) -> [TezzyPham] <STEAM_1:1:933338290>
L 09/02/2026 - 21:07:56: [HẠ GỤC] Tank <BOT> đã hạ gục KeroN <STEAM_1:1:161759963> bằng (môi trường/khác)
L 09/02/2026 - 21:07:56: [FF] [weeBlord] <STEAM_1:0:242584050> -> 15 HP bằng (súng) -> [（ ͜.人 ͜.）⛇☃] <STEAM_1:1:241852047>
L 09/02/2026 - 21:08:00: [HẠ GỤC] Spitter <BOT> đã hạ gục Binchu2222 <STEAM_1:0:690072085> bằng (môi trường/khác)
L 09/02/2026 - 21:08:03: [HẠ GỤC] Tank <BOT> đã hạ gục Lê Hải <STEAM_1:0:471595906> bằng (môi trường/khác)
L 09/02/2026 - 21:08:04: [HẠ GỤC] (1)Spitter <BOT> đã hạ gục TezzyPham <STEAM_1:1:933338290> bằng (môi trường/khác)
L 09/02/2026 - 21:08:07: [KILL] (1)Smoker <BOT> đã giết None :D <STEAM_1:0:578030381> bằng (zombie cào/đấm)
L 09/02/2026 - 21:08:12: [FF] [（ ͜.人 ͜.）⛇☃] <STEAM_1:1:241852047> -> 1 HP bằng (môi trường/khác) -> [KeroN] <STEAM_1:1:161759963>
L 09/02/2026 - 21:08:13: [HẠ GỤC] Tank <BOT> đã hạ gục Bảo Nguyên <STEAM_1:0:218160880> bằng (môi trường/khác)
L 09/02/2026 - 21:08:17: [FF] [（ ͜.人 ͜.）⛇☃] <STEAM_1:1:241852047> -> 7 HP bằng (môi trường/khác) -> [Bảo Nguyên] <STEAM_1:0:218160880>
L 09/02/2026 - 21:08:17: [FF] [（ ͜.人 ͜.）⛇☃] <STEAM_1:1:241852047> -> 9 HP bằng (môi trường/khác) -> [Lê Hải] <STEAM_1:0:471595906>
L 09/02/2026 - 21:08:17: [FF] [（ ͜.人 ͜.）⛇☃] <STEAM_1:1:241852047> -> 1 HP bằng (môi trường/khác) -> [Bảo Nguyên] <STEAM_1:0:218160880>
L 09/02/2026 - 21:08:17: [FF] [（ ͜.人 ͜.）⛇☃] <STEAM_1:1:241852047> -> 1 HP bằng (môi trường/khác) -> [Lê Hải] <STEAM_1:0:471595906>
L 09/02/2026 - 21:08:17: [KILL] Tank <BOT> đã giết Holo 40k <STEAM_1:1:925049770> bằng (môi trường/khác)
L 09/02/2026 - 21:08:31: [HẠ GỤC] Tank <BOT> đã hạ gục （ ͜.人 ͜.）⛇☃ <STEAM_1:1:241852047> bằng (môi trường/khác)
L 09/02/2026 - 21:08:42: [FF] [KeroN] <STEAM_1:1:161759963> -> 11 HP bằng (súng) -> [（ ͜.人 ͜.）⛇☃] <STEAM_1:1:241852047>
L 09/02/2026 - 21:08:42: [FF] [Bảo Nguyên] <STEAM_1:0:218160880> -> 3 HP bằng (súng) -> [（ ͜.人 ͜.）⛇☃] <STEAM_1:1:241852047>
L 09/02/2026 - 21:08:42: [KILL] Bảo Nguyên <STEAM_1:0:218160880> đã giết （ ͜.人 ͜.）⛇☃ <STEAM_1:1:241852047> bằng (súng)
L 09/02/2026 - 21:09:06: [KILL] Zombie/Witch/Môi trường <N/A> đã giết TezzyPham <STEAM_1:1:933338290> bằng (zombie cào/đấm)
L 09/02/2026 - 21:09:09: [KILL] Zombie/Witch/Môi trường <N/A> đã giết Chicoarun <STEAM_1:0:952954061> bằng (zombie cào/đấm)
L 09/02/2026 - 21:09:12: [KILL] Zombie/Witch/Môi trường <N/A> đã giết Curren Bouquetd'or <STEAM_1:1:524205977> bằng (zombie cào/đấm)
L 09/02/2026 - 21:09:24: [KILL] Tank <BOT> đã giết weeBlord <STEAM_1:0:242584050> bằng (môi trường/khác)
L 09/02/2026 - 21:09:27: [KILL] Zombie/Witch/Môi trường <N/A> đã giết Lê Hải <STEAM_1:0:471595906> bằng (zombie cào/đấm)
L 09/02/2026 - 21:09:28: [KILL] Tank <BOT> đã giết Binchu2222 <STEAM_1:0:690072085> bằng (môi trường/khác)
L 09/02/2026 - 21:09:29: [HẠ GỤC] Tank <BOT> đã hạ gục Holo 40k <STEAM_1:1:925049770> bằng (zombie cào/đấm)
L 09/02/2026 - 21:09:31: [KILL] Zombie/Witch/Môi trường <N/A> đã giết Bảo Nguyên <STEAM_1:0:218160880> bằng (zombie cào/đấm)
L 09/02/2026 - 21:09:36: [KILL] Zombie/Witch/Môi trường <N/A> đã giết Rïçēz <STEAM_1:1:558962692> bằng (zombie cào/đấm)
L 09/02/2026 - 21:09:37: [HẠ GỤC] Tank <BOT> đã hạ gục chimxanh <STEAM_1:1:626078671> bằng (zombie cào/đấm)
L 09/02/2026 - 21:09:44: [HẠ GỤC] Tank <BOT> đã hạ gục None :D <STEAM_1:0:578030381> bằng (môi trường/khác)
L 09/02/2026 - 21:09:57: [HẠ GỤC] Tank <BOT> đã hạ gục （ ͜.人 ͜.）⛇☃ <STEAM_1:1:241852047> bằng (zombie cào/đấm)
L 09/02/2026 - 21:10:24: [FF] [None :D] <STEAM_1:0:578030381> -> 1 HP bằng (môi trường/khác) -> [TezzyPham] <STEAM_1:1:933338290>
L 09/02/2026 - 21:10:24: [FF] [None :D] <STEAM_1:0:578030381> -> 1 HP bằng (môi trường/khác) -> [TezzyPham] <STEAM_1:1:933338290>
L 09/02/2026 - 21:10:24: [FF] [None :D] <STEAM_1:0:578030381> -> 1 HP bằng (môi trường/khác) -> [Holo 40k] <STEAM_1:1:925049770>
L 09/02/2026 - 21:10:24: [FF] [None :D] <STEAM_1:0:578030381> -> 1 HP bằng (môi trường/khác) -> [Curren Bouquetd'or] <STEAM_1:1:524205977>
L 09/02/2026 - 21:10:25: [FF] [None :D] <STEAM_1:0:578030381> -> 15 HP bằng (môi trường/khác) -> [Curren Bouquetd'or] <STEAM_1:1:524205977>
L 09/02/2026 - 21:10:25: [FF] [None :D] <STEAM_1:0:578030381> -> 1 HP bằng (môi trường/khác) -> [Holo 40k] <STEAM_1:1:925049770>
L 09/02/2026 - 21:10:25: [FF] [None :D] <STEAM_1:0:578030381> -> 1 HP bằng (môi trường/khác) -> [Curren Bouquetd'or] <STEAM_1:1:524205977>
L 09/02/2026 - 21:10:25: [FF] [None :D] <STEAM_1:0:578030381> -> 1 HP bằng (môi trường/khác) -> [Holo 40k] <STEAM_1:1:925049770>
L 09/02/2026 - 21:10:32: [HẠ GỤC] Tank <BOT> đã hạ gục （ ͜.人 ͜.）⛇☃ <STEAM_1:1:241852047> bằng (môi trường/khác)
L 09/02/2026 - 21:10:33: [FF] [None :D] <STEAM_1:0:578030381> -> 15 HP bằng (môi trường/khác) -> [Chicoarun] <STEAM_1:0:952954061>
L 09/02/2026 - 21:10:33: [FF] [None :D] <STEAM_1:0:578030381> -> 1 HP bằng (môi trường/khác) -> [Chicoarun] <STEAM_1:0:952954061>
L 09/02/2026 - 21:10:33: [FF] [chimxanh] <STEAM_1:1:626078671> -> 5 HP bằng (melee) -> [weeBlord] <STEAM_1:0:242584050>
L 09/02/2026 - 21:10:35: [FF] [chimxanh] <STEAM_1:1:626078671> -> 5 HP bằng (melee) -> [weeBlord] <STEAM_1:0:242584050>
L 09/02/2026 - 21:10:38: [FF] [None :D] <STEAM_1:0:578030381> -> 1 HP bằng (môi trường/khác) -> [TezzyPham] <STEAM_1:1:933338290>
L 09/02/2026 - 21:10:38: [FF] [None :D] <STEAM_1:0:578030381> -> 1 HP bằng (môi trường/khác) -> [TezzyPham] <STEAM_1:1:933338290>
L 09/02/2026 - 21:10:43: [FF] [Binchu2222] <STEAM_1:0:690072085> -> 3 HP bằng (súng) -> [Holo 40k] <STEAM_1:1:925049770>
L 09/02/2026 - 21:10:44: [FF] [KeroN] <STEAM_1:1:161759963> -> 22 HP bằng (súng) -> [Lê Hải] <STEAM_1:0:471595906>
L 09/02/2026 - 21:10:46: [FF] [Curren Bouquetd'or] <STEAM_1:1:524205977> -> 14 HP bằng (súng) -> [Rïçēz] <STEAM_1:1:558962692>
L 09/02/2026 - 21:10:47: [FF] [Curren Bouquetd'or] <STEAM_1:1:524205977> -> 14 HP bằng (súng) -> [Rïçēz] <STEAM_1:1:558962692>
L 09/02/2026 - 21:10:47: [HẠ GỤC] Tank <BOT> đã hạ gục Holo 40k <STEAM_1:1:925049770> bằng (môi trường/khác)
L 09/02/2026 - 21:10:49: [FF] [Bảo Nguyên] <STEAM_1:0:218160880> -> 6 HP bằng (súng) -> [Chicoarun] <STEAM_1:0:952954061>
L 09/02/2026 - 21:10:49: [FF] [Bảo Nguyên] <STEAM_1:0:218160880> -> 5 HP bằng (súng) -> [Chicoarun] <STEAM_1:0:952954061>
L 09/02/2026 - 21:10:49: [FF] [Bảo Nguyên] <STEAM_1:0:218160880> -> 5 HP bằng (súng) -> [Chicoarun] <STEAM_1:0:952954061>
L 09/02/2026 - 21:10:49: [HẠ GỤC] Tank <BOT> đã hạ gục TezzyPham <STEAM_1:1:933338290> bằng (zombie cào/đấm)
L 09/02/2026 - 21:10:50: [FF] [None :D] <STEAM_1:0:578030381> -> 7 HP bằng (môi trường/khác) -> [Binchu2222] <STEAM_1:0:690072085>
L 09/02/2026 - 21:10:50: [FF] [None :D] <STEAM_1:0:578030381> -> 1 HP bằng (môi trường/khác) -> [Binchu2222] <STEAM_1:0:690072085>
L 09/02/2026 - 21:10:51: [FF] [None :D] <STEAM_1:0:578030381> -> 1 HP bằng (môi trường/khác) -> [chimxanh] <STEAM_1:1:626078671>
L 09/02/2026 - 21:10:53: [FF] [Bảo Nguyên] <STEAM_1:0:218160880> -> 5 HP bằng (súng) -> [Chicoarun] <STEAM_1:0:952954061>
L 09/02/2026 - 21:10:53: [FF] [Bảo Nguyên] <STEAM_1:0:218160880> -> 5 HP bằng (súng) -> [Chicoarun] <STEAM_1:0:952954061>
L 09/02/2026 - 21:10:56: [FF] [None :D] <STEAM_1:0:578030381> -> 1 HP bằng (môi trường/khác) -> [Chicoarun] <STEAM_1:0:952954061>
L 09/02/2026 - 21:10:58: [HẠ GỤC] Tank <BOT> đã hạ gục Chicoarun <STEAM_1:0:952954061> bằng (môi trường/khác)
L 09/02/2026 - 21:11:00: [FF] [Curren Bouquetd'or] <STEAM_1:1:524205977> -> 1 HP bằng (môi trường/khác) -> [Bảo Nguyên] <STEAM_1:0:218160880>
L 09/02/2026 - 21:11:00: [FF] [Rïçēz] <STEAM_1:1:558962692> -> 5 HP bằng (súng) -> [Chicoarun] <STEAM_1:0:952954061>
L 09/02/2026 - 21:11:04: [FF] [None :D] <STEAM_1:0:578030381> -> 1 HP bằng (môi trường/khác) -> [Binchu2222] <STEAM_1:0:690072085>
L 09/02/2026 - 21:11:04: [FF] [None :D] <STEAM_1:0:578030381> -> 1 HP bằng (môi trường/khác) -> [Binchu2222] <STEAM_1:0:690072085>
L 09/02/2026 - 21:11:04: [FF] [KeroN] <STEAM_1:1:161759963> -> 15 HP bằng (súng) -> [Rïçēz] <STEAM_1:1:558962692>
L 09/02/2026 - 21:11:11: [HẠ GỤC] Tank <BOT> đã hạ gục chimxanh <STEAM_1:1:626078671> bằng (zombie cào/đấm)
L 09/02/2026 - 21:11:14: [FF] [Lê Hải] <STEAM_1:0:471595906> -> 3 HP bằng (súng) -> [chimxanh] <STEAM_1:1:626078671>
L 09/02/2026 - 21:11:14: [FF] [Lê Hải] <STEAM_1:0:471595906> -> 3 HP bằng (súng) -> [chimxanh] <STEAM_1:1:626078671>
L 09/02/2026 - 21:11:14: [FF] [Lê Hải] <STEAM_1:0:471595906> -> 3 HP bằng (súng) -> [chimxanh] <STEAM_1:1:626078671>
L 09/02/2026 - 21:11:16: [FF] [None :D] <STEAM_1:0:578030381> -> 8 HP bằng (môi trường/khác) -> [chimxanh] <STEAM_1:1:626078671>
L 09/02/2026 - 21:11:16: [FF] [None :D] <STEAM_1:0:578030381> -> 1 HP bằng (môi trường/khác) -> [chimxanh] <STEAM_1:1:626078671>
L 09/02/2026 - 21:11:18: [HẠ GỤC] Zombie/Witch/Môi trường <N/A> đã hạ gục TezzyPham <STEAM_1:1:933338290> bằng (môi trường/khác)
L 09/02/2026 - 21:11:19: [FF] [Chicoarun] <STEAM_1:0:952954061> -> 6 HP bằng (súng) -> [TezzyPham] <STEAM_1:1:933338290>
L 09/02/2026 - 21:11:26: [FF] [Binchu2222] <STEAM_1:0:690072085> -> 5 HP bằng (súng) -> [Bảo Nguyên] <STEAM_1:0:218160880>
L 09/02/2026 - 21:11:27: [FF] [Binchu2222] <STEAM_1:0:690072085> -> 5 HP bằng (súng) -> [Bảo Nguyên] <STEAM_1:0:218160880>
L 09/02/2026 - 21:11:30: [FF] [None :D] <STEAM_1:0:578030381> -> 1 HP bằng (môi trường/khác) -> [Rïçēz] <STEAM_1:1:558962692>
L 09/02/2026 - 21:11:41: [FF] [None :D] <STEAM_1:0:578030381> -> 4 HP bằng (môi trường/khác) -> [Chicoarun] <STEAM_1:0:952954061>
L 09/02/2026 - 21:11:41: [FF] [None :D] <STEAM_1:0:578030381> -> 1 HP bằng (môi trường/khác) -> [TezzyPham] <STEAM_1:1:933338290>
L 09/02/2026 - 21:11:41: [FF] [None :D] <STEAM_1:0:578030381> -> 1 HP bằng (môi trường/khác) -> [Chicoarun] <STEAM_1:0:952954061>
L 09/02/2026 - 21:11:41: [FF] [None :D] <STEAM_1:0:578030381> -> 1 HP bằng (môi trường/khác) -> [TezzyPham] <STEAM_1:1:933338290>
L 09/02/2026 - 21:11:45: [FF] [None :D] <STEAM_1:0:578030381> -> 10 HP bằng (môi trường/khác) -> [TezzyPham] <STEAM_1:1:933338290>
L 09/02/2026 - 21:11:45: [FF] [None :D] <STEAM_1:0:578030381> -> 1 HP bằng (môi trường/khác) -> [TezzyPham] <STEAM_1:1:933338290>
L 09/02/2026 - 21:11:45: [FF] [None :D] <STEAM_1:0:578030381> -> 1 HP bằng (môi trường/khác) -> [Chicoarun] <STEAM_1:0:952954061>
L 09/02/2026 - 21:12:48: [FF] [None :D] <STEAM_1:0:578030381> -> 15 HP bằng (súng) -> [Holo 40k] <STEAM_1:1:925049770>
L 09/02/2026 - 21:12:56: [FF] [Rïçēz] <STEAM_1:1:558962692> -> 5 HP bằng (súng) -> [Bảo Nguyên] <STEAM_1:0:218160880>
L 09/02/2026 - 21:13:07: [HẠ GỤC] Tank <BOT> đã hạ gục Vịt-hút-thuốc-lá <STEAM_1:1:176443622> bằng (môi trường/khác)
L 09/02/2026 - 21:13:10: [FF] [Lê Hải] <STEAM_1:0:471595906> -> 3 HP bằng (súng) -> [Chicoarun] <STEAM_1:0:952954061>
L 09/02/2026 - 21:13:10: [HẠ GỤC] Lê Hải <STEAM_1:0:471595906> đã hạ gục Chicoarun <STEAM_1:0:952954061> bằng (súng)
L 09/02/2026 - 21:13:13: [HẠ GỤC] Charger <BOT> đã hạ gục Lê Hải <STEAM_1:0:471595906> bằng (zombie cào/đấm)
L 09/02/2026 - 21:13:28: [KILL] Charger <BOT> đã giết （ ͜.人 ͜.）⛇☃ <STEAM_1:1:241852047> bằng (zombie cào/đấm)
L 09/02/2026 - 21:13:35: [HẠ GỤC] (1)Charger <BOT> đã hạ gục chimxanh <STEAM_1:1:626078671> bằng (zombie cào/đấm)
L 09/02/2026 - 21:13:38: [FF] [Bảo Nguyên] <STEAM_1:0:218160880> -> 9 HP bằng (súng) -> [KeroN] <STEAM_1:1:161759963>
L 09/02/2026 - 21:13:39: [FF] [Lê Hải] <STEAM_1:0:471595906> -> 3 HP bằng (súng) -> [Chicoarun] <STEAM_1:0:952954061>
L 09/02/2026 - 21:13:39: [FF] [Lê Hải] <STEAM_1:0:471595906> -> 3 HP bằng (súng) -> [Chicoarun] <STEAM_1:0:952954061>
L 09/02/2026 - 21:13:39: [FF] [Lê Hải] <STEAM_1:0:471595906> -> 3 HP bằng (súng) -> [Chicoarun] <STEAM_1:0:952954061>
L 09/02/2026 - 21:13:39: [FF] [Lê Hải] <STEAM_1:0:471595906> -> 3 HP bằng (súng) -> [Chicoarun] <STEAM_1:0:952954061>
L 09/02/2026 - 21:13:40: [FF] [weeBlord] <STEAM_1:0:242584050> -> 5 HP bằng (súng) -> [Bảo Nguyên] <STEAM_1:0:218160880>
L 09/02/2026 - 21:13:40: [FF] [Lê Hải] <STEAM_1:0:471595906> -> 3 HP bằng (súng) -> [Chicoarun] <STEAM_1:0:952954061>
L 09/02/2026 - 21:13:40: [FF] [Lê Hải] <STEAM_1:0:471595906> -> 3 HP bằng (súng) -> [Chicoarun] <STEAM_1:0:952954061>
L 09/02/2026 - 21:13:40: [FF] [Lê Hải] <STEAM_1:0:471595906> -> 3 HP bằng (súng) -> [Chicoarun] <STEAM_1:0:952954061>
L 09/02/2026 - 21:13:40: [FF] [Lê Hải] <STEAM_1:0:471595906> -> 3 HP bằng (súng) -> [Chicoarun] <STEAM_1:0:952954061>
L 09/02/2026 - 21:13:40: [FF] [Lê Hải] <STEAM_1:0:471595906> -> 3 HP bằng (súng) -> [Chicoarun] <STEAM_1:0:952954061>
L 09/02/2026 - 21:13:40: [FF] [Lê Hải] <STEAM_1:0:471595906> -> 3 HP bằng (súng) -> [Chicoarun] <STEAM_1:0:952954061>
L 09/02/2026 - 21:13:40: [FF] [Lê Hải] <STEAM_1:0:471595906> -> 3 HP bằng (súng) -> [Chicoarun] <STEAM_1:0:952954061>
L 09/02/2026 - 21:13:47: [KILL] (1)Hunter <BOT> đã giết Chicoarun <STEAM_1:0:952954061> bằng (zombie cào/đấm)
L 09/02/2026 - 21:13:50: [HẠ GỤC] Spitter <BOT> đã hạ gục Lê Hải <STEAM_1:0:471595906> bằng (môi trường/khác)
L 09/02/2026 - 21:14:00: [KILL] Hunter <BOT> đã giết Lê Hải <STEAM_1:0:471595906> bằng (zombie cào/đấm)
L 09/02/2026 - 21:14:10: [KILL] Zombie/Witch/Môi trường <N/A> đã giết Holo 40k <STEAM_1:1:925049770> bằng (môi trường/khác)
L 09/02/2026 - 21:14:25: [HẠ GỤC] Spitter <BOT> đã hạ gục Bảo Nguyên <STEAM_1:0:218160880> bằng (môi trường/khác)
L 09/02/2026 - 21:14:37: [HẠ GỤC] Spitter Bot <BOT> đã hạ gục Curren Bouquetd'or <STEAM_1:1:524205977> bằng (môi trường/khác)
L 09/02/2026 - 21:14:53: [HẠ GỤC] Zombie/Witch/Môi trường <N/A> đã hạ gục chimxanh <STEAM_1:1:626078671> bằng (môi trường/khác)
L 09/02/2026 - 21:15:05: [FF] [Bảo Nguyên] <STEAM_1:0:218160880> -> 1 HP bằng (môi trường/khác) -> [Curren Bouquetd'or] <STEAM_1:1:524205977>
L 09/02/2026 - 21:15:05: [FF] [Bảo Nguyên] <STEAM_1:0:218160880> -> 1 HP bằng (môi trường/khác) -> [None :D] <STEAM_1:0:578030381>
L 09/02/2026 - 21:15:11: [FF] [Lê Hải] <STEAM_1:0:471595906> -> 5 HP bằng (súng) -> [TezzyPham] <STEAM_1:1:933338290>
L 09/02/2026 - 21:15:11: [FF] [Lê Hải] <STEAM_1:0:471595906> -> 6 HP bằng (súng) -> [Binchu2222] <STEAM_1:0:690072085>
L 09/02/2026 - 21:15:28: [FF] [Binchu2222] <STEAM_1:0:690072085> -> 7 HP bằng (melee) -> [weeBlord] <STEAM_1:0:242584050>
L 09/02/2026 - 21:15:31: [FF] [None :D] <STEAM_1:0:578030381> -> 25 HP bằng (melee) -> [chimxanh] <STEAM_1:1:626078671>
L 09/02/2026 - 21:15:31: [FF] [None :D] <STEAM_1:0:578030381> -> 25 HP bằng (melee) -> [chimxanh] <STEAM_1:1:626078671>
L 09/02/2026 - 21:15:31: [FF] [Lê Hải] <STEAM_1:0:471595906> -> 5 HP bằng (súng) -> [Curren Bouquetd'or] <STEAM_1:1:524205977>
L 09/02/2026 - 21:15:31: [FF] [Lê Hải] <STEAM_1:0:471595906> -> 5 HP bằng (súng) -> [Curren Bouquetd'or] <STEAM_1:1:524205977>
L 09/02/2026 - 21:15:35: [FF] [Binchu2222] <STEAM_1:0:690072085> -> 7 HP bằng (melee) -> [chimxanh] <STEAM_1:1:626078671>
L 09/02/2026 - 21:15:36: [FF] [Curren Bouquetd'or] <STEAM_1:1:524205977> -> 15 HP bằng (súng) -> [None :D] <STEAM_1:0:578030381>
L 09/02/2026 - 21:15:36: [FF] [Curren Bouquetd'or] <STEAM_1:1:524205977> -> 15 HP bằng (súng) -> [Rïçēz] <STEAM_1:1:558962692>
L 09/02/2026 - 21:15:37: [FF] [Curren Bouquetd'or] <STEAM_1:1:524205977> -> 15 HP bằng (súng) -> [Rïçēz] <STEAM_1:1:558962692>
L 09/02/2026 - 21:15:38: [FF] [weeBlord] <STEAM_1:0:242584050> -> 5 HP bằng (súng) -> [None :D] <STEAM_1:0:578030381>
L 09/02/2026 - 21:15:38: [FF] [weeBlord] <STEAM_1:0:242584050> -> 5 HP bằng (súng) -> [None :D] <STEAM_1:0:578030381>
L 09/02/2026 - 21:15:38: [FF] [weeBlord] <STEAM_1:0:242584050> -> 5 HP bằng (súng) -> [None :D] <STEAM_1:0:578030381>
L 09/02/2026 - 21:15:38: [FF] [Rïçēz] <STEAM_1:1:558962692> -> 1 HP bằng (môi trường/khác) -> [Lê Hải] <STEAM_1:0:471595906>
L 09/02/2026 - 21:15:38: [FF] [Rïçēz] <STEAM_1:1:558962692> -> 15 HP bằng (môi trường/khác) -> [Curren Bouquetd'or] <STEAM_1:1:524205977>
L 09/02/2026 - 21:15:38: [FF] [Rïçēz] <STEAM_1:1:558962692> -> 1 HP bằng (môi trường/khác) -> [Lê Hải] <STEAM_1:0:471595906>
L 09/02/2026 - 21:15:38: [FF] [Rïçēz] <STEAM_1:1:558962692> -> 1 HP bằng (môi trường/khác) -> [TezzyPham] <STEAM_1:1:933338290>
L 09/02/2026 - 21:15:38: [FF] [Rïçēz] <STEAM_1:1:558962692> -> 1 HP bằng (môi trường/khác) -> [Binchu2222] <STEAM_1:0:690072085>
L 09/02/2026 - 21:15:38: [FF] [Rïçēz] <STEAM_1:1:558962692> -> 1 HP bằng (môi trường/khác) -> [chimxanh] <STEAM_1:1:626078671>
L 09/02/2026 - 21:15:38: [FF] [Rïçēz] <STEAM_1:1:558962692> -> 1 HP bằng (môi trường/khác) -> [Curren Bouquetd'or] <STEAM_1:1:524205977>
L 09/02/2026 - 21:15:38: [FF] [KeroN] <STEAM_1:1:161759963> -> 22 HP bằng (súng) -> [None :D] <STEAM_1:0:578030381>
L 09/02/2026 - 21:15:38: [FF] [Lê Hải] <STEAM_1:0:471595906> -> 6 HP bằng (súng) -> [Rïçēz] <STEAM_1:1:558962692>
L 09/02/2026 - 21:15:38: [FF] [Lê Hải] <STEAM_1:0:471595906> -> 6 HP bằng (súng) -> [Rïçēz] <STEAM_1:1:558962692>
L 09/02/2026 - 21:15:39: [FF] [Lê Hải] <STEAM_1:0:471595906> -> 5 HP bằng (súng) -> [Rïçēz] <STEAM_1:1:558962692>
L 09/02/2026 - 21:15:39: [FF] [Lê Hải] <STEAM_1:0:471595906> -> 5 HP bằng (súng) -> [chimxanh] <STEAM_1:1:626078671>
L 09/02/2026 - 21:15:40: [FF] [Lê Hải] <STEAM_1:0:471595906> -> 5 HP bằng (súng) -> [weeBlord] <STEAM_1:0:242584050>
L 09/02/2026 - 21:15:40: [FF] [Lê Hải] <STEAM_1:0:471595906> -> 5 HP bằng (súng) -> [weeBlord] <STEAM_1:0:242584050>
L 09/02/2026 - 21:15:40: [FF] [Lê Hải] <STEAM_1:0:471595906> -> 5 HP bằng (súng) -> [Chicoarun] <STEAM_1:0:952954061>
L 09/02/2026 - 21:15:40: [FF] [Lê Hải] <STEAM_1:0:471595906> -> 5 HP bằng (súng) -> [Chicoarun] <STEAM_1:0:952954061>
L 09/02/2026 - 21:15:40: [FF] [Lê Hải] <STEAM_1:0:471595906> -> 5 HP bằng (súng) -> [Chicoarun] <STEAM_1:0:952954061>
L 09/02/2026 - 21:15:40: [FF] [Lê Hải] <STEAM_1:0:471595906> -> 5 HP bằng (súng) -> [Binchu2222] <STEAM_1:0:690072085>
L 09/02/2026 - 21:15:40: [FF] [Lê Hải] <STEAM_1:0:471595906> -> 5 HP bằng (súng) -> [Chicoarun] <STEAM_1:0:952954061>
L 09/02/2026 - 21:15:42: [FF] [weeBlord] <STEAM_1:0:242584050> -> 5 HP bằng (súng) -> [chimxanh] <STEAM_1:1:626078671>
L 09/02/2026 - 21:15:43: [HẠ GỤC] Zombie/Witch/Môi trường <N/A> đã hạ gục chimxanh <STEAM_1:1:626078671> bằng (môi trường/khác)
L 09/02/2026 - 21:15:43: [FF] [Chicoarun] <STEAM_1:0:952954061> -> 3 HP bằng (súng) -> [chimxanh] <STEAM_1:1:626078671>
L 09/02/2026 - 21:15:43: [FF] [Chicoarun] <STEAM_1:0:952954061> -> 3 HP bằng (súng) -> [chimxanh] <STEAM_1:1:626078671>
L 09/02/2026 - 21:15:43: [FF] [Chicoarun] <STEAM_1:0:952954061> -> 3 HP bằng (súng) -> [chimxanh] <STEAM_1:1:626078671>
L 09/02/2026 - 21:15:43: [FF] [Chicoarun] <STEAM_1:0:952954061> -> 3 HP bằng (súng) -> [chimxanh] <STEAM_1:1:626078671>
L 09/02/2026 - 21:15:43: [FF] [Chicoarun] <STEAM_1:0:952954061> -> 3 HP bằng (súng) -> [chimxanh] <STEAM_1:1:626078671>
L 09/02/2026 - 21:15:43: [FF] [Chicoarun] <STEAM_1:0:952954061> -> 3 HP bằng (súng) -> [chimxanh] <STEAM_1:1:626078671>
L 09/02/2026 - 21:15:43: [FF] [Chicoarun] <STEAM_1:0:952954061> -> 3 HP bằng (súng) -> [chimxanh] <STEAM_1:1:626078671>
L 09/02/2026 - 21:15:43: [FF] [Chicoarun] <STEAM_1:0:952954061> -> 3 HP bằng (súng) -> [chimxanh] <STEAM_1:1:626078671>
L 09/02/2026 - 21:15:43: [FF] [None :D] <STEAM_1:0:578030381> -> 25 HP bằng (melee) -> [Chicoarun] <STEAM_1:0:952954061>
L 09/02/2026 - 21:15:43: [FF] [Rïçēz] <STEAM_1:1:558962692> -> 2 HP bằng (môi trường/khác) -> [chimxanh] <STEAM_1:1:626078671>
L 09/02/2026 - 21:15:43: [FF] [Rïçēz] <STEAM_1:1:558962692> -> 1 HP bằng (môi trường/khác) -> [Chicoarun] <STEAM_1:0:952954061>
L 09/02/2026 - 21:15:43: [FF] [Rïçēz] <STEAM_1:1:558962692> -> 1 HP bằng (môi trường/khác) -> [None :D] <STEAM_1:0:578030381>
L 09/02/2026 - 21:15:43: [FF] [Rïçēz] <STEAM_1:1:558962692> -> 1 HP bằng (môi trường/khác) -> [chimxanh] <STEAM_1:1:626078671>
L 09/02/2026 - 21:15:44: [FF] [Chicoarun] <STEAM_1:0:952954061> -> 4 HP bằng (súng) -> [None :D] <STEAM_1:0:578030381>
L 09/02/2026 - 21:15:44: [FF] [Chicoarun] <STEAM_1:0:952954061> -> 4 HP bằng (súng) -> [None :D] <STEAM_1:0:578030381>
L 09/02/2026 - 21:15:44: [FF] [Curren Bouquetd'or] <STEAM_1:1:524205977> -> 15 HP bằng (súng) -> [Chicoarun] <STEAM_1:0:952954061>
L 09/02/2026 - 21:15:44: [FF] [Curren Bouquetd'or] <STEAM_1:1:524205977> -> 15 HP bằng (súng) -> [Chicoarun] <STEAM_1:0:952954061>
L 09/02/2026 - 21:15:44: [FF] [None :D] <STEAM_1:0:578030381> -> 25 HP bằng (melee) -> [Holo 40k] <STEAM_1:1:925049770>
L 09/02/2026 - 21:15:44: [FF] [Rïçēz] <STEAM_1:1:558962692> -> 1 HP bằng (môi trường/khác) -> [chimxanh] <STEAM_1:1:626078671>
L 09/02/2026 - 21:15:44: [FF] [None :D] <STEAM_1:0:578030381> -> 25 HP bằng (melee) -> [Holo 40k] <STEAM_1:1:925049770>
L 09/02/2026 - 21:15:44: [FF] [Lê Hải] <STEAM_1:0:471595906> -> 5 HP bằng (súng) -> [Chicoarun] <STEAM_1:0:952954061>
L 09/02/2026 - 21:15:45: [FF] [Lê Hải] <STEAM_1:0:471595906> -> 5 HP bằng (súng) -> [Chicoarun] <STEAM_1:0:952954061>
L 09/02/2026 - 21:15:45: [FF] [Lê Hải] <STEAM_1:0:471595906> -> 5 HP bằng (súng) -> [None :D] <STEAM_1:0:578030381>
L 09/02/2026 - 21:15:45: [FF] [Curren Bouquetd'or] <STEAM_1:1:524205977> -> 15 HP bằng (súng) -> [Holo 40k] <STEAM_1:1:925049770>
L 09/02/2026 - 21:15:45: [HẠ GỤC] Smoker Bot <BOT> đã hạ gục Vịt-hút-thuốc-lá <STEAM_1:1:176443622> bằng (zombie cào/đấm)
L 09/02/2026 - 21:15:45: [FF] [Lê Hải] <STEAM_1:0:471595906> -> 5 HP bằng (súng) -> [Curren Bouquetd'or] <STEAM_1:1:524205977>
L 09/02/2026 - 21:15:45: [FF] [None :D] <STEAM_1:0:578030381> -> 25 HP bằng (melee) -> [Holo 40k] <STEAM_1:1:925049770>
L 09/02/2026 - 21:15:45: [FF] [Lê Hải] <STEAM_1:0:471595906> -> 6 HP bằng (súng) -> [Curren Bouquetd'or] <STEAM_1:1:524205977>
L 09/02/2026 - 21:15:45: [FF] [Lê Hải] <STEAM_1:0:471595906> -> 6 HP bằng (súng) -> [Curren Bouquetd'or] <STEAM_1:1:524205977>
L 09/02/2026 - 21:15:46: [FF] [Lê Hải] <STEAM_1:0:471595906> -> 5 HP bằng (súng) -> [Curren Bouquetd'or] <STEAM_1:1:524205977>
L 09/02/2026 - 21:15:46: [FF] [None :D] <STEAM_1:0:578030381> -> 4 HP bằng (melee) -> [Holo 40k] <STEAM_1:1:925049770>
L 09/02/2026 - 21:15:46: [FF] [Lê Hải] <STEAM_1:0:471595906> -> 5 HP bằng (súng) -> [Curren Bouquetd'or] <STEAM_1:1:524205977>
L 09/02/2026 - 21:15:47: [FF] [Lê Hải] <STEAM_1:0:471595906> -> 5 HP bằng (súng) -> [Holo 40k] <STEAM_1:1:925049770>
L 09/02/2026 - 21:15:47: [FF] [Lê Hải] <STEAM_1:0:471595906> -> 5 HP bằng (súng) -> [Holo 40k] <STEAM_1:1:925049770>
L 09/02/2026 - 21:15:47: [HẠ GỤC] Zombie/Witch/Môi trường <N/A> đã hạ gục Chicoarun <STEAM_1:0:952954061> bằng (môi trường/khác)
L 09/02/2026 - 21:15:48: [FF] [Lê Hải] <STEAM_1:0:471595906> -> 6 HP bằng (súng) -> [（ ͜.人 ͜.）⛇☃] <STEAM_1:1:241852047>
L 09/02/2026 - 21:15:48: [FF] [Lê Hải] <STEAM_1:0:471595906> -> 6 HP bằng (súng) -> [（ ͜.人 ͜.）⛇☃] <STEAM_1:1:241852047>
L 09/02/2026 - 21:15:48: [FF] [Lê Hải] <STEAM_1:0:471595906> -> 5 HP bằng (súng) -> [（ ͜.人 ͜.）⛇☃] <STEAM_1:1:241852047>
L 09/02/2026 - 21:15:48: [FF] [Lê Hải] <STEAM_1:0:471595906> -> 6 HP bằng (súng) -> [（ ͜.人 ͜.）⛇☃] <STEAM_1:1:241852047>
L 09/02/2026 - 21:15:48: [HẠ GỤC] Hunter Bot <BOT> đã hạ gục Holo 40k <STEAM_1:1:925049770> bằng (zombie cào/đấm)
L 09/02/2026 - 21:15:48: [HẠ GỤC] KeroN <STEAM_1:1:161759963> đã hạ gục （ ͜.人 ͜.）⛇☃ <STEAM_1:1:241852047> bằng (súng)
L 09/02/2026 - 21:15:49: [HẠ GỤC] Rïçēz <STEAM_1:1:558962692> đã hạ gục Curren Bouquetd'or <STEAM_1:1:524205977> bằng (môi trường/khác)
L 09/02/2026 - 21:15:49: [FF] [Rïçēz] <STEAM_1:1:558962692> -> 1 HP bằng (môi trường/khác) -> [Lê Hải] <STEAM_1:0:471595906>
L 09/02/2026 - 21:15:49: [FF] [Rïçēz] <STEAM_1:1:558962692> -> 9 HP bằng (môi trường/khác) -> [（ ͜.人 ͜.）⛇☃] <STEAM_1:1:241852047>
L 09/02/2026 - 21:15:49: [FF] [Rïçēz] <STEAM_1:1:558962692> -> 1 HP bằng (môi trường/khác) -> [Chicoarun] <STEAM_1:0:952954061>
L 09/02/2026 - 21:15:49: [FF] [Rïçēz] <STEAM_1:1:558962692> -> 1 HP bằng (môi trường/khác) -> [Binchu2222] <STEAM_1:0:690072085>
L 09/02/2026 - 21:15:49: [FF] [Rïçēz] <STEAM_1:1:558962692> -> 1 HP bằng (môi trường/khác) -> [Curren Bouquetd'or] <STEAM_1:1:524205977>
L 09/02/2026 - 21:15:49: [FF] [Rïçēz] <STEAM_1:1:558962692> -> 1 HP bằng (môi trường/khác) -> [Lê Hải] <STEAM_1:0:471595906>
L 09/02/2026 - 21:15:49: [FF] [Rïçēz] <STEAM_1:1:558962692> -> 1 HP bằng (môi trường/khác) -> [（ ͜.人 ͜.）⛇☃] <STEAM_1:1:241852047>
L 09/02/2026 - 21:15:51: [FF] [Bảo Nguyên] <STEAM_1:0:218160880> -> 1 HP bằng (môi trường/khác) -> [Binchu2222] <STEAM_1:0:690072085>
L 09/02/2026 - 21:15:51: [FF] [Bảo Nguyên] <STEAM_1:0:218160880> -> 1 HP bằng (môi trường/khác) -> [Lê Hải] <STEAM_1:0:471595906>
L 09/02/2026 - 21:15:51: [FF] [Bảo Nguyên] <STEAM_1:0:218160880> -> 1 HP bằng (môi trường/khác) -> [Curren Bouquetd'or] <STEAM_1:1:524205977>
L 09/02/2026 - 21:15:51: [FF] [Bảo Nguyên] <STEAM_1:0:218160880> -> 1 HP bằng (môi trường/khác) -> [chimxanh] <STEAM_1:1:626078671>
L 09/02/2026 - 21:15:51: [FF] [Bảo Nguyên] <STEAM_1:0:218160880> -> 1 HP bằng (môi trường/khác) -> [（ ͜.人 ͜.）⛇☃] <STEAM_1:1:241852047>
L 09/02/2026 - 21:15:51: [FF] [Bảo Nguyên] <STEAM_1:0:218160880> -> 1 HP bằng (môi trường/khác) -> [Holo 40k] <STEAM_1:1:925049770>
L 09/02/2026 - 21:16:06: [HẠ GỤC] Spitter Bot <BOT> đã hạ gục Rïçēz <STEAM_1:1:558962692> bằng (môi trường/khác)
L 09/02/2026 - 21:16:08: [KILL] Smoker Bot <BOT> đã giết Vịt-hút-thuốc-lá <STEAM_1:1:176443622> bằng (zombie cào/đấm)
L 09/02/2026 - 21:16:21: [HẠ GỤC] Zombie/Witch/Môi trường <N/A> đã hạ gục KeroN <STEAM_1:1:161759963> bằng (môi trường/khác)
L 09/02/2026 - 21:16:26: [FF] [Binchu2222] <STEAM_1:0:690072085> -> 1 HP bằng (boom/fire) -> [Chicoarun] <STEAM_1:0:952954061>
L 09/02/2026 - 21:16:26: [FF] [Binchu2222] <STEAM_1:0:690072085> -> 4 HP bằng (boom/fire) -> [weeBlord] <STEAM_1:0:242584050>
L 09/02/2026 - 21:16:26: [FF] [Binchu2222] <STEAM_1:0:690072085> -> 4 HP bằng (boom/fire) -> [Chicoarun] <STEAM_1:0:952954061>
L 09/02/2026 - 21:16:27: [FF] [Binchu2222] <STEAM_1:0:690072085> -> 5 HP bằng (boom/fire) -> [weeBlord] <STEAM_1:0:242584050>
L 09/02/2026 - 21:16:27: [FF] [Binchu2222] <STEAM_1:0:690072085> -> 5 HP bằng (boom/fire) -> [Chicoarun] <STEAM_1:0:952954061>
L 09/02/2026 - 21:16:27: [FF] [Binchu2222] <STEAM_1:0:690072085> -> 8 HP bằng (boom/fire) -> [weeBlord] <STEAM_1:0:242584050>
L 09/02/2026 - 21:16:27: [FF] [Binchu2222] <STEAM_1:0:690072085> -> 8 HP bằng (boom/fire) -> [Chicoarun] <STEAM_1:0:952954061>
L 09/02/2026 - 21:16:27: [FF] [Binchu2222] <STEAM_1:0:690072085> -> 8 HP bằng (boom/fire) -> [Holo 40k] <STEAM_1:1:925049770>
L 09/02/2026 - 21:16:27: [FF] [Binchu2222] <STEAM_1:0:690072085> -> 9 HP bằng (boom/fire) -> [weeBlord] <STEAM_1:0:242584050>
L 09/02/2026 - 21:16:27: [FF] [Binchu2222] <STEAM_1:0:690072085> -> 9 HP bằng (boom/fire) -> [Chicoarun] <STEAM_1:0:952954061>
L 09/02/2026 - 21:16:27: [FF] [Binchu2222] <STEAM_1:0:690072085> -> 9 HP bằng (boom/fire) -> [Holo 40k] <STEAM_1:1:925049770>
L 09/02/2026 - 21:16:27: [FF] [Binchu2222] <STEAM_1:0:690072085> -> 12 HP bằng (boom/fire) -> [TezzyPham] <STEAM_1:1:933338290>
L 09/02/2026 - 21:16:27: [FF] [Binchu2222] <STEAM_1:0:690072085> -> 12 HP bằng (boom/fire) -> [weeBlord] <STEAM_1:0:242584050>
L 09/02/2026 - 21:16:27: [FF] [Binchu2222] <STEAM_1:0:690072085> -> 12 HP bằng (boom/fire) -> [Chicoarun] <STEAM_1:0:952954061>
L 09/02/2026 - 21:16:28: [FF] [Binchu2222] <STEAM_1:0:690072085> -> 13 HP bằng (boom/fire) -> [TezzyPham] <STEAM_1:1:933338290>
L 09/02/2026 - 21:16:28: [FF] [Binchu2222] <STEAM_1:0:690072085> -> 13 HP bằng (boom/fire) -> [weeBlord] <STEAM_1:0:242584050>
L 09/02/2026 - 21:16:28: [FF] [Binchu2222] <STEAM_1:0:690072085> -> 13 HP bằng (boom/fire) -> [Chicoarun] <STEAM_1:0:952954061>
L 09/02/2026 - 21:16:28: [HẠ GỤC] Binchu2222 <STEAM_1:0:690072085> đã hạ gục TezzyPham <STEAM_1:1:933338290> bằng (boom/fire)
L 09/02/2026 - 21:16:28: [FF] [Binchu2222] <STEAM_1:0:690072085> -> 16 HP bằng (boom/fire) -> [Chicoarun] <STEAM_1:0:952954061>
L 09/02/2026 - 21:16:28: [FF] [Binchu2222] <STEAM_1:0:690072085> -> 16 HP bằng (boom/fire) -> [TezzyPham] <STEAM_1:1:933338290>
L 09/02/2026 - 21:16:28: [FF] [Binchu2222] <STEAM_1:0:690072085> -> 16 HP bằng (boom/fire) -> [Chicoarun] <STEAM_1:0:952954061>
L 09/02/2026 - 21:16:28: [FF] [Binchu2222] <STEAM_1:0:690072085> -> 16 HP bằng (boom/fire) -> [TezzyPham] <STEAM_1:1:933338290>
L 09/02/2026 - 21:16:28: [FF] [Binchu2222] <STEAM_1:0:690072085> -> 16 HP bằng (boom/fire) -> [Chicoarun] <STEAM_1:0:952954061>
L 09/02/2026 - 21:16:28: [FF] [Binchu2222] <STEAM_1:0:690072085> -> 16 HP bằng (boom/fire) -> [Holo 40k] <STEAM_1:1:925049770>
L 09/02/2026 - 21:16:29: [FF] [Binchu2222] <STEAM_1:0:690072085> -> 16 HP bằng (boom/fire) -> [TezzyPham] <STEAM_1:1:933338290>
L 09/02/2026 - 21:16:29: [FF] [Binchu2222] <STEAM_1:0:690072085> -> 16 HP bằng (boom/fire) -> [Chicoarun] <STEAM_1:0:952954061>
L 09/02/2026 - 21:16:29: [FF] [Binchu2222] <STEAM_1:0:690072085> -> 16 HP bằng (boom/fire) -> [Holo 40k] <STEAM_1:1:925049770>
L 09/02/2026 - 21:16:29: [FF] [Binchu2222] <STEAM_1:0:690072085> -> 16 HP bằng (boom/fire) -> [TezzyPham] <STEAM_1:1:933338290>
L 09/02/2026 - 21:16:29: [FF] [Binchu2222] <STEAM_1:0:690072085> -> 16 HP bằng (boom/fire) -> [Chicoarun] <STEAM_1:0:952954061>
L 09/02/2026 - 21:16:29: [FF] [Binchu2222] <STEAM_1:0:690072085> -> 16 HP bằng (boom/fire) -> [Holo 40k] <STEAM_1:1:925049770>
L 09/02/2026 - 21:16:29: [FF] [Binchu2222] <STEAM_1:0:690072085> -> 16 HP bằng (boom/fire) -> [TezzyPham] <STEAM_1:1:933338290>
L 09/02/2026 - 21:16:29: [HẠ GỤC] Binchu2222 <STEAM_1:0:690072085> đã hạ gục Chicoarun <STEAM_1:0:952954061> bằng (boom/fire)
L 09/02/2026 - 21:16:29: [FF] [Binchu2222] <STEAM_1:0:690072085> -> 16 HP bằng (boom/fire) -> [Holo 40k] <STEAM_1:1:925049770>
L 09/02/2026 - 21:16:29: [FF] [Binchu2222] <STEAM_1:0:690072085> -> 16 HP bằng (boom/fire) -> [Lê Hải] <STEAM_1:0:471595906>
L 09/02/2026 - 21:16:29: [FF] [Binchu2222] <STEAM_1:0:690072085> -> 16 HP bằng (boom/fire) -> [TezzyPham] <STEAM_1:1:933338290>
L 09/02/2026 - 21:16:29: [FF] [Binchu2222] <STEAM_1:0:690072085> -> 16 HP bằng (boom/fire) -> [Chicoarun] <STEAM_1:0:952954061>
L 09/02/2026 - 21:16:29: [HẠ GỤC] Binchu2222 <STEAM_1:0:690072085> đã hạ gục Holo 40k <STEAM_1:1:925049770> bằng (boom/fire)
L 09/02/2026 - 21:16:29: [FF] [Binchu2222] <STEAM_1:0:690072085> -> 16 HP bằng (boom/fire) -> [Lê Hải] <STEAM_1:0:471595906>
L 09/02/2026 - 21:16:30: [FF] [Binchu2222] <STEAM_1:0:690072085> -> 16 HP bằng (boom/fire) -> [TezzyPham] <STEAM_1:1:933338290>
L 09/02/2026 - 21:16:30: [FF] [Binchu2222] <STEAM_1:0:690072085> -> 16 HP bằng (boom/fire) -> [Chicoarun] <STEAM_1:0:952954061>
L 09/02/2026 - 21:16:30: [FF] [Binchu2222] <STEAM_1:0:690072085> -> 16 HP bằng (boom/fire) -> [Holo 40k] <STEAM_1:1:925049770>
L 09/02/2026 - 21:16:30: [FF] [Binchu2222] <STEAM_1:0:690072085> -> 16 HP bằng (boom/fire) -> [Lê Hải] <STEAM_1:0:471595906>
L 09/02/2026 - 21:16:30: [FF] [Binchu2222] <STEAM_1:0:690072085> -> 16 HP bằng (boom/fire) -> [TezzyPham] <STEAM_1:1:933338290>
L 09/02/2026 - 21:16:30: [FF] [Binchu2222] <STEAM_1:0:690072085> -> 16 HP bằng (boom/fire) -> [Chicoarun] <STEAM_1:0:952954061>
L 09/02/2026 - 21:16:30: [FF] [Binchu2222] <STEAM_1:0:690072085> -> 16 HP bằng (boom/fire) -> [Holo 40k] <STEAM_1:1:925049770>
L 09/02/2026 - 21:16:30: [FF] [Binchu2222] <STEAM_1:0:690072085> -> 16 HP bằng (boom/fire) -> [Lê Hải] <STEAM_1:0:471595906>
L 09/02/2026 - 21:16:30: [FF] [Binchu2222] <STEAM_1:0:690072085> -> 16 HP bằng (boom/fire) -> [TezzyPham] <STEAM_1:1:933338290>
L 09/02/2026 - 21:16:30: [FF] [Binchu2222] <STEAM_1:0:690072085> -> 16 HP bằng (boom/fire) -> [Chicoarun] <STEAM_1:0:952954061>
L 09/02/2026 - 21:16:30: [FF] [Binchu2222] <STEAM_1:0:690072085> -> 16 HP bằng (boom/fire) -> [Holo 40k] <STEAM_1:1:925049770>
L 09/02/2026 - 21:16:30: [FF] [Binchu2222] <STEAM_1:0:690072085> -> 16 HP bằng (boom/fire) -> [Lê Hải] <STEAM_1:0:471595906>
L 09/02/2026 - 21:16:30: [FF] [Binchu2222] <STEAM_1:0:690072085> -> 16 HP bằng (boom/fire) -> [TezzyPham] <STEAM_1:1:933338290>
L 09/02/2026 - 21:16:30: [FF] [Binchu2222] <STEAM_1:0:690072085> -> 16 HP bằng (boom/fire) -> [Chicoarun] <STEAM_1:0:952954061>
L 09/02/2026 - 21:16:30: [FF] [Binchu2222] <STEAM_1:0:690072085> -> 16 HP bằng (boom/fire) -> [Holo 40k] <STEAM_1:1:925049770>
L 09/02/2026 - 21:16:30: [FF] [Binchu2222] <STEAM_1:0:690072085> -> 16 HP bằng (boom/fire) -> [Lê Hải] <STEAM_1:0:471595906>
L 09/02/2026 - 21:16:31: [FF] [Binchu2222] <STEAM_1:0:690072085> -> 16 HP bằng (boom/fire) -> [TezzyPham] <STEAM_1:1:933338290>
L 09/02/2026 - 21:16:31: [FF] [Binchu2222] <STEAM_1:0:690072085> -> 16 HP bằng (boom/fire) -> [Chicoarun] <STEAM_1:0:952954061>
L 09/02/2026 - 21:16:31: [FF] [Binchu2222] <STEAM_1:0:690072085> -> 16 HP bằng (boom/fire) -> [Holo 40k] <STEAM_1:1:925049770>
L 09/02/2026 - 21:16:31: [HẠ GỤC] Binchu2222 <STEAM_1:0:690072085> đã hạ gục Lê Hải <STEAM_1:0:471595906> bằng (boom/fire)
L 09/02/2026 - 21:16:31: [FF] [Binchu2222] <STEAM_1:0:690072085> -> 16 HP bằng (boom/fire) -> [TezzyPham] <STEAM_1:1:933338290>
L 09/02/2026 - 21:16:31: [FF] [Binchu2222] <STEAM_1:0:690072085> -> 16 HP bằng (boom/fire) -> [Chicoarun] <STEAM_1:0:952954061>
L 09/02/2026 - 21:16:31: [FF] [Binchu2222] <STEAM_1:0:690072085> -> 16 HP bằng (boom/fire) -> [Holo 40k] <STEAM_1:1:925049770>
L 09/02/2026 - 21:16:31: [FF] [Binchu2222] <STEAM_1:0:690072085> -> 16 HP bằng (boom/fire) -> [Lê Hải] <STEAM_1:0:471595906>
L 09/02/2026 - 21:16:31: [FF] [Binchu2222] <STEAM_1:0:690072085> -> 16 HP bằng (boom/fire) -> [Rïçēz] <STEAM_1:1:558962692>
L 09/02/2026 - 21:16:31: [FF] [Binchu2222] <STEAM_1:0:690072085> -> 16 HP bằng (boom/fire) -> [TezzyPham] <STEAM_1:1:933338290>
L 09/02/2026 - 21:16:31: [FF] [Binchu2222] <STEAM_1:0:690072085> -> 16 HP bằng (boom/fire) -> [Chicoarun] <STEAM_1:0:952954061>
L 09/02/2026 - 21:16:31: [FF] [Binchu2222] <STEAM_1:0:690072085> -> 16 HP bằng (boom/fire) -> [Holo 40k] <STEAM_1:1:925049770>
L 09/02/2026 - 21:16:31: [FF] [Binchu2222] <STEAM_1:0:690072085> -> 16 HP bằng (boom/fire) -> [Lê Hải] <STEAM_1:0:471595906>
L 09/02/2026 - 21:16:31: [FF] [Binchu2222] <STEAM_1:0:690072085> -> 16 HP bằng (boom/fire) -> [Rïçēz] <STEAM_1:1:558962692>
L 09/02/2026 - 21:16:31: [FF] [Binchu2222] <STEAM_1:0:690072085> -> 16 HP bằng (boom/fire) -> [TezzyPham] <STEAM_1:1:933338290>
L 09/02/2026 - 21:16:31: [FF] [Binchu2222] <STEAM_1:0:690072085> -> 16 HP bằng (boom/fire) -> [Chicoarun] <STEAM_1:0:952954061>
L 09/02/2026 - 21:16:31: [FF] [Binchu2222] <STEAM_1:0:690072085> -> 16 HP bằng (boom/fire) -> [Holo 40k] <STEAM_1:1:925049770>
L 09/02/2026 - 21:16:31: [FF] [Binchu2222] <STEAM_1:0:690072085> -> 16 HP bằng (boom/fire) -> [Lê Hải] <STEAM_1:0:471595906>
L 09/02/2026 - 21:16:32: [FF] [Binchu2222] <STEAM_1:0:690072085> -> 16 HP bằng (boom/fire) -> [Rïçēz] <STEAM_1:1:558962692>
L 09/02/2026 - 21:16:32: [FF] [Binchu2222] <STEAM_1:0:690072085> -> 16 HP bằng (boom/fire) -> [TezzyPham] <STEAM_1:1:933338290>
L 09/02/2026 - 21:16:32: [FF] [Binchu2222] <STEAM_1:0:690072085> -> 16 HP bằng (boom/fire) -> [Chicoarun] <STEAM_1:0:952954061>
L 09/02/2026 - 21:16:32: [FF] [Binchu2222] <STEAM_1:0:690072085> -> 16 HP bằng (boom/fire) -> [Holo 40k] <STEAM_1:1:925049770>
L 09/02/2026 - 21:16:32: [FF] [Binchu2222] <STEAM_1:0:690072085> -> 16 HP bằng (boom/fire) -> [Lê Hải] <STEAM_1:0:471595906>
L 09/02/2026 - 21:16:32: [FF] [Binchu2222] <STEAM_1:0:690072085> -> 16 HP bằng (boom/fire) -> [Rïçēz] <STEAM_1:1:558962692>
L 09/02/2026 - 21:16:32: [FF] [Binchu2222] <STEAM_1:0:690072085> -> 16 HP bằng (boom/fire) -> [KeroN] <STEAM_1:1:161759963>
L 09/02/2026 - 21:16:32: [FF] [Binchu2222] <STEAM_1:0:690072085> -> 16 HP bằng (boom/fire) -> [TezzyPham] <STEAM_1:1:933338290>
L 09/02/2026 - 21:16:32: [FF] [Binchu2222] <STEAM_1:0:690072085> -> 16 HP bằng (boom/fire) -> [Chicoarun] <STEAM_1:0:952954061>
L 09/02/2026 - 21:16:32: [FF] [Binchu2222] <STEAM_1:0:690072085> -> 16 HP bằng (boom/fire) -> [Holo 40k] <STEAM_1:1:925049770>
L 09/02/2026 - 21:16:32: [FF] [Binchu2222] <STEAM_1:0:690072085> -> 16 HP bằng (boom/fire) -> [Lê Hải] <STEAM_1:0:471595906>
L 09/02/2026 - 21:16:32: [FF] [Binchu2222] <STEAM_1:0:690072085> -> 16 HP bằng (boom/fire) -> [Rïçēz] <STEAM_1:1:558962692>
L 09/02/2026 - 21:16:32: [FF] [Binchu2222] <STEAM_1:0:690072085> -> 16 HP bằng (boom/fire) -> [KeroN] <STEAM_1:1:161759963>
L 09/02/2026 - 21:16:32: [FF] [Binchu2222] <STEAM_1:0:690072085> -> 16 HP bằng (boom/fire) -> [TezzyPham] <STEAM_1:1:933338290>
L 09/02/2026 - 21:16:32: [FF] [Binchu2222] <STEAM_1:0:690072085> -> 16 HP bằng (boom/fire) -> [Chicoarun] <STEAM_1:0:952954061>
L 09/02/2026 - 21:16:32: [FF] [Binchu2222] <STEAM_1:0:690072085> -> 16 HP bằng (boom/fire) -> [Holo 40k] <STEAM_1:1:925049770>
L 09/02/2026 - 21:16:32: [FF] [Binchu2222] <STEAM_1:0:690072085> -> 16 HP bằng (boom/fire) -> [Lê Hải] <STEAM_1:0:471595906>
L 09/02/2026 - 21:16:32: [HẠ GỤC] Binchu2222 <STEAM_1:0:690072085> đã hạ gục Rïçēz <STEAM_1:1:558962692> bằng (boom/fire)
L 09/02/2026 - 21:16:32: [FF] [Binchu2222] <STEAM_1:0:690072085> -> 16 HP bằng (boom/fire) -> [KeroN] <STEAM_1:1:161759963>
L 09/02/2026 - 21:16:32: [FF] [Binchu2222] <STEAM_1:0:690072085> -> 16 HP bằng (boom/fire) -> [Chicoarun] <STEAM_1:0:952954061>
L 09/02/2026 - 21:16:32: [FF] [Binchu2222] <STEAM_1:0:690072085> -> 16 HP bằng (boom/fire) -> [Holo 40k] <STEAM_1:1:925049770>
L 09/02/2026 - 21:16:32: [FF] [Binchu2222] <STEAM_1:0:690072085> -> 16 HP bằng (boom/fire) -> [Lê Hải] <STEAM_1:0:471595906>
L 09/02/2026 - 21:16:33: [FF] [Binchu2222] <STEAM_1:0:690072085> -> 16 HP bằng (boom/fire) -> [Rïçēz] <STEAM_1:1:558962692>
L 09/02/2026 - 21:16:33: [FF] [Binchu2222] <STEAM_1:0:690072085> -> 16 HP bằng (boom/fire) -> [KeroN] <STEAM_1:1:161759963>
L 09/02/2026 - 21:16:33: [FF] [Binchu2222] <STEAM_1:0:690072085> -> 16 HP bằng (boom/fire) -> [Holo 40k] <STEAM_1:1:925049770>
L 09/02/2026 - 21:16:33: [FF] [Binchu2222] <STEAM_1:0:690072085> -> 16 HP bằng (boom/fire) -> [Chicoarun] <STEAM_1:0:952954061>
L 09/02/2026 - 21:16:33: [FF] [Binchu2222] <STEAM_1:0:690072085> -> 16 HP bằng (boom/fire) -> [Lê Hải] <STEAM_1:0:471595906>
L 09/02/2026 - 21:16:33: [FF] [Binchu2222] <STEAM_1:0:690072085> -> 16 HP bằng (boom/fire) -> [KeroN] <STEAM_1:1:161759963>
L 09/02/2026 - 21:16:33: [FF] [Binchu2222] <STEAM_1:0:690072085> -> 16 HP bằng (boom/fire) -> [Rïçēz] <STEAM_1:1:558962692>
L 09/02/2026 - 21:16:33: [FF] [Binchu2222] <STEAM_1:0:690072085> -> 16 HP bằng (boom/fire) -> [Holo 40k] <STEAM_1:1:925049770>
L 09/02/2026 - 21:16:33: [FF] [Binchu2222] <STEAM_1:0:690072085> -> 16 HP bằng (boom/fire) -> [Chicoarun] <STEAM_1:0:952954061>
L 09/02/2026 - 21:16:33: [FF] [Binchu2222] <STEAM_1:0:690072085> -> 16 HP bằng (boom/fire) -> [Lê Hải] <STEAM_1:0:471595906>
L 09/02/2026 - 21:16:33: [HẠ GỤC] Binchu2222 <STEAM_1:0:690072085> đã hạ gục KeroN <STEAM_1:1:161759963> bằng (boom/fire)
L 09/02/2026 - 21:16:33: [FF] [Binchu2222] <STEAM_1:0:690072085> -> 16 HP bằng (boom/fire) -> [Rïçēz] <STEAM_1:1:558962692>
L 09/02/2026 - 21:16:33: [FF] [Binchu2222] <STEAM_1:0:690072085> -> 16 HP bằng (boom/fire) -> [Holo 40k] <STEAM_1:1:925049770>
L 09/02/2026 - 21:16:33: [FF] [Binchu2222] <STEAM_1:0:690072085> -> 16 HP bằng (boom/fire) -> [Chicoarun] <STEAM_1:0:952954061>
L 09/02/2026 - 21:16:33: [FF] [Binchu2222] <STEAM_1:0:690072085> -> 16 HP bằng (boom/fire) -> [Lê Hải] <STEAM_1:0:471595906>
L 09/02/2026 - 21:16:33: [FF] [Binchu2222] <STEAM_1:0:690072085> -> 16 HP bằng (boom/fire) -> [KeroN] <STEAM_1:1:161759963>
L 09/02/2026 - 21:16:33: [FF] [Binchu2222] <STEAM_1:0:690072085> -> 16 HP bằng (boom/fire) -> [Rïçēz] <STEAM_1:1:558962692>
L 09/02/2026 - 21:16:33: [FF] [Binchu2222] <STEAM_1:0:690072085> -> 16 HP bằng (boom/fire) -> [Holo 40k] <STEAM_1:1:925049770>
L 09/02/2026 - 21:16:33: [FF] [Binchu2222] <STEAM_1:0:690072085> -> 16 HP bằng (boom/fire) -> [Lê Hải] <STEAM_1:0:471595906>
L 09/02/2026 - 21:16:33: [FF] [Binchu2222] <STEAM_1:0:690072085> -> 16 HP bằng (boom/fire) -> [Chicoarun] <STEAM_1:0:952954061>
L 09/02/2026 - 21:16:34: [FF] [Binchu2222] <STEAM_1:0:690072085> -> 16 HP bằng (boom/fire) -> [KeroN] <STEAM_1:1:161759963>
L 09/02/2026 - 21:16:34: [FF] [Binchu2222] <STEAM_1:0:690072085> -> 16 HP bằng (boom/fire) -> [Rïçēz] <STEAM_1:1:558962692>
L 09/02/2026 - 21:16:34: [FF] [Binchu2222] <STEAM_1:0:690072085> -> 16 HP bằng (boom/fire) -> [Lê Hải] <STEAM_1:0:471595906>
L 09/02/2026 - 21:16:34: [FF] [Binchu2222] <STEAM_1:0:690072085> -> 16 HP bằng (boom/fire) -> [Chicoarun] <STEAM_1:0:952954061>
L 09/02/2026 - 21:16:34: [FF] [Binchu2222] <STEAM_1:0:690072085> -> 16 HP bằng (boom/fire) -> [Rïçēz] <STEAM_1:1:558962692>
L 09/02/2026 - 21:16:34: [FF] [Binchu2222] <STEAM_1:0:690072085> -> 16 HP bằng (boom/fire) -> [KeroN] <STEAM_1:1:161759963>
L 09/02/2026 - 21:16:34: [HẠ GỤC] Binchu2222 <STEAM_1:0:690072085> đã hạ gục Binchu2222 <STEAM_1:0:690072085> bằng (boom/fire)
L 09/02/2026 - 21:16:34: [FF] [Binchu2222] <STEAM_1:0:690072085> -> 16 HP bằng (boom/fire) -> [Chicoarun] <STEAM_1:0:952954061>
L 09/02/2026 - 21:16:34: [FF] [Binchu2222] <STEAM_1:0:690072085> -> 16 HP bằng (boom/fire) -> [Lê Hải] <STEAM_1:0:471595906>
L 09/02/2026 - 21:16:34: [FF] [Binchu2222] <STEAM_1:0:690072085> -> 16 HP bằng (boom/fire) -> [Rïçēz] <STEAM_1:1:558962692>
L 09/02/2026 - 21:16:34: [FF] [Binchu2222] <STEAM_1:0:690072085> -> 16 HP bằng (boom/fire) -> [KeroN] <STEAM_1:1:161759963>
L 09/02/2026 - 21:16:34: [FF] [Binchu2222] <STEAM_1:0:690072085> -> 16 HP bằng (boom/fire) -> [Chicoarun] <STEAM_1:0:952954061>
L 09/02/2026 - 21:16:34: [FF] [Binchu2222] <STEAM_1:0:690072085> -> 16 HP bằng (boom/fire) -> [Lê Hải] <STEAM_1:0:471595906>
L 09/02/2026 - 21:16:34: [FF] [Binchu2222] <STEAM_1:0:690072085> -> 16 HP bằng (boom/fire) -> [Rïçēz] <STEAM_1:1:558962692>
L 09/02/2026 - 21:16:34: [FF] [Binchu2222] <STEAM_1:0:690072085> -> 16 HP bằng (boom/fire) -> [KeroN] <STEAM_1:1:161759963>
L 09/02/2026 - 21:16:34: [FF] [Binchu2222] <STEAM_1:0:690072085> -> 16 HP bằng (boom/fire) -> [Lê Hải] <STEAM_1:0:471595906>
L 09/02/2026 - 21:16:34: [FF] [Binchu2222] <STEAM_1:0:690072085> -> 16 HP bằng (boom/fire) -> [Chicoarun] <STEAM_1:0:952954061>
L 09/02/2026 - 21:16:35: [FF] [Binchu2222] <STEAM_1:0:690072085> -> 16 HP bằng (boom/fire) -> [Rïçēz] <STEAM_1:1:558962692>
L 09/02/2026 - 21:16:35: [FF] [Binchu2222] <STEAM_1:0:690072085> -> 16 HP bằng (boom/fire) -> [KeroN] <STEAM_1:1:161759963>
L 09/02/2026 - 21:16:35: [FF] [Binchu2222] <STEAM_1:0:690072085> -> 16 HP bằng (boom/fire) -> [Lê Hải] <STEAM_1:0:471595906>
L 09/02/2026 - 21:16:35: [FF] [Binchu2222] <STEAM_1:0:690072085> -> 16 HP bằng (boom/fire) -> [Chicoarun] <STEAM_1:0:952954061>
L 09/02/2026 - 21:16:35: [FF] [Binchu2222] <STEAM_1:0:690072085> -> 16 HP bằng (boom/fire) -> [KeroN] <STEAM_1:1:161759963>
L 09/02/2026 - 21:16:35: [FF] [Binchu2222] <STEAM_1:0:690072085> -> 16 HP bằng (boom/fire) -> [Rïçēz] <STEAM_1:1:558962692>
L 09/02/2026 - 21:16:35: [FF] [Binchu2222] <STEAM_1:0:690072085> -> 16 HP bằng (boom/fire) -> [Lê Hải] <STEAM_1:0:471595906>
L 09/02/2026 - 21:16:35: [FF] [Binchu2222] <STEAM_1:0:690072085> -> 16 HP bằng (boom/fire) -> [Chicoarun] <STEAM_1:0:952954061>
L 09/02/2026 - 21:16:35: [FF] [Binchu2222] <STEAM_1:0:690072085> -> 16 HP bằng (boom/fire) -> [Rïçēz] <STEAM_1:1:558962692>
L 09/02/2026 - 21:16:35: [FF] [Binchu2222] <STEAM_1:0:690072085> -> 16 HP bằng (boom/fire) -> [KeroN] <STEAM_1:1:161759963>
L 09/02/2026 - 21:16:35: [FF] [Binchu2222] <STEAM_1:0:690072085> -> 16 HP bằng (boom/fire) -> [Lê Hải] <STEAM_1:0:471595906>
L 09/02/2026 - 21:16:35: [FF] [Binchu2222] <STEAM_1:0:690072085> -> 16 HP bằng (boom/fire) -> [Chicoarun] <STEAM_1:0:952954061>
L 09/02/2026 - 21:16:35: [FF] [Binchu2222] <STEAM_1:0:690072085> -> 16 HP bằng (boom/fire) -> [KeroN] <STEAM_1:1:161759963>
L 09/02/2026 - 21:16:35: [FF] [Binchu2222] <STEAM_1:0:690072085> -> 16 HP bằng (boom/fire) -> [Rïçēz] <STEAM_1:1:558962692>
L 09/02/2026 - 21:16:35: [FF] [Binchu2222] <STEAM_1:0:690072085> -> 16 HP bằng (boom/fire) -> [Lê Hải] <STEAM_1:0:471595906>
L 09/02/2026 - 21:16:35: [FF] [Binchu2222] <STEAM_1:0:690072085> -> 16 HP bằng (boom/fire) -> [Chicoarun] <STEAM_1:0:952954061>
L 09/02/2026 - 21:16:36: [FF] [Binchu2222] <STEAM_1:0:690072085> -> 16 HP bằng (boom/fire) -> [KeroN] <STEAM_1:1:161759963>
L 09/02/2026 - 21:16:36: [FF] [Binchu2222] <STEAM_1:0:690072085> -> 16 HP bằng (boom/fire) -> [Rïçēz] <STEAM_1:1:558962692>
L 09/02/2026 - 21:16:36: [FF] [Binchu2222] <STEAM_1:0:690072085> -> 16 HP bằng (boom/fire) -> [Lê Hải] <STEAM_1:0:471595906>
L 09/02/2026 - 21:16:36: [FF] [Binchu2222] <STEAM_1:0:690072085> -> 16 HP bằng (boom/fire) -> [Chicoarun] <STEAM_1:0:952954061>
L 09/02/2026 - 21:16:36: [FF] [Binchu2222] <STEAM_1:0:690072085> -> 16 HP bằng (boom/fire) -> [KeroN] <STEAM_1:1:161759963>
L 09/02/2026 - 21:16:36: [FF] [Binchu2222] <STEAM_1:0:690072085> -> 16 HP bằng (boom/fire) -> [Rïçēz] <STEAM_1:1:558962692>
L 09/02/2026 - 21:16:36: [FF] [Binchu2222] <STEAM_1:0:690072085> -> 16 HP bằng (boom/fire) -> [Lê Hải] <STEAM_1:0:471595906>
L 09/02/2026 - 21:16:36: [FF] [Binchu2222] <STEAM_1:0:690072085> -> 16 HP bằng (boom/fire) -> [Chicoarun] <STEAM_1:0:952954061>
L 09/02/2026 - 21:16:36: [FF] [Binchu2222] <STEAM_1:0:690072085> -> 16 HP bằng (boom/fire) -> [KeroN] <STEAM_1:1:161759963>
L 09/02/2026 - 21:16:36: [FF] [Binchu2222] <STEAM_1:0:690072085> -> 16 HP bằng (boom/fire) -> [Rïçēz] <STEAM_1:1:558962692>
L 09/02/2026 - 21:16:36: [FF] [Binchu2222] <STEAM_1:0:690072085> -> 16 HP bằng (boom/fire) -> [Lê Hải] <STEAM_1:0:471595906>
L 09/02/2026 - 21:16:36: [FF] [Binchu2222] <STEAM_1:0:690072085> -> 16 HP bằng (boom/fire) -> [Chicoarun] <STEAM_1:0:952954061>
L 09/02/2026 - 21:16:36: [FF] [Binchu2222] <STEAM_1:0:690072085> -> 16 HP bằng (boom/fire) -> [KeroN] <STEAM_1:1:161759963>
L 09/02/2026 - 21:16:36: [FF] [Binchu2222] <STEAM_1:0:690072085> -> 16 HP bằng (boom/fire) -> [Rïçēz] <STEAM_1:1:558962692>
L 09/02/2026 - 21:16:36: [FF] [Binchu2222] <STEAM_1:0:690072085> -> 16 HP bằng (boom/fire) -> [Lê Hải] <STEAM_1:0:471595906>
L 09/02/2026 - 21:16:37: [FF] [Binchu2222] <STEAM_1:0:690072085> -> 16 HP bằng (boom/fire) -> [KeroN] <STEAM_1:1:161759963>
L 09/02/2026 - 21:16:37: [FF] [Binchu2222] <STEAM_1:0:690072085> -> 16 HP bằng (boom/fire) -> [Rïçēz] <STEAM_1:1:558962692>
L 09/02/2026 - 21:16:37: [FF] [Binchu2222] <STEAM_1:0:690072085> -> 16 HP bằng (boom/fire) -> [Lê Hải] <STEAM_1:0:471595906>
L 09/02/2026 - 21:16:37: [FF] [Binchu2222] <STEAM_1:0:690072085> -> 16 HP bằng (boom/fire) -> [KeroN] <STEAM_1:1:161759963>
L 09/02/2026 - 21:16:37: [FF] [Binchu2222] <STEAM_1:0:690072085> -> 16 HP bằng (boom/fire) -> [Rïçēz] <STEAM_1:1:558962692>
L 09/02/2026 - 21:16:37: [FF] [Binchu2222] <STEAM_1:0:690072085> -> 16 HP bằng (boom/fire) -> [Lê Hải] <STEAM_1:0:471595906>
L 09/02/2026 - 21:16:37: [FF] [Binchu2222] <STEAM_1:0:690072085> -> 16 HP bằng (boom/fire) -> [KeroN] <STEAM_1:1:161759963>
L 09/02/2026 - 21:16:37: [FF] [Binchu2222] <STEAM_1:0:690072085> -> 16 HP bằng (boom/fire) -> [Lê Hải] <STEAM_1:0:471595906>
L 09/02/2026 - 21:16:37: [FF] [Binchu2222] <STEAM_1:0:690072085> -> 16 HP bằng (boom/fire) -> [KeroN] <STEAM_1:1:161759963>
L 09/02/2026 - 21:16:37: [FF] [Binchu2222] <STEAM_1:0:690072085> -> 16 HP bằng (boom/fire) -> [Lê Hải] <STEAM_1:0:471595906>
L 09/02/2026 - 21:16:38: [FF] [Binchu2222] <STEAM_1:0:690072085> -> 16 HP bằng (boom/fire) -> [KeroN] <STEAM_1:1:161759963>
L 09/02/2026 - 21:16:38: [FF] [Binchu2222] <STEAM_1:0:690072085> -> 16 HP bằng (boom/fire) -> [Lê Hải] <STEAM_1:0:471595906>
L 09/02/2026 - 21:16:38: [FF] [Binchu2222] <STEAM_1:0:690072085> -> 16 HP bằng (boom/fire) -> [KeroN] <STEAM_1:1:161759963>
L 09/02/2026 - 21:16:38: [FF] [Binchu2222] <STEAM_1:0:690072085> -> 16 HP bằng (boom/fire) -> [Bảo Nguyên] <STEAM_1:0:218160880>
L 09/02/2026 - 21:16:38: [FF] [Binchu2222] <STEAM_1:0:690072085> -> 16 HP bằng (boom/fire) -> [Lê Hải] <STEAM_1:0:471595906>
L 09/02/2026 - 21:16:38: [FF] [Binchu2222] <STEAM_1:0:690072085> -> 16 HP bằng (boom/fire) -> [KeroN] <STEAM_1:1:161759963>
L 09/02/2026 - 21:16:38: [FF] [Binchu2222] <STEAM_1:0:690072085> -> 16 HP bằng (boom/fire) -> [Bảo Nguyên] <STEAM_1:0:218160880>
L 09/02/2026 - 21:16:38: [FF] [Binchu2222] <STEAM_1:0:690072085> -> 16 HP bằng (boom/fire) -> [Lê Hải] <STEAM_1:0:471595906>
L 09/02/2026 - 21:16:38: [FF] [Binchu2222] <STEAM_1:0:690072085> -> 16 HP bằng (boom/fire) -> [KeroN] <STEAM_1:1:161759963>
L 09/02/2026 - 21:16:38: [FF] [Binchu2222] <STEAM_1:0:690072085> -> 16 HP bằng (boom/fire) -> [Chicoarun] <STEAM_1:0:952954061>
L 09/02/2026 - 21:16:38: [FF] [Binchu2222] <STEAM_1:0:690072085> -> 16 HP bằng (boom/fire) -> [Bảo Nguyên] <STEAM_1:0:218160880>
L 09/02/2026 - 21:16:38: [FF] [Binchu2222] <STEAM_1:0:690072085> -> 16 HP bằng (boom/fire) -> [Lê Hải] <STEAM_1:0:471595906>
L 09/02/2026 - 21:16:39: [FF] [Binchu2222] <STEAM_1:0:690072085> -> 16 HP bằng (boom/fire) -> [KeroN] <STEAM_1:1:161759963>
L 09/02/2026 - 21:16:39: [FF] [Binchu2222] <STEAM_1:0:690072085> -> 16 HP bằng (boom/fire) -> [Bảo Nguyên] <STEAM_1:0:218160880>
L 09/02/2026 - 21:16:39: [FF] [Binchu2222] <STEAM_1:0:690072085> -> 16 HP bằng (boom/fire) -> [KeroN] <STEAM_1:1:161759963>
L 09/02/2026 - 21:16:39: [FF] [Binchu2222] <STEAM_1:0:690072085> -> 16 HP bằng (boom/fire) -> [Bảo Nguyên] <STEAM_1:0:218160880>
L 09/02/2026 - 21:16:39: [FF] [Binchu2222] <STEAM_1:0:690072085> -> 16 HP bằng (boom/fire) -> [KeroN] <STEAM_1:1:161759963>
L 09/02/2026 - 21:16:39: [FF] [Binchu2222] <STEAM_1:0:690072085> -> 16 HP bằng (boom/fire) -> [（ ͜.人 ͜.）⛇☃] <STEAM_1:1:241852047>
L 09/02/2026 - 21:16:39: [FF] [Binchu2222] <STEAM_1:0:690072085> -> 16 HP bằng (boom/fire) -> [Bảo Nguyên] <STEAM_1:0:218160880>
L 09/02/2026 - 21:16:39: [FF] [Binchu2222] <STEAM_1:0:690072085> -> 16 HP bằng (boom/fire) -> [KeroN] <STEAM_1:1:161759963>
L 09/02/2026 - 21:16:39: [FF] [Binchu2222] <STEAM_1:0:690072085> -> 16 HP bằng (boom/fire) -> [（ ͜.人 ͜.）⛇☃] <STEAM_1:1:241852047>
L 09/02/2026 - 21:16:40: [FF] [Binchu2222] <STEAM_1:0:690072085> -> 16 HP bằng (boom/fire) -> [KeroN] <STEAM_1:1:161759963>
L 09/02/2026 - 21:16:40: [FF] [Binchu2222] <STEAM_1:0:690072085> -> 16 HP bằng (boom/fire) -> [（ ͜.人 ͜.）⛇☃] <STEAM_1:1:241852047>
L 09/02/2026 - 21:16:40: [FF] [Binchu2222] <STEAM_1:0:690072085> -> 16 HP bằng (boom/fire) -> [KeroN] <STEAM_1:1:161759963>
L 09/02/2026 - 21:16:40: [FF] [Binchu2222] <STEAM_1:0:690072085> -> 16 HP bằng (boom/fire) -> [（ ͜.人 ͜.）⛇☃] <STEAM_1:1:241852047>
L 09/02/2026 - 21:16:40: [FF] [Binchu2222] <STEAM_1:0:690072085> -> 16 HP bằng (boom/fire) -> [Bảo Nguyên] <STEAM_1:0:218160880>
L 09/02/2026 - 21:16:40: [FF] [Binchu2222] <STEAM_1:0:690072085> -> 16 HP bằng (boom/fire) -> [KeroN] <STEAM_1:1:161759963>
L 09/02/2026 - 21:16:40: [FF] [Binchu2222] <STEAM_1:0:690072085> -> 16 HP bằng (boom/fire) -> [（ ͜.人 ͜.）⛇☃] <STEAM_1:1:241852047>
L 09/02/2026 - 21:16:40: [FF] [Binchu2222] <STEAM_1:0:690072085> -> 16 HP bằng (boom/fire) -> [Bảo Nguyên] <STEAM_1:0:218160880>
L 09/02/2026 - 21:16:40: [FF] [Binchu2222] <STEAM_1:0:690072085> -> 16 HP bằng (boom/fire) -> [KeroN] <STEAM_1:1:161759963>
L 09/02/2026 - 21:16:40: [FF] [Binchu2222] <STEAM_1:0:690072085> -> 16 HP bằng (boom/fire) -> [Bảo Nguyên] <STEAM_1:0:218160880>
L 09/02/2026 - 21:16:40: [FF] [Binchu2222] <STEAM_1:0:690072085> -> 16 HP bằng (boom/fire) -> [（ ͜.人 ͜.）⛇☃] <STEAM_1:1:241852047>
L 09/02/2026 - 21:16:41: [FF] [Binchu2222] <STEAM_1:0:690072085> -> 16 HP bằng (boom/fire) -> [KeroN] <STEAM_1:1:161759963>
L 09/02/2026 - 21:16:41: [FF] [Binchu2222] <STEAM_1:0:690072085> -> 16 HP bằng (boom/fire) -> [chimxanh] <STEAM_1:1:626078671>
L 09/02/2026 - 21:16:41: [FF] [Binchu2222] <STEAM_1:0:690072085> -> 16 HP bằng (boom/fire) -> [Lê Hải] <STEAM_1:0:471595906>
L 09/02/2026 - 21:16:41: [HẠ GỤC] Binchu2222 <STEAM_1:0:690072085> đã hạ gục Bảo Nguyên <STEAM_1:0:218160880> bằng (boom/fire)
L 09/02/2026 - 21:16:45: [FF] [TezzyPham] <STEAM_1:1:933338290> -> 1 HP bằng (súng) -> [Lê Hải] <STEAM_1:0:471595906>
L 09/02/2026 - 21:16:46: [FF] [chimxanh] <STEAM_1:1:626078671> -> 5 HP bằng (melee) -> [Lê Hải] <STEAM_1:0:471595906>
L 09/02/2026 - 21:16:50: [FF] [None :D] <STEAM_1:0:578030381> -> 25 HP bằng (melee) -> [chimxanh] <STEAM_1:1:626078671>
L 09/02/2026 - 21:16:50: [FF] [None :D] <STEAM_1:0:578030381> -> 25 HP bằng (melee) -> [weeBlord] <STEAM_1:0:242584050>
L 09/02/2026 - 21:16:54: [FF] [TezzyPham] <STEAM_1:1:933338290> -> 45 HP bằng (súng) -> [chimxanh] <STEAM_1:1:626078671>
L 09/02/2026 - 21:16:54: [FF] [None :D] <STEAM_1:0:578030381> -> 25 HP bằng (melee) -> [Curren Bouquetd'or] <STEAM_1:1:524205977>
L 09/02/2026 - 21:18:38: [FF] [Curren Bouquetd'or] <STEAM_1:1:524205977> -> 22 HP bằng (súng) -> [weeBlord] <STEAM_1:0:242584050>
L 09/02/2026 - 21:18:41: [FF] [Holo 40k] <STEAM_1:1:925049770> -> 7 HP bằng (melee) -> [Chicoarun] <STEAM_1:0:952954061>
L 09/02/2026 - 21:18:50: [FF] [Curren Bouquetd'or] <STEAM_1:1:524205977> -> 15 HP bằng (súng) -> [Holo 40k] <STEAM_1:1:925049770>
L 09/02/2026 - 21:18:50: [FF] [Curren Bouquetd'or] <STEAM_1:1:524205977> -> 22 HP bằng (súng) -> [Bảo Nguyên] <STEAM_1:0:218160880>
L 09/02/2026 - 21:18:51: [FF] [Curren Bouquetd'or] <STEAM_1:1:524205977> -> 15 HP bằng (súng) -> [Holo 40k] <STEAM_1:1:925049770>
L 09/02/2026 - 21:18:51: [FF] [None :D] <STEAM_1:0:578030381> -> 31 HP bằng (súng) -> [Rïçēz] <STEAM_1:1:558962692>
L 09/02/2026 - 21:18:52: [HẠ GỤC] Spitter Bot <BOT> đã hạ gục Bảo Nguyên <STEAM_1:0:218160880> bằng (môi trường/khác)
L 09/02/2026 - 21:18:52: [FF] [Curren Bouquetd'or] <STEAM_1:1:524205977> -> 22 HP bằng (súng) -> [Rïçēz] <STEAM_1:1:558962692>
L 09/02/2026 - 21:18:52: [HẠ GỤC] Spitter Bot <BOT> đã hạ gục Chicoarun <STEAM_1:0:952954061> bằng (môi trường/khác)
L 09/02/2026 - 21:18:52: [HẠ GỤC] (1)Spitter Bot <BOT> đã hạ gục Vịt-hút-thuốc-lá <STEAM_1:1:176443622> bằng (môi trường/khác)
L 09/02/2026 - 21:18:53: [HẠ GỤC] Spitter Bot <BOT> đã hạ gục （ ͜.人 ͜.）⛇☃ <STEAM_1:1:241852047> bằng (môi trường/khác)
L 09/02/2026 - 21:18:54: [FF] [Lê Hải] <STEAM_1:0:471595906> -> 6 HP bằng (súng) -> [Chicoarun] <STEAM_1:0:952954061>
L 09/02/2026 - 21:18:54: [FF] [Lê Hải] <STEAM_1:0:471595906> -> 9 HP bằng (súng) -> [Chicoarun] <STEAM_1:0:952954061>
L 09/02/2026 - 21:18:55: [HẠ GỤC] Smoker Bot <BOT> đã hạ gục Holo 40k <STEAM_1:1:925049770> bằng (môi trường/khác)
L 09/02/2026 - 21:19:07: [FF] [None :D] <STEAM_1:0:578030381> -> 31 HP bằng (súng) -> [chimxanh] <STEAM_1:1:626078671>
L 09/02/2026 - 21:19:07: [FF] [TezzyPham] <STEAM_1:1:933338290> -> 7 HP bằng (melee) -> [Bảo Nguyên] <STEAM_1:0:218160880>
L 09/02/2026 - 21:19:08: [FF] [chimxanh] <STEAM_1:1:626078671> -> 5 HP bằng (melee) -> [KeroN] <STEAM_1:1:161759963>
L 09/02/2026 - 21:19:08: [FF] [Bảo Nguyên] <STEAM_1:0:218160880> -> 11 HP bằng (súng) -> [chimxanh] <STEAM_1:1:626078671>
L 09/02/2026 - 21:19:32: [FF] [None :D] <STEAM_1:0:578030381> -> 1 HP bằng (môi trường/khác) -> [TezzyPham] <STEAM_1:1:933338290>
L 09/02/2026 - 21:19:32: [FF] [None :D] <STEAM_1:0:578030381> -> 1 HP bằng (môi trường/khác) -> [Curren Bouquetd'or] <STEAM_1:1:524205977>
L 09/02/2026 - 21:19:48: [FF] [Mikasa] <STEAM_1:0:522010986> -> 12 HP bằng (boom/fire) -> [Curren Bouquetd'or] <STEAM_1:1:524205977>
L 09/02/2026 - 21:19:48: [FF] [Mikasa] <STEAM_1:0:522010986> -> 14 HP bằng (boom/fire) -> [Curren Bouquetd'or] <STEAM_1:1:524205977>
L 09/02/2026 - 21:19:48: [FF] [Mikasa] <STEAM_1:0:522010986> -> 16 HP bằng (boom/fire) -> [Curren Bouquetd'or] <STEAM_1:1:524205977>
L 09/02/2026 - 21:19:49: [FF] [Mikasa] <STEAM_1:0:522010986> -> 16 HP bằng (boom/fire) -> [Curren Bouquetd'or] <STEAM_1:1:524205977>
L 09/02/2026 - 21:19:49: [FF] [Mikasa] <STEAM_1:0:522010986> -> 16 HP bằng (boom/fire) -> [Curren Bouquetd'or] <STEAM_1:1:524205977>
L 09/02/2026 - 21:19:49: [HẠ GỤC] Mikasa <STEAM_1:0:522010986> đã hạ gục Curren Bouquetd'or <STEAM_1:1:524205977> bằng (boom/fire)
L 09/02/2026 - 21:19:49: [FF] [Mikasa] <STEAM_1:0:522010986> -> 16 HP bằng (boom/fire) -> [Curren Bouquetd'or] <STEAM_1:1:524205977>
L 09/02/2026 - 21:19:49: [FF] [Mikasa] <STEAM_1:0:522010986> -> 16 HP bằng (boom/fire) -> [Curren Bouquetd'or] <STEAM_1:1:524205977>
L 09/02/2026 - 21:19:50: [FF] [Mikasa] <STEAM_1:0:522010986> -> 16 HP bằng (boom/fire) -> [Curren Bouquetd'or] <STEAM_1:1:524205977>
L 09/02/2026 - 21:19:50: [FF] [Mikasa] <STEAM_1:0:522010986> -> 16 HP bằng (boom/fire) -> [Curren Bouquetd'or] <STEAM_1:1:524205977>
L 09/02/2026 - 21:19:50: [FF] [Mikasa] <STEAM_1:0:522010986> -> 16 HP bằng (boom/fire) -> [Curren Bouquetd'or] <STEAM_1:1:524205977>
L 09/02/2026 - 21:19:50: [FF] [Mikasa] <STEAM_1:0:522010986> -> 16 HP bằng (boom/fire) -> [Curren Bouquetd'or] <STEAM_1:1:524205977>
L 09/02/2026 - 21:19:50: [FF] [Mikasa] <STEAM_1:0:522010986> -> 16 HP bằng (boom/fire) -> [Curren Bouquetd'or] <STEAM_1:1:524205977>
L 09/02/2026 - 21:19:51: [FF] [Mikasa] <STEAM_1:0:522010986> -> 16 HP bằng (boom/fire) -> [Curren Bouquetd'or] <STEAM_1:1:524205977>
L 09/02/2026 - 21:19:51: [FF] [Mikasa] <STEAM_1:0:522010986> -> 16 HP bằng (boom/fire) -> [Curren Bouquetd'or] <STEAM_1:1:524205977>
L 09/02/2026 - 21:19:51: [FF] [Mikasa] <STEAM_1:0:522010986> -> 16 HP bằng (boom/fire) -> [Curren Bouquetd'or] <STEAM_1:1:524205977>
L 09/02/2026 - 21:19:51: [FF] [Mikasa] <STEAM_1:0:522010986> -> 16 HP bằng (boom/fire) -> [Chicoarun] <STEAM_1:0:952954061>
L 09/02/2026 - 21:19:51: [FF] [Mikasa] <STEAM_1:0:522010986> -> 16 HP bằng (boom/fire) -> [Curren Bouquetd'or] <STEAM_1:1:524205977>
L 09/02/2026 - 21:19:51: [FF] [Mikasa] <STEAM_1:0:522010986> -> 16 HP bằng (boom/fire) -> [Chicoarun] <STEAM_1:0:952954061>
L 09/02/2026 - 21:19:51: [FF] [Mikasa] <STEAM_1:0:522010986> -> 16 HP bằng (boom/fire) -> [Chicoarun] <STEAM_1:0:952954061>
L 09/02/2026 - 21:19:51: [FF] [Mikasa] <STEAM_1:0:522010986> -> 16 HP bằng (boom/fire) -> [Curren Bouquetd'or] <STEAM_1:1:524205977>
L 09/02/2026 - 21:19:52: [FF] [Mikasa] <STEAM_1:0:522010986> -> 16 HP bằng (boom/fire) -> [Curren Bouquetd'or] <STEAM_1:1:524205977>
L 09/02/2026 - 21:19:52: [FF] [Mikasa] <STEAM_1:0:522010986> -> 16 HP bằng (boom/fire) -> [Chicoarun] <STEAM_1:0:952954061>
L 09/02/2026 - 21:19:52: [HẠ GỤC] Mikasa <STEAM_1:0:522010986> đã hạ gục Chicoarun <STEAM_1:0:952954061> bằng (boom/fire)
L 09/02/2026 - 21:19:52: [FF] [Mikasa] <STEAM_1:0:522010986> -> 16 HP bằng (boom/fire) -> [Curren Bouquetd'or] <STEAM_1:1:524205977>
L 09/02/2026 - 21:19:52: [FF] [Mikasa] <STEAM_1:0:522010986> -> 16 HP bằng (boom/fire) -> [Curren Bouquetd'or] <STEAM_1:1:524205977>
L 09/02/2026 - 21:19:52: [FF] [Mikasa] <STEAM_1:0:522010986> -> 16 HP bằng (boom/fire) -> [Chicoarun] <STEAM_1:0:952954061>
L 09/02/2026 - 21:19:52: [FF] [Mikasa] <STEAM_1:0:522010986> -> 16 HP bằng (boom/fire) -> [Curren Bouquetd'or] <STEAM_1:1:524205977>
L 09/02/2026 - 21:19:52: [FF] [Mikasa] <STEAM_1:0:522010986> -> 16 HP bằng (boom/fire) -> [Chicoarun] <STEAM_1:0:952954061>
L 09/02/2026 - 21:19:52: [FF] [Mikasa] <STEAM_1:0:522010986> -> 16 HP bằng (boom/fire) -> [Curren Bouquetd'or] <STEAM_1:1:524205977>
L 09/02/2026 - 21:19:52: [FF] [Mikasa] <STEAM_1:0:522010986> -> 16 HP bằng (boom/fire) -> [Chicoarun] <STEAM_1:0:952954061>
L 09/02/2026 - 21:19:52: [KILL] Zombie/Witch/Môi trường <N/A> đã giết TezzyPham <STEAM_1:1:933338290> bằng (zombie cào/đấm)
L 09/02/2026 - 21:19:53: [FF] [Mikasa] <STEAM_1:0:522010986> -> 16 HP bằng (boom/fire) -> [Curren Bouquetd'or] <STEAM_1:1:524205977>
L 09/02/2026 - 21:19:53: [FF] [Mikasa] <STEAM_1:0:522010986> -> 16 HP bằng (boom/fire) -> [Chicoarun] <STEAM_1:0:952954061>
L 09/02/2026 - 21:19:53: [FF] [Mikasa] <STEAM_1:0:522010986> -> 16 HP bằng (boom/fire) -> [Curren Bouquetd'or] <STEAM_1:1:524205977>
L 09/02/2026 - 21:19:53: [FF] [Mikasa] <STEAM_1:0:522010986> -> 16 HP bằng (boom/fire) -> [Chicoarun] <STEAM_1:0:952954061>
L 09/02/2026 - 21:19:53: [FF] [Mikasa] <STEAM_1:0:522010986> -> 16 HP bằng (boom/fire) -> [Curren Bouquetd'or] <STEAM_1:1:524205977>
L 09/02/2026 - 21:19:53: [FF] [Mikasa] <STEAM_1:0:522010986> -> 16 HP bằng (boom/fire) -> [Chicoarun] <STEAM_1:0:952954061>
L 09/02/2026 - 21:19:53: [FF] [Mikasa] <STEAM_1:0:522010986> -> 16 HP bằng (boom/fire) -> [Curren Bouquetd'or] <STEAM_1:1:524205977>
L 09/02/2026 - 21:19:53: [FF] [Mikasa] <STEAM_1:0:522010986> -> 16 HP bằng (boom/fire) -> [Chicoarun] <STEAM_1:0:952954061>
L 09/02/2026 - 21:19:53: [FF] [Mikasa] <STEAM_1:0:522010986> -> 16 HP bằng (boom/fire) -> [Curren Bouquetd'or] <STEAM_1:1:524205977>
L 09/02/2026 - 21:19:53: [FF] [Mikasa] <STEAM_1:0:522010986> -> 16 HP bằng (boom/fire) -> [Chicoarun] <STEAM_1:0:952954061>
L 09/02/2026 - 21:19:54: [FF] [Mikasa] <STEAM_1:0:522010986> -> 16 HP bằng (boom/fire) -> [Curren Bouquetd'or] <STEAM_1:1:524205977>
L 09/02/2026 - 21:19:54: [FF] [Mikasa] <STEAM_1:0:522010986> -> 16 HP bằng (boom/fire) -> [Chicoarun] <STEAM_1:0:952954061>
L 09/02/2026 - 21:19:54: [FF] [Mikasa] <STEAM_1:0:522010986> -> 16 HP bằng (boom/fire) -> [Curren Bouquetd'or] <STEAM_1:1:524205977>
L 09/02/2026 - 21:19:54: [FF] [Mikasa] <STEAM_1:0:522010986> -> 16 HP bằng (boom/fire) -> [Chicoarun] <STEAM_1:0:952954061>
L 09/02/2026 - 21:19:54: [FF] [Mikasa] <STEAM_1:0:522010986> -> 16 HP bằng (boom/fire) -> [Curren Bouquetd'or] <STEAM_1:1:524205977>
L 09/02/2026 - 21:19:54: [FF] [Mikasa] <STEAM_1:0:522010986> -> 16 HP bằng (boom/fire) -> [Chicoarun] <STEAM_1:0:952954061>
L 09/02/2026 - 21:19:54: [FF] [Mikasa] <STEAM_1:0:522010986> -> 16 HP bằng (boom/fire) -> [Curren Bouquetd'or] <STEAM_1:1:524205977>
L 09/02/2026 - 21:19:54: [FF] [Mikasa] <STEAM_1:0:522010986> -> 16 HP bằng (boom/fire) -> [Chicoarun] <STEAM_1:0:952954061>
L 09/02/2026 - 21:19:54: [FF] [Mikasa] <STEAM_1:0:522010986> -> 16 HP bằng (boom/fire) -> [Chicoarun] <STEAM_1:0:952954061>
L 09/02/2026 - 21:19:55: [FF] [Mikasa] <STEAM_1:0:522010986> -> 16 HP bằng (boom/fire) -> [Chicoarun] <STEAM_1:0:952954061>
L 09/02/2026 - 21:19:55: [FF] [Mikasa] <STEAM_1:0:522010986> -> 16 HP bằng (boom/fire) -> [Chicoarun] <STEAM_1:0:952954061>
L 09/02/2026 - 21:19:55: [FF] [Mikasa] <STEAM_1:0:522010986> -> 16 HP bằng (boom/fire) -> [Chicoarun] <STEAM_1:0:952954061>
L 09/02/2026 - 21:19:55: [KILL] Zombie/Witch/Môi trường <N/A> đã giết Chicoarun <STEAM_1:0:952954061> bằng (môi trường/khác)
L 09/02/2026 - 21:19:57: [FF] [Mikasa] <STEAM_1:0:522010986> -> 16 HP bằng (boom/fire) -> [Curren Bouquetd'or] <STEAM_1:1:524205977>
L 09/02/2026 - 21:19:57: [FF] [Mikasa] <STEAM_1:0:522010986> -> 16 HP bằng (boom/fire) -> [Curren Bouquetd'or] <STEAM_1:1:524205977>
L 09/02/2026 - 21:19:58: [FF] [Mikasa] <STEAM_1:0:522010986> -> 16 HP bằng (boom/fire) -> [Curren Bouquetd'or] <STEAM_1:1:524205977>
L 09/02/2026 - 21:19:58: [FF] [Mikasa] <STEAM_1:0:522010986> -> 16 HP bằng (boom/fire) -> [Curren Bouquetd'or] <STEAM_1:1:524205977>
L 09/02/2026 - 21:19:58: [FF] [Mikasa] <STEAM_1:0:522010986> -> 16 HP bằng (boom/fire) -> [Curren Bouquetd'or] <STEAM_1:1:524205977>
L 09/02/2026 - 21:19:58: [HẠ GỤC] Mikasa <STEAM_1:0:522010986> đã hạ gục Curren Bouquetd'or <STEAM_1:1:524205977> bằng (boom/fire)
L 09/02/2026 - 21:19:58: [FF] [Mikasa] <STEAM_1:0:522010986> -> 16 HP bằng (boom/fire) -> [Curren Bouquetd'or] <STEAM_1:1:524205977>
L 09/02/2026 - 21:19:59: [FF] [Mikasa] <STEAM_1:0:522010986> -> 16 HP bằng (boom/fire) -> [Curren Bouquetd'or] <STEAM_1:1:524205977>
L 09/02/2026 - 21:19:59: [FF] [Lê Hải] <STEAM_1:0:471595906> -> 14 HP bằng (súng) -> [None :D] <STEAM_1:0:578030381>
L 09/02/2026 - 21:19:59: [FF] [Mikasa] <STEAM_1:0:522010986> -> 16 HP bằng (boom/fire) -> [Curren Bouquetd'or] <STEAM_1:1:524205977>
L 09/02/2026 - 21:19:59: [FF] [Mikasa] <STEAM_1:0:522010986> -> 16 HP bằng (boom/fire) -> [Curren Bouquetd'or] <STEAM_1:1:524205977>
L 09/02/2026 - 21:19:59: [FF] [Mikasa] <STEAM_1:0:522010986> -> 16 HP bằng (boom/fire) -> [Curren Bouquetd'or] <STEAM_1:1:524205977>
L 09/02/2026 - 21:19:59: [FF] [Mikasa] <STEAM_1:0:522010986> -> 16 HP bằng (boom/fire) -> [Curren Bouquetd'or] <STEAM_1:1:524205977>
L 09/02/2026 - 21:20:00: [FF] [Mikasa] <STEAM_1:0:522010986> -> 16 HP bằng (boom/fire) -> [Curren Bouquetd'or] <STEAM_1:1:524205977>
L 09/02/2026 - 21:20:00: [FF] [chimxanh] <STEAM_1:1:626078671> -> 10 HP bằng (súng) -> [None :D] <STEAM_1:0:578030381>
L 09/02/2026 - 21:20:00: [FF] [Mikasa] <STEAM_1:0:522010986> -> 16 HP bằng (boom/fire) -> [Curren Bouquetd'or] <STEAM_1:1:524205977>
L 09/02/2026 - 21:20:00: [FF] [Mikasa] <STEAM_1:0:522010986> -> 16 HP bằng (boom/fire) -> [Curren Bouquetd'or] <STEAM_1:1:524205977>
L 09/02/2026 - 21:20:00: [FF] [Mikasa] <STEAM_1:0:522010986> -> 16 HP bằng (boom/fire) -> [Curren Bouquetd'or] <STEAM_1:1:524205977>
L 09/02/2026 - 21:20:00: [HẠ GỤC] Zombie/Witch/Môi trường <N/A> đã hạ gục Binchu2222 <STEAM_1:0:690072085> bằng (môi trường/khác)
L 09/02/2026 - 21:20:00: [FF] [Mikasa] <STEAM_1:0:522010986> -> 16 HP bằng (boom/fire) -> [Curren Bouquetd'or] <STEAM_1:1:524205977>
L 09/02/2026 - 21:20:01: [FF] [Mikasa] <STEAM_1:0:522010986> -> 16 HP bằng (boom/fire) -> [Curren Bouquetd'or] <STEAM_1:1:524205977>
L 09/02/2026 - 21:20:01: [HẠ GỤC] Charger Bot <BOT> đã hạ gục Rïçēz <STEAM_1:1:558962692> bằng (zombie cào/đấm)
L 09/02/2026 - 21:20:01: [FF] [Mikasa] <STEAM_1:0:522010986> -> 16 HP bằng (boom/fire) -> [Curren Bouquetd'or] <STEAM_1:1:524205977>
L 09/02/2026 - 21:20:01: [FF] [Mikasa] <STEAM_1:0:522010986> -> 16 HP bằng (boom/fire) -> [Curren Bouquetd'or] <STEAM_1:1:524205977>
L 09/02/2026 - 21:20:01: [FF] [Mikasa] <STEAM_1:0:522010986> -> 16 HP bằng (boom/fire) -> [Curren Bouquetd'or] <STEAM_1:1:524205977>
L 09/02/2026 - 21:20:06: [FF] [chimxanh] <STEAM_1:1:626078671> -> 5 HP bằng (melee) -> [（ ͜.人 ͜.）⛇☃] <STEAM_1:1:241852047>
L 09/02/2026 - 21:20:07: [FF] [Mikasa] <STEAM_1:0:522010986> -> 7 HP bằng (melee) -> [Lê Hải] <STEAM_1:0:471595906>
L 09/02/2026 - 21:20:09: [FF] [（ ͜.人 ͜.）⛇☃] <STEAM_1:1:241852047> -> 1 HP bằng (môi trường/khác) -> [Mikasa] <STEAM_1:0:522010986>
L 09/02/2026 - 21:20:09: [FF] [Mikasa] <STEAM_1:0:522010986> -> 7 HP bằng (melee) -> [Lê Hải] <STEAM_1:0:471595906>
L 09/02/2026 - 21:20:14: [HẠ GỤC] Zombie/Witch/Môi trường <N/A> đã hạ gục Lê Hải <STEAM_1:0:471595906> bằng (môi trường/khác)
L 09/02/2026 - 21:20:22: [FF] [Mikasa] <STEAM_1:0:522010986> -> 7 HP bằng (melee) -> [Vịt-hút-thuốc-lá] <STEAM_1:1:176443622>
L 09/02/2026 - 21:20:23: [HẠ GỤC] Zombie/Witch/Môi trường <N/A> đã hạ gục Holo 40k <STEAM_1:1:925049770> bằng (môi trường/khác)
L 09/02/2026 - 21:20:33: [FF] [weeBlord] <STEAM_1:0:242584050> -> 11 HP bằng (súng) -> [chimxanh] <STEAM_1:1:626078671>
L 09/02/2026 - 21:20:35: [FF] [Rïçēz] <STEAM_1:1:558962692> -> 7 HP bằng (môi trường/khác) -> [Binchu2222] <STEAM_1:0:690072085>
L 09/02/2026 - 21:20:35: [FF] [Rïçēz] <STEAM_1:1:558962692> -> 1 HP bằng (môi trường/khác) -> [Binchu2222] <STEAM_1:0:690072085>
L 09/02/2026 - 21:20:35: [FF] [Rïçēz] <STEAM_1:1:558962692> -> 1 HP bằng (môi trường/khác) -> [Holo 40k] <STEAM_1:1:925049770>
L 09/02/2026 - 21:20:36: [FF] [Rïçēz] <STEAM_1:1:558962692> -> 3 HP bằng (môi trường/khác) -> [Binchu2222] <STEAM_1:0:690072085>
L 09/02/2026 - 21:20:36: [FF] [Rïçēz] <STEAM_1:1:558962692> -> 1 HP bằng (môi trường/khác) -> [Curren Bouquetd'or] <STEAM_1:1:524205977>
L 09/02/2026 - 21:20:36: [FF] [Rïçēz] <STEAM_1:1:558962692> -> 1 HP bằng (môi trường/khác) -> [Binchu2222] <STEAM_1:0:690072085>
L 09/02/2026 - 21:20:36: [FF] [Rïçēz] <STEAM_1:1:558962692> -> 1 HP bằng (môi trường/khác) -> [Holo 40k] <STEAM_1:1:925049770>
L 09/02/2026 - 21:21:02: [FF] [Lê Hải] <STEAM_1:0:471595906> -> 22 HP bằng (súng) -> [Bảo Nguyên] <STEAM_1:0:218160880>
L 09/02/2026 - 21:21:03: [FF] [Rïçēz] <STEAM_1:1:558962692> -> 9 HP bằng (môi trường/khác) -> [Binchu2222] <STEAM_1:0:690072085>
L 09/02/2026 - 21:21:03: [FF] [Rïçēz] <STEAM_1:1:558962692> -> 8 HP bằng (môi trường/khác) -> [Mikasa] <STEAM_1:0:522010986>
L 09/02/2026 - 21:21:03: [FF] [Rïçēz] <STEAM_1:1:558962692> -> 7 HP bằng (môi trường/khác) -> [Bảo Nguyên] <STEAM_1:0:218160880>
L 09/02/2026 - 21:21:03: [FF] [Rïçēz] <STEAM_1:1:558962692> -> 15 HP bằng (môi trường/khác) -> [KeroN] <STEAM_1:1:161759963>
L 09/02/2026 - 21:21:03: [FF] [Rïçēz] <STEAM_1:1:558962692> -> 10 HP bằng (môi trường/khác) -> [TezzyPham] <STEAM_1:1:933338290>
L 09/02/2026 - 21:21:03: [FF] [Rïçēz] <STEAM_1:1:558962692> -> 1 HP bằng (môi trường/khác) -> [Lê Hải] <STEAM_1:0:471595906>
L 09/02/2026 - 21:21:03: [FF] [Rïçēz] <STEAM_1:1:558962692> -> 1 HP bằng (môi trường/khác) -> [Binchu2222] <STEAM_1:0:690072085>
L 09/02/2026 - 21:21:03: [FF] [Rïçēz] <STEAM_1:1:558962692> -> 1 HP bằng (môi trường/khác) -> [Mikasa] <STEAM_1:0:522010986>
L 09/02/2026 - 21:21:03: [FF] [Rïçēz] <STEAM_1:1:558962692> -> 1 HP bằng (môi trường/khác) -> [Bảo Nguyên] <STEAM_1:0:218160880>
L 09/02/2026 - 21:21:03: [FF] [Rïçēz] <STEAM_1:1:558962692> -> 1 HP bằng (môi trường/khác) -> [KeroN] <STEAM_1:1:161759963>
L 09/02/2026 - 21:21:03: [FF] [Rïçēz] <STEAM_1:1:558962692> -> 1 HP bằng (môi trường/khác) -> [TezzyPham] <STEAM_1:1:933338290>
L 09/02/2026 - 21:21:03: [FF] [Bảo Nguyên] <STEAM_1:0:218160880> -> 1 HP bằng (môi trường/khác) -> [Holo 40k] <STEAM_1:1:925049770>
L 09/02/2026 - 21:21:04: [HẠ GỤC] Spitter Bot <BOT> đã hạ gục （ ͜.人 ͜.）⛇☃ <STEAM_1:1:241852047> bằng (môi trường/khác)
L 09/02/2026 - 21:21:07: [HẠ GỤC] Spitter Bot <BOT> đã hạ gục Curren Bouquetd'or <STEAM_1:1:524205977> bằng (môi trường/khác)
L 09/02/2026 - 21:21:08: [HẠ GỤC] Hunter Bot <BOT> đã hạ gục Bảo Nguyên <STEAM_1:0:218160880> bằng (zombie cào/đấm)
L 09/02/2026 - 21:21:09: [HẠ GỤC] Spitter Bot <BOT> đã hạ gục Rochelle <BOT> bằng (môi trường/khác)
L 09/02/2026 - 21:21:22: [FF] [Lê Hải] <STEAM_1:0:471595906> -> 45 HP bằng (súng) -> [Bảo Nguyên] <STEAM_1:0:218160880>
L 09/02/2026 - 21:21:22: [HẠ GỤC] Zombie/Witch/Môi trường <N/A> đã hạ gục Bảo Nguyên <STEAM_1:0:218160880> bằng (môi trường/khác)
L 09/02/2026 - 21:21:22: [FF] [Curren Bouquetd'or] <STEAM_1:1:524205977> -> 3 HP bằng (súng) -> [Bảo Nguyên] <STEAM_1:0:218160880>
L 09/02/2026 - 21:21:24: [FF] [Rïçēz] <STEAM_1:1:558962692> -> 14 HP bằng (môi trường/khác) -> [weeBlord] <STEAM_1:0:242584050>
L 09/02/2026 - 21:21:24: [FF] [Rïçēz] <STEAM_1:1:558962692> -> 2 HP bằng (môi trường/khác) -> [chimxanh] <STEAM_1:1:626078671>
L 09/02/2026 - 21:21:24: [FF] [Rïçēz] <STEAM_1:1:558962692> -> 7 HP bằng (môi trường/khác) -> [KeroN] <STEAM_1:1:161759963>
L 09/02/2026 - 21:21:24: [FF] [Rïçēz] <STEAM_1:1:558962692> -> 1 HP bằng (môi trường/khác) -> [Holo 40k] <STEAM_1:1:925049770>
L 09/02/2026 - 21:21:24: [FF] [Rïçēz] <STEAM_1:1:558962692> -> 2 HP bằng (môi trường/khác) -> [Lê Hải] <STEAM_1:0:471595906>
L 09/02/2026 - 21:21:24: [FF] [Rïçēz] <STEAM_1:1:558962692> -> 1 HP bằng (môi trường/khác) -> [weeBlord] <STEAM_1:0:242584050>
L 09/02/2026 - 21:21:24: [FF] [Rïçēz] <STEAM_1:1:558962692> -> 1 HP bằng (môi trường/khác) -> [chimxanh] <STEAM_1:1:626078671>
L 09/02/2026 - 21:21:24: [FF] [Rïçēz] <STEAM_1:1:558962692> -> 1 HP bằng (môi trường/khác) -> [KeroN] <STEAM_1:1:161759963>
L 09/02/2026 - 21:21:24: [FF] [Rïçēz] <STEAM_1:1:558962692> -> 1 HP bằng (môi trường/khác) -> [Binchu2222] <STEAM_1:0:690072085>
L 09/02/2026 - 21:21:24: [FF] [Rïçēz] <STEAM_1:1:558962692> -> 1 HP bằng (môi trường/khác) -> [Holo 40k] <STEAM_1:1:925049770>
L 09/02/2026 - 21:21:24: [FF] [Rïçēz] <STEAM_1:1:558962692> -> 1 HP bằng (môi trường/khác) -> [Lê Hải] <STEAM_1:0:471595906>
L 09/02/2026 - 21:21:25: [FF] [Rïçēz] <STEAM_1:1:558962692> -> 4 HP bằng (môi trường/khác) -> [Holo 40k] <STEAM_1:1:925049770>
L 09/02/2026 - 21:21:25: [FF] [Rïçēz] <STEAM_1:1:558962692> -> 9 HP bằng (môi trường/khác) -> [Lê Hải] <STEAM_1:0:471595906>
L 09/02/2026 - 21:21:25: [FF] [Rïçēz] <STEAM_1:1:558962692> -> 13 HP bằng (môi trường/khác) -> [Binchu2222] <STEAM_1:0:690072085>
L 09/02/2026 - 21:21:25: [FF] [Rïçēz] <STEAM_1:1:558962692> -> 1 HP bằng (môi trường/khác) -> [Holo 40k] <STEAM_1:1:925049770>
L 09/02/2026 - 21:21:25: [FF] [Rïçēz] <STEAM_1:1:558962692> -> 1 HP bằng (môi trường/khác) -> [weeBlord] <STEAM_1:0:242584050>
L 09/02/2026 - 21:21:25: [FF] [Rïçēz] <STEAM_1:1:558962692> -> 1 HP bằng (môi trường/khác) -> [Lê Hải] <STEAM_1:0:471595906>
L 09/02/2026 - 21:21:25: [FF] [Rïçēz] <STEAM_1:1:558962692> -> 1 HP bằng (môi trường/khác) -> [Binchu2222] <STEAM_1:0:690072085>
L 09/02/2026 - 21:21:31: [FF] [TezzyPham] <STEAM_1:1:933338290> -> 5 HP bằng (súng) -> [Rochelle] <BOT>
L 09/02/2026 - 21:21:31: [FF] [TezzyPham] <STEAM_1:1:933338290> -> 5 HP bằng (súng) -> [Rochelle] <BOT>
L 09/02/2026 - 21:21:32: [HẠ GỤC] Boomer Bot <BOT> đã hạ gục Rochelle <BOT> bằng (zombie cào/đấm)
L 09/02/2026 - 21:21:37: [FF] [Bảo Nguyên] <STEAM_1:0:218160880> -> 15 HP bằng (súng) -> [Binchu2222] <STEAM_1:0:690072085>
L 09/02/2026 - 21:21:44: [FF] [Rïçēz] <STEAM_1:1:558962692> -> 3 HP bằng (môi trường/khác) -> [TezzyPham] <STEAM_1:1:933338290>
L 09/02/2026 - 21:21:44: [FF] [Rïçēz] <STEAM_1:1:558962692> -> 1 HP bằng (môi trường/khác) -> [TezzyPham] <STEAM_1:1:933338290>
L 09/02/2026 - 21:21:45: [KILL] Zombie/Witch/Môi trường <N/A> đã giết Rochelle <BOT> bằng (môi trường/khác)
L 09/02/2026 - 21:21:52: [HẠ GỤC] (1)Charger Bot <BOT> đã hạ gục Curren Bouquetd'or <STEAM_1:1:524205977> bằng (zombie cào/đấm)
L 09/02/2026 - 21:21:58: [FF] [（ ͜.人 ͜.）⛇☃] <STEAM_1:1:241852047> -> 3 HP bằng (súng) -> [Holo 40k] <STEAM_1:1:925049770>
L 09/02/2026 - 21:22:08: [FF] [Rïçēz] <STEAM_1:1:558962692> -> 1 HP bằng (môi trường/khác) -> [Lê Hải] <STEAM_1:0:471595906>
L 09/02/2026 - 21:22:10: [FF] [Rïçēz] <STEAM_1:1:558962692> -> 2 HP bằng (môi trường/khác) -> [weeBlord] <STEAM_1:0:242584050>
L 09/02/2026 - 21:22:10: [FF] [Rïçēz] <STEAM_1:1:558962692> -> 1 HP bằng (môi trường/khác) -> [weeBlord] <STEAM_1:0:242584050>
L 09/02/2026 - 21:22:11: [FF] [Rïçēz] <STEAM_1:1:558962692> -> 4 HP bằng (môi trường/khác) -> [weeBlord] <STEAM_1:0:242584050>
L 09/02/2026 - 21:22:11: [FF] [Rïçēz] <STEAM_1:1:558962692> -> 1 HP bằng (môi trường/khác) -> [weeBlord] <STEAM_1:0:242584050>
L 09/02/2026 - 21:22:16: [HẠ GỤC] Zombie/Witch/Môi trường <N/A> đã hạ gục Mikasa <STEAM_1:0:522010986> bằng (môi trường/khác)
L 09/02/2026 - 21:22:17: [FF] [Rïçēz] <STEAM_1:1:558962692> -> 1 HP bằng (môi trường/khác) -> [weeBlord] <STEAM_1:0:242584050>
L 09/02/2026 - 21:22:24: [FF] [TezzyPham] <STEAM_1:1:933338290> -> 5 HP bằng (súng) -> [KeroN] <STEAM_1:1:161759963>
L 09/02/2026 - 21:22:24: [FF] [TezzyPham] <STEAM_1:1:933338290> -> 5 HP bằng (súng) -> [KeroN] <STEAM_1:1:161759963>
L 09/02/2026 - 21:22:25: [HẠ GỤC] Zombie/Witch/Môi trường <N/A> đã hạ gục Rïçēz <STEAM_1:1:558962692> bằng (môi trường/khác)
L 09/02/2026 - 21:22:25: [FF] [TezzyPham] <STEAM_1:1:933338290> -> 5 HP bằng (súng) -> [Bảo Nguyên] <STEAM_1:0:218160880>
L 09/02/2026 - 21:22:29: [FF] [Lê Hải] <STEAM_1:0:471595906> -> 7 HP bằng (melee) -> [Binchu2222] <STEAM_1:0:690072085>
L 09/02/2026 - 21:22:39: [FF] [Rïçēz] <STEAM_1:1:558962692> -> 1 HP bằng (môi trường/khác) -> [Curren Bouquetd'or] <STEAM_1:1:524205977>
L 09/02/2026 - 21:22:41: [HẠ GỤC] Zombie/Witch/Môi trường <N/A> đã hạ gục TezzyPham <STEAM_1:1:933338290> bằng (môi trường/khác)
L 09/02/2026 - 21:22:48: [HẠ GỤC] Tank <BOT> đã hạ gục weeBlord <STEAM_1:0:242584050> bằng (môi trường/khác)
L 09/02/2026 - 21:22:49: [FF] [Rïçēz] <STEAM_1:1:558962692> -> 15 HP bằng (môi trường/khác) -> [Holo 40k] <STEAM_1:1:925049770>
L 09/02/2026 - 21:22:49: [FF] [Rïçēz] <STEAM_1:1:558962692> -> 1 HP bằng (môi trường/khác) -> [Binchu2222] <STEAM_1:0:690072085>
L 09/02/2026 - 21:22:49: [FF] [Rïçēz] <STEAM_1:1:558962692> -> 1 HP bằng (môi trường/khác) -> [Holo 40k] <STEAM_1:1:925049770>
L 09/02/2026 - 21:22:49: [FF] [Rïçēz] <STEAM_1:1:558962692> -> 1 HP bằng (môi trường/khác) -> [Binchu2222] <STEAM_1:0:690072085>
L 09/02/2026 - 21:23:27: [HẠ GỤC] Tank <BOT> đã hạ gục Holo 40k <STEAM_1:1:925049770> bằng (môi trường/khác)
L 09/02/2026 - 21:23:48: [HẠ GỤC] Tank <BOT> đã hạ gục Bảo Nguyên <STEAM_1:0:218160880> bằng (môi trường/khác)
L 09/02/2026 - 21:23:54: [HẠ GỤC] Tank <BOT> đã hạ gục Binchu2222 <STEAM_1:0:690072085> bằng (môi trường/khác)
L 09/02/2026 - 21:24:00: [FF] [Bảo Nguyên] <STEAM_1:0:218160880> -> 15 HP bằng (súng) -> [Coach] <BOT>
L 09/02/2026 - 21:24:15: [HẠ GỤC] Tank <BOT> đã hạ gục Lê Hải <STEAM_1:0:471595906> bằng (môi trường/khác)
L 09/02/2026 - 21:24:25: [FF] [Bảo Nguyên] <STEAM_1:0:218160880> -> 15 HP bằng (súng) -> [Holo 40k] <STEAM_1:1:925049770>
L 09/02/2026 - 21:24:43: [HẠ GỤC] Tank <BOT> đã hạ gục weeBlord <STEAM_1:0:242584050> bằng (môi trường/khác)
L 09/02/2026 - 21:24:44: [HẠ GỤC] Tank <BOT> đã hạ gục TezzyPham <STEAM_1:1:933338290> bằng (môi trường/khác)
L 09/02/2026 - 21:24:48: [HẠ GỤC] Tank <BOT> đã hạ gục Holo 40k <STEAM_1:1:925049770> bằng (môi trường/khác)
L 09/02/2026 - 21:25:07: [KILL] Tank <BOT> đã giết Holo 40k <STEAM_1:1:925049770> bằng (môi trường/khác)
L 09/02/2026 - 21:25:11: [KILL] Zombie/Witch/Môi trường <N/A> đã giết TezzyPham <STEAM_1:1:933338290> bằng (zombie cào/đấm)
L 09/02/2026 - 21:25:14: [KILL] Zombie/Witch/Môi trường <N/A> đã giết Chicoarun <STEAM_1:0:952954061> bằng (zombie cào/đấm)
L 09/02/2026 - 21:25:21: [FF] [（ ͜.人 ͜.）⛇☃] <STEAM_1:1:241852047> -> 5 HP bằng (melee) -> [weeBlord] <STEAM_1:0:242584050>
L 09/02/2026 - 21:25:29: [HẠ GỤC] Tank <BOT> đã hạ gục （ ͜.人 ͜.）⛇☃ <STEAM_1:1:241852047> bằng (môi trường/khác)
L 09/02/2026 - 21:25:36: [FF] [Rïçēz] <STEAM_1:1:558962692> -> 3 HP bằng (súng) -> [Bảo Nguyên] <STEAM_1:0:218160880>
L 09/02/2026 - 21:25:36: [FF] [Rïçēz] <STEAM_1:1:558962692> -> 3 HP bằng (súng) -> [Bảo Nguyên] <STEAM_1:0:218160880>
L 09/02/2026 - 21:25:36: [FF] [Rïçēz] <STEAM_1:1:558962692> -> 3 HP bằng (súng) -> [Bảo Nguyên] <STEAM_1:0:218160880>
L 09/02/2026 - 21:25:36: [FF] [Rïçēz] <STEAM_1:1:558962692> -> 3 HP bằng (súng) -> [Bảo Nguyên] <STEAM_1:0:218160880>
L 09/02/2026 - 21:25:36: [FF] [Rïçēz] <STEAM_1:1:558962692> -> 3 HP bằng (súng) -> [Bảo Nguyên] <STEAM_1:0:218160880>
L 09/02/2026 - 21:25:36: [FF] [Rïçēz] <STEAM_1:1:558962692> -> 3 HP bằng (súng) -> [Bảo Nguyên] <STEAM_1:0:218160880>
L 09/02/2026 - 21:25:36: [FF] [Rïçēz] <STEAM_1:1:558962692> -> 3 HP bằng (súng) -> [Bảo Nguyên] <STEAM_1:0:218160880>
L 09/02/2026 - 21:25:36: [FF] [Rïçēz] <STEAM_1:1:558962692> -> 3 HP bằng (súng) -> [Bảo Nguyên] <STEAM_1:0:218160880>
L 09/02/2026 - 21:25:36: [FF] [Rïçēz] <STEAM_1:1:558962692> -> 3 HP bằng (súng) -> [Bảo Nguyên] <STEAM_1:0:218160880>
L 09/02/2026 - 21:25:40: [FF] [KeroN] <STEAM_1:1:161759963> -> 31 HP bằng (súng) -> [Lê Hải] <STEAM_1:0:471595906>
L 09/02/2026 - 21:25:40: [FF] [Curren Bouquetd'or] <STEAM_1:1:524205977> -> 3 HP bằng (súng) -> [Rïçēz] <STEAM_1:1:558962692>
L 09/02/2026 - 21:25:41: [FF] [Curren Bouquetd'or] <STEAM_1:1:524205977> -> 4 HP bằng (súng) -> [Rïçēz] <STEAM_1:1:558962692>
L 09/02/2026 - 21:25:41: [FF] [Curren Bouquetd'or] <STEAM_1:1:524205977> -> 3 HP bằng (súng) -> [Rïçēz] <STEAM_1:1:558962692>
L 09/02/2026 - 21:25:41: [FF] [Curren Bouquetd'or] <STEAM_1:1:524205977> -> 3 HP bằng (súng) -> [Rïçēz] <STEAM_1:1:558962692>
L 09/02/2026 - 21:25:41: [FF] [Curren Bouquetd'or] <STEAM_1:1:524205977> -> 4 HP bằng (súng) -> [Rïçēz] <STEAM_1:1:558962692>
L 09/02/2026 - 21:25:41: [HẠ GỤC] Curren Bouquetd'or <STEAM_1:1:524205977> đã hạ gục Rïçēz <STEAM_1:1:558962692> bằng (súng)
L 09/02/2026 - 21:25:41: [FF] [Curren Bouquetd'or] <STEAM_1:1:524205977> -> 4 HP bằng (súng) -> [Rïçēz] <STEAM_1:1:558962692>
L 09/02/2026 - 21:26:10: [FF] [KeroN] <STEAM_1:1:161759963> -> 31 HP bằng (súng) -> [Chicoarun] <STEAM_1:0:952954061>
L 09/02/2026 - 21:26:11: [HẠ GỤC] Tank <BOT> đã hạ gục Chicoarun <STEAM_1:0:952954061> bằng (môi trường/khác)
L 09/02/2026 - 21:26:11: [FF] [Lê Hải] <STEAM_1:0:471595906> -> 45 HP bằng (súng) -> [Curren Bouquetd'or] <STEAM_1:1:524205977>
L 09/02/2026 - 21:26:24: [HẠ GỤC] Tank <BOT> đã hạ gục TezzyPham <STEAM_1:1:933338290> bằng (môi trường/khác)
L 09/02/2026 - 21:26:28: [FF] [Lê Hải] <STEAM_1:0:471595906> -> 45 HP bằng (súng) -> [Chicoarun] <STEAM_1:0:952954061>
L 09/02/2026 - 21:26:32: [FF] [（ ͜.人 ͜.）⛇☃] <STEAM_1:1:241852047> -> 15 HP bằng (súng) -> [Rïçēz] <STEAM_1:1:558962692>
L 09/02/2026 - 21:26:39: [FF] [None :D] <STEAM_1:0:578030381> -> 6 HP bằng (súng) -> [（ ͜.人 ͜.）⛇☃] <STEAM_1:1:241852047>
L 09/02/2026 - 21:26:39: [HẠ GỤC] Tank <BOT> đã hạ gục Mikasa <STEAM_1:0:522010986> bằng (môi trường/khác)
L 09/02/2026 - 21:26:40: [HẠ GỤC] Tank <BOT> đã hạ gục （ ͜.人 ͜.）⛇☃ <STEAM_1:1:241852047> bằng (môi trường/khác)
L 09/02/2026 - 21:26:46: [FF] [Curren Bouquetd'or] <STEAM_1:1:524205977> -> 1 HP bằng (môi trường/khác) -> [Vịt-hút-thuốc-lá] <STEAM_1:1:176443622>
L 09/02/2026 - 21:27:03: [FF] [Bảo Nguyên] <STEAM_1:0:218160880> -> 11 HP bằng (súng) -> [Mikasa] <STEAM_1:0:522010986>
L 09/02/2026 - 21:27:08: [HẠ GỤC] Tank <BOT> đã hạ gục Curren Bouquetd'or <STEAM_1:1:524205977> bằng (môi trường/khác)
L 09/02/2026 - 21:27:09: [FF] [Holo 40k] <STEAM_1:1:925049770> -> 5 HP bằng (súng) -> [Curren Bouquetd'or] <STEAM_1:1:524205977>
L 09/02/2026 - 21:27:11: [FF] [Holo 40k] <STEAM_1:1:925049770> -> 5 HP bằng (súng) -> [Curren Bouquetd'or] <STEAM_1:1:524205977>
L 09/02/2026 - 21:27:11: [FF] [Holo 40k] <STEAM_1:1:925049770> -> 5 HP bằng (súng) -> [Curren Bouquetd'or] <STEAM_1:1:524205977>
L 09/02/2026 - 21:27:11: [FF] [Holo 40k] <STEAM_1:1:925049770> -> 5 HP bằng (súng) -> [Curren Bouquetd'or] <STEAM_1:1:524205977>
L 09/02/2026 - 21:27:11: [FF] [Holo 40k] <STEAM_1:1:925049770> -> 5 HP bằng (súng) -> [Curren Bouquetd'or] <STEAM_1:1:524205977>
L 09/02/2026 - 21:27:12: [FF] [Holo 40k] <STEAM_1:1:925049770> -> 5 HP bằng (súng) -> [Curren Bouquetd'or] <STEAM_1:1:524205977>
L 09/02/2026 - 21:27:12: [FF] [Chicoarun] <STEAM_1:0:952954061> -> 10 HP bằng (súng) -> [Curren Bouquetd'or] <STEAM_1:1:524205977>
L 09/02/2026 - 21:27:12: [FF] [Chicoarun] <STEAM_1:0:952954061> -> 10 HP bằng (súng) -> [Curren Bouquetd'or] <STEAM_1:1:524205977>
L 09/02/2026 - 21:27:13: [FF] [Chicoarun] <STEAM_1:0:952954061> -> 10 HP bằng (súng) -> [Curren Bouquetd'or] <STEAM_1:1:524205977>
L 09/02/2026 - 21:27:22: [HẠ GỤC] Tank <BOT> đã hạ gục Chicoarun <STEAM_1:0:952954061> bằng (môi trường/khác)
L 09/02/2026 - 21:27:23: [FF] [None :D] <STEAM_1:0:578030381> -> 9 HP bằng (súng) -> [Binchu2222] <STEAM_1:0:690072085>
L 09/02/2026 - 21:27:24: [FF] [Holo 40k] <STEAM_1:1:925049770> -> 5 HP bằng (súng) -> [Bảo Nguyên] <STEAM_1:0:218160880>
L 09/02/2026 - 21:27:24: [FF] [Holo 40k] <STEAM_1:1:925049770> -> 5 HP bằng (súng) -> [Bảo Nguyên] <STEAM_1:0:218160880>
L 09/02/2026 - 21:27:37: [HẠ GỤC] Tank <BOT> đã hạ gục Rïçēz <STEAM_1:1:558962692> bằng (môi trường/khác)
L 09/02/2026 - 21:27:38: [HẠ GỤC] Tank <BOT> đã hạ gục Binchu2222 <STEAM_1:0:690072085> bằng (môi trường/khác)
L 09/02/2026 - 21:27:46: [FF] [Holo 40k] <STEAM_1:1:925049770> -> 5 HP bằng (súng) -> [Bảo Nguyên] <STEAM_1:0:218160880>
L 09/02/2026 - 21:27:46: [FF] [Holo 40k] <STEAM_1:1:925049770> -> 5 HP bằng (súng) -> [Bảo Nguyên] <STEAM_1:0:218160880>
L 09/02/2026 - 21:27:49: [KILL] Tank <BOT> đã giết Chicoarun <STEAM_1:0:952954061> bằng (môi trường/khác)
L 09/02/2026 - 21:27:53: [FF] [Rïçēz] <STEAM_1:1:558962692> -> 22 HP bằng (súng) -> [Mikasa] <STEAM_1:0:522010986>
L 09/02/2026 - 21:27:57: [FF] [None :D] <STEAM_1:0:578030381> -> 6 HP bằng (súng) -> [Bảo Nguyên] <STEAM_1:0:218160880>
L 09/02/2026 - 21:27:57: [FF] [Rïçēz] <STEAM_1:1:558962692> -> 22 HP bằng (súng) -> [TezzyPham] <STEAM_1:1:933338290>
L 09/02/2026 - 21:27:58: [FF] [None :D] <STEAM_1:0:578030381> -> 6 HP bằng (súng) -> [Bảo Nguyên] <STEAM_1:0:218160880>
L 09/02/2026 - 21:27:58: [HẠ GỤC] Tank <BOT> đã hạ gục TezzyPham <STEAM_1:1:933338290> bằng (môi trường/khác)
L 09/02/2026 - 21:28:02: [FF] [Rïçēz] <STEAM_1:1:558962692> -> 15 HP bằng (súng) -> [chimxanh] <STEAM_1:1:626078671>
L 09/02/2026 - 21:28:04: [HẠ GỤC] None :D <STEAM_1:0:578030381> đã hạ gục Bảo Nguyên <STEAM_1:0:218160880> bằng (súng)
L 09/02/2026 - 21:28:06: [HẠ GỤC] Zombie/Witch/Môi trường <N/A> đã hạ gục None :D <STEAM_1:0:578030381> bằng (môi trường/khác)
L 09/02/2026 - 21:28:06: [KILL] Tank <BOT> đã giết weeBlord <STEAM_1:0:242584050> bằng (môi trường/khác)
L 09/02/2026 - 21:28:09: [FF] [Holo 40k] <STEAM_1:1:925049770> -> 5 HP bằng (súng) -> [KeroN] <STEAM_1:1:161759963>
L 09/02/2026 - 21:28:16: [FF] [Holo 40k] <STEAM_1:1:925049770> -> 5 HP bằng (súng) -> [Curren Bouquetd'or] <STEAM_1:1:524205977>
L 09/02/2026 - 21:28:16: [FF] [Holo 40k] <STEAM_1:1:925049770> -> 5 HP bằng (súng) -> [chimxanh] <STEAM_1:1:626078671>
L 09/02/2026 - 21:28:16: [FF] [Holo 40k] <STEAM_1:1:925049770> -> 5 HP bằng (súng) -> [chimxanh] <STEAM_1:1:626078671>
L 09/02/2026 - 21:28:34: [FF] [Holo 40k] <STEAM_1:1:925049770> -> 5 HP bằng (súng) -> [（ ͜.人 ͜.）⛇☃] <STEAM_1:1:241852047>
L 09/02/2026 - 21:28:34: [FF] [Holo 40k] <STEAM_1:1:925049770> -> 5 HP bằng (súng) -> [（ ͜.人 ͜.）⛇☃] <STEAM_1:1:241852047>
L 09/02/2026 - 21:28:34: [FF] [Holo 40k] <STEAM_1:1:925049770> -> 5 HP bằng (súng) -> [（ ͜.人 ͜.）⛇☃] <STEAM_1:1:241852047>
L 09/02/2026 - 21:28:40: [FF] [Chicoarun] <STEAM_1:0:952954061> -> 3 HP bằng (súng) -> [Binchu2222] <STEAM_1:0:690072085>
L 09/02/2026 - 21:28:40: [FF] [Chicoarun] <STEAM_1:0:952954061> -> 3 HP bằng (súng) -> [Binchu2222] <STEAM_1:0:690072085>
L 09/02/2026 - 21:28:40: [FF] [Chicoarun] <STEAM_1:0:952954061> -> 3 HP bằng (súng) -> [Binchu2222] <STEAM_1:0:690072085>
L 09/02/2026 - 21:28:40: [FF] [Chicoarun] <STEAM_1:0:952954061> -> 3 HP bằng (súng) -> [Binchu2222] <STEAM_1:0:690072085>
L 09/02/2026 - 21:28:40: [FF] [Chicoarun] <STEAM_1:0:952954061> -> 3 HP bằng (súng) -> [Binchu2222] <STEAM_1:0:690072085>
L 09/02/2026 - 21:28:40: [FF] [Chicoarun] <STEAM_1:0:952954061> -> 3 HP bằng (súng) -> [Binchu2222] <STEAM_1:0:690072085>
L 09/02/2026 - 21:28:40: [FF] [Chicoarun] <STEAM_1:0:952954061> -> 3 HP bằng (súng) -> [Binchu2222] <STEAM_1:0:690072085>
L 09/02/2026 - 21:28:40: [FF] [Chicoarun] <STEAM_1:0:952954061> -> 3 HP bằng (súng) -> [Rïçēz] <STEAM_1:1:558962692>
L 09/02/2026 - 21:28:40: [FF] [Chicoarun] <STEAM_1:0:952954061> -> 3 HP bằng (súng) -> [Rïçēz] <STEAM_1:1:558962692>
L 09/02/2026 - 21:28:40: [FF] [Chicoarun] <STEAM_1:0:952954061> -> 3 HP bằng (súng) -> [Rïçēz] <STEAM_1:1:558962692>
L 09/02/2026 - 21:28:40: [FF] [Chicoarun] <STEAM_1:0:952954061> -> 3 HP bằng (súng) -> [Rïçēz] <STEAM_1:1:558962692>
L 09/02/2026 - 21:28:40: [FF] [Chicoarun] <STEAM_1:0:952954061> -> 3 HP bằng (súng) -> [Rïçēz] <STEAM_1:1:558962692>
L 09/02/2026 - 21:28:40: [FF] [Chicoarun] <STEAM_1:0:952954061> -> 3 HP bằng (súng) -> [Rïçēz] <STEAM_1:1:558962692>
L 09/02/2026 - 21:28:40: [FF] [Chicoarun] <STEAM_1:0:952954061> -> 3 HP bằng (súng) -> [Rïçēz] <STEAM_1:1:558962692>
L 09/02/2026 - 21:28:40: [FF] [Chicoarun] <STEAM_1:0:952954061> -> 3 HP bằng (súng) -> [Binchu2222] <STEAM_1:0:690072085>
L 09/02/2026 - 21:28:41: [KILL] Tank <BOT> đã giết Rïçēz <STEAM_1:1:558962692> bằng (môi trường/khác)
L 09/02/2026 - 21:28:42: [FF] [TezzyPham] <STEAM_1:1:933338290> -> 5 HP bằng (súng) -> [Binchu2222] <STEAM_1:0:690072085>
L 09/02/2026 - 21:28:45: [HẠ GỤC] Tank <BOT> đã hạ gục Chicoarun <STEAM_1:0:952954061> bằng (môi trường/khác)
L 09/02/2026 - 21:28:47: [FF] [TezzyPham] <STEAM_1:1:933338290> -> 9 HP bằng (súng) -> [KeroN] <STEAM_1:1:161759963>
L 09/02/2026 - 21:28:48: [FF] [TezzyPham] <STEAM_1:1:933338290> -> 9 HP bằng (súng) -> [KeroN] <STEAM_1:1:161759963>
L 09/02/2026 - 21:28:48: [FF] [TezzyPham] <STEAM_1:1:933338290> -> 9 HP bằng (súng) -> [KeroN] <STEAM_1:1:161759963>
L 09/02/2026 - 21:28:49: [HẠ GỤC] Tank <BOT> đã hạ gục Binchu2222 <STEAM_1:0:690072085> bằng (môi trường/khác)
L 09/02/2026 - 21:28:56: [KILL] Tank <BOT> đã giết TezzyPham <STEAM_1:1:933338290> bằng (môi trường/khác)
L 09/02/2026 - 21:29:04: [KILL] Tank <BOT> đã giết Binchu2222 <STEAM_1:0:690072085> bằng (môi trường/khác)
L 09/02/2026 - 21:29:21: [FF] [chimxanh] <STEAM_1:1:626078671> -> 9 HP bằng (súng) -> [None :D] <STEAM_1:0:578030381>
L 09/02/2026 - 21:29:23: [FF] [None :D] <STEAM_1:0:578030381> -> 9 HP bằng (súng) -> [KeroN] <STEAM_1:1:161759963>
L 09/02/2026 - 21:29:23: [FF] [KeroN] <STEAM_1:1:161759963> -> 45 HP bằng (súng) -> [None :D] <STEAM_1:0:578030381>
L 09/02/2026 - 21:29:24: [FF] [（ ͜.人 ͜.）⛇☃] <STEAM_1:1:241852047> -> 15 HP bằng (súng) -> [KeroN] <STEAM_1:1:161759963>
L 09/02/2026 - 21:29:33: [FF] [None :D] <STEAM_1:0:578030381> -> 6 HP bằng (súng) -> [weeBlord] <STEAM_1:0:242584050>
L 09/02/2026 - 21:30:09: [FF] [TezzyPham] <STEAM_1:1:933338290> -> 6 HP bằng (súng) -> [KeroN] <STEAM_1:1:161759963>
L 09/02/2026 - 21:30:09: [FF] [TezzyPham] <STEAM_1:1:933338290> -> 6 HP bằng (súng) -> [KeroN] <STEAM_1:1:161759963>
L 09/02/2026 - 21:30:09: [FF] [TezzyPham] <STEAM_1:1:933338290> -> 5 HP bằng (súng) -> [chimxanh] <STEAM_1:1:626078671>
L 09/02/2026 - 21:30:13: [HẠ GỤC] Zombie/Witch/Môi trường <N/A> đã hạ gục Curren Bouquetd'or <STEAM_1:1:524205977> bằng (môi trường/khác)
L 09/02/2026 - 21:30:18: [HẠ GỤC] Zombie/Witch/Môi trường <N/A> đã hạ gục Holo 40k <STEAM_1:1:925049770> bằng (môi trường/khác)
L 09/02/2026 - 21:30:23: [HẠ GỤC] Zombie/Witch/Môi trường <N/A> đã hạ gục （ ͜.人 ͜.）⛇☃ <STEAM_1:1:241852047> bằng (môi trường/khác)
L 09/02/2026 - 21:30:28: [FF] [Vịt-hút-thuốc-lá] <STEAM_1:1:176443622> -> 3 HP bằng (súng) -> [weeBlord] <STEAM_1:0:242584050>
L 09/02/2026 - 21:30:48: [FF] [（ ͜.人 ͜.）⛇☃] <STEAM_1:1:241852047> -> 22 HP bằng (súng) -> [TezzyPham] <STEAM_1:1:933338290>
L 09/02/2026 - 21:30:56: [FF] [None :D] <STEAM_1:0:578030381> -> 6 HP bằng (súng) -> [Rochelle] <BOT>
L 09/02/2026 - 21:31:08: [HẠ GỤC] Boomer Bot <BOT> đã hạ gục Holo 40k <STEAM_1:1:925049770> bằng (zombie cào/đấm)
L 09/02/2026 - 21:31:09: [HẠ GỤC] Zombie/Witch/Môi trường <N/A> đã hạ gục TezzyPham <STEAM_1:1:933338290> bằng (môi trường/khác)
L 09/02/2026 - 21:31:11: [FF] [（ ͜.人 ͜.）⛇☃] <STEAM_1:1:241852047> -> 11 HP bằng (súng) -> [TezzyPham] <STEAM_1:1:933338290>
L 09/02/2026 - 21:31:11: [FF] [Curren Bouquetd'or] <STEAM_1:1:524205977> -> 6 HP bằng (súng) -> [Rochelle] <BOT>
L 09/02/2026 - 21:31:11: [FF] [Curren Bouquetd'or] <STEAM_1:1:524205977> -> 6 HP bằng (súng) -> [Rochelle] <BOT>
L 09/02/2026 - 21:31:11: [FF] [Curren Bouquetd'or] <STEAM_1:1:524205977> -> 6 HP bằng (súng) -> [Rochelle] <BOT>
L 09/02/2026 - 21:31:12: [FF] [（ ͜.人 ͜.）⛇☃] <STEAM_1:1:241852047> -> 22 HP bằng (súng) -> [Rochelle] <BOT>
L 09/02/2026 - 21:31:12: [FF] [（ ͜.人 ͜.）⛇☃] <STEAM_1:1:241852047> -> 15 HP bằng (súng) -> [TezzyPham] <STEAM_1:1:933338290>
L 09/02/2026 - 21:31:14: [FF] [Curren Bouquetd'or] <STEAM_1:1:524205977> -> 5 HP bằng (súng) -> [TezzyPham] <STEAM_1:1:933338290>
L 09/02/2026 - 21:31:16: [FF] [（ ͜.人 ͜.）⛇☃] <STEAM_1:1:241852047> -> 15 HP bằng (súng) -> [TezzyPham] <STEAM_1:1:933338290>
L 09/02/2026 - 21:31:16: [FF] [（ ͜.人 ͜.）⛇☃] <STEAM_1:1:241852047> -> 15 HP bằng (súng) -> [TezzyPham] <STEAM_1:1:933338290>
L 09/02/2026 - 21:31:18: [HẠ GỤC] Zombie/Witch/Môi trường <N/A> đã hạ gục Curren Bouquetd'or <STEAM_1:1:524205977> bằng (môi trường/khác)
L 09/02/2026 - 21:31:20: [KILL] (1)Spitter Bot <BOT> đã giết TezzyPham <STEAM_1:1:933338290> bằng (môi trường/khác)
L 09/02/2026 - 21:31:21: [HẠ GỤC] Zombie/Witch/Môi trường <N/A> đã hạ gục Rochelle <BOT> bằng (môi trường/khác)
L 09/02/2026 - 21:32:00: [FF] [Vịt-hút-thuốc-lá] <STEAM_1:1:176443622> -> 3 HP bằng (súng) -> [Binchu2222] <STEAM_1:0:690072085>
L 09/02/2026 - 21:32:00: [FF] [Rïçēz] <STEAM_1:1:558962692> -> 6 HP bằng (súng) -> [Binchu2222] <STEAM_1:0:690072085>
L 09/02/2026 - 21:32:01: [FF] [Curren Bouquetd'or] <STEAM_1:1:524205977> -> 6 HP bằng (súng) -> [weeBlord] <STEAM_1:0:242584050>
L 09/02/2026 - 21:32:01: [FF] [Curren Bouquetd'or] <STEAM_1:1:524205977> -> 6 HP bằng (súng) -> [Mikasa] <STEAM_1:0:522010986>
L 09/02/2026 - 21:32:01: [FF] [Curren Bouquetd'or] <STEAM_1:1:524205977> -> 9 HP bằng (súng) -> [Mikasa] <STEAM_1:0:522010986>
L 09/02/2026 - 21:32:09: [FF] [None :D] <STEAM_1:0:578030381> -> 6 HP bằng (súng) -> [Binchu2222] <STEAM_1:0:690072085>
L 09/02/2026 - 21:32:09: [FF] [None :D] <STEAM_1:0:578030381> -> 4 HP bằng (súng) -> [Binchu2222] <STEAM_1:0:690072085>
L 09/02/2026 - 21:32:23: [HẠ GỤC] Zombie/Witch/Môi trường <N/A> đã hạ gục Binchu2222 <STEAM_1:0:690072085> bằng (môi trường/khác)
L 09/02/2026 - 21:32:26: [FF] [KeroN] <STEAM_1:1:161759963> -> 31 HP bằng (súng) -> [None :D] <STEAM_1:0:578030381>
L 09/02/2026 - 21:32:26: [FF] [Chicoarun] <STEAM_1:0:952954061> -> 4 HP bằng (súng) -> [Mikasa] <STEAM_1:0:522010986>
L 09/02/2026 - 21:32:26: [FF] [Chicoarun] <STEAM_1:0:952954061> -> 4 HP bằng (súng) -> [Mikasa] <STEAM_1:0:522010986>
L 09/02/2026 - 21:32:26: [FF] [Chicoarun] <STEAM_1:0:952954061> -> 4 HP bằng (súng) -> [Mikasa] <STEAM_1:0:522010986>
L 09/02/2026 - 21:32:26: [FF] [Chicoarun] <STEAM_1:0:952954061> -> 4 HP bằng (súng) -> [Mikasa] <STEAM_1:0:522010986>
L 09/02/2026 - 21:32:26: [FF] [Chicoarun] <STEAM_1:0:952954061> -> 4 HP bằng (súng) -> [Mikasa] <STEAM_1:0:522010986>
L 09/02/2026 - 21:32:26: [FF] [None :D] <STEAM_1:0:578030381> -> 6 HP bằng (súng) -> [Lê Hải] <STEAM_1:0:471595906>
L 09/02/2026 - 21:32:29: [HẠ GỤC] Zombie/Witch/Môi trường <N/A> đã hạ gục Lê Hải <STEAM_1:0:471595906> bằng (môi trường/khác)
L 09/02/2026 - 21:32:29: [FF] [None :D] <STEAM_1:0:578030381> -> 4 HP bằng (súng) -> [Mikasa] <STEAM_1:0:522010986>
L 09/02/2026 - 21:32:29: [HẠ GỤC] None :D <STEAM_1:0:578030381> đã hạ gục Mikasa <STEAM_1:0:522010986> bằng (súng)
L 09/02/2026 - 21:32:37: [FF] [Binchu2222] <STEAM_1:0:690072085> -> 1 HP bằng (môi trường/khác) -> [TezzyPham] <STEAM_1:1:933338290>
L 09/02/2026 - 21:32:37: [FF] [Binchu2222] <STEAM_1:0:690072085> -> 1 HP bằng (môi trường/khác) -> [Vịt-hút-thuốc-lá] <STEAM_1:1:176443622>
L 09/02/2026 - 21:32:37: [FF] [Binchu2222] <STEAM_1:0:690072085> -> 1 HP bằng (môi trường/khác) -> [Rochelle] <BOT>
L 09/02/2026 - 21:32:37: [FF] [Binchu2222] <STEAM_1:0:690072085> -> 1 HP bằng (môi trường/khác) -> [Lê Hải] <STEAM_1:0:471595906>
L 09/02/2026 - 21:32:40: [FF] [（ ͜.人 ͜.）⛇☃] <STEAM_1:1:241852047> -> 5 HP bằng (melee) -> [chimxanh] <STEAM_1:1:626078671>
L 09/02/2026 - 21:32:41: [FF] [None :D] <STEAM_1:0:578030381> -> 9 HP bằng (súng) -> [Chicoarun] <STEAM_1:0:952954061>
L 09/02/2026 - 21:32:43: [FF] [None :D] <STEAM_1:0:578030381> -> 9 HP bằng (súng) -> [Chicoarun] <STEAM_1:0:952954061>
L 09/02/2026 - 21:32:46: [HẠ GỤC] Zombie/Witch/Môi trường <N/A> đã hạ gục Chicoarun <STEAM_1:0:952954061> bằng (môi trường/khác)
L 09/02/2026 - 21:32:50: [FF] [KeroN] <STEAM_1:1:161759963> -> 7 HP bằng (melee) -> [Rïçēz] <STEAM_1:1:558962692>
L 09/02/2026 - 21:32:57: [FF] [Lê Hải] <STEAM_1:0:471595906> -> 7 HP bằng (melee) -> [Mikasa] <STEAM_1:0:522010986>
L 09/02/2026 - 21:33:00: [FF] [weeBlord] <STEAM_1:0:242584050> -> 25 HP bằng (melee) -> [Rochelle] <BOT>
L 09/02/2026 - 21:33:07: [FF] [Binchu2222] <STEAM_1:0:690072085> -> 7 HP bằng (melee) -> [Chicoarun] <STEAM_1:0:952954061>
L 09/02/2026 - 21:33:14: [HẠ GỤC] Spitter Bot <BOT> đã hạ gục TezzyPham <STEAM_1:1:933338290> bằng (môi trường/khác)
L 09/02/2026 - 21:33:15: [FF] [Curren Bouquetd'or] <STEAM_1:1:524205977> -> 6 HP bằng (súng) -> [weeBlord] <STEAM_1:0:242584050>
L 09/02/2026 - 21:33:30: [FF] [Holo 40k] <STEAM_1:1:925049770> -> 22 HP bằng (súng) -> [Chicoarun] <STEAM_1:0:952954061>
L 09/02/2026 - 21:33:31: [HẠ GỤC] (1)Jockey Bot <BOT> đã hạ gục chimxanh <STEAM_1:1:626078671> bằng (zombie cào/đấm)
L 09/02/2026 - 21:33:33: [FF] [Rïçēz] <STEAM_1:1:558962692> -> 6 HP bằng (súng) -> [Chicoarun] <STEAM_1:0:952954061>
L 09/02/2026 - 21:33:33: [FF] [Chicoarun] <STEAM_1:0:952954061> -> 3 HP bằng (súng) -> [Curren Bouquetd'or] <STEAM_1:1:524205977>
L 09/02/2026 - 21:33:33: [FF] [Rïçēz] <STEAM_1:1:558962692> -> 6 HP bằng (súng) -> [Chicoarun] <STEAM_1:0:952954061>
L 09/02/2026 - 21:33:33: [HẠ GỤC] Jockey Bot <BOT> đã hạ gục Bảo Nguyên <STEAM_1:0:218160880> bằng (zombie cào/đấm)
L 09/02/2026 - 21:33:33: [FF] [Rïçēz] <STEAM_1:1:558962692> -> 5 HP bằng (súng) -> [Chicoarun] <STEAM_1:0:952954061>
L 09/02/2026 - 21:33:33: [FF] [Rïçēz] <STEAM_1:1:558962692> -> 9 HP bằng (súng) -> [Chicoarun] <STEAM_1:0:952954061>
L 09/02/2026 - 21:33:39: [FF] [KeroN] <STEAM_1:1:161759963> -> 45 HP bằng (súng) -> [Vịt-hút-thuốc-lá] <STEAM_1:1:176443622>
L 09/02/2026 - 21:33:39: [HẠ GỤC] Boomer Bot <BOT> đã hạ gục （ ͜.人 ͜.）⛇☃ <STEAM_1:1:241852047> bằng (môi trường/khác)
L 09/02/2026 - 21:33:40: [FF] [Rïçēz] <STEAM_1:1:558962692> -> 6 HP bằng (súng) -> [weeBlord] <STEAM_1:0:242584050>
L 09/02/2026 - 21:33:40: [FF] [Rïçēz] <STEAM_1:1:558962692> -> 6 HP bằng (súng) -> [weeBlord] <STEAM_1:0:242584050>
L 09/02/2026 - 21:33:40: [FF] [Rïçēz] <STEAM_1:1:558962692> -> 5 HP bằng (súng) -> [weeBlord] <STEAM_1:0:242584050>
L 09/02/2026 - 21:33:40: [FF] [Rïçēz] <STEAM_1:1:558962692> -> 6 HP bằng (súng) -> [weeBlord] <STEAM_1:0:242584050>
L 09/02/2026 - 21:33:40: [FF] [Rïçēz] <STEAM_1:1:558962692> -> 6 HP bằng (súng) -> [weeBlord] <STEAM_1:0:242584050>
L 09/02/2026 - 21:33:41: [FF] [Rïçēz] <STEAM_1:1:558962692> -> 6 HP bằng (súng) -> [weeBlord] <STEAM_1:0:242584050>
L 09/02/2026 - 21:33:41: [FF] [Rïçēz] <STEAM_1:1:558962692> -> 6 HP bằng (súng) -> [weeBlord] <STEAM_1:0:242584050>
L 09/02/2026 - 21:33:41: [FF] [Rïçēz] <STEAM_1:1:558962692> -> 5 HP bằng (súng) -> [weeBlord] <STEAM_1:0:242584050>
L 09/02/2026 - 21:33:41: [FF] [Rïçēz] <STEAM_1:1:558962692> -> 5 HP bằng (súng) -> [weeBlord] <STEAM_1:0:242584050>
L 09/02/2026 - 21:33:45: [HẠ GỤC] Zombie/Witch/Môi trường <N/A> đã hạ gục Rïçēz <STEAM_1:1:558962692> bằng (môi trường/khác)
L 09/02/2026 - 21:33:45: [FF] [Lê Hải] <STEAM_1:0:471595906> -> 31 HP bằng (súng) -> [Mikasa] <STEAM_1:0:522010986>
L 09/02/2026 - 21:33:47: [FF] [Lê Hải] <STEAM_1:0:471595906> -> 22 HP bằng (súng) -> [Holo 40k] <STEAM_1:1:925049770>
L 09/02/2026 - 21:33:59: [FF] [Holo 40k] <STEAM_1:1:925049770> -> 15 HP bằng (súng) -> [chimxanh] <STEAM_1:1:626078671>
L 09/02/2026 - 21:34:22: [HẠ GỤC] Boomer Bot <BOT> đã hạ gục Binchu2222 <STEAM_1:0:690072085> bằng (zombie cào/đấm)
L 09/02/2026 - 21:34:34: [FF] [None :D] <STEAM_1:0:578030381> -> 6 HP bằng (súng) -> [Rochelle] <BOT>
L 09/02/2026 - 21:34:36: [HẠ GỤC] (1)Spitter Bot <BOT> đã hạ gục Curren Bouquetd'or <STEAM_1:1:524205977> bằng (môi trường/khác)
L 09/02/2026 - 21:34:38: [KILL] Zombie/Witch/Môi trường <N/A> đã giết Rochelle <BOT> bằng (môi trường/khác)
L 09/02/2026 - 21:34:40: [HẠ GỤC] Zombie/Witch/Môi trường <N/A> đã hạ gục None :D <STEAM_1:0:578030381> bằng (môi trường/khác)
L 09/02/2026 - 21:34:42: [HẠ GỤC] Zombie/Witch/Môi trường <N/A> đã hạ gục Lê Hải <STEAM_1:0:471595906> bằng (môi trường/khác)
L 09/02/2026 - 21:34:43: [HẠ GỤC] Zombie/Witch/Môi trường <N/A> đã hạ gục TezzyPham <STEAM_1:1:933338290> bằng (môi trường/khác)
L 09/02/2026 - 21:34:47: [FF] [Mikasa] <STEAM_1:0:522010986> -> 6 HP bằng (súng) -> [Vịt-hút-thuốc-lá] <STEAM_1:1:176443622>
L 09/02/2026 - 21:34:47: [HẠ GỤC] Zombie/Witch/Môi trường <N/A> đã hạ gục chimxanh <STEAM_1:1:626078671> bằng (môi trường/khác)
L 09/02/2026 - 21:34:49: [FF] [Binchu2222] <STEAM_1:0:690072085> -> 15 HP bằng (súng) -> [Rïçēz] <STEAM_1:1:558962692>
L 09/02/2026 - 21:34:50: [KILL] Jockey Bot <BOT> đã giết （ ͜.人 ͜.）⛇☃ <STEAM_1:1:241852047> bằng (zombie cào/đấm)
L 09/02/2026 - 21:35:15: [HẠ GỤC] Zombie/Witch/Môi trường <N/A> đã hạ gục Mikasa <STEAM_1:0:522010986> bằng (môi trường/khác)
L 09/02/2026 - 21:35:24: [HẠ GỤC] Charger Bot <BOT> đã hạ gục None :D <STEAM_1:0:578030381> bằng (zombie cào/đấm)
L 09/02/2026 - 21:35:27: [KILL] Zombie/Witch/Môi trường <N/A> đã giết None :D <STEAM_1:0:578030381> bằng (zombie cào/đấm)
L 09/02/2026 - 21:35:29: [KILL] Zombie/Witch/Môi trường <N/A> đã giết Chicoarun <STEAM_1:0:952954061> bằng (zombie cào/đấm)
L 09/02/2026 - 21:35:30: [FF] [Curren Bouquetd'or] <STEAM_1:1:524205977> -> 6 HP bằng (súng) -> [Francis] <BOT>
L 09/02/2026 - 21:35:32: [KILL] Zombie/Witch/Môi trường <N/A> đã giết TezzyPham <STEAM_1:1:933338290> bằng (zombie cào/đấm)
L 09/02/2026 - 21:35:34: [KILL] Zombie/Witch/Môi trường <N/A> đã giết Francis <BOT> bằng (môi trường/khác)
L 09/02/2026 - 21:35:35: [HẠ GỤC] Zombie/Witch/Môi trường <N/A> đã hạ gục Curren Bouquetd'or <STEAM_1:1:524205977> bằng (môi trường/khác)
L 09/02/2026 - 21:35:38: [FF] [Bảo Nguyên] <STEAM_1:0:218160880> -> 3 HP bằng (súng) -> [Rïçēz] <STEAM_1:1:558962692>
L 09/02/2026 - 21:35:38: [FF] [Bảo Nguyên] <STEAM_1:0:218160880> -> 3 HP bằng (súng) -> [Rïçēz] <STEAM_1:1:558962692>
L 09/02/2026 - 21:35:38: [FF] [Bảo Nguyên] <STEAM_1:0:218160880> -> 3 HP bằng (súng) -> [Rïçēz] <STEAM_1:1:558962692>
L 09/02/2026 - 21:35:38: [FF] [Bảo Nguyên] <STEAM_1:0:218160880> -> 3 HP bằng (súng) -> [Rïçēz] <STEAM_1:1:558962692>
L 09/02/2026 - 21:35:38: [FF] [Bảo Nguyên] <STEAM_1:0:218160880> -> 3 HP bằng (súng) -> [Rïçēz] <STEAM_1:1:558962692>
L 09/02/2026 - 21:35:38: [FF] [Bảo Nguyên] <STEAM_1:0:218160880> -> 3 HP bằng (súng) -> [Rïçēz] <STEAM_1:1:558962692>
L 09/02/2026 - 21:35:38: [FF] [Bảo Nguyên] <STEAM_1:0:218160880> -> 3 HP bằng (súng) -> [Rïçēz] <STEAM_1:1:558962692>
L 09/02/2026 - 21:35:38: [FF] [Bảo Nguyên] <STEAM_1:0:218160880> -> 3 HP bằng (súng) -> [Rïçēz] <STEAM_1:1:558962692>
L 09/02/2026 - 21:35:38: [FF] [Bảo Nguyên] <STEAM_1:0:218160880> -> 3 HP bằng (súng) -> [Rïçēz] <STEAM_1:1:558962692>
L 09/02/2026 - 21:35:38: [FF] [Bảo Nguyên] <STEAM_1:0:218160880> -> 3 HP bằng (súng) -> [Rïçēz] <STEAM_1:1:558962692>
L 09/02/2026 - 21:35:38: [FF] [Bảo Nguyên] <STEAM_1:0:218160880> -> 3 HP bằng (súng) -> [Rïçēz] <STEAM_1:1:558962692>
L 09/02/2026 - 21:35:38: [FF] [Bảo Nguyên] <STEAM_1:0:218160880> -> 3 HP bằng (súng) -> [Rïçēz] <STEAM_1:1:558962692>
L 09/02/2026 - 21:35:38: [FF] [Bảo Nguyên] <STEAM_1:0:218160880> -> 3 HP bằng (súng) -> [Rïçēz] <STEAM_1:1:558962692>
L 09/02/2026 - 21:35:38: [FF] [Bảo Nguyên] <STEAM_1:0:218160880> -> 3 HP bằng (súng) -> [Rïçēz] <STEAM_1:1:558962692>
L 09/02/2026 - 21:35:38: [FF] [Bảo Nguyên] <STEAM_1:0:218160880> -> 3 HP bằng (súng) -> [Rïçēz] <STEAM_1:1:558962692>
L 09/02/2026 - 21:35:38: [FF] [Bảo Nguyên] <STEAM_1:0:218160880> -> 3 HP bằng (súng) -> [Rïçēz] <STEAM_1:1:558962692>
L 09/02/2026 - 21:35:38: [FF] [Bảo Nguyên] <STEAM_1:0:218160880> -> 3 HP bằng (súng) -> [Rïçēz] <STEAM_1:1:558962692>
L 09/02/2026 - 21:35:38: [FF] [Bảo Nguyên] <STEAM_1:0:218160880> -> 3 HP bằng (súng) -> [Rïçēz] <STEAM_1:1:558962692>
L 09/02/2026 - 21:35:42: [FF] [Holo 40k] <STEAM_1:1:925049770> -> 15 HP bằng (súng) -> [Curren Bouquetd'or] <STEAM_1:1:524205977>
L 09/02/2026 - 21:35:51: [FF] [KeroN] <STEAM_1:1:161759963> -> 45 HP bằng (súng) -> [Vịt-hút-thuốc-lá] <STEAM_1:1:176443622>
L 09/02/2026 - 21:35:53: [FF] [Rïçēz] <STEAM_1:1:558962692> -> 6 HP bằng (súng) -> [Bảo Nguyên] <STEAM_1:0:218160880>
L 09/02/2026 - 21:35:53: [FF] [Rïçēz] <STEAM_1:1:558962692> -> 6 HP bằng (súng) -> [Bảo Nguyên] <STEAM_1:0:218160880>
L 09/02/2026 - 21:35:53: [FF] [Rïçēz] <STEAM_1:1:558962692> -> 6 HP bằng (súng) -> [Bảo Nguyên] <STEAM_1:0:218160880>
L 09/02/2026 - 21:35:53: [FF] [Rïçēz] <STEAM_1:1:558962692> -> 6 HP bằng (súng) -> [Bảo Nguyên] <STEAM_1:0:218160880>
L 09/02/2026 - 21:35:53: [FF] [Rïçēz] <STEAM_1:1:558962692> -> 6 HP bằng (súng) -> [Bảo Nguyên] <STEAM_1:0:218160880>
L 09/02/2026 - 21:35:53: [FF] [Rïçēz] <STEAM_1:1:558962692> -> 6 HP bằng (súng) -> [Bảo Nguyên] <STEAM_1:0:218160880>
L 09/02/2026 - 21:35:53: [FF] [Rïçēz] <STEAM_1:1:558962692> -> 6 HP bằng (súng) -> [Bảo Nguyên] <STEAM_1:0:218160880>
L 09/02/2026 - 21:35:53: [FF] [Rïçēz] <STEAM_1:1:558962692> -> 6 HP bằng (súng) -> [Bảo Nguyên] <STEAM_1:0:218160880>
L 09/02/2026 - 21:35:58: [FF] [Lê Hải] <STEAM_1:0:471595906> -> 7 HP bằng (melee) -> [Bảo Nguyên] <STEAM_1:0:218160880>
L 09/02/2026 - 21:35:59: [KILL] Jockey Bot <BOT> đã giết Mikasa <STEAM_1:0:522010986> bằng (zombie cào/đấm)
L 09/02/2026 - 21:35:59: [FF] [Curren Bouquetd'or] <STEAM_1:1:524205977> -> 6 HP bằng (súng) -> [Vịt-hút-thuốc-lá] <STEAM_1:1:176443622>
L 09/02/2026 - 21:36:00: [HẠ GỤC] Curren Bouquetd'or <STEAM_1:1:524205977> đã hạ gục Vịt-hút-thuốc-lá <STEAM_1:1:176443622> bằng (súng)
L 09/02/2026 - 21:36:02: [KILL] Zombie/Witch/Môi trường <N/A> đã giết Curren Bouquetd'or <STEAM_1:1:524205977> bằng (môi trường/khác)
L 09/02/2026 - 21:36:02: [KILL] Zombie/Witch/Môi trường <N/A> đã giết Holo 40k <STEAM_1:1:925049770> bằng (môi trường/khác)
L 09/02/2026 - 21:36:05: [HẠ GỤC] Zombie/Witch/Môi trường <N/A> đã hạ gục chimxanh <STEAM_1:1:626078671> bằng (môi trường/khác)
L 09/02/2026 - 21:36:14: [FF] [Bảo Nguyên] <STEAM_1:0:218160880> -> 15 HP bằng (súng) -> [（ ͜.人 ͜.）⛇☃] <STEAM_1:1:241852047>
L 09/02/2026 - 21:36:16: [HẠ GỤC] （ ͜.人 ͜.）⛇☃ <STEAM_1:1:241852047> đã hạ gục Bảo Nguyên <STEAM_1:0:218160880> bằng (súng)
L 09/02/2026 - 21:36:39: [FF] [Bảo Nguyên] <STEAM_1:0:218160880> -> 22 HP bằng (súng) -> [chimxanh] <STEAM_1:1:626078671>
L 09/02/2026 - 21:36:45: [FF] [Binchu2222] <STEAM_1:0:690072085> -> 5 HP bằng (súng) -> [chimxanh] <STEAM_1:1:626078671>
L 09/02/2026 - 21:36:45: [FF] [Binchu2222] <STEAM_1:0:690072085> -> 5 HP bằng (súng) -> [chimxanh] <STEAM_1:1:626078671>
L 09/02/2026 - 21:36:57: [FF] [KeroN] <STEAM_1:1:161759963> -> 31 HP bằng (súng) -> [None :D] <STEAM_1:0:578030381>
L 09/02/2026 - 21:37:02: [HẠ GỤC] Binchu2222 <STEAM_1:0:690072085> đã hạ gục Rïçēz <STEAM_1:1:558962692> bằng (súng)
L 09/02/2026 - 21:37:02: [HẠ GỤC] Zombie/Witch/Môi trường <N/A> đã hạ gục TezzyPham <STEAM_1:1:933338290> bằng (môi trường/khác)
L 09/02/2026 - 21:37:08: [FF] [Binchu2222] <STEAM_1:0:690072085> -> 22 HP bằng (súng) -> [KeroN] <STEAM_1:1:161759963>
L 09/02/2026 - 21:37:10: [FF] [Lê Hải] <STEAM_1:0:471595906> -> 7 HP bằng (melee) -> [Curren Bouquetd'or] <STEAM_1:1:524205977>
L 09/02/2026 - 21:37:12: [HẠ GỤC] Zombie/Witch/Môi trường <N/A> đã hạ gục Bảo Nguyên <STEAM_1:0:218160880> bằng (môi trường/khác)
L 09/02/2026 - 21:37:17: [FF] [Lê Hải] <STEAM_1:0:471595906> -> 7 HP bằng (melee) -> [Curren Bouquetd'or] <STEAM_1:1:524205977>
L 09/02/2026 - 21:37:24: [HẠ GỤC] Zombie/Witch/Môi trường <N/A> đã hạ gục weeBlord <STEAM_1:0:242584050> bằng (môi trường/khác)
L 09/02/2026 - 21:37:28: [HẠ GỤC] Zombie/Witch/Môi trường <N/A> đã hạ gục Vịt-hút-thuốc-lá <STEAM_1:1:176443622> bằng (môi trường/khác)
L 09/02/2026 - 21:37:29: [HẠ GỤC] Zombie/Witch/Môi trường <N/A> đã hạ gục chimxanh <STEAM_1:1:626078671> bằng (môi trường/khác)
L 09/02/2026 - 21:37:31: [FF] [TezzyPham] <STEAM_1:1:933338290> -> 3 HP bằng (súng) -> [Rïçēz] <STEAM_1:1:558962692>
L 09/02/2026 - 21:37:38: [FF] [KeroN] <STEAM_1:1:161759963> -> 31 HP bằng (súng) -> [Chicoarun] <STEAM_1:0:952954061>
L 09/02/2026 - 21:37:42: [HẠ GỤC] Zombie/Witch/Môi trường <N/A> đã hạ gục Curren Bouquetd'or <STEAM_1:1:524205977> bằng (môi trường/khác)
L 09/02/2026 - 21:37:52: [KILL] Zombie/Witch/Môi trường <N/A> đã giết Lê Hải <STEAM_1:0:471595906> bằng (môi trường/khác)
L 09/02/2026 - 21:37:55: [FF] [Rïçēz] <STEAM_1:1:558962692> -> 5 HP bằng (súng) -> [Curren Bouquetd'or] <STEAM_1:1:524205977>
L 09/02/2026 - 21:38:02: [HẠ GỤC] Spitter Bot <BOT> đã hạ gục Curren Bouquetd'or <STEAM_1:1:524205977> bằng (môi trường/khác)
L 09/02/2026 - 21:38:02: [HẠ GỤC] Spitter Bot <BOT> đã hạ gục Rïçēz <STEAM_1:1:558962692> bằng (môi trường/khác)
L 09/02/2026 - 21:38:10: [HẠ GỤC] (1)Spitter Bot <BOT> đã hạ gục KeroN <STEAM_1:1:161759963> bằng (môi trường/khác)
L 09/02/2026 - 21:38:19: [HẠ GỤC] Boomer Bot <BOT> đã hạ gục （ ͜.人 ͜.）⛇☃ <STEAM_1:1:241852047> bằng (môi trường/khác)
L 09/02/2026 - 21:38:46: [FF] [Rïçēz] <STEAM_1:1:558962692> -> 45 HP bằng (súng) -> [KeroN] <STEAM_1:1:161759963>
L 09/02/2026 - 21:38:48: [FF] [Holo 40k] <BOT_OR_UNKNOWN> -> 5 HP bằng (súng) -> [TezzyPham] <STEAM_1:1:933338290>
L 09/02/2026 - 21:38:51: [HẠ GỤC] Tank <BOT> đã hạ gục Chicoarun <STEAM_1:0:952954061> bằng (môi trường/khác)
L 09/02/2026 - 21:39:01: [HẠ GỤC] Tank <BOT> đã hạ gục Holo 40k <BOT_OR_UNKNOWN> bằng (môi trường/khác)
L 09/02/2026 - 21:39:04: [HẠ GỤC] Tank <BOT> đã hạ gục Vịt-hút-thuốc-lá <STEAM_1:1:176443622> bằng (môi trường/khác)
L 09/02/2026 - 21:39:06: [FF] [Chicoarun] <STEAM_1:0:952954061> -> 1 HP bằng (súng) -> [Holo 40k] <BOT_OR_UNKNOWN>
L 09/02/2026 - 21:39:13: [HẠ GỤC] Tank <BOT> đã hạ gục TezzyPham <STEAM_1:1:933338290> bằng (môi trường/khác)
L 09/02/2026 - 21:39:15: [HẠ GỤC] Zombie/Witch/Môi trường <N/A> đã hạ gục weeBlord <STEAM_1:0:242584050> bằng (môi trường/khác)
L 09/02/2026 - 21:39:30: [HẠ GỤC] Tank <BOT> đã hạ gục Chicoarun <STEAM_1:0:952954061> bằng (môi trường/khác)
L 09/02/2026 - 21:39:32: [FF] [KeroN] <STEAM_1:1:161759963> -> 28 HP bằng (súng) -> [TezzyPham] <STEAM_1:1:933338290>
L 09/02/2026 - 21:39:37: [FF] [KeroN] <STEAM_1:1:161759963> -> 31 HP bằng (súng) -> [Curren Bouquetd'or] <STEAM_1:1:524205977>
L 09/02/2026 - 21:39:40: [FF] [Chicoarun] <STEAM_1:0:952954061> -> 9 HP bằng (súng) -> [Mikasa] <STEAM_1:0:522010986>
L 09/02/2026 - 21:39:44: [FF] [Mikasa] <STEAM_1:0:522010986> -> 1 HP bằng (súng) -> [Holo 40k] <BOT_OR_UNKNOWN>
L 09/02/2026 - 21:39:44: [FF] [Mikasa] <STEAM_1:0:522010986> -> 1 HP bằng (súng) -> [Holo 40k] <BOT_OR_UNKNOWN>
L 09/02/2026 - 21:39:44: [FF] [Mikasa] <STEAM_1:0:522010986> -> 1 HP bằng (súng) -> [Holo 40k] <BOT_OR_UNKNOWN>
L 09/02/2026 - 21:39:47: [FF] [Lê Hải] <STEAM_1:0:471595906> -> 6 HP bằng (súng) -> [TezzyPham] <STEAM_1:1:933338290>
L 09/02/2026 - 21:39:47: [HẠ GỤC] Tank <BOT> đã hạ gục TezzyPham <STEAM_1:1:933338290> bằng (môi trường/khác)
L 09/02/2026 - 21:39:47: [FF] [Lê Hải] <STEAM_1:0:471595906> -> 5 HP bằng (súng) -> [TezzyPham] <STEAM_1:1:933338290>
L 09/02/2026 - 21:39:47: [FF] [weeBlord] <STEAM_1:0:242584050> -> 8 HP bằng (súng) -> [TezzyPham] <STEAM_1:1:933338290>
L 09/02/2026 - 21:39:56: [HẠ GỤC] Chicoarun <STEAM_1:0:952954061> đã hạ gục KeroN <STEAM_1:1:161759963> bằng (súng)
L 09/02/2026 - 21:40:00: [HẠ GỤC] Tank <BOT> đã hạ gục Curren Bouquetd'or <STEAM_1:1:524205977> bằng (môi trường/khác)
L 09/02/2026 - 21:40:06: [HẠ GỤC] Tank <BOT> đã hạ gục Vịt-hút-thuốc-lá <STEAM_1:1:176443622> bằng (môi trường/khác)
L 09/02/2026 - 21:40:18: [HẠ GỤC] Tank <BOT> đã hạ gục Holo 40k <BOT_OR_UNKNOWN> bằng (môi trường/khác)
L 09/02/2026 - 21:40:21: [FF] [None :D] <STEAM_1:0:578030381> -> 4 HP bằng (súng) -> [Holo 40k] <BOT_OR_UNKNOWN>
L 09/02/2026 - 21:40:24: [FF] [Binchu2222] <STEAM_1:0:690072085> -> 11 HP bằng (súng) -> [KeroN] <STEAM_1:1:161759963>
L 09/02/2026 - 21:40:28: [KILL] Tank <BOT> đã giết Chicoarun <STEAM_1:0:952954061> bằng (môi trường/khác)
L 09/02/2026 - 21:40:30: [FF] [chimxanh] <STEAM_1:1:626078671> -> 9 HP bằng (súng) -> [TezzyPham] <STEAM_1:1:933338290>
L 09/02/2026 - 21:40:38: [HẠ GỤC] Rïçēz <STEAM_1:1:558962692> đã hạ gục （ ͜.人 ͜.）⛇☃ <STEAM_1:1:241852047> bằng (súng)
L 09/02/2026 - 21:40:57: [HẠ GỤC] Tank <BOT> đã hạ gục Holo 40k <BOT_OR_UNKNOWN> bằng (môi trường/khác)
L 09/02/2026 - 21:40:57: [FF] [TezzyPham] <STEAM_1:1:933338290> -> 1 HP bằng (súng) -> [Holo 40k] <BOT_OR_UNKNOWN>
L 09/02/2026 - 21:40:57: [FF] [TezzyPham] <STEAM_1:1:933338290> -> 1 HP bằng (súng) -> [Holo 40k] <BOT_OR_UNKNOWN>
L 09/02/2026 - 21:40:58: [FF] [TezzyPham] <STEAM_1:1:933338290> -> 1 HP bằng (súng) -> [Holo 40k] <BOT_OR_UNKNOWN>
L 09/02/2026 - 21:40:59: [HẠ GỤC] Tank <BOT> đã hạ gục TezzyPham <STEAM_1:1:933338290> bằng (môi trường/khác)
L 09/02/2026 - 21:41:21: [FF] [Lê Hải] <STEAM_1:0:471595906> -> 15 HP bằng (súng) -> [KeroN] <STEAM_1:1:161759963>
L 09/02/2026 - 21:41:22: [HẠ GỤC] Tank <BOT> đã hạ gục Vịt-hút-thuốc-lá <STEAM_1:1:176443622> bằng (môi trường/khác)
L 09/02/2026 - 21:41:22: [KILL] Tank <BOT> đã giết Vịt-hút-thuốc-lá <STEAM_1:1:176443622> bằng (môi trường/khác)
L 09/02/2026 - 21:41:37: [FF] [Curren Bouquetd'or] <STEAM_1:1:524205977> -> 6 HP bằng (súng) -> [Chicoarun] <STEAM_1:0:952954061>
L 09/02/2026 - 21:41:48: [FF] [Chicoarun] <STEAM_1:0:952954061> -> 3 HP bằng (súng) -> [chimxanh] <STEAM_1:1:626078671>
L 09/02/2026 - 21:41:49: [HẠ GỤC] Tank <BOT> đã hạ gục Rochelle <BOT> bằng (môi trường/khác)
L 09/02/2026 - 21:41:56: [FF] [None :D] <STEAM_1:0:578030381> -> 15 HP bằng (súng) -> [Binchu2222] <STEAM_1:0:690072085>
L 09/02/2026 - 21:42:02: [HẠ GỤC] Tank <BOT> đã hạ gục Binchu2222 <STEAM_1:0:690072085> bằng (môi trường/khác)
L 09/02/2026 - 21:42:12: [FF] [Curren Bouquetd'or] <STEAM_1:1:524205977> -> 5 HP bằng (súng) -> [None :D] <STEAM_1:0:578030381>
L 09/02/2026 - 21:42:46: [HẠ GỤC] Jockey Bot <BOT> đã hạ gục （ ͜.人 ͜.）⛇☃ <STEAM_1:1:241852047> bằng (zombie cào/đấm)
L 09/02/2026 - 21:42:48: [FF] [Curren Bouquetd'or] <STEAM_1:1:524205977> -> 5 HP bằng (súng) -> [Mikasa] <STEAM_1:0:522010986>
L 09/02/2026 - 21:42:51: [FF] [Lê Hải] <STEAM_1:0:471595906> -> 3 HP bằng (súng) -> [（ ͜.人 ͜.）⛇☃] <STEAM_1:1:241852047>
L 09/02/2026 - 21:42:51: [FF] [Lê Hải] <STEAM_1:0:471595906> -> 3 HP bằng (súng) -> [（ ͜.人 ͜.）⛇☃] <STEAM_1:1:241852047>
L 09/02/2026 - 21:42:51: [FF] [Lê Hải] <STEAM_1:0:471595906> -> 3 HP bằng (súng) -> [（ ͜.人 ͜.）⛇☃] <STEAM_1:1:241852047>
L 09/02/2026 - 21:42:51: [FF] [Lê Hải] <STEAM_1:0:471595906> -> 3 HP bằng (súng) -> [（ ͜.人 ͜.）⛇☃] <STEAM_1:1:241852047>
L 09/02/2026 - 21:42:51: [FF] [Lê Hải] <STEAM_1:0:471595906> -> 3 HP bằng (súng) -> [（ ͜.人 ͜.）⛇☃] <STEAM_1:1:241852047>
L 09/02/2026 - 21:42:51: [FF] [Lê Hải] <STEAM_1:0:471595906> -> 3 HP bằng (súng) -> [（ ͜.人 ͜.）⛇☃] <STEAM_1:1:241852047>
L 09/02/2026 - 21:43:17: [FF] [None :D] <STEAM_1:0:578030381> -> 22 HP bằng (súng) -> [Vịt-hút-thuốc-lá] <STEAM_1:1:176443622>
L 09/02/2026 - 21:43:39: [FF] [weeBlord] <STEAM_1:0:242584050> -> 5 HP bằng (súng) -> [Holo 40k] <STEAM_1:1:925049770>
L 09/02/2026 - 21:43:40: [FF] [TezzyPham] <STEAM_1:1:933338290> -> 5 HP bằng (súng) -> [Holo 40k] <STEAM_1:1:925049770>
L 09/02/2026 - 21:43:47: [FF] [Chicoarun] <STEAM_1:0:952954061> -> 9 HP bằng (boom/fire) -> [TezzyPham] <STEAM_1:1:933338290>
L 09/02/2026 - 21:43:47: [FF] [Chicoarun] <STEAM_1:0:952954061> -> 11 HP bằng (boom/fire) -> [TezzyPham] <STEAM_1:1:933338290>
L 09/02/2026 - 21:43:47: [FF] [Chicoarun] <STEAM_1:0:952954061> -> 12 HP bằng (boom/fire) -> [TezzyPham] <STEAM_1:1:933338290>
L 09/02/2026 - 21:43:47: [FF] [Chicoarun] <STEAM_1:0:952954061> -> 14 HP bằng (boom/fire) -> [TezzyPham] <STEAM_1:1:933338290>
L 09/02/2026 - 21:43:47: [HẠ GỤC] Chicoarun <STEAM_1:0:952954061> đã hạ gục TezzyPham <STEAM_1:1:933338290> bằng (boom/fire)
L 09/02/2026 - 21:43:48: [FF] [Chicoarun] <STEAM_1:0:952954061> -> 16 HP bằng (boom/fire) -> [TezzyPham] <STEAM_1:1:933338290>
L 09/02/2026 - 21:43:48: [FF] [Binchu2222] <STEAM_1:0:690072085> -> 15 HP bằng (súng) -> [KeroN] <STEAM_1:1:161759963>
L 09/02/2026 - 21:43:48: [FF] [Chicoarun] <STEAM_1:0:952954061> -> 16 HP bằng (boom/fire) -> [TezzyPham] <STEAM_1:1:933338290>
L 09/02/2026 - 21:43:48: [FF] [Chicoarun] <STEAM_1:0:952954061> -> 16 HP bằng (boom/fire) -> [TezzyPham] <STEAM_1:1:933338290>
L 09/02/2026 - 21:43:48: [FF] [Chicoarun] <STEAM_1:0:952954061> -> 16 HP bằng (boom/fire) -> [TezzyPham] <STEAM_1:1:933338290>
L 09/02/2026 - 21:43:48: [FF] [Chicoarun] <STEAM_1:0:952954061> -> 16 HP bằng (boom/fire) -> [TezzyPham] <STEAM_1:1:933338290>
L 09/02/2026 - 21:43:49: [FF] [Chicoarun] <STEAM_1:0:952954061> -> 16 HP bằng (boom/fire) -> [TezzyPham] <STEAM_1:1:933338290>
L 09/02/2026 - 21:43:49: [FF] [Chicoarun] <STEAM_1:0:952954061> -> 16 HP bằng (boom/fire) -> [TezzyPham] <STEAM_1:1:933338290>
L 09/02/2026 - 21:43:49: [FF] [Chicoarun] <STEAM_1:0:952954061> -> 16 HP bằng (boom/fire) -> [TezzyPham] <STEAM_1:1:933338290>
L 09/02/2026 - 21:43:49: [FF] [Chicoarun] <STEAM_1:0:952954061> -> 16 HP bằng (boom/fire) -> [Holo 40k] <STEAM_1:1:925049770>
L 09/02/2026 - 21:43:49: [FF] [Chicoarun] <STEAM_1:0:952954061> -> 16 HP bằng (boom/fire) -> [TezzyPham] <STEAM_1:1:933338290>
L 09/02/2026 - 21:43:49: [FF] [Chicoarun] <STEAM_1:0:952954061> -> 16 HP bằng (boom/fire) -> [Holo 40k] <STEAM_1:1:925049770>
L 09/02/2026 - 21:43:49: [FF] [Chicoarun] <STEAM_1:0:952954061> -> 16 HP bằng (boom/fire) -> [TezzyPham] <STEAM_1:1:933338290>
L 09/02/2026 - 21:43:50: [FF] [Chicoarun] <STEAM_1:0:952954061> -> 16 HP bằng (boom/fire) -> [Holo 40k] <STEAM_1:1:925049770>
L 09/02/2026 - 21:43:50: [FF] [Chicoarun] <STEAM_1:0:952954061> -> 16 HP bằng (boom/fire) -> [TezzyPham] <STEAM_1:1:933338290>
L 09/02/2026 - 21:43:50: [HẠ GỤC] Chicoarun <STEAM_1:0:952954061> đã hạ gục Holo 40k <STEAM_1:1:925049770> bằng (boom/fire)
L 09/02/2026 - 21:43:50: [FF] [Chicoarun] <STEAM_1:0:952954061> -> 16 HP bằng (boom/fire) -> [TezzyPham] <STEAM_1:1:933338290>
L 09/02/2026 - 21:43:50: [FF] [Chicoarun] <STEAM_1:0:952954061> -> 16 HP bằng (boom/fire) -> [Holo 40k] <STEAM_1:1:925049770>
L 09/02/2026 - 21:43:50: [FF] [Chicoarun] <STEAM_1:0:952954061> -> 16 HP bằng (boom/fire) -> [TezzyPham] <STEAM_1:1:933338290>
L 09/02/2026 - 21:43:50: [FF] [Chicoarun] <STEAM_1:0:952954061> -> 16 HP bằng (boom/fire) -> [Holo 40k] <STEAM_1:1:925049770>
L 09/02/2026 - 21:43:50: [FF] [Chicoarun] <STEAM_1:0:952954061> -> 16 HP bằng (boom/fire) -> [TezzyPham] <STEAM_1:1:933338290>
L 09/02/2026 - 21:43:50: [FF] [Chicoarun] <STEAM_1:0:952954061> -> 16 HP bằng (boom/fire) -> [Holo 40k] <STEAM_1:1:925049770>
L 09/02/2026 - 21:43:50: [FF] [Chicoarun] <STEAM_1:0:952954061> -> 16 HP bằng (boom/fire) -> [TezzyPham] <STEAM_1:1:933338290>
L 09/02/2026 - 21:43:51: [FF] [Chicoarun] <STEAM_1:0:952954061> -> 16 HP bằng (boom/fire) -> [Holo 40k] <STEAM_1:1:925049770>
L 09/02/2026 - 21:43:51: [FF] [Chicoarun] <STEAM_1:0:952954061> -> 16 HP bằng (boom/fire) -> [TezzyPham] <STEAM_1:1:933338290>
L 09/02/2026 - 21:43:51: [FF] [KeroN] <STEAM_1:1:161759963> -> 45 HP bằng (súng) -> [None :D] <STEAM_1:0:578030381>
L 09/02/2026 - 21:43:51: [FF] [Chicoarun] <STEAM_1:0:952954061> -> 16 HP bằng (boom/fire) -> [Holo 40k] <STEAM_1:1:925049770>
L 09/02/2026 - 21:43:51: [FF] [Chicoarun] <STEAM_1:0:952954061> -> 16 HP bằng (boom/fire) -> [TezzyPham] <STEAM_1:1:933338290>
L 09/02/2026 - 21:43:51: [FF] [Chicoarun] <STEAM_1:0:952954061> -> 16 HP bằng (boom/fire) -> [Holo 40k] <STEAM_1:1:925049770>
L 09/02/2026 - 21:43:51: [FF] [Chicoarun] <STEAM_1:0:952954061> -> 16 HP bằng (boom/fire) -> [Holo 40k] <STEAM_1:1:925049770>
L 09/02/2026 - 21:43:51: [FF] [Chicoarun] <STEAM_1:0:952954061> -> 16 HP bằng (boom/fire) -> [Holo 40k] <STEAM_1:1:925049770>
L 09/02/2026 - 21:43:52: [FF] [Chicoarun] <STEAM_1:0:952954061> -> 16 HP bằng (boom/fire) -> [Holo 40k] <STEAM_1:1:925049770>
L 09/02/2026 - 21:43:52: [FF] [Chicoarun] <STEAM_1:0:952954061> -> 16 HP bằng (boom/fire) -> [Holo 40k] <STEAM_1:1:925049770>
L 09/02/2026 - 21:43:52: [FF] [Chicoarun] <STEAM_1:0:952954061> -> 16 HP bằng (boom/fire) -> [Holo 40k] <STEAM_1:1:925049770>
L 09/02/2026 - 21:43:52: [FF] [Chicoarun] <STEAM_1:0:952954061> -> 16 HP bằng (boom/fire) -> [Holo 40k] <STEAM_1:1:925049770>
L 09/02/2026 - 21:43:52: [FF] [Chicoarun] <STEAM_1:0:952954061> -> 16 HP bằng (boom/fire) -> [Holo 40k] <STEAM_1:1:925049770>
L 09/02/2026 - 21:43:53: [FF] [Chicoarun] <STEAM_1:0:952954061> -> 16 HP bằng (boom/fire) -> [Holo 40k] <STEAM_1:1:925049770>
L 09/02/2026 - 21:43:53: [FF] [Chicoarun] <STEAM_1:0:952954061> -> 3 HP bằng (súng) -> [KeroN] <STEAM_1:1:161759963>
L 09/02/2026 - 21:43:53: [FF] [Chicoarun] <STEAM_1:0:952954061> -> 16 HP bằng (boom/fire) -> [Holo 40k] <STEAM_1:1:925049770>
L 09/02/2026 - 21:43:53: [FF] [Chicoarun] <STEAM_1:0:952954061> -> 16 HP bằng (boom/fire) -> [Holo 40k] <STEAM_1:1:925049770>
L 09/02/2026 - 21:43:53: [FF] [Chicoarun] <STEAM_1:0:952954061> -> 16 HP bằng (boom/fire) -> [Holo 40k] <STEAM_1:1:925049770>
L 09/02/2026 - 21:43:53: [FF] [Chicoarun] <STEAM_1:0:952954061> -> 3 HP bằng (súng) -> [KeroN] <STEAM_1:1:161759963>
L 09/02/2026 - 21:43:53: [FF] [Chicoarun] <STEAM_1:0:952954061> -> 16 HP bằng (boom/fire) -> [Holo 40k] <STEAM_1:1:925049770>
L 09/02/2026 - 21:43:54: [FF] [Chicoarun] <STEAM_1:0:952954061> -> 16 HP bằng (boom/fire) -> [Holo 40k] <STEAM_1:1:925049770>
L 09/02/2026 - 21:43:54: [FF] [Chicoarun] <STEAM_1:0:952954061> -> 3 HP bằng (súng) -> [Curren Bouquetd'or] <STEAM_1:1:524205977>
L 09/02/2026 - 21:43:54: [FF] [Chicoarun] <STEAM_1:0:952954061> -> 3 HP bằng (súng) -> [Curren Bouquetd'or] <STEAM_1:1:524205977>
L 09/02/2026 - 21:43:54: [FF] [Chicoarun] <STEAM_1:0:952954061> -> 3 HP bằng (súng) -> [Curren Bouquetd'or] <STEAM_1:1:524205977>
L 09/02/2026 - 21:43:54: [FF] [Chicoarun] <STEAM_1:0:952954061> -> 16 HP bằng (boom/fire) -> [Holo 40k] <STEAM_1:1:925049770>
L 09/02/2026 - 21:43:54: [FF] [Chicoarun] <STEAM_1:0:952954061> -> 16 HP bằng (boom/fire) -> [Holo 40k] <STEAM_1:1:925049770>
L 09/02/2026 - 21:43:54: [FF] [Chicoarun] <STEAM_1:0:952954061> -> 16 HP bằng (boom/fire) -> [Holo 40k] <STEAM_1:1:925049770>
L 09/02/2026 - 21:43:54: [FF] [Chicoarun] <STEAM_1:0:952954061> -> 16 HP bằng (boom/fire) -> [Holo 40k] <STEAM_1:1:925049770>
L 09/02/2026 - 21:43:55: [FF] [Chicoarun] <STEAM_1:0:952954061> -> 16 HP bằng (boom/fire) -> [Holo 40k] <STEAM_1:1:925049770>
L 09/02/2026 - 21:43:55: [FF] [Chicoarun] <STEAM_1:0:952954061> -> 16 HP bằng (boom/fire) -> [Holo 40k] <STEAM_1:1:925049770>
L 09/02/2026 - 21:43:57: [FF] [Chicoarun] <STEAM_1:0:952954061> -> 16 HP bằng (boom/fire) -> [Holo 40k] <STEAM_1:1:925049770>
L 09/02/2026 - 21:43:57: [FF] [Chicoarun] <STEAM_1:0:952954061> -> 16 HP bằng (boom/fire) -> [Holo 40k] <STEAM_1:1:925049770>
L 09/02/2026 - 21:43:57: [FF] [Chicoarun] <STEAM_1:0:952954061> -> 16 HP bằng (boom/fire) -> [Holo 40k] <STEAM_1:1:925049770>
L 09/02/2026 - 21:43:58: [FF] [Chicoarun] <STEAM_1:0:952954061> -> 16 HP bằng (boom/fire) -> [Holo 40k] <STEAM_1:1:925049770>
L 09/02/2026 - 21:43:58: [FF] [Chicoarun] <STEAM_1:0:952954061> -> 16 HP bằng (boom/fire) -> [Holo 40k] <STEAM_1:1:925049770>
L 09/02/2026 - 21:43:58: [HẠ GỤC] Chicoarun <STEAM_1:0:952954061> đã hạ gục Holo 40k <STEAM_1:1:925049770> bằng (boom/fire)
L 09/02/2026 - 21:43:58: [FF] [Chicoarun] <STEAM_1:0:952954061> -> 16 HP bằng (boom/fire) -> [Holo 40k] <STEAM_1:1:925049770>
L 09/02/2026 - 21:43:58: [FF] [Chicoarun] <STEAM_1:0:952954061> -> 16 HP bằng (boom/fire) -> [Holo 40k] <STEAM_1:1:925049770>
L 09/02/2026 - 21:43:59: [FF] [Chicoarun] <STEAM_1:0:952954061> -> 16 HP bằng (boom/fire) -> [Holo 40k] <STEAM_1:1:925049770>
L 09/02/2026 - 21:43:59: [FF] [Chicoarun] <STEAM_1:0:952954061> -> 16 HP bằng (boom/fire) -> [Holo 40k] <STEAM_1:1:925049770>
L 09/02/2026 - 21:43:59: [FF] [Chicoarun] <STEAM_1:0:952954061> -> 16 HP bằng (boom/fire) -> [Holo 40k] <STEAM_1:1:925049770>
L 09/02/2026 - 21:43:59: [FF] [Chicoarun] <STEAM_1:0:952954061> -> 16 HP bằng (boom/fire) -> [Holo 40k] <STEAM_1:1:925049770>
L 09/02/2026 - 21:43:59: [FF] [Chicoarun] <STEAM_1:0:952954061> -> 16 HP bằng (boom/fire) -> [Holo 40k] <STEAM_1:1:925049770>
L 09/02/2026 - 21:44:00: [FF] [Chicoarun] <STEAM_1:0:952954061> -> 16 HP bằng (boom/fire) -> [Holo 40k] <STEAM_1:1:925049770>
L 09/02/2026 - 21:44:00: [FF] [Chicoarun] <STEAM_1:0:952954061> -> 16 HP bằng (boom/fire) -> [Holo 40k] <STEAM_1:1:925049770>
L 09/02/2026 - 21:44:00: [FF] [Chicoarun] <STEAM_1:0:952954061> -> 16 HP bằng (boom/fire) -> [Holo 40k] <STEAM_1:1:925049770>
L 09/02/2026 - 21:44:00: [FF] [Chicoarun] <STEAM_1:0:952954061> -> 16 HP bằng (boom/fire) -> [Holo 40k] <STEAM_1:1:925049770>
L 09/02/2026 - 21:44:00: [FF] [Binchu2222] <STEAM_1:0:690072085> -> 11 HP bằng (súng) -> [None :D] <STEAM_1:0:578030381>
L 09/02/2026 - 21:44:01: [FF] [TezzyPham] <STEAM_1:1:933338290> -> 9 HP bằng (súng) -> [Vịt-hút-thuốc-lá] <STEAM_1:1:176443622>
L 09/02/2026 - 21:44:01: [FF] [TezzyPham] <STEAM_1:1:933338290> -> 5 HP bằng (súng) -> [Rïçēz] <STEAM_1:1:558962692>
L 09/02/2026 - 21:44:01: [FF] [TezzyPham] <STEAM_1:1:933338290> -> 5 HP bằng (súng) -> [Rïçēz] <STEAM_1:1:558962692>
L 09/02/2026 - 21:44:06: [FF] [Binchu2222] <STEAM_1:0:690072085> -> 15 HP bằng (súng) -> [weeBlord] <STEAM_1:0:242584050>
L 09/02/2026 - 21:44:07: [HẠ GỤC] Zombie/Witch/Môi trường <N/A> đã hạ gục Curren Bouquetd'or <STEAM_1:1:524205977> bằng (môi trường/khác)
L 09/02/2026 - 21:44:11: [FF] [Rïçēz] <STEAM_1:1:558962692> -> 31 HP bằng (súng) -> [Lê Hải] <STEAM_1:0:471595906>
L 09/02/2026 - 21:44:15: [FF] [Rïçēz] <STEAM_1:1:558962692> -> 31 HP bằng (súng) -> [Lê Hải] <STEAM_1:0:471595906>
L 09/02/2026 - 21:44:22: [FF] [Holo 40k] <STEAM_1:1:925049770> -> 3 HP bằng (súng) -> [TezzyPham] <STEAM_1:1:933338290>
L 09/02/2026 - 21:44:22: [FF] [Holo 40k] <STEAM_1:1:925049770> -> 3 HP bằng (súng) -> [TezzyPham] <STEAM_1:1:933338290>
L 09/02/2026 - 21:44:22: [FF] [Holo 40k] <STEAM_1:1:925049770> -> 3 HP bằng (súng) -> [TezzyPham] <STEAM_1:1:933338290>
L 09/02/2026 - 21:44:22: [FF] [Holo 40k] <STEAM_1:1:925049770> -> 3 HP bằng (súng) -> [TezzyPham] <STEAM_1:1:933338290>
L 09/02/2026 - 21:44:24: [FF] [None :D] <STEAM_1:0:578030381> -> 11 HP bằng (súng) -> [Curren Bouquetd'or] <STEAM_1:1:524205977>
L 09/02/2026 - 21:44:27: [FF] [Curren Bouquetd'or] <STEAM_1:1:524205977> -> 6 HP bằng (súng) -> [None :D] <STEAM_1:0:578030381>
L 09/02/2026 - 21:44:27: [FF] [Curren Bouquetd'or] <STEAM_1:1:524205977> -> 6 HP bằng (súng) -> [None :D] <STEAM_1:0:578030381>
L 09/02/2026 - 21:44:31: [FF] [None :D] <STEAM_1:0:578030381> -> 11 HP bằng (súng) -> [Rïçēz] <STEAM_1:1:558962692>
L 09/02/2026 - 21:44:31: [FF] [None :D] <STEAM_1:0:578030381> -> 11 HP bằng (súng) -> [Rïçēz] <STEAM_1:1:558962692>
L 09/02/2026 - 21:44:44: [FF] [Rïçēz] <STEAM_1:1:558962692> -> 3 HP bằng (boom/fire) -> [Vịt-hút-thuốc-lá] <STEAM_1:1:176443622>
L 09/02/2026 - 21:44:45: [FF] [Rïçēz] <STEAM_1:1:558962692> -> 4 HP bằng (boom/fire) -> [Vịt-hút-thuốc-lá] <STEAM_1:1:176443622>
L 09/02/2026 - 21:44:45: [FF] [Rïçēz] <STEAM_1:1:558962692> -> 6 HP bằng (boom/fire) -> [Vịt-hút-thuốc-lá] <STEAM_1:1:176443622>
L 09/02/2026 - 21:44:45: [FF] [Rïçēz] <STEAM_1:1:558962692> -> 8 HP bằng (boom/fire) -> [Vịt-hút-thuốc-lá] <STEAM_1:1:176443622>
L 09/02/2026 - 21:44:45: [FF] [Rïçēz] <STEAM_1:1:558962692> -> 9 HP bằng (boom/fire) -> [Vịt-hút-thuốc-lá] <STEAM_1:1:176443622>
L 09/02/2026 - 21:44:45: [FF] [Rïçēz] <STEAM_1:1:558962692> -> 11 HP bằng (boom/fire) -> [Vịt-hút-thuốc-lá] <STEAM_1:1:176443622>
L 09/02/2026 - 21:44:46: [FF] [Rïçēz] <STEAM_1:1:558962692> -> 12 HP bằng (boom/fire) -> [Vịt-hút-thuốc-lá] <STEAM_1:1:176443622>
L 09/02/2026 - 21:44:48: [FF] [Holo 40k] <STEAM_1:1:925049770> -> 3 HP bằng (súng) -> [TezzyPham] <STEAM_1:1:933338290>
L 09/02/2026 - 21:44:58: [FF] [weeBlord] <STEAM_1:0:242584050> -> 6 HP bằng (súng) -> [Binchu2222] <STEAM_1:0:690072085>
L 09/02/2026 - 21:45:00: [FF] [Binchu2222] <STEAM_1:0:690072085> -> 11 HP bằng (súng) -> [weeBlord] <STEAM_1:0:242584050>
L 09/02/2026 - 21:45:05: [FF] [Binchu2222] <STEAM_1:0:690072085> -> 15 HP bằng (súng) -> [Curren Bouquetd'or] <STEAM_1:1:524205977>
L 09/02/2026 - 21:45:05: [FF] [Rïçēz] <STEAM_1:1:558962692> -> 22 HP bằng (súng) -> [Chicoarun] <STEAM_1:0:952954061>
L 09/02/2026 - 21:45:05: [FF] [Binchu2222] <STEAM_1:0:690072085> -> 15 HP bằng (súng) -> [Chicoarun] <STEAM_1:0:952954061>
L 09/02/2026 - 21:45:05: [FF] [Curren Bouquetd'or] <STEAM_1:1:524205977> -> 5 HP bằng (súng) -> [Holo 40k] <STEAM_1:1:925049770>
L 09/02/2026 - 21:45:09: [HẠ GỤC] Zombie/Witch/Môi trường <N/A> đã hạ gục weeBlord <STEAM_1:0:242584050> bằng (môi trường/khác)
L 09/02/2026 - 21:45:16: [HẠ GỤC] Tank <BOT> đã hạ gục Chicoarun <STEAM_1:0:952954061> bằng (môi trường/khác)
L 09/02/2026 - 21:45:19: [FF] [Holo 40k] <STEAM_1:1:925049770> -> 3 HP bằng (súng) -> [Rïçēz] <STEAM_1:1:558962692>
L 09/02/2026 - 21:45:19: [FF] [Holo 40k] <STEAM_1:1:925049770> -> 3 HP bằng (súng) -> [Rïçēz] <STEAM_1:1:558962692>
L 09/02/2026 - 21:45:19: [FF] [Holo 40k] <STEAM_1:1:925049770> -> 3 HP bằng (súng) -> [Rïçēz] <STEAM_1:1:558962692>
L 09/02/2026 - 21:45:19: [FF] [Holo 40k] <STEAM_1:1:925049770> -> 3 HP bằng (súng) -> [Rïçēz] <STEAM_1:1:558962692>
L 09/02/2026 - 21:45:19: [FF] [Holo 40k] <STEAM_1:1:925049770> -> 3 HP bằng (súng) -> [Rïçēz] <STEAM_1:1:558962692>
L 09/02/2026 - 21:45:19: [FF] [Holo 40k] <STEAM_1:1:925049770> -> 3 HP bằng (súng) -> [Rïçēz] <STEAM_1:1:558962692>
L 09/02/2026 - 21:45:19: [FF] [Holo 40k] <STEAM_1:1:925049770> -> 3 HP bằng (súng) -> [Rïçēz] <STEAM_1:1:558962692>
L 09/02/2026 - 21:45:25: [HẠ GỤC] Tank <BOT> đã hạ gục Holo 40k <STEAM_1:1:925049770> bằng (môi trường/khác)
L 09/02/2026 - 21:45:34: [HẠ GỤC] Tank <BOT> đã hạ gục None :D <STEAM_1:0:578030381> bằng (môi trường/khác)
L 09/02/2026 - 21:45:35: [HẠ GỤC] Tank <BOT> đã hạ gục Lê Hải <STEAM_1:0:471595906> bằng (môi trường/khác)
L 09/02/2026 - 21:45:49: [HẠ GỤC] Tank <BOT> đã hạ gục Vịt-hút-thuốc-lá <STEAM_1:1:176443622> bằng (môi trường/khác)
L 09/02/2026 - 21:45:51: [FF] [Lê Hải] <STEAM_1:0:471595906> -> 22 HP bằng (súng) -> [Mikasa] <STEAM_1:0:522010986>
L 09/02/2026 - 21:45:53: [HẠ GỤC] Tank <BOT> đã hạ gục Rïçēz <STEAM_1:1:558962692> bằng (môi trường/khác)
L 09/02/2026 - 21:45:56: [FF] [None :D] <STEAM_1:0:578030381> -> 15 HP bằng (súng) -> [Holo 40k] <STEAM_1:1:925049770>
L 09/02/2026 - 21:45:56: [HẠ GỤC] None :D <STEAM_1:0:578030381> đã hạ gục chimxanh <STEAM_1:1:626078671> bằng (súng)
L 09/02/2026 - 21:45:57: [FF] [Holo 40k] <STEAM_1:1:925049770> -> 3 HP bằng (súng) -> [weeBlord] <STEAM_1:0:242584050>
L 09/02/2026 - 21:45:57: [FF] [Holo 40k] <STEAM_1:1:925049770> -> 3 HP bằng (súng) -> [weeBlord] <STEAM_1:0:242584050>
L 09/02/2026 - 21:45:57: [FF] [Holo 40k] <STEAM_1:1:925049770> -> 3 HP bằng (súng) -> [weeBlord] <STEAM_1:0:242584050>
L 09/02/2026 - 21:45:57: [FF] [Holo 40k] <STEAM_1:1:925049770> -> 3 HP bằng (súng) -> [weeBlord] <STEAM_1:0:242584050>
L 09/02/2026 - 21:45:57: [FF] [Holo 40k] <STEAM_1:1:925049770> -> 3 HP bằng (súng) -> [weeBlord] <STEAM_1:0:242584050>
L 09/02/2026 - 21:45:57: [FF] [Holo 40k] <STEAM_1:1:925049770> -> 3 HP bằng (súng) -> [weeBlord] <STEAM_1:0:242584050>
L 09/02/2026 - 21:45:57: [FF] [Holo 40k] <STEAM_1:1:925049770> -> 3 HP bằng (súng) -> [weeBlord] <STEAM_1:0:242584050>
L 09/02/2026 - 21:45:57: [FF] [Holo 40k] <STEAM_1:1:925049770> -> 3 HP bằng (súng) -> [weeBlord] <STEAM_1:0:242584050>
L 09/02/2026 - 21:45:57: [FF] [Holo 40k] <STEAM_1:1:925049770> -> 3 HP bằng (súng) -> [weeBlord] <STEAM_1:0:242584050>
L 09/02/2026 - 21:46:03: [HẠ GỤC] Tank <BOT> đã hạ gục Rïçēz <STEAM_1:1:558962692> bằng (môi trường/khác)
L 09/02/2026 - 21:46:03: [FF] [Chicoarun] <STEAM_1:0:952954061> -> 3 HP bằng (súng) -> [Rïçēz] <STEAM_1:1:558962692>
L 09/02/2026 - 21:46:03: [FF] [Chicoarun] <STEAM_1:0:952954061> -> 3 HP bằng (súng) -> [Rïçēz] <STEAM_1:1:558962692>
L 09/02/2026 - 21:46:03: [FF] [Chicoarun] <STEAM_1:0:952954061> -> 3 HP bằng (súng) -> [Rïçēz] <STEAM_1:1:558962692>
L 09/02/2026 - 21:46:05: [HẠ GỤC] Tank <BOT> đã hạ gục Lê Hải <STEAM_1:0:471595906> bằng (môi trường/khác)
L 09/02/2026 - 21:46:10: [FF] [Lê Hải] <STEAM_1:0:471595906> -> 15 HP bằng (súng) -> [chimxanh] <STEAM_1:1:626078671>
L 09/02/2026 - 21:46:15: [HẠ GỤC] Tank <BOT> đã hạ gục None :D <STEAM_1:0:578030381> bằng (môi trường/khác)
L 09/02/2026 - 21:46:17: [HẠ GỤC] Zombie/Witch/Môi trường <N/A> đã hạ gục Holo 40k <STEAM_1:1:925049770> bằng (môi trường/khác)
L 09/02/2026 - 21:46:26: [FF] [Rïçēz] <STEAM_1:1:558962692> -> 15 HP bằng (súng) -> [Binchu2222] <STEAM_1:0:690072085>
L 09/02/2026 - 21:46:27: [FF] [KeroN] <STEAM_1:1:161759963> -> 31 HP bằng (súng) -> [None :D] <STEAM_1:0:578030381>
L 09/02/2026 - 21:46:32: [HẠ GỤC] Tank <BOT> đã hạ gục （ ͜.人 ͜.）⛇☃ <STEAM_1:1:241852047> bằng (môi trường/khác)
L 09/02/2026 - 21:46:38: [FF] [None :D] <STEAM_1:0:578030381> -> 22 HP bằng (súng) -> [Holo 40k] <STEAM_1:1:925049770>
L 09/02/2026 - 21:46:48: [FF] [Holo 40k] <STEAM_1:1:925049770> -> 3 HP bằng (súng) -> [Rïçēz] <STEAM_1:1:558962692>
L 09/02/2026 - 21:46:51: [HẠ GỤC] Tank <BOT> đã hạ gục Rïçēz <STEAM_1:1:558962692> bằng (môi trường/khác)
L 09/02/2026 - 21:46:57: [FF] [Holo 40k] <STEAM_1:1:925049770> -> 3 HP bằng (súng) -> [weeBlord] <STEAM_1:0:242584050>
L 09/02/2026 - 21:46:57: [FF] [Holo 40k] <STEAM_1:1:925049770> -> 3 HP bằng (súng) -> [weeBlord] <STEAM_1:0:242584050>
L 09/02/2026 - 21:46:57: [FF] [Holo 40k] <STEAM_1:1:925049770> -> 3 HP bằng (súng) -> [weeBlord] <STEAM_1:0:242584050>
L 09/02/2026 - 21:46:57: [FF] [Holo 40k] <STEAM_1:1:925049770> -> 3 HP bằng (súng) -> [weeBlord] <STEAM_1:0:242584050>
L 09/02/2026 - 21:47:00: [KILL] Tank <BOT> đã giết Holo 40k <STEAM_1:1:925049770> bằng (môi trường/khác)
L 09/02/2026 - 21:47:06: [HẠ GỤC] Tank <BOT> đã hạ gục weeBlord <STEAM_1:0:242584050> bằng (môi trường/khác)
L 09/02/2026 - 21:47:15: [FF] [Binchu2222] <STEAM_1:0:690072085> -> 22 HP bằng (súng) -> [Rïçēz] <STEAM_1:1:558962692>
L 09/02/2026 - 21:47:15: [FF] [Binchu2222] <STEAM_1:0:690072085> -> 22 HP bằng (súng) -> [Chicoarun] <STEAM_1:0:952954061>
L 09/02/2026 - 21:47:16: [FF] [Binchu2222] <STEAM_1:0:690072085> -> 11 HP bằng (súng) -> [None :D] <STEAM_1:0:578030381>
L 09/02/2026 - 21:47:19: [FF] [None :D] <STEAM_1:0:578030381> -> 11 HP bằng (súng) -> [Chicoarun] <STEAM_1:0:952954061>
L 09/02/2026 - 21:47:22: [FF] [Binchu2222] <STEAM_1:0:690072085> -> 11 HP bằng (súng) -> [Chicoarun] <STEAM_1:0:952954061>
L 09/02/2026 - 21:47:31: [HẠ GỤC] Rïçēz <STEAM_1:1:558962692> đã hạ gục Mikasa <STEAM_1:0:522010986> bằng (súng)
L 09/02/2026 - 21:47:34: [FF] [Vịt-hút-thuốc-lá] <STEAM_1:1:176443622> -> 3 HP bằng (súng) -> [Mikasa] <STEAM_1:0:522010986>
L 09/02/2026 - 21:47:54: [KILL] Tank <BOT> đã giết Lê Hải <STEAM_1:0:471595906> bằng (môi trường/khác)
L 09/02/2026 - 21:47:56: [FF] [Rïçēz] <STEAM_1:1:558962692> -> 11 HP bằng (súng) -> [Mikasa] <STEAM_1:0:522010986>
L 09/02/2026 - 21:48:31: [HẠ GỤC] Zombie/Witch/Môi trường <N/A> đã hạ gục Chicoarun <STEAM_1:0:952954061> bằng (môi trường/khác)
L 09/02/2026 - 21:48:34: [FF] [（ ͜.人 ͜.）⛇☃] <STEAM_1:1:241852047> -> 31 HP bằng (súng) -> [weeBlord] <STEAM_1:0:242584050>
L 09/02/2026 - 21:48:42: [FF] [Rïçēz] <STEAM_1:1:558962692> -> 22 HP bằng (súng) -> [chimxanh] <STEAM_1:1:626078671>
L 09/02/2026 - 21:48:45: [FF] [Rïçēz] <STEAM_1:1:558962692> -> 15 HP bằng (súng) -> [chimxanh] <STEAM_1:1:626078671>
L 09/02/2026 - 21:48:49: [FF] [None :D] <STEAM_1:0:578030381> -> 22 HP bằng (súng) -> [Holo 40k] <STEAM_1:1:925049770>
L 09/02/2026 - 21:48:53: [HẠ GỤC] Zombie/Witch/Môi trường <N/A> đã hạ gục Binchu2222 <STEAM_1:0:690072085> bằng (môi trường/khác)
L 09/02/2026 - 21:48:56: [HẠ GỤC] Tank <BOT> đã hạ gục TezzyPham <STEAM_1:1:933338290> bằng (môi trường/khác)
L 09/02/2026 - 21:49:16: [HẠ GỤC] Tank <BOT> đã hạ gục Binchu2222 <STEAM_1:0:690072085> bằng (môi trường/khác)
L 09/02/2026 - 21:49:18: [HẠ GỤC] （ ͜.人 ͜.）⛇☃ <STEAM_1:1:241852047> đã hạ gục Rïçēz <STEAM_1:1:558962692> bằng (súng)
L 09/02/2026 - 21:49:26: [HẠ GỤC] Tank <BOT> đã hạ gục Mikasa <STEAM_1:0:522010986> bằng (môi trường/khác)
L 09/02/2026 - 21:49:28: [KILL] Tank <BOT> đã giết weeBlord <STEAM_1:0:242584050> bằng (môi trường/khác)
L 09/02/2026 - 21:49:38: [FF] [Binchu2222] <STEAM_1:0:690072085> -> 22 HP bằng (súng) -> [（ ͜.人 ͜.）⛇☃] <STEAM_1:1:241852047>
L 09/02/2026 - 21:49:42: [FF] [Rïçēz] <STEAM_1:1:558962692> -> 9 HP bằng (súng) -> [KeroN] <STEAM_1:1:161759963>
L 09/02/2026 - 21:49:50: [FF] [Rïçēz] <STEAM_1:1:558962692> -> 6 HP bằng (súng) -> [Chicoarun] <STEAM_1:0:952954061>
L 09/02/2026 - 21:49:50: [HẠ GỤC] Tank <BOT> đã hạ gục Lê Hải <STEAM_1:0:471595906> bằng (môi trường/khác)
L 09/02/2026 - 21:49:50: [FF] [Rïçēz] <STEAM_1:1:558962692> -> 6 HP bằng (súng) -> [Chicoarun] <STEAM_1:0:952954061>
L 09/02/2026 - 21:49:50: [FF] [Rïçēz] <STEAM_1:1:558962692> -> 6 HP bằng (súng) -> [Chicoarun] <STEAM_1:0:952954061>
L 09/02/2026 - 21:49:54: [FF] [Binchu2222] <STEAM_1:0:690072085> -> 22 HP bằng (súng) -> [TezzyPham] <STEAM_1:1:933338290>
L 09/02/2026 - 21:49:54: [HẠ GỤC] Tank <BOT> đã hạ gục Curren Bouquetd'or <STEAM_1:1:524205977> bằng (môi trường/khác)
L 09/02/2026 - 21:49:56: [FF] [TezzyPham] <STEAM_1:1:933338290> -> 22 HP bằng (súng) -> [Chicoarun] <STEAM_1:0:952954061>
L 09/02/2026 - 21:49:59: [FF] [（ ͜.人 ͜.）⛇☃] <STEAM_1:1:241852047> -> 1 HP bằng (boom/fire) -> [None :D] <STEAM_1:0:578030381>
L 09/02/2026 - 21:49:59: [HẠ GỤC] Tank <BOT> đã hạ gục None :D <STEAM_1:0:578030381> bằng (môi trường/khác)
L 09/02/2026 - 21:50:02: [FF] [KeroN] <STEAM_1:1:161759963> -> 45 HP bằng (súng) -> [TezzyPham] <STEAM_1:1:933338290>
L 09/02/2026 - 21:50:25: [FF] [chimxanh] <STEAM_1:1:626078671> -> 1 HP bằng (boom/fire) -> [Rïçēz] <STEAM_1:1:558962692>
L 09/02/2026 - 21:50:25: [FF] [chimxanh] <STEAM_1:1:626078671> -> 1 HP bằng (boom/fire) -> [None :D] <STEAM_1:0:578030381>
L 09/02/2026 - 21:50:25: [FF] [chimxanh] <STEAM_1:1:626078671> -> 1 HP bằng (boom/fire) -> [KeroN] <STEAM_1:1:161759963>
L 09/02/2026 - 21:50:25: [FF] [chimxanh] <STEAM_1:1:626078671> -> 1 HP bằng (boom/fire) -> [Holo 40k] <STEAM_1:1:925049770>
L 09/02/2026 - 21:50:25: [FF] [chimxanh] <STEAM_1:1:626078671> -> 3 HP bằng (boom/fire) -> [Rïçēz] <STEAM_1:1:558962692>
L 09/02/2026 - 21:50:25: [FF] [chimxanh] <STEAM_1:1:626078671> -> 3 HP bằng (boom/fire) -> [None :D] <STEAM_1:0:578030381>
L 09/02/2026 - 21:50:25: [FF] [chimxanh] <STEAM_1:1:626078671> -> 3 HP bằng (boom/fire) -> [KeroN] <STEAM_1:1:161759963>
L 09/02/2026 - 21:50:25: [FF] [chimxanh] <STEAM_1:1:626078671> -> 3 HP bằng (boom/fire) -> [Holo 40k] <STEAM_1:1:925049770>
L 09/02/2026 - 21:50:25: [FF] [chimxanh] <STEAM_1:1:626078671> -> 3 HP bằng (boom/fire) -> [（ ͜.人 ͜.）⛇☃] <STEAM_1:1:241852047>
L 09/02/2026 - 21:50:25: [FF] [chimxanh] <STEAM_1:1:626078671> -> 3 HP bằng (boom/fire) -> [Vịt-hút-thuốc-lá] <STEAM_1:1:176443622>
L 09/02/2026 - 21:50:25: [FF] [chimxanh] <STEAM_1:1:626078671> -> 4 HP bằng (boom/fire) -> [Rïçēz] <STEAM_1:1:558962692>
L 09/02/2026 - 21:50:25: [FF] [chimxanh] <STEAM_1:1:626078671> -> 4 HP bằng (boom/fire) -> [None :D] <STEAM_1:0:578030381>
L 09/02/2026 - 21:50:25: [FF] [chimxanh] <STEAM_1:1:626078671> -> 4 HP bằng (boom/fire) -> [Binchu2222] <STEAM_1:0:690072085>
L 09/02/2026 - 21:50:25: [FF] [chimxanh] <STEAM_1:1:626078671> -> 4 HP bằng (boom/fire) -> [KeroN] <STEAM_1:1:161759963>
L 09/02/2026 - 21:50:25: [FF] [chimxanh] <STEAM_1:1:626078671> -> 4 HP bằng (boom/fire) -> [（ ͜.人 ͜.）⛇☃] <STEAM_1:1:241852047>
L 09/02/2026 - 21:50:25: [FF] [chimxanh] <STEAM_1:1:626078671> -> 4 HP bằng (boom/fire) -> [Vịt-hút-thuốc-lá] <STEAM_1:1:176443622>
L 09/02/2026 - 21:50:26: [FF] [chimxanh] <STEAM_1:1:626078671> -> 6 HP bằng (boom/fire) -> [Rïçēz] <STEAM_1:1:558962692>
L 09/02/2026 - 21:50:26: [FF] [chimxanh] <STEAM_1:1:626078671> -> 6 HP bằng (boom/fire) -> [None :D] <STEAM_1:0:578030381>
L 09/02/2026 - 21:50:26: [FF] [chimxanh] <STEAM_1:1:626078671> -> 6 HP bằng (boom/fire) -> [Binchu2222] <STEAM_1:0:690072085>
L 09/02/2026 - 21:50:26: [FF] [chimxanh] <STEAM_1:1:626078671> -> 6 HP bằng (boom/fire) -> [KeroN] <STEAM_1:1:161759963>
L 09/02/2026 - 21:50:26: [FF] [chimxanh] <STEAM_1:1:626078671> -> 6 HP bằng (boom/fire) -> [（ ͜.人 ͜.）⛇☃] <STEAM_1:1:241852047>
L 09/02/2026 - 21:50:26: [FF] [chimxanh] <STEAM_1:1:626078671> -> 6 HP bằng (boom/fire) -> [Vịt-hút-thuốc-lá] <STEAM_1:1:176443622>
L 09/02/2026 - 21:50:26: [FF] [chimxanh] <STEAM_1:1:626078671> -> 8 HP bằng (boom/fire) -> [Rïçēz] <STEAM_1:1:558962692>
L 09/02/2026 - 21:50:26: [FF] [chimxanh] <STEAM_1:1:626078671> -> 8 HP bằng (boom/fire) -> [None :D] <STEAM_1:0:578030381>
L 09/02/2026 - 21:50:26: [FF] [chimxanh] <STEAM_1:1:626078671> -> 8 HP bằng (boom/fire) -> [（ ͜.人 ͜.）⛇☃] <STEAM_1:1:241852047>
L 09/02/2026 - 21:50:26: [FF] [Binchu2222] <STEAM_1:0:690072085> -> 1 HP bằng (boom/fire) -> [Holo 40k] <STEAM_1:1:925049770>
L 09/02/2026 - 21:50:26: [FF] [Binchu2222] <STEAM_1:0:690072085> -> 1 HP bằng (boom/fire) -> [Chicoarun] <STEAM_1:0:952954061>
L 09/02/2026 - 21:50:26: [FF] [Binchu2222] <STEAM_1:0:690072085> -> 1 HP bằng (boom/fire) -> [TezzyPham] <STEAM_1:1:933338290>
L 09/02/2026 - 21:50:26: [FF] [chimxanh] <STEAM_1:1:626078671> -> 9 HP bằng (boom/fire) -> [Mikasa] <STEAM_1:0:522010986>
L 09/02/2026 - 21:50:26: [FF] [chimxanh] <STEAM_1:1:626078671> -> 9 HP bằng (boom/fire) -> [None :D] <STEAM_1:0:578030381>
L 09/02/2026 - 21:50:26: [FF] [chimxanh] <STEAM_1:1:626078671> -> 9 HP bằng (boom/fire) -> [（ ͜.人 ͜.）⛇☃] <STEAM_1:1:241852047>
L 09/02/2026 - 21:50:26: [FF] [Binchu2222] <STEAM_1:0:690072085> -> 3 HP bằng (boom/fire) -> [Holo 40k] <STEAM_1:1:925049770>
L 09/02/2026 - 21:50:26: [FF] [Binchu2222] <STEAM_1:0:690072085> -> 3 HP bằng (boom/fire) -> [Chicoarun] <STEAM_1:0:952954061>
L 09/02/2026 - 21:50:26: [FF] [Binchu2222] <STEAM_1:0:690072085> -> 3 HP bằng (boom/fire) -> [Curren Bouquetd'or] <STEAM_1:1:524205977>
L 09/02/2026 - 21:50:26: [FF] [Binchu2222] <STEAM_1:0:690072085> -> 3 HP bằng (boom/fire) -> [Lê Hải] <STEAM_1:0:471595906>
L 09/02/2026 - 21:50:26: [FF] [Binchu2222] <STEAM_1:0:690072085> -> 3 HP bằng (boom/fire) -> [TezzyPham] <STEAM_1:1:933338290>
L 09/02/2026 - 21:50:26: [FF] [chimxanh] <STEAM_1:1:626078671> -> 11 HP bằng (boom/fire) -> [Rïçēz] <STEAM_1:1:558962692>
L 09/02/2026 - 21:50:26: [FF] [chimxanh] <STEAM_1:1:626078671> -> 11 HP bằng (boom/fire) -> [None :D] <STEAM_1:0:578030381>
L 09/02/2026 - 21:50:26: [FF] [chimxanh] <STEAM_1:1:626078671> -> 11 HP bằng (boom/fire) -> [（ ͜.人 ͜.）⛇☃] <STEAM_1:1:241852047>
L 09/02/2026 - 21:50:26: [FF] [Binchu2222] <STEAM_1:0:690072085> -> 4 HP bằng (boom/fire) -> [Chicoarun] <STEAM_1:0:952954061>
L 09/02/2026 - 21:50:26: [FF] [Binchu2222] <STEAM_1:0:690072085> -> 4 HP bằng (boom/fire) -> [Curren Bouquetd'or] <STEAM_1:1:524205977>
L 09/02/2026 - 21:50:26: [FF] [Binchu2222] <STEAM_1:0:690072085> -> 4 HP bằng (boom/fire) -> [Lê Hải] <STEAM_1:0:471595906>
L 09/02/2026 - 21:50:26: [FF] [Binchu2222] <STEAM_1:0:690072085> -> 4 HP bằng (boom/fire) -> [Holo 40k] <STEAM_1:1:925049770>
L 09/02/2026 - 21:50:26: [FF] [Binchu2222] <STEAM_1:0:690072085> -> 4 HP bằng (boom/fire) -> [TezzyPham] <STEAM_1:1:933338290>
L 09/02/2026 - 21:50:26: [FF] [chimxanh] <STEAM_1:1:626078671> -> 12 HP bằng (boom/fire) -> [Rïçēz] <STEAM_1:1:558962692>
L 09/02/2026 - 21:50:26: [FF] [chimxanh] <STEAM_1:1:626078671> -> 12 HP bằng (boom/fire) -> [（ ͜.人 ͜.）⛇☃] <STEAM_1:1:241852047>
L 09/02/2026 - 21:50:26: [FF] [chimxanh] <STEAM_1:1:626078671> -> 12 HP bằng (boom/fire) -> [None :D] <STEAM_1:0:578030381>
L 09/02/2026 - 21:50:26: [FF] [chimxanh] <STEAM_1:1:626078671> -> 12 HP bằng (boom/fire) -> [Mikasa] <STEAM_1:0:522010986>
L 09/02/2026 - 21:50:27: [FF] [Binchu2222] <STEAM_1:0:690072085> -> 6 HP bằng (boom/fire) -> [KeroN] <STEAM_1:1:161759963>
L 09/02/2026 - 21:50:27: [FF] [Binchu2222] <STEAM_1:0:690072085> -> 6 HP bằng (boom/fire) -> [Holo 40k] <STEAM_1:1:925049770>
L 09/02/2026 - 21:50:27: [FF] [Binchu2222] <STEAM_1:0:690072085> -> 6 HP bằng (boom/fire) -> [Curren Bouquetd'or] <STEAM_1:1:524205977>
L 09/02/2026 - 21:50:27: [FF] [Binchu2222] <STEAM_1:0:690072085> -> 6 HP bằng (boom/fire) -> [Lê Hải] <STEAM_1:0:471595906>
L 09/02/2026 - 21:50:27: [FF] [Binchu2222] <STEAM_1:0:690072085> -> 6 HP bằng (boom/fire) -> [Chicoarun] <STEAM_1:0:952954061>
L 09/02/2026 - 21:50:27: [FF] [Binchu2222] <STEAM_1:0:690072085> -> 6 HP bằng (boom/fire) -> [TezzyPham] <STEAM_1:1:933338290>
L 09/02/2026 - 21:50:27: [FF] [chimxanh] <STEAM_1:1:626078671> -> 14 HP bằng (boom/fire) -> [（ ͜.人 ͜.）⛇☃] <STEAM_1:1:241852047>
L 09/02/2026 - 21:50:27: [FF] [chimxanh] <STEAM_1:1:626078671> -> 14 HP bằng (boom/fire) -> [None :D] <STEAM_1:0:578030381>
L 09/02/2026 - 21:50:27: [FF] [chimxanh] <STEAM_1:1:626078671> -> 14 HP bằng (boom/fire) -> [Mikasa] <STEAM_1:0:522010986>
L 09/02/2026 - 21:50:27: [FF] [Binchu2222] <STEAM_1:0:690072085> -> 8 HP bằng (boom/fire) -> [KeroN] <STEAM_1:1:161759963>
L 09/02/2026 - 21:50:27: [FF] [Binchu2222] <STEAM_1:0:690072085> -> 8 HP bằng (boom/fire) -> [Chicoarun] <STEAM_1:0:952954061>
L 09/02/2026 - 21:50:27: [FF] [Binchu2222] <STEAM_1:0:690072085> -> 8 HP bằng (boom/fire) -> [Curren Bouquetd'or] <STEAM_1:1:524205977>
L 09/02/2026 - 21:50:27: [FF] [Binchu2222] <STEAM_1:0:690072085> -> 8 HP bằng (boom/fire) -> [Lê Hải] <STEAM_1:0:471595906>
L 09/02/2026 - 21:50:27: [FF] [Binchu2222] <STEAM_1:0:690072085> -> 8 HP bằng (boom/fire) -> [Holo 40k] <STEAM_1:1:925049770>
L 09/02/2026 - 21:50:27: [FF] [Binchu2222] <STEAM_1:0:690072085> -> 8 HP bằng (boom/fire) -> [TezzyPham] <STEAM_1:1:933338290>
L 09/02/2026 - 21:50:27: [FF] [chimxanh] <STEAM_1:1:626078671> -> 16 HP bằng (boom/fire) -> [（ ͜.人 ͜.）⛇☃] <STEAM_1:1:241852047>
L 09/02/2026 - 21:50:27: [FF] [chimxanh] <STEAM_1:1:626078671> -> 16 HP bằng (boom/fire) -> [None :D] <STEAM_1:0:578030381>
L 09/02/2026 - 21:50:27: [FF] [chimxanh] <STEAM_1:1:626078671> -> 16 HP bằng (boom/fire) -> [Mikasa] <STEAM_1:0:522010986>
L 09/02/2026 - 21:50:27: [FF] [Binchu2222] <STEAM_1:0:690072085> -> 9 HP bằng (boom/fire) -> [KeroN] <STEAM_1:1:161759963>
L 09/02/2026 - 21:50:27: [FF] [Binchu2222] <STEAM_1:0:690072085> -> 9 HP bằng (boom/fire) -> [Holo 40k] <STEAM_1:1:925049770>
L 09/02/2026 - 21:50:27: [FF] [Binchu2222] <STEAM_1:0:690072085> -> 9 HP bằng (boom/fire) -> [Chicoarun] <STEAM_1:0:952954061>
L 09/02/2026 - 21:50:27: [FF] [Binchu2222] <STEAM_1:0:690072085> -> 9 HP bằng (boom/fire) -> [Curren Bouquetd'or] <STEAM_1:1:524205977>
L 09/02/2026 - 21:50:27: [FF] [Binchu2222] <STEAM_1:0:690072085> -> 9 HP bằng (boom/fire) -> [Lê Hải] <STEAM_1:0:471595906>
L 09/02/2026 - 21:50:27: [FF] [Binchu2222] <STEAM_1:0:690072085> -> 9 HP bằng (boom/fire) -> [TezzyPham] <STEAM_1:1:933338290>
L 09/02/2026 - 21:50:27: [FF] [chimxanh] <STEAM_1:1:626078671> -> 16 HP bằng (boom/fire) -> [（ ͜.人 ͜.）⛇☃] <STEAM_1:1:241852047>
L 09/02/2026 - 21:50:27: [FF] [chimxanh] <STEAM_1:1:626078671> -> 16 HP bằng (boom/fire) -> [None :D] <STEAM_1:0:578030381>
L 09/02/2026 - 21:50:27: [FF] [Binchu2222] <STEAM_1:0:690072085> -> 11 HP bằng (boom/fire) -> [Holo 40k] <STEAM_1:1:925049770>
L 09/02/2026 - 21:50:27: [FF] [Binchu2222] <STEAM_1:0:690072085> -> 11 HP bằng (boom/fire) -> [Chicoarun] <STEAM_1:0:952954061>
L 09/02/2026 - 21:50:27: [FF] [Binchu2222] <STEAM_1:0:690072085> -> 11 HP bằng (boom/fire) -> [Curren Bouquetd'or] <STEAM_1:1:524205977>
L 09/02/2026 - 21:50:27: [FF] [Binchu2222] <STEAM_1:0:690072085> -> 11 HP bằng (boom/fire) -> [KeroN] <STEAM_1:1:161759963>
L 09/02/2026 - 21:50:27: [FF] [Binchu2222] <STEAM_1:0:690072085> -> 11 HP bằng (boom/fire) -> [Vịt-hút-thuốc-lá] <STEAM_1:1:176443622>
L 09/02/2026 - 21:50:27: [FF] [Binchu2222] <STEAM_1:0:690072085> -> 11 HP bằng (boom/fire) -> [Lê Hải] <STEAM_1:0:471595906>
L 09/02/2026 - 21:50:27: [FF] [Binchu2222] <STEAM_1:0:690072085> -> 11 HP bằng (boom/fire) -> [TezzyPham] <STEAM_1:1:933338290>
L 09/02/2026 - 21:50:27: [FF] [None :D] <STEAM_1:0:578030381> -> 1 HP bằng (boom/fire) -> [KeroN] <STEAM_1:1:161759963>
L 09/02/2026 - 21:50:27: [FF] [None :D] <STEAM_1:0:578030381> -> 1 HP bằng (boom/fire) -> [Holo 40k] <STEAM_1:1:925049770>
L 09/02/2026 - 21:50:27: [FF] [None :D] <STEAM_1:0:578030381> -> 1 HP bằng (boom/fire) -> [Curren Bouquetd'or] <STEAM_1:1:524205977>
L 09/02/2026 - 21:50:27: [FF] [None :D] <STEAM_1:0:578030381> -> 1 HP bằng (boom/fire) -> [Chicoarun] <STEAM_1:0:952954061>
L 09/02/2026 - 21:50:27: [FF] [None :D] <STEAM_1:0:578030381> -> 1 HP bằng (boom/fire) -> [Lê Hải] <STEAM_1:0:471595906>
L 09/02/2026 - 21:50:27: [FF] [chimxanh] <STEAM_1:1:626078671> -> 16 HP bằng (boom/fire) -> [（ ͜.人 ͜.）⛇☃] <STEAM_1:1:241852047>
L 09/02/2026 - 21:50:27: [FF] [chimxanh] <STEAM_1:1:626078671> -> 16 HP bằng (boom/fire) -> [None :D] <STEAM_1:0:578030381>
L 09/02/2026 - 21:50:27: [FF] [Binchu2222] <STEAM_1:0:690072085> -> 12 HP bằng (boom/fire) -> [KeroN] <STEAM_1:1:161759963>
L 09/02/2026 - 21:50:27: [FF] [Binchu2222] <STEAM_1:0:690072085> -> 12 HP bằng (boom/fire) -> [Holo 40k] <STEAM_1:1:925049770>
L 09/02/2026 - 21:50:27: [FF] [Binchu2222] <STEAM_1:0:690072085> -> 12 HP bằng (boom/fire) -> [Chicoarun] <STEAM_1:0:952954061>
L 09/02/2026 - 21:50:27: [FF] [Binchu2222] <STEAM_1:0:690072085> -> 12 HP bằng (boom/fire) -> [Curren Bouquetd'or] <STEAM_1:1:524205977>
L 09/02/2026 - 21:50:27: [FF] [Binchu2222] <STEAM_1:0:690072085> -> 12 HP bằng (boom/fire) -> [Vịt-hút-thuốc-lá] <STEAM_1:1:176443622>
L 09/02/2026 - 21:50:27: [FF] [Binchu2222] <STEAM_1:0:690072085> -> 12 HP bằng (boom/fire) -> [Lê Hải] <STEAM_1:0:471595906>
L 09/02/2026 - 21:50:27: [FF] [Binchu2222] <STEAM_1:0:690072085> -> 12 HP bằng (boom/fire) -> [TezzyPham] <STEAM_1:1:933338290>
L 09/02/2026 - 21:50:27: [FF] [None :D] <STEAM_1:0:578030381> -> 3 HP bằng (boom/fire) -> [Chicoarun] <STEAM_1:0:952954061>
L 09/02/2026 - 21:50:27: [FF] [None :D] <STEAM_1:0:578030381> -> 3 HP bằng (boom/fire) -> [Curren Bouquetd'or] <STEAM_1:1:524205977>
L 09/02/2026 - 21:50:27: [FF] [None :D] <STEAM_1:0:578030381> -> 3 HP bằng (boom/fire) -> [KeroN] <STEAM_1:1:161759963>
L 09/02/2026 - 21:50:27: [FF] [None :D] <STEAM_1:0:578030381> -> 3 HP bằng (boom/fire) -> [Holo 40k] <STEAM_1:1:925049770>
L 09/02/2026 - 21:50:27: [FF] [None :D] <STEAM_1:0:578030381> -> 3 HP bằng (boom/fire) -> [Lê Hải] <STEAM_1:0:471595906>
L 09/02/2026 - 21:50:27: [FF] [None :D] <STEAM_1:0:578030381> -> 3 HP bằng (boom/fire) -> [Vịt-hút-thuốc-lá] <STEAM_1:1:176443622>
L 09/02/2026 - 21:50:27: [FF] [None :D] <STEAM_1:0:578030381> -> 3 HP bằng (boom/fire) -> [TezzyPham] <STEAM_1:1:933338290>
L 09/02/2026 - 21:50:27: [FF] [chimxanh] <STEAM_1:1:626078671> -> 16 HP bằng (boom/fire) -> [（ ͜.人 ͜.）⛇☃] <STEAM_1:1:241852047>
L 09/02/2026 - 21:50:27: [HẠ GỤC] chimxanh <STEAM_1:1:626078671> đã hạ gục None :D <STEAM_1:0:578030381> bằng (boom/fire)
L 09/02/2026 - 21:50:28: [FF] [Binchu2222] <STEAM_1:0:690072085> -> 14 HP bằng (boom/fire) -> [KeroN] <STEAM_1:1:161759963>
L 09/02/2026 - 21:50:28: [FF] [Binchu2222] <STEAM_1:0:690072085> -> 14 HP bằng (boom/fire) -> [Chicoarun] <STEAM_1:0:952954061>
L 09/02/2026 - 21:50:28: [FF] [Binchu2222] <STEAM_1:0:690072085> -> 14 HP bằng (boom/fire) -> [Curren Bouquetd'or] <STEAM_1:1:524205977>
L 09/02/2026 - 21:50:28: [FF] [Binchu2222] <STEAM_1:0:690072085> -> 14 HP bằng (boom/fire) -> [Vịt-hút-thuốc-lá] <STEAM_1:1:176443622>
L 09/02/2026 - 21:50:28: [FF] [Binchu2222] <STEAM_1:0:690072085> -> 14 HP bằng (boom/fire) -> [Holo 40k] <STEAM_1:1:925049770>
L 09/02/2026 - 21:50:28: [FF] [Binchu2222] <STEAM_1:0:690072085> -> 14 HP bằng (boom/fire) -> [Lê Hải] <STEAM_1:0:471595906>
L 09/02/2026 - 21:50:28: [FF] [Binchu2222] <STEAM_1:0:690072085> -> 14 HP bằng (boom/fire) -> [TezzyPham] <STEAM_1:1:933338290>
L 09/02/2026 - 21:50:28: [FF] [None :D] <STEAM_1:0:578030381> -> 4 HP bằng (boom/fire) -> [KeroN] <STEAM_1:1:161759963>
L 09/02/2026 - 21:50:28: [FF] [None :D] <STEAM_1:0:578030381> -> 4 HP bằng (boom/fire) -> [Chicoarun] <STEAM_1:0:952954061>
L 09/02/2026 - 21:50:28: [FF] [None :D] <STEAM_1:0:578030381> -> 4 HP bằng (boom/fire) -> [Curren Bouquetd'or] <STEAM_1:1:524205977>
L 09/02/2026 - 21:50:28: [FF] [None :D] <STEAM_1:0:578030381> -> 4 HP bằng (boom/fire) -> [Vịt-hút-thuốc-lá] <STEAM_1:1:176443622>
L 09/02/2026 - 21:50:28: [FF] [None :D] <STEAM_1:0:578030381> -> 4 HP bằng (boom/fire) -> [Holo 40k] <STEAM_1:1:925049770>
L 09/02/2026 - 21:50:28: [FF] [None :D] <STEAM_1:0:578030381> -> 4 HP bằng (boom/fire) -> [TezzyPham] <STEAM_1:1:933338290>
L 09/02/2026 - 21:50:28: [FF] [None :D] <STEAM_1:0:578030381> -> 4 HP bằng (boom/fire) -> [Lê Hải] <STEAM_1:0:471595906>
L 09/02/2026 - 21:50:28: [HẠ GỤC] chimxanh <STEAM_1:1:626078671> đã hạ gục （ ͜.人 ͜.）⛇☃ <STEAM_1:1:241852047> bằng (boom/fire)
L 09/02/2026 - 21:50:28: [FF] [chimxanh] <STEAM_1:1:626078671> -> 16 HP bằng (boom/fire) -> [None :D] <STEAM_1:0:578030381>
L 09/02/2026 - 21:50:28: [FF] [Binchu2222] <STEAM_1:0:690072085> -> 16 HP bằng (boom/fire) -> [Holo 40k] <STEAM_1:1:925049770>
L 09/02/2026 - 21:50:28: [FF] [Binchu2222] <STEAM_1:0:690072085> -> 16 HP bằng (boom/fire) -> [Chicoarun] <STEAM_1:0:952954061>
L 09/02/2026 - 21:50:28: [FF] [Binchu2222] <STEAM_1:0:690072085> -> 16 HP bằng (boom/fire) -> [Curren Bouquetd'or] <STEAM_1:1:524205977>
L 09/02/2026 - 21:50:28: [FF] [Binchu2222] <STEAM_1:0:690072085> -> 16 HP bằng (boom/fire) -> [Mikasa] <STEAM_1:0:522010986>
L 09/02/2026 - 21:50:28: [FF] [Binchu2222] <STEAM_1:0:690072085> -> 16 HP bằng (boom/fire) -> [Vịt-hút-thuốc-lá] <STEAM_1:1:176443622>
L 09/02/2026 - 21:50:28: [FF] [Binchu2222] <STEAM_1:0:690072085> -> 16 HP bằng (boom/fire) -> [KeroN] <STEAM_1:1:161759963>
L 09/02/2026 - 21:50:28: [FF] [Binchu2222] <STEAM_1:0:690072085> -> 16 HP bằng (boom/fire) -> [TezzyPham] <STEAM_1:1:933338290>
L 09/02/2026 - 21:50:28: [FF] [Binchu2222] <STEAM_1:0:690072085> -> 16 HP bằng (boom/fire) -> [Lê Hải] <STEAM_1:0:471595906>
L 09/02/2026 - 21:50:28: [FF] [None :D] <STEAM_1:0:578030381> -> 6 HP bằng (boom/fire) -> [Holo 40k] <STEAM_1:1:925049770>
L 09/02/2026 - 21:50:28: [FF] [None :D] <STEAM_1:0:578030381> -> 6 HP bằng (boom/fire) -> [Chicoarun] <STEAM_1:0:952954061>
L 09/02/2026 - 21:50:28: [FF] [None :D] <STEAM_1:0:578030381> -> 6 HP bằng (boom/fire) -> [Curren Bouquetd'or] <STEAM_1:1:524205977>
L 09/02/2026 - 21:50:28: [FF] [None :D] <STEAM_1:0:578030381> -> 6 HP bằng (boom/fire) -> [Vịt-hút-thuốc-lá] <STEAM_1:1:176443622>
L 09/02/2026 - 21:50:28: [FF] [None :D] <STEAM_1:0:578030381> -> 6 HP bằng (boom/fire) -> [KeroN] <STEAM_1:1:161759963>
L 09/02/2026 - 21:50:28: [HẠ GỤC] None :D <STEAM_1:0:578030381> đã hạ gục TezzyPham <STEAM_1:1:933338290> bằng (boom/fire)
L 09/02/2026 - 21:50:28: [FF] [None :D] <STEAM_1:0:578030381> -> 6 HP bằng (boom/fire) -> [Lê Hải] <STEAM_1:0:471595906>
L 09/02/2026 - 21:50:28: [FF] [chimxanh] <STEAM_1:1:626078671> -> 16 HP bằng (boom/fire) -> [None :D] <STEAM_1:0:578030381>
L 09/02/2026 - 21:50:28: [HẠ GỤC] Binchu2222 <STEAM_1:0:690072085> đã hạ gục Chicoarun <STEAM_1:0:952954061> bằng (boom/fire)
L 09/02/2026 - 21:50:28: [HẠ GỤC] Binchu2222 <STEAM_1:0:690072085> đã hạ gục Curren Bouquetd'or <STEAM_1:1:524205977> bằng (boom/fire)
L 09/02/2026 - 21:50:28: [FF] [Binchu2222] <STEAM_1:0:690072085> -> 16 HP bằng (boom/fire) -> [Mikasa] <STEAM_1:0:522010986>
L 09/02/2026 - 21:50:28: [FF] [Binchu2222] <STEAM_1:0:690072085> -> 16 HP bằng (boom/fire) -> [Vịt-hút-thuốc-lá] <STEAM_1:1:176443622>
L 09/02/2026 - 21:50:28: [FF] [Binchu2222] <STEAM_1:0:690072085> -> 16 HP bằng (boom/fire) -> [Holo 40k] <STEAM_1:1:925049770>
L 09/02/2026 - 21:50:28: [HẠ GỤC] Binchu2222 <STEAM_1:0:690072085> đã hạ gục chimxanh <STEAM_1:1:626078671> bằng (boom/fire)
L 09/02/2026 - 21:50:28: [FF] [Binchu2222] <STEAM_1:0:690072085> -> 16 HP bằng (boom/fire) -> [KeroN] <STEAM_1:1:161759963>
L 09/02/2026 - 21:50:28: [HẠ GỤC] Binchu2222 <STEAM_1:0:690072085> đã hạ gục Lê Hải <STEAM_1:0:471595906> bằng (boom/fire)
L 09/02/2026 - 21:50:28: [FF] [Binchu2222] <STEAM_1:0:690072085> -> 16 HP bằng (boom/fire) -> [TezzyPham] <STEAM_1:1:933338290>
L 09/02/2026 - 21:50:28: [FF] [None :D] <STEAM_1:0:578030381> -> 8 HP bằng (boom/fire) -> [Holo 40k] <STEAM_1:1:925049770>
L 09/02/2026 - 21:50:28: [FF] [None :D] <STEAM_1:0:578030381> -> 8 HP bằng (boom/fire) -> [Chicoarun] <STEAM_1:0:952954061>
L 09/02/2026 - 21:50:28: [FF] [None :D] <STEAM_1:0:578030381> -> 8 HP bằng (boom/fire) -> [Curren Bouquetd'or] <STEAM_1:1:524205977>
L 09/02/2026 - 21:50:28: [FF] [None :D] <STEAM_1:0:578030381> -> 8 HP bằng (boom/fire) -> [Vịt-hút-thuốc-lá] <STEAM_1:1:176443622>
L 09/02/2026 - 21:50:28: [FF] [None :D] <STEAM_1:0:578030381> -> 8 HP bằng (boom/fire) -> [Mikasa] <STEAM_1:0:522010986>
L 09/02/2026 - 21:50:28: [FF] [None :D] <STEAM_1:0:578030381> -> 8 HP bằng (boom/fire) -> [KeroN] <STEAM_1:1:161759963>
L 09/02/2026 - 21:50:28: [FF] [None :D] <STEAM_1:0:578030381> -> 8 HP bằng (boom/fire) -> [Lê Hải] <STEAM_1:0:471595906>
L 09/02/2026 - 21:50:28: [FF] [None :D] <STEAM_1:0:578030381> -> 8 HP bằng (boom/fire) -> [TezzyPham] <STEAM_1:1:933338290>
L 09/02/2026 - 21:50:28: [FF] [chimxanh] <STEAM_1:1:626078671> -> 16 HP bằng (boom/fire) -> [None :D] <STEAM_1:0:578030381>
L 09/02/2026 - 21:50:28: [FF] [Binchu2222] <STEAM_1:0:690072085> -> 16 HP bằng (boom/fire) -> [Holo 40k] <STEAM_1:1:925049770>
L 09/02/2026 - 21:50:28: [FF] [Binchu2222] <STEAM_1:0:690072085> -> 16 HP bằng (boom/fire) -> [Chicoarun] <STEAM_1:0:952954061>
L 09/02/2026 - 21:50:28: [FF] [Binchu2222] <STEAM_1:0:690072085> -> 16 HP bằng (boom/fire) -> [Curren Bouquetd'or] <STEAM_1:1:524205977>
L 09/02/2026 - 21:50:28: [FF] [Binchu2222] <STEAM_1:0:690072085> -> 16 HP bằng (boom/fire) -> [Mikasa] <STEAM_1:0:522010986>
L 09/02/2026 - 21:50:28: [HẠ GỤC] Binchu2222 <STEAM_1:0:690072085> đã hạ gục Vịt-hút-thuốc-lá <STEAM_1:1:176443622> bằng (boom/fire)
L 09/02/2026 - 21:50:28: [FF] [Binchu2222] <STEAM_1:0:690072085> -> 16 HP bằng (boom/fire) -> [chimxanh] <STEAM_1:1:626078671>
L 09/02/2026 - 21:50:28: [FF] [Binchu2222] <STEAM_1:0:690072085> -> 16 HP bằng (boom/fire) -> [Lê Hải] <STEAM_1:0:471595906>
L 09/02/2026 - 21:50:28: [FF] [Binchu2222] <STEAM_1:0:690072085> -> 16 HP bằng (boom/fire) -> [KeroN] <STEAM_1:1:161759963>
L 09/02/2026 - 21:50:28: [FF] [Binchu2222] <STEAM_1:0:690072085> -> 16 HP bằng (boom/fire) -> [TezzyPham] <STEAM_1:1:933338290>
L 09/02/2026 - 21:50:28: [FF] [None :D] <STEAM_1:0:578030381> -> 9 HP bằng (boom/fire) -> [Vịt-hút-thuốc-lá] <STEAM_1:1:176443622>
L 09/02/2026 - 21:50:28: [FF] [None :D] <STEAM_1:0:578030381> -> 9 HP bằng (boom/fire) -> [Mikasa] <STEAM_1:0:522010986>
L 09/02/2026 - 21:50:28: [FF] [None :D] <STEAM_1:0:578030381> -> 9 HP bằng (boom/fire) -> [Holo 40k] <STEAM_1:1:925049770>
L 09/02/2026 - 21:50:28: [FF] [None :D] <STEAM_1:0:578030381> -> 9 HP bằng (boom/fire) -> [Chicoarun] <STEAM_1:0:952954061>
L 09/02/2026 - 21:50:28: [FF] [None :D] <STEAM_1:0:578030381> -> 9 HP bằng (boom/fire) -> [Curren Bouquetd'or] <STEAM_1:1:524205977>
L 09/02/2026 - 21:50:28: [FF] [None :D] <STEAM_1:0:578030381> -> 9 HP bằng (boom/fire) -> [KeroN] <STEAM_1:1:161759963>
L 09/02/2026 - 21:50:28: [FF] [None :D] <STEAM_1:0:578030381> -> 9 HP bằng (boom/fire) -> [Lê Hải] <STEAM_1:0:471595906>
L 09/02/2026 - 21:50:28: [FF] [None :D] <STEAM_1:0:578030381> -> 9 HP bằng (boom/fire) -> [TezzyPham] <STEAM_1:1:933338290>
L 09/02/2026 - 21:50:28: [FF] [chimxanh] <STEAM_1:1:626078671> -> 16 HP bằng (boom/fire) -> [None :D] <STEAM_1:0:578030381>
L 09/02/2026 - 21:50:28: [HẠ GỤC] Binchu2222 <STEAM_1:0:690072085> đã hạ gục Holo 40k <STEAM_1:1:925049770> bằng (boom/fire)
L 09/02/2026 - 21:50:28: [FF] [Binchu2222] <STEAM_1:0:690072085> -> 16 HP bằng (boom/fire) -> [Curren Bouquetd'or] <STEAM_1:1:524205977>
L 09/02/2026 - 21:50:28: [FF] [Binchu2222] <STEAM_1:0:690072085> -> 16 HP bằng (boom/fire) -> [chimxanh] <STEAM_1:1:626078671>
L 09/02/2026 - 21:50:28: [FF] [Binchu2222] <STEAM_1:0:690072085> -> 16 HP bằng (boom/fire) -> [Mikasa] <STEAM_1:0:522010986>
L 09/02/2026 - 21:50:28: [FF] [Binchu2222] <STEAM_1:0:690072085> -> 16 HP bằng (boom/fire) -> [Chicoarun] <STEAM_1:0:952954061>
L 09/02/2026 - 21:50:28: [FF] [Binchu2222] <STEAM_1:0:690072085> -> 16 HP bằng (boom/fire) -> [Vịt-hút-thuốc-lá] <STEAM_1:1:176443622>
L 09/02/2026 - 21:50:28: [FF] [Binchu2222] <STEAM_1:0:690072085> -> 16 HP bằng (boom/fire) -> [KeroN] <STEAM_1:1:161759963>
L 09/02/2026 - 21:50:28: [FF] [Binchu2222] <STEAM_1:0:690072085> -> 16 HP bằng (boom/fire) -> [Lê Hải] <STEAM_1:0:471595906>
L 09/02/2026 - 21:50:28: [FF] [Binchu2222] <STEAM_1:0:690072085> -> 16 HP bằng (boom/fire) -> [TezzyPham] <STEAM_1:1:933338290>
L 09/02/2026 - 21:50:28: [FF] [None :D] <STEAM_1:0:578030381> -> 11 HP bằng (boom/fire) -> [Vịt-hút-thuốc-lá] <STEAM_1:1:176443622>
L 09/02/2026 - 21:50:28: [FF] [None :D] <STEAM_1:0:578030381> -> 11 HP bằng (boom/fire) -> [Chicoarun] <STEAM_1:0:952954061>
L 09/02/2026 - 21:50:28: [FF] [None :D] <STEAM_1:0:578030381> -> 11 HP bằng (boom/fire) -> [Curren Bouquetd'or] <STEAM_1:1:524205977>
L 09/02/2026 - 21:50:28: [FF] [None :D] <STEAM_1:0:578030381> -> 11 HP bằng (boom/fire) -> [Holo 40k] <STEAM_1:1:925049770>
L 09/02/2026 - 21:50:28: [FF] [None :D] <STEAM_1:0:578030381> -> 11 HP bằng (boom/fire) -> [Mikasa] <STEAM_1:0:522010986>
L 09/02/2026 - 21:50:28: [FF] [None :D] <STEAM_1:0:578030381> -> 11 HP bằng (boom/fire) -> [Lê Hải] <STEAM_1:0:471595906>
L 09/02/2026 - 21:50:28: [FF] [None :D] <STEAM_1:0:578030381> -> 11 HP bằng (boom/fire) -> [KeroN] <STEAM_1:1:161759963>
L 09/02/2026 - 21:50:28: [FF] [None :D] <STEAM_1:0:578030381> -> 11 HP bằng (boom/fire) -> [TezzyPham] <STEAM_1:1:933338290>
L 09/02/2026 - 21:50:28: [FF] [chimxanh] <STEAM_1:1:626078671> -> 16 HP bằng (boom/fire) -> [None :D] <STEAM_1:0:578030381>
L 09/02/2026 - 21:50:29: [FF] [Binchu2222] <STEAM_1:0:690072085> -> 16 HP bằng (boom/fire) -> [Holo 40k] <STEAM_1:1:925049770>
L 09/02/2026 - 21:50:29: [FF] [Binchu2222] <STEAM_1:0:690072085> -> 16 HP bằng (boom/fire) -> [Chicoarun] <STEAM_1:0:952954061>
L 09/02/2026 - 21:50:29: [FF] [Binchu2222] <STEAM_1:0:690072085> -> 16 HP bằng (boom/fire) -> [Curren Bouquetd'or] <STEAM_1:1:524205977>
L 09/02/2026 - 21:50:29: [FF] [Binchu2222] <STEAM_1:0:690072085> -> 16 HP bằng (boom/fire) -> [chimxanh] <STEAM_1:1:626078671>
L 09/02/2026 - 21:50:29: [HẠ GỤC] Binchu2222 <STEAM_1:0:690072085> đã hạ gục Mikasa <STEAM_1:0:522010986> bằng (boom/fire)
L 09/02/2026 - 21:50:29: [FF] [Binchu2222] <STEAM_1:0:690072085> -> 16 HP bằng (boom/fire) -> [Vịt-hút-thuốc-lá] <STEAM_1:1:176443622>
L 09/02/2026 - 21:50:29: [FF] [Binchu2222] <STEAM_1:0:690072085> -> 16 HP bằng (boom/fire) -> [KeroN] <STEAM_1:1:161759963>
L 09/02/2026 - 21:50:29: [FF] [Binchu2222] <STEAM_1:0:690072085> -> 16 HP bằng (boom/fire) -> [Lê Hải] <STEAM_1:0:471595906>
L 09/02/2026 - 21:50:29: [FF] [Binchu2222] <STEAM_1:0:690072085> -> 16 HP bằng (boom/fire) -> [TezzyPham] <STEAM_1:1:933338290>
L 09/02/2026 - 21:50:29: [FF] [None :D] <STEAM_1:0:578030381> -> 12 HP bằng (boom/fire) -> [Chicoarun] <STEAM_1:0:952954061>
L 09/02/2026 - 21:50:29: [FF] [None :D] <STEAM_1:0:578030381> -> 12 HP bằng (boom/fire) -> [Curren Bouquetd'or] <STEAM_1:1:524205977>
L 09/02/2026 - 21:50:29: [FF] [None :D] <STEAM_1:0:578030381> -> 12 HP bằng (boom/fire) -> [Mikasa] <STEAM_1:0:522010986>
L 09/02/2026 - 21:50:29: [FF] [None :D] <STEAM_1:0:578030381> -> 12 HP bằng (boom/fire) -> [Holo 40k] <STEAM_1:1:925049770>
L 09/02/2026 - 21:50:29: [FF] [None :D] <STEAM_1:0:578030381> -> 12 HP bằng (boom/fire) -> [Vịt-hút-thuốc-lá] <STEAM_1:1:176443622>
L 09/02/2026 - 21:50:29: [FF] [None :D] <STEAM_1:0:578030381> -> 12 HP bằng (boom/fire) -> [Binchu2222] <STEAM_1:0:690072085>
L 09/02/2026 - 21:50:29: [FF] [None :D] <STEAM_1:0:578030381> -> 12 HP bằng (boom/fire) -> [KeroN] <STEAM_1:1:161759963>
L 09/02/2026 - 21:50:29: [FF] [None :D] <STEAM_1:0:578030381> -> 12 HP bằng (boom/fire) -> [Lê Hải] <STEAM_1:0:471595906>
L 09/02/2026 - 21:50:29: [FF] [None :D] <STEAM_1:0:578030381> -> 12 HP bằng (boom/fire) -> [TezzyPham] <STEAM_1:1:933338290>
L 09/02/2026 - 21:50:29: [FF] [chimxanh] <STEAM_1:1:626078671> -> 16 HP bằng (boom/fire) -> [None :D] <STEAM_1:0:578030381>
L 09/02/2026 - 21:50:29: [FF] [Binchu2222] <STEAM_1:0:690072085> -> 16 HP bằng (boom/fire) -> [chimxanh] <STEAM_1:1:626078671>
L 09/02/2026 - 21:50:29: [FF] [Binchu2222] <STEAM_1:0:690072085> -> 16 HP bằng (boom/fire) -> [Holo 40k] <STEAM_1:1:925049770>
L 09/02/2026 - 21:50:29: [FF] [Binchu2222] <STEAM_1:0:690072085> -> 16 HP bằng (boom/fire) -> [Chicoarun] <STEAM_1:0:952954061>
L 09/02/2026 - 21:50:29: [FF] [Binchu2222] <STEAM_1:0:690072085> -> 16 HP bằng (boom/fire) -> [Curren Bouquetd'or] <STEAM_1:1:524205977>
L 09/02/2026 - 21:50:29: [FF] [Binchu2222] <STEAM_1:0:690072085> -> 16 HP bằng (boom/fire) -> [Vịt-hút-thuốc-lá] <STEAM_1:1:176443622>
L 09/02/2026 - 21:50:29: [HẠ GỤC] Binchu2222 <STEAM_1:0:690072085> đã hạ gục KeroN <STEAM_1:1:161759963> bằng (boom/fire)
L 09/02/2026 - 21:50:29: [FF] [Binchu2222] <STEAM_1:0:690072085> -> 16 HP bằng (boom/fire) -> [Mikasa] <STEAM_1:0:522010986>
L 09/02/2026 - 21:50:29: [FF] [Binchu2222] <STEAM_1:0:690072085> -> 16 HP bằng (boom/fire) -> [Lê Hải] <STEAM_1:0:471595906>
L 09/02/2026 - 21:50:29: [FF] [Binchu2222] <STEAM_1:0:690072085> -> 16 HP bằng (boom/fire) -> [TezzyPham] <STEAM_1:1:933338290>
L 09/02/2026 - 21:50:29: [FF] [None :D] <STEAM_1:0:578030381> -> 14 HP bằng (boom/fire) -> [KeroN] <STEAM_1:1:161759963>
L 09/02/2026 - 21:50:29: [FF] [None :D] <STEAM_1:0:578030381> -> 14 HP bằng (boom/fire) -> [Holo 40k] <STEAM_1:1:925049770>
L 09/02/2026 - 21:50:29: [FF] [None :D] <STEAM_1:0:578030381> -> 14 HP bằng (boom/fire) -> [Chicoarun] <STEAM_1:0:952954061>
L 09/02/2026 - 21:50:29: [FF] [None :D] <STEAM_1:0:578030381> -> 14 HP bằng (boom/fire) -> [Vịt-hút-thuốc-lá] <STEAM_1:1:176443622>
L 09/02/2026 - 21:50:29: [FF] [None :D] <STEAM_1:0:578030381> -> 14 HP bằng (boom/fire) -> [Binchu2222] <STEAM_1:0:690072085>
L 09/02/2026 - 21:50:29: [FF] [None :D] <STEAM_1:0:578030381> -> 14 HP bằng (boom/fire) -> [Curren Bouquetd'or] <STEAM_1:1:524205977>
L 09/02/2026 - 21:50:29: [FF] [None :D] <STEAM_1:0:578030381> -> 14 HP bằng (boom/fire) -> [Mikasa] <STEAM_1:0:522010986>
L 09/02/2026 - 21:50:29: [FF] [None :D] <STEAM_1:0:578030381> -> 14 HP bằng (boom/fire) -> [Lê Hải] <STEAM_1:0:471595906>
L 09/02/2026 - 21:50:29: [FF] [None :D] <STEAM_1:0:578030381> -> 14 HP bằng (boom/fire) -> [TezzyPham] <STEAM_1:1:933338290>
L 09/02/2026 - 21:50:29: [FF] [chimxanh] <STEAM_1:1:626078671> -> 16 HP bằng (boom/fire) -> [None :D] <STEAM_1:0:578030381>
L 09/02/2026 - 21:50:29: [FF] [Binchu2222] <STEAM_1:0:690072085> -> 16 HP bằng (boom/fire) -> [chimxanh] <STEAM_1:1:626078671>
L 09/02/2026 - 21:50:29: [FF] [Binchu2222] <STEAM_1:0:690072085> -> 16 HP bằng (boom/fire) -> [Holo 40k] <STEAM_1:1:925049770>
L 09/02/2026 - 21:50:29: [FF] [Binchu2222] <STEAM_1:0:690072085> -> 16 HP bằng (boom/fire) -> [Chicoarun] <STEAM_1:0:952954061>
L 09/02/2026 - 21:50:29: [FF] [Binchu2222] <STEAM_1:0:690072085> -> 16 HP bằng (boom/fire) -> [Curren Bouquetd'or] <STEAM_1:1:524205977>
L 09/02/2026 - 21:50:29: [FF] [Binchu2222] <STEAM_1:0:690072085> -> 16 HP bằng (boom/fire) -> [KeroN] <STEAM_1:1:161759963>
L 09/02/2026 - 21:50:29: [FF] [Binchu2222] <STEAM_1:0:690072085> -> 16 HP bằng (boom/fire) -> [Vịt-hút-thuốc-lá] <STEAM_1:1:176443622>
L 09/02/2026 - 21:50:29: [FF] [Binchu2222] <STEAM_1:0:690072085> -> 16 HP bằng (boom/fire) -> [Mikasa] <STEAM_1:0:522010986>
L 09/02/2026 - 21:50:29: [FF] [Binchu2222] <STEAM_1:0:690072085> -> 16 HP bằng (boom/fire) -> [Lê Hải] <STEAM_1:0:471595906>
L 09/02/2026 - 21:50:29: [FF] [Binchu2222] <STEAM_1:0:690072085> -> 16 HP bằng (boom/fire) -> [TezzyPham] <STEAM_1:1:933338290>
L 09/02/2026 - 21:50:29: [FF] [None :D] <STEAM_1:0:578030381> -> 16 HP bằng (boom/fire) -> [KeroN] <STEAM_1:1:161759963>
L 09/02/2026 - 21:50:29: [FF] [None :D] <STEAM_1:0:578030381> -> 16 HP bằng (boom/fire) -> [Holo 40k] <STEAM_1:1:925049770>
L 09/02/2026 - 21:50:29: [FF] [None :D] <STEAM_1:0:578030381> -> 16 HP bằng (boom/fire) -> [Chicoarun] <STEAM_1:0:952954061>
L 09/02/2026 - 21:50:29: [FF] [None :D] <STEAM_1:0:578030381> -> 16 HP bằng (boom/fire) -> [Curren Bouquetd'or] <STEAM_1:1:524205977>
L 09/02/2026 - 21:50:29: [FF] [None :D] <STEAM_1:0:578030381> -> 16 HP bằng (boom/fire) -> [Binchu2222] <STEAM_1:0:690072085>
L 09/02/2026 - 21:50:29: [FF] [None :D] <STEAM_1:0:578030381> -> 16 HP bằng (boom/fire) -> [Vịt-hút-thuốc-lá] <STEAM_1:1:176443622>
L 09/02/2026 - 21:50:29: [FF] [None :D] <STEAM_1:0:578030381> -> 16 HP bằng (boom/fire) -> [Mikasa] <STEAM_1:0:522010986>
L 09/02/2026 - 21:50:29: [FF] [None :D] <STEAM_1:0:578030381> -> 16 HP bằng (boom/fire) -> [Lê Hải] <STEAM_1:0:471595906>
L 09/02/2026 - 21:50:29: [FF] [None :D] <STEAM_1:0:578030381> -> 16 HP bằng (boom/fire) -> [TezzyPham] <STEAM_1:1:933338290>
L 09/02/2026 - 21:50:29: [FF] [chimxanh] <STEAM_1:1:626078671> -> 16 HP bằng (boom/fire) -> [None :D] <STEAM_1:0:578030381>
L 09/02/2026 - 21:50:29: [FF] [Binchu2222] <STEAM_1:0:690072085> -> 16 HP bằng (boom/fire) -> [chimxanh] <STEAM_1:1:626078671>
L 09/02/2026 - 21:50:29: [FF] [Binchu2222] <STEAM_1:0:690072085> -> 16 HP bằng (boom/fire) -> [Chicoarun] <STEAM_1:0:952954061>
L 09/02/2026 - 21:50:29: [FF] [Binchu2222] <STEAM_1:0:690072085> -> 16 HP bằng (boom/fire) -> [Curren Bouquetd'or] <STEAM_1:1:524205977>
L 09/02/2026 - 21:50:29: [FF] [Binchu2222] <STEAM_1:0:690072085> -> 16 HP bằng (boom/fire) -> [KeroN] <STEAM_1:1:161759963>
L 09/02/2026 - 21:50:29: [FF] [Binchu2222] <STEAM_1:0:690072085> -> 16 HP bằng (boom/fire) -> [Holo 40k] <STEAM_1:1:925049770>
L 09/02/2026 - 21:50:29: [FF] [Binchu2222] <STEAM_1:0:690072085> -> 16 HP bằng (boom/fire) -> [Lê Hải] <STEAM_1:0:471595906>
L 09/02/2026 - 21:50:29: [FF] [Binchu2222] <STEAM_1:0:690072085> -> 16 HP bằng (boom/fire) -> [Vịt-hút-thuốc-lá] <STEAM_1:1:176443622>
L 09/02/2026 - 21:50:29: [FF] [Binchu2222] <STEAM_1:0:690072085> -> 16 HP bằng (boom/fire) -> [Mikasa] <STEAM_1:0:522010986>
L 09/02/2026 - 21:50:29: [FF] [Binchu2222] <STEAM_1:0:690072085> -> 16 HP bằng (boom/fire) -> [TezzyPham] <STEAM_1:1:933338290>
L 09/02/2026 - 21:50:29: [FF] [None :D] <STEAM_1:0:578030381> -> 16 HP bằng (boom/fire) -> [Binchu2222] <STEAM_1:0:690072085>
L 09/02/2026 - 21:50:29: [FF] [None :D] <STEAM_1:0:578030381> -> 16 HP bằng (boom/fire) -> [Chicoarun] <STEAM_1:0:952954061>
L 09/02/2026 - 21:50:29: [FF] [None :D] <STEAM_1:0:578030381> -> 16 HP bằng (boom/fire) -> [Holo 40k] <STEAM_1:1:925049770>
L 09/02/2026 - 21:50:29: [FF] [None :D] <STEAM_1:0:578030381> -> 16 HP bằng (boom/fire) -> [KeroN] <STEAM_1:1:161759963>
L 09/02/2026 - 21:50:29: [FF] [None :D] <STEAM_1:0:578030381> -> 16 HP bằng (boom/fire) -> [Lê Hải] <STEAM_1:0:471595906>
L 09/02/2026 - 21:50:29: [FF] [None :D] <STEAM_1:0:578030381> -> 16 HP bằng (boom/fire) -> [Curren Bouquetd'or] <STEAM_1:1:524205977>
L 09/02/2026 - 21:50:29: [FF] [None :D] <STEAM_1:0:578030381> -> 16 HP bằng (boom/fire) -> [Vịt-hút-thuốc-lá] <STEAM_1:1:176443622>
L 09/02/2026 - 21:50:29: [FF] [None :D] <STEAM_1:0:578030381> -> 16 HP bằng (boom/fire) -> [Mikasa] <STEAM_1:0:522010986>
L 09/02/2026 - 21:50:29: [FF] [None :D] <STEAM_1:0:578030381> -> 16 HP bằng (boom/fire) -> [TezzyPham] <STEAM_1:1:933338290>
L 09/02/2026 - 21:50:29: [FF] [chimxanh] <STEAM_1:1:626078671> -> 16 HP bằng (boom/fire) -> [None :D] <STEAM_1:0:578030381>
L 09/02/2026 - 21:50:29: [FF] [Binchu2222] <STEAM_1:0:690072085> -> 16 HP bằng (boom/fire) -> [chimxanh] <STEAM_1:1:626078671>
L 09/02/2026 - 21:50:29: [FF] [Binchu2222] <STEAM_1:0:690072085> -> 16 HP bằng (boom/fire) -> [KeroN] <STEAM_1:1:161759963>
L 09/02/2026 - 21:50:29: [FF] [Binchu2222] <STEAM_1:0:690072085> -> 16 HP bằng (boom/fire) -> [Chicoarun] <STEAM_1:0:952954061>
L 09/02/2026 - 21:50:29: [FF] [Binchu2222] <STEAM_1:0:690072085> -> 16 HP bằng (boom/fire) -> [Curren Bouquetd'or] <STEAM_1:1:524205977>
L 09/02/2026 - 21:50:29: [FF] [Binchu2222] <STEAM_1:0:690072085> -> 16 HP bằng (boom/fire) -> [Lê Hải] <STEAM_1:0:471595906>
L 09/02/2026 - 21:50:29: [FF] [Binchu2222] <STEAM_1:0:690072085> -> 16 HP bằng (boom/fire) -> [Holo 40k] <STEAM_1:1:925049770>
L 09/02/2026 - 21:50:29: [FF] [Binchu2222] <STEAM_1:0:690072085> -> 16 HP bằng (boom/fire) -> [Vịt-hút-thuốc-lá] <STEAM_1:1:176443622>
L 09/02/2026 - 21:50:29: [FF] [Binchu2222] <STEAM_1:0:690072085> -> 16 HP bằng (boom/fire) -> [Mikasa] <STEAM_1:0:522010986>
L 09/02/2026 - 21:50:29: [FF] [Binchu2222] <STEAM_1:0:690072085> -> 16 HP bằng (boom/fire) -> [TezzyPham] <STEAM_1:1:933338290>
L 09/02/2026 - 21:50:29: [FF] [None :D] <STEAM_1:0:578030381> -> 16 HP bằng (boom/fire) -> [KeroN] <STEAM_1:1:161759963>
L 09/02/2026 - 21:50:29: [FF] [None :D] <STEAM_1:0:578030381> -> 16 HP bằng (boom/fire) -> [Curren Bouquetd'or] <STEAM_1:1:524205977>
L 09/02/2026 - 21:50:29: [FF] [None :D] <STEAM_1:0:578030381> -> 16 HP bằng (boom/fire) -> [Binchu2222] <STEAM_1:0:690072085>
L 09/02/2026 - 21:50:29: [FF] [None :D] <STEAM_1:0:578030381> -> 16 HP bằng (boom/fire) -> [Lê Hải] <STEAM_1:0:471595906>
L 09/02/2026 - 21:50:29: [FF] [None :D] <STEAM_1:0:578030381> -> 16 HP bằng (boom/fire) -> [Chicoarun] <STEAM_1:0:952954061>
L 09/02/2026 - 21:50:29: [FF] [None :D] <STEAM_1:0:578030381> -> 16 HP bằng (boom/fire) -> [Holo 40k] <STEAM_1:1:925049770>
L 09/02/2026 - 21:50:29: [FF] [None :D] <STEAM_1:0:578030381> -> 16 HP bằng (boom/fire) -> [Vịt-hút-thuốc-lá] <STEAM_1:1:176443622>
L 09/02/2026 - 21:50:29: [FF] [None :D] <STEAM_1:0:578030381> -> 16 HP bằng (boom/fire) -> [Mikasa] <STEAM_1:0:522010986>
L 09/02/2026 - 21:50:29: [FF] [None :D] <STEAM_1:0:578030381> -> 16 HP bằng (boom/fire) -> [TezzyPham] <STEAM_1:1:933338290>
L 09/02/2026 - 21:50:30: [FF] [chimxanh] <STEAM_1:1:626078671> -> 16 HP bằng (boom/fire) -> [None :D] <STEAM_1:0:578030381>
L 09/02/2026 - 21:50:30: [FF] [Binchu2222] <STEAM_1:0:690072085> -> 16 HP bằng (boom/fire) -> [chimxanh] <STEAM_1:1:626078671>
L 09/02/2026 - 21:50:30: [FF] [Binchu2222] <STEAM_1:0:690072085> -> 16 HP bằng (boom/fire) -> [KeroN] <STEAM_1:1:161759963>
L 09/02/2026 - 21:50:30: [FF] [Binchu2222] <STEAM_1:0:690072085> -> 16 HP bằng (boom/fire) -> [Curren Bouquetd'or] <STEAM_1:1:524205977>
L 09/02/2026 - 21:50:30: [FF] [Binchu2222] <STEAM_1:0:690072085> -> 16 HP bằng (boom/fire) -> [Lê Hải] <STEAM_1:0:471595906>
L 09/02/2026 - 21:50:30: [FF] [Binchu2222] <STEAM_1:0:690072085> -> 16 HP bằng (boom/fire) -> [Chicoarun] <STEAM_1:0:952954061>
L 09/02/2026 - 21:50:30: [FF] [Binchu2222] <STEAM_1:0:690072085> -> 16 HP bằng (boom/fire) -> [Holo 40k] <STEAM_1:1:925049770>
L 09/02/2026 - 21:50:30: [FF] [Binchu2222] <STEAM_1:0:690072085> -> 16 HP bằng (boom/fire) -> [Vịt-hút-thuốc-lá] <STEAM_1:1:176443622>
L 09/02/2026 - 21:50:30: [FF] [Binchu2222] <STEAM_1:0:690072085> -> 16 HP bằng (boom/fire) -> [Mikasa] <STEAM_1:0:522010986>
L 09/02/2026 - 21:50:30: [FF] [Binchu2222] <STEAM_1:0:690072085> -> 16 HP bằng (boom/fire) -> [TezzyPham] <STEAM_1:1:933338290>
L 09/02/2026 - 21:50:30: [FF] [None :D] <STEAM_1:0:578030381> -> 16 HP bằng (boom/fire) -> [KeroN] <STEAM_1:1:161759963>
L 09/02/2026 - 21:50:30: [FF] [None :D] <STEAM_1:0:578030381> -> 16 HP bằng (boom/fire) -> [Curren Bouquetd'or] <STEAM_1:1:524205977>
L 09/02/2026 - 21:50:30: [FF] [None :D] <STEAM_1:0:578030381> -> 16 HP bằng (boom/fire) -> [Binchu2222] <STEAM_1:0:690072085>
L 09/02/2026 - 21:50:30: [FF] [None :D] <STEAM_1:0:578030381> -> 16 HP bằng (boom/fire) -> [Lê Hải] <STEAM_1:0:471595906>
L 09/02/2026 - 21:50:30: [FF] [None :D] <STEAM_1:0:578030381> -> 16 HP bằng (boom/fire) -> [Chicoarun] <STEAM_1:0:952954061>
L 09/02/2026 - 21:50:30: [FF] [None :D] <STEAM_1:0:578030381> -> 16 HP bằng (boom/fire) -> [Holo 40k] <STEAM_1:1:925049770>
L 09/02/2026 - 21:50:30: [FF] [None :D] <STEAM_1:0:578030381> -> 16 HP bằng (boom/fire) -> [Vịt-hút-thuốc-lá] <STEAM_1:1:176443622>
L 09/02/2026 - 21:50:30: [FF] [None :D] <STEAM_1:0:578030381> -> 16 HP bằng (boom/fire) -> [Mikasa] <STEAM_1:0:522010986>
L 09/02/2026 - 21:50:30: [FF] [None :D] <STEAM_1:0:578030381> -> 16 HP bằng (boom/fire) -> [TezzyPham] <STEAM_1:1:933338290>
L 09/02/2026 - 21:50:30: [FF] [chimxanh] <STEAM_1:1:626078671> -> 16 HP bằng (boom/fire) -> [None :D] <STEAM_1:0:578030381>
L 09/02/2026 - 21:50:30: [FF] [Binchu2222] <STEAM_1:0:690072085> -> 16 HP bằng (boom/fire) -> [chimxanh] <STEAM_1:1:626078671>
L 09/02/2026 - 21:50:30: [FF] [Binchu2222] <STEAM_1:0:690072085> -> 16 HP bằng (boom/fire) -> [KeroN] <STEAM_1:1:161759963>
L 09/02/2026 - 21:50:30: [FF] [Binchu2222] <STEAM_1:0:690072085> -> 16 HP bằng (boom/fire) -> [Curren Bouquetd'or] <STEAM_1:1:524205977>
L 09/02/2026 - 21:50:30: [FF] [Binchu2222] <STEAM_1:0:690072085> -> 16 HP bằng (boom/fire) -> [Lê Hải] <STEAM_1:0:471595906>
L 09/02/2026 - 21:50:30: [FF] [Binchu2222] <STEAM_1:0:690072085> -> 16 HP bằng (boom/fire) -> [Chicoarun] <STEAM_1:0:952954061>
L 09/02/2026 - 21:50:30: [FF] [Binchu2222] <STEAM_1:0:690072085> -> 16 HP bằng (boom/fire) -> [Holo 40k] <STEAM_1:1:925049770>
L 09/02/2026 - 21:50:30: [FF] [Binchu2222] <STEAM_1:0:690072085> -> 16 HP bằng (boom/fire) -> [Vịt-hút-thuốc-lá] <STEAM_1:1:176443622>
L 09/02/2026 - 21:50:30: [FF] [Binchu2222] <STEAM_1:0:690072085> -> 16 HP bằng (boom/fire) -> [Mikasa] <STEAM_1:0:522010986>
L 09/02/2026 - 21:50:30: [FF] [Binchu2222] <STEAM_1:0:690072085> -> 16 HP bằng (boom/fire) -> [TezzyPham] <STEAM_1:1:933338290>
L 09/02/2026 - 21:50:30: [FF] [None :D] <STEAM_1:0:578030381> -> 16 HP bằng (boom/fire) -> [Curren Bouquetd'or] <STEAM_1:1:524205977>
L 09/02/2026 - 21:50:30: [FF] [None :D] <STEAM_1:0:578030381> -> 16 HP bằng (boom/fire) -> [KeroN] <STEAM_1:1:161759963>
L 09/02/2026 - 21:50:30: [HẠ GỤC] None :D <STEAM_1:0:578030381> đã hạ gục Binchu2222 <STEAM_1:0:690072085> bằng (boom/fire)
L 09/02/2026 - 21:50:30: [FF] [None :D] <STEAM_1:0:578030381> -> 16 HP bằng (boom/fire) -> [Lê Hải] <STEAM_1:0:471595906>
L 09/02/2026 - 21:50:30: [FF] [None :D] <STEAM_1:0:578030381> -> 16 HP bằng (boom/fire) -> [Chicoarun] <STEAM_1:0:952954061>
L 09/02/2026 - 21:50:30: [FF] [None :D] <STEAM_1:0:578030381> -> 16 HP bằng (boom/fire) -> [Holo 40k] <STEAM_1:1:925049770>
L 09/02/2026 - 21:50:30: [FF] [None :D] <STEAM_1:0:578030381> -> 16 HP bằng (boom/fire) -> [Vịt-hút-thuốc-lá] <STEAM_1:1:176443622>
L 09/02/2026 - 21:50:30: [FF] [None :D] <STEAM_1:0:578030381> -> 16 HP bằng (boom/fire) -> [Mikasa] <STEAM_1:0:522010986>
L 09/02/2026 - 21:50:30: [FF] [None :D] <STEAM_1:0:578030381> -> 16 HP bằng (boom/fire) -> [TezzyPham] <STEAM_1:1:933338290>
L 09/02/2026 - 21:50:30: [FF] [chimxanh] <STEAM_1:1:626078671> -> 16 HP bằng (boom/fire) -> [None :D] <STEAM_1:0:578030381>
L 09/02/2026 - 21:50:30: [FF] [Binchu2222] <STEAM_1:0:690072085> -> 16 HP bằng (boom/fire) -> [chimxanh] <STEAM_1:1:626078671>
L 09/02/2026 - 21:50:30: [FF] [Binchu2222] <STEAM_1:0:690072085> -> 16 HP bằng (boom/fire) -> [KeroN] <STEAM_1:1:161759963>
L 09/02/2026 - 21:50:30: [FF] [Binchu2222] <STEAM_1:0:690072085> -> 16 HP bằng (boom/fire) -> [Curren Bouquetd'or] <STEAM_1:1:524205977>
L 09/02/2026 - 21:50:30: [FF] [Binchu2222] <STEAM_1:0:690072085> -> 16 HP bằng (boom/fire) -> [Lê Hải] <STEAM_1:0:471595906>
L 09/02/2026 - 21:50:30: [FF] [Binchu2222] <STEAM_1:0:690072085> -> 16 HP bằng (boom/fire) -> [Chicoarun] <STEAM_1:0:952954061>
L 09/02/2026 - 21:50:30: [FF] [Binchu2222] <STEAM_1:0:690072085> -> 16 HP bằng (boom/fire) -> [Holo 40k] <STEAM_1:1:925049770>
L 09/02/2026 - 21:50:30: [FF] [Binchu2222] <STEAM_1:0:690072085> -> 16 HP bằng (boom/fire) -> [Vịt-hút-thuốc-lá] <STEAM_1:1:176443622>
L 09/02/2026 - 21:50:30: [FF] [Binchu2222] <STEAM_1:0:690072085> -> 16 HP bằng (boom/fire) -> [Mikasa] <STEAM_1:0:522010986>
L 09/02/2026 - 21:50:30: [FF] [Binchu2222] <STEAM_1:0:690072085> -> 16 HP bằng (boom/fire) -> [TezzyPham] <STEAM_1:1:933338290>
L 09/02/2026 - 21:50:30: [FF] [None :D] <STEAM_1:0:578030381> -> 16 HP bằng (boom/fire) -> [Curren Bouquetd'or] <STEAM_1:1:524205977>
L 09/02/2026 - 21:50:30: [FF] [None :D] <STEAM_1:0:578030381> -> 16 HP bằng (boom/fire) -> [KeroN] <STEAM_1:1:161759963>
L 09/02/2026 - 21:50:30: [FF] [None :D] <STEAM_1:0:578030381> -> 16 HP bằng (boom/fire) -> [Lê Hải] <STEAM_1:0:471595906>
L 09/02/2026 - 21:50:30: [FF] [None :D] <STEAM_1:0:578030381> -> 16 HP bằng (boom/fire) -> [Chicoarun] <STEAM_1:0:952954061>
L 09/02/2026 - 21:50:30: [FF] [None :D] <STEAM_1:0:578030381> -> 16 HP bằng (boom/fire) -> [Holo 40k] <STEAM_1:1:925049770>
L 09/02/2026 - 21:50:30: [FF] [None :D] <STEAM_1:0:578030381> -> 16 HP bằng (boom/fire) -> [Vịt-hút-thuốc-lá] <STEAM_1:1:176443622>
L 09/02/2026 - 21:50:30: [FF] [None :D] <STEAM_1:0:578030381> -> 16 HP bằng (boom/fire) -> [Mikasa] <STEAM_1:0:522010986>
L 09/02/2026 - 21:50:30: [FF] [None :D] <STEAM_1:0:578030381> -> 16 HP bằng (boom/fire) -> [Binchu2222] <STEAM_1:0:690072085>
L 09/02/2026 - 21:50:30: [FF] [None :D] <STEAM_1:0:578030381> -> 16 HP bằng (boom/fire) -> [TezzyPham] <STEAM_1:1:933338290>
L 09/02/2026 - 21:50:30: [FF] [chimxanh] <STEAM_1:1:626078671> -> 16 HP bằng (boom/fire) -> [None :D] <STEAM_1:0:578030381>
L 09/02/2026 - 21:50:30: [FF] [Binchu2222] <STEAM_1:0:690072085> -> 16 HP bằng (boom/fire) -> [chimxanh] <STEAM_1:1:626078671>
L 09/02/2026 - 21:50:30: [FF] [Binchu2222] <STEAM_1:0:690072085> -> 16 HP bằng (boom/fire) -> [KeroN] <STEAM_1:1:161759963>
L 09/02/2026 - 21:50:30: [FF] [Binchu2222] <STEAM_1:0:690072085> -> 16 HP bằng (boom/fire) -> [Curren Bouquetd'or] <STEAM_1:1:524205977>
L 09/02/2026 - 21:50:30: [FF] [Binchu2222] <STEAM_1:0:690072085> -> 16 HP bằng (boom/fire) -> [Lê Hải] <STEAM_1:0:471595906>
L 09/02/2026 - 21:50:30: [FF] [Binchu2222] <STEAM_1:0:690072085> -> 16 HP bằng (boom/fire) -> [Chicoarun] <STEAM_1:0:952954061>
L 09/02/2026 - 21:50:30: [FF] [Binchu2222] <STEAM_1:0:690072085> -> 16 HP bằng (boom/fire) -> [Holo 40k] <STEAM_1:1:925049770>
L 09/02/2026 - 21:50:30: [FF] [Binchu2222] <STEAM_1:0:690072085> -> 16 HP bằng (boom/fire) -> [Vịt-hút-thuốc-lá] <STEAM_1:1:176443622>
L 09/02/2026 - 21:50:30: [FF] [Binchu2222] <STEAM_1:0:690072085> -> 16 HP bằng (boom/fire) -> [Mikasa] <STEAM_1:0:522010986>
L 09/02/2026 - 21:50:30: [FF] [Binchu2222] <STEAM_1:0:690072085> -> 16 HP bằng (boom/fire) -> [TezzyPham] <STEAM_1:1:933338290>
L 09/02/2026 - 21:50:30: [FF] [None :D] <STEAM_1:0:578030381> -> 16 HP bằng (boom/fire) -> [KeroN] <STEAM_1:1:161759963>
L 09/02/2026 - 21:50:30: [FF] [None :D] <STEAM_1:0:578030381> -> 16 HP bằng (boom/fire) -> [Curren Bouquetd'or] <STEAM_1:1:524205977>
L 09/02/2026 - 21:50:30: [FF] [None :D] <STEAM_1:0:578030381> -> 16 HP bằng (boom/fire) -> [Lê Hải] <STEAM_1:0:471595906>
L 09/02/2026 - 21:50:30: [FF] [None :D] <STEAM_1:0:578030381> -> 16 HP bằng (boom/fire) -> [Chicoarun] <STEAM_1:0:952954061>
L 09/02/2026 - 21:50:30: [FF] [None :D] <STEAM_1:0:578030381> -> 16 HP bằng (boom/fire) -> [Holo 40k] <STEAM_1:1:925049770>
L 09/02/2026 - 21:50:30: [FF] [None :D] <STEAM_1:0:578030381> -> 16 HP bằng (boom/fire) -> [Vịt-hút-thuốc-lá] <STEAM_1:1:176443622>
L 09/02/2026 - 21:50:30: [FF] [None :D] <STEAM_1:0:578030381> -> 16 HP bằng (boom/fire) -> [Mikasa] <STEAM_1:0:522010986>
L 09/02/2026 - 21:50:30: [FF] [None :D] <STEAM_1:0:578030381> -> 16 HP bằng (boom/fire) -> [Binchu2222] <STEAM_1:0:690072085>
L 09/02/2026 - 21:50:30: [FF] [None :D] <STEAM_1:0:578030381> -> 16 HP bằng (boom/fire) -> [TezzyPham] <STEAM_1:1:933338290>
L 09/02/2026 - 21:50:30: [FF] [chimxanh] <STEAM_1:1:626078671> -> 16 HP bằng (boom/fire) -> [None :D] <STEAM_1:0:578030381>
L 09/02/2026 - 21:50:30: [FF] [Binchu2222] <STEAM_1:0:690072085> -> 16 HP bằng (boom/fire) -> [chimxanh] <STEAM_1:1:626078671>
L 09/02/2026 - 21:50:30: [FF] [Binchu2222] <STEAM_1:0:690072085> -> 16 HP bằng (boom/fire) -> [KeroN] <STEAM_1:1:161759963>
L 09/02/2026 - 21:50:30: [FF] [Binchu2222] <STEAM_1:0:690072085> -> 16 HP bằng (boom/fire) -> [Chicoarun] <STEAM_1:0:952954061>
L 09/02/2026 - 21:50:30: [FF] [Binchu2222] <STEAM_1:0:690072085> -> 16 HP bằng (boom/fire) -> [Curren Bouquetd'or] <STEAM_1:1:524205977>
L 09/02/2026 - 21:50:30: [FF] [Binchu2222] <STEAM_1:0:690072085> -> 16 HP bằng (boom/fire) -> [Lê Hải] <STEAM_1:0:471595906>
L 09/02/2026 - 21:50:30: [FF] [Binchu2222] <STEAM_1:0:690072085> -> 16 HP bằng (boom/fire) -> [Holo 40k] <STEAM_1:1:925049770>
L 09/02/2026 - 21:50:30: [FF] [Binchu2222] <STEAM_1:0:690072085> -> 16 HP bằng (boom/fire) -> [Vịt-hút-thuốc-lá] <STEAM_1:1:176443622>
L 09/02/2026 - 21:50:30: [FF] [Binchu2222] <STEAM_1:0:690072085> -> 16 HP bằng (boom/fire) -> [Mikasa] <STEAM_1:0:522010986>
L 09/02/2026 - 21:50:30: [FF] [Binchu2222] <STEAM_1:0:690072085> -> 16 HP bằng (boom/fire) -> [TezzyPham] <STEAM_1:1:933338290>
L 09/02/2026 - 21:50:30: [FF] [None :D] <STEAM_1:0:578030381> -> 16 HP bằng (boom/fire) -> [KeroN] <STEAM_1:1:161759963>
L 09/02/2026 - 21:50:30: [FF] [None :D] <STEAM_1:0:578030381> -> 16 HP bằng (boom/fire) -> [Chicoarun] <STEAM_1:0:952954061>
L 09/02/2026 - 21:50:30: [FF] [None :D] <STEAM_1:0:578030381> -> 16 HP bằng (boom/fire) -> [Curren Bouquetd'or] <STEAM_1:1:524205977>
L 09/02/2026 - 21:50:30: [FF] [None :D] <STEAM_1:0:578030381> -> 16 HP bằng (boom/fire) -> [Lê Hải] <STEAM_1:0:471595906>
L 09/02/2026 - 21:50:30: [FF] [None :D] <STEAM_1:0:578030381> -> 16 HP bằng (boom/fire) -> [Holo 40k] <STEAM_1:1:925049770>
L 09/02/2026 - 21:50:30: [FF] [None :D] <STEAM_1:0:578030381> -> 16 HP bằng (boom/fire) -> [Vịt-hút-thuốc-lá] <STEAM_1:1:176443622>
L 09/02/2026 - 21:50:30: [FF] [None :D] <STEAM_1:0:578030381> -> 16 HP bằng (boom/fire) -> [Mikasa] <STEAM_1:0:522010986>
L 09/02/2026 - 21:50:30: [FF] [None :D] <STEAM_1:0:578030381> -> 16 HP bằng (boom/fire) -> [Binchu2222] <STEAM_1:0:690072085>
L 09/02/2026 - 21:50:30: [FF] [None :D] <STEAM_1:0:578030381> -> 16 HP bằng (boom/fire) -> [TezzyPham] <STEAM_1:1:933338290>
L 09/02/2026 - 21:50:31: [FF] [chimxanh] <STEAM_1:1:626078671> -> 16 HP bằng (boom/fire) -> [None :D] <STEAM_1:0:578030381>
L 09/02/2026 - 21:50:31: [FF] [Binchu2222] <STEAM_1:0:690072085> -> 16 HP bằng (boom/fire) -> [chimxanh] <STEAM_1:1:626078671>
L 09/02/2026 - 21:50:31: [FF] [Binchu2222] <STEAM_1:0:690072085> -> 16 HP bằng (boom/fire) -> [KeroN] <STEAM_1:1:161759963>
L 09/02/2026 - 21:50:31: [FF] [Binchu2222] <STEAM_1:0:690072085> -> 16 HP bằng (boom/fire) -> [Curren Bouquetd'or] <STEAM_1:1:524205977>
L 09/02/2026 - 21:50:31: [FF] [Binchu2222] <STEAM_1:0:690072085> -> 16 HP bằng (boom/fire) -> [Chicoarun] <STEAM_1:0:952954061>
L 09/02/2026 - 21:50:31: [FF] [Binchu2222] <STEAM_1:0:690072085> -> 16 HP bằng (boom/fire) -> [Lê Hải] <STEAM_1:0:471595906>
L 09/02/2026 - 21:50:31: [FF] [Binchu2222] <STEAM_1:0:690072085> -> 16 HP bằng (boom/fire) -> [Holo 40k] <STEAM_1:1:925049770>
L 09/02/2026 - 21:50:31: [FF] [Binchu2222] <STEAM_1:0:690072085> -> 16 HP bằng (boom/fire) -> [Vịt-hút-thuốc-lá] <STEAM_1:1:176443622>
L 09/02/2026 - 21:50:31: [FF] [Binchu2222] <STEAM_1:0:690072085> -> 16 HP bằng (boom/fire) -> [Mikasa] <STEAM_1:0:522010986>
L 09/02/2026 - 21:50:31: [FF] [Binchu2222] <STEAM_1:0:690072085> -> 16 HP bằng (boom/fire) -> [TezzyPham] <STEAM_1:1:933338290>
L 09/02/2026 - 21:50:31: [FF] [None :D] <STEAM_1:0:578030381> -> 16 HP bằng (boom/fire) -> [Chicoarun] <STEAM_1:0:952954061>
L 09/02/2026 - 21:50:31: [FF] [None :D] <STEAM_1:0:578030381> -> 16 HP bằng (boom/fire) -> [Curren Bouquetd'or] <STEAM_1:1:524205977>
L 09/02/2026 - 21:50:31: [FF] [None :D] <STEAM_1:0:578030381> -> 16 HP bằng (boom/fire) -> [KeroN] <STEAM_1:1:161759963>
L 09/02/2026 - 21:50:31: [FF] [None :D] <STEAM_1:0:578030381> -> 16 HP bằng (boom/fire) -> [Lê Hải] <STEAM_1:0:471595906>
L 09/02/2026 - 21:50:31: [FF] [None :D] <STEAM_1:0:578030381> -> 16 HP bằng (boom/fire) -> [Holo 40k] <STEAM_1:1:925049770>
L 09/02/2026 - 21:50:31: [FF] [None :D] <STEAM_1:0:578030381> -> 16 HP bằng (boom/fire) -> [Vịt-hút-thuốc-lá] <STEAM_1:1:176443622>
L 09/02/2026 - 21:50:31: [FF] [None :D] <STEAM_1:0:578030381> -> 16 HP bằng (boom/fire) -> [Mikasa] <STEAM_1:0:522010986>
L 09/02/2026 - 21:50:31: [FF] [None :D] <STEAM_1:0:578030381> -> 16 HP bằng (boom/fire) -> [Binchu2222] <STEAM_1:0:690072085>
L 09/02/2026 - 21:50:31: [FF] [None :D] <STEAM_1:0:578030381> -> 16 HP bằng (boom/fire) -> [TezzyPham] <STEAM_1:1:933338290>
L 09/02/2026 - 21:50:31: [FF] [chimxanh] <STEAM_1:1:626078671> -> 16 HP bằng (boom/fire) -> [None :D] <STEAM_1:0:578030381>
L 09/02/2026 - 21:50:31: [FF] [Binchu2222] <STEAM_1:0:690072085> -> 16 HP bằng (boom/fire) -> [chimxanh] <STEAM_1:1:626078671>
L 09/02/2026 - 21:50:31: [FF] [Binchu2222] <STEAM_1:0:690072085> -> 16 HP bằng (boom/fire) -> [KeroN] <STEAM_1:1:161759963>
L 09/02/2026 - 21:50:31: [FF] [Binchu2222] <STEAM_1:0:690072085> -> 16 HP bằng (boom/fire) -> [Chicoarun] <STEAM_1:0:952954061>
L 09/02/2026 - 21:50:31: [FF] [Binchu2222] <STEAM_1:0:690072085> -> 16 HP bằng (boom/fire) -> [Curren Bouquetd'or] <STEAM_1:1:524205977>
L 09/02/2026 - 21:50:31: [FF] [Binchu2222] <STEAM_1:0:690072085> -> 16 HP bằng (boom/fire) -> [Lê Hải] <STEAM_1:0:471595906>
L 09/02/2026 - 21:50:31: [FF] [Binchu2222] <STEAM_1:0:690072085> -> 16 HP bằng (boom/fire) -> [Holo 40k] <STEAM_1:1:925049770>
L 09/02/2026 - 21:50:31: [FF] [Binchu2222] <STEAM_1:0:690072085> -> 16 HP bằng (boom/fire) -> [Vịt-hút-thuốc-lá] <STEAM_1:1:176443622>
L 09/02/2026 - 21:50:31: [FF] [Binchu2222] <STEAM_1:0:690072085> -> 16 HP bằng (boom/fire) -> [Mikasa] <STEAM_1:0:522010986>
L 09/02/2026 - 21:50:31: [FF] [Binchu2222] <STEAM_1:0:690072085> -> 16 HP bằng (boom/fire) -> [TezzyPham] <STEAM_1:1:933338290>
L 09/02/2026 - 21:50:31: [FF] [None :D] <STEAM_1:0:578030381> -> 16 HP bằng (boom/fire) -> [Chicoarun] <STEAM_1:0:952954061>
L 09/02/2026 - 21:50:31: [FF] [None :D] <STEAM_1:0:578030381> -> 16 HP bằng (boom/fire) -> [Curren Bouquetd'or] <STEAM_1:1:524205977>
L 09/02/2026 - 21:50:31: [FF] [None :D] <STEAM_1:0:578030381> -> 16 HP bằng (boom/fire) -> [KeroN] <STEAM_1:1:161759963>
L 09/02/2026 - 21:50:31: [FF] [None :D] <STEAM_1:0:578030381> -> 16 HP bằng (boom/fire) -> [Lê Hải] <STEAM_1:0:471595906>
L 09/02/2026 - 21:50:31: [FF] [None :D] <STEAM_1:0:578030381> -> 16 HP bằng (boom/fire) -> [Holo 40k] <STEAM_1:1:925049770>
L 09/02/2026 - 21:50:31: [FF] [None :D] <STEAM_1:0:578030381> -> 16 HP bằng (boom/fire) -> [Vịt-hút-thuốc-lá] <STEAM_1:1:176443622>
L 09/02/2026 - 21:50:31: [FF] [None :D] <STEAM_1:0:578030381> -> 16 HP bằng (boom/fire) -> [Mikasa] <STEAM_1:0:522010986>
L 09/02/2026 - 21:50:31: [FF] [None :D] <STEAM_1:0:578030381> -> 16 HP bằng (boom/fire) -> [Binchu2222] <STEAM_1:0:690072085>
L 09/02/2026 - 21:50:31: [FF] [None :D] <STEAM_1:0:578030381> -> 16 HP bằng (boom/fire) -> [TezzyPham] <STEAM_1:1:933338290>
L 09/02/2026 - 21:50:31: [FF] [chimxanh] <STEAM_1:1:626078671> -> 16 HP bằng (boom/fire) -> [None :D] <STEAM_1:0:578030381>
L 09/02/2026 - 21:50:31: [FF] [Binchu2222] <STEAM_1:0:690072085> -> 16 HP bằng (boom/fire) -> [chimxanh] <STEAM_1:1:626078671>
L 09/02/2026 - 21:50:31: [FF] [Binchu2222] <STEAM_1:0:690072085> -> 16 HP bằng (boom/fire) -> [KeroN] <STEAM_1:1:161759963>
L 09/02/2026 - 21:50:31: [FF] [Binchu2222] <STEAM_1:0:690072085> -> 16 HP bằng (boom/fire) -> [Chicoarun] <STEAM_1:0:952954061>
L 09/02/2026 - 21:50:31: [FF] [Binchu2222] <STEAM_1:0:690072085> -> 16 HP bằng (boom/fire) -> [Curren Bouquetd'or] <STEAM_1:1:524205977>
L 09/02/2026 - 21:50:31: [FF] [Binchu2222] <STEAM_1:0:690072085> -> 16 HP bằng (boom/fire) -> [Lê Hải] <STEAM_1:0:471595906>
L 09/02/2026 - 21:50:31: [FF] [Binchu2222] <STEAM_1:0:690072085> -> 16 HP bằng (boom/fire) -> [Holo 40k] <STEAM_1:1:925049770>
L 09/02/2026 - 21:50:31: [FF] [Binchu2222] <STEAM_1:0:690072085> -> 16 HP bằng (boom/fire) -> [Vịt-hút-thuốc-lá] <STEAM_1:1:176443622>
L 09/02/2026 - 21:50:31: [FF] [Binchu2222] <STEAM_1:0:690072085> -> 16 HP bằng (boom/fire) -> [Mikasa] <STEAM_1:0:522010986>
L 09/02/2026 - 21:50:31: [FF] [Binchu2222] <STEAM_1:0:690072085> -> 16 HP bằng (boom/fire) -> [TezzyPham] <STEAM_1:1:933338290>
L 09/02/2026 - 21:50:31: [FF] [None :D] <STEAM_1:0:578030381> -> 16 HP bằng (boom/fire) -> [KeroN] <STEAM_1:1:161759963>
L 09/02/2026 - 21:50:31: [FF] [None :D] <STEAM_1:0:578030381> -> 16 HP bằng (boom/fire) -> [Chicoarun] <STEAM_1:0:952954061>
L 09/02/2026 - 21:50:31: [FF] [None :D] <STEAM_1:0:578030381> -> 16 HP bằng (boom/fire) -> [Curren Bouquetd'or] <STEAM_1:1:524205977>
L 09/02/2026 - 21:50:31: [FF] [None :D] <STEAM_1:0:578030381> -> 16 HP bằng (boom/fire) -> [Binchu2222] <STEAM_1:0:690072085>
L 09/02/2026 - 21:50:31: [FF] [None :D] <STEAM_1:0:578030381> -> 16 HP bằng (boom/fire) -> [Lê Hải] <STEAM_1:0:471595906>
L 09/02/2026 - 21:50:31: [FF] [None :D] <STEAM_1:0:578030381> -> 16 HP bằng (boom/fire) -> [Holo 40k] <STEAM_1:1:925049770>
L 09/02/2026 - 21:50:31: [FF] [None :D] <STEAM_1:0:578030381> -> 16 HP bằng (boom/fire) -> [Vịt-hút-thuốc-lá] <STEAM_1:1:176443622>
L 09/02/2026 - 21:50:31: [FF] [None :D] <STEAM_1:0:578030381> -> 16 HP bằng (boom/fire) -> [Mikasa] <STEAM_1:0:522010986>
L 09/02/2026 - 21:50:31: [FF] [None :D] <STEAM_1:0:578030381> -> 16 HP bằng (boom/fire) -> [TezzyPham] <STEAM_1:1:933338290>
L 09/02/2026 - 21:50:31: [FF] [chimxanh] <STEAM_1:1:626078671> -> 16 HP bằng (boom/fire) -> [None :D] <STEAM_1:0:578030381>
L 09/02/2026 - 21:50:31: [FF] [Binchu2222] <STEAM_1:0:690072085> -> 16 HP bằng (boom/fire) -> [chimxanh] <STEAM_1:1:626078671>
L 09/02/2026 - 21:50:31: [FF] [Binchu2222] <STEAM_1:0:690072085> -> 16 HP bằng (boom/fire) -> [KeroN] <STEAM_1:1:161759963>
L 09/02/2026 - 21:50:31: [FF] [Binchu2222] <STEAM_1:0:690072085> -> 16 HP bằng (boom/fire) -> [Chicoarun] <STEAM_1:0:952954061>
L 09/02/2026 - 21:50:31: [FF] [Binchu2222] <STEAM_1:0:690072085> -> 16 HP bằng (boom/fire) -> [Curren Bouquetd'or] <STEAM_1:1:524205977>
L 09/02/2026 - 21:50:31: [FF] [Binchu2222] <STEAM_1:0:690072085> -> 16 HP bằng (boom/fire) -> [Lê Hải] <STEAM_1:0:471595906>
L 09/02/2026 - 21:50:31: [FF] [Binchu2222] <STEAM_1:0:690072085> -> 16 HP bằng (boom/fire) -> [Holo 40k] <STEAM_1:1:925049770>
L 09/02/2026 - 21:50:31: [FF] [Binchu2222] <STEAM_1:0:690072085> -> 16 HP bằng (boom/fire) -> [Vịt-hút-thuốc-lá] <STEAM_1:1:176443622>
L 09/02/2026 - 21:50:31: [FF] [Binchu2222] <STEAM_1:0:690072085> -> 16 HP bằng (boom/fire) -> [Mikasa] <STEAM_1:0:522010986>
L 09/02/2026 - 21:50:31: [FF] [Binchu2222] <STEAM_1:0:690072085> -> 16 HP bằng (boom/fire) -> [TezzyPham] <STEAM_1:1:933338290>
L 09/02/2026 - 21:50:31: [FF] [None :D] <STEAM_1:0:578030381> -> 16 HP bằng (boom/fire) -> [KeroN] <STEAM_1:1:161759963>
L 09/02/2026 - 21:50:31: [FF] [None :D] <STEAM_1:0:578030381> -> 16 HP bằng (boom/fire) -> [Binchu2222] <STEAM_1:0:690072085>
L 09/02/2026 - 21:50:31: [FF] [None :D] <STEAM_1:0:578030381> -> 16 HP bằng (boom/fire) -> [Chicoarun] <STEAM_1:0:952954061>
L 09/02/2026 - 21:50:31: [FF] [None :D] <STEAM_1:0:578030381> -> 16 HP bằng (boom/fire) -> [Curren Bouquetd'or] <STEAM_1:1:524205977>
L 09/02/2026 - 21:50:31: [FF] [None :D] <STEAM_1:0:578030381> -> 16 HP bằng (boom/fire) -> [Lê Hải] <STEAM_1:0:471595906>
L 09/02/2026 - 21:50:31: [FF] [None :D] <STEAM_1:0:578030381> -> 16 HP bằng (boom/fire) -> [Holo 40k] <STEAM_1:1:925049770>
L 09/02/2026 - 21:50:31: [FF] [None :D] <STEAM_1:0:578030381> -> 16 HP bằng (boom/fire) -> [Vịt-hút-thuốc-lá] <STEAM_1:1:176443622>
L 09/02/2026 - 21:50:31: [FF] [None :D] <STEAM_1:0:578030381> -> 16 HP bằng (boom/fire) -> [Mikasa] <STEAM_1:0:522010986>
L 09/02/2026 - 21:50:31: [FF] [None :D] <STEAM_1:0:578030381> -> 16 HP bằng (boom/fire) -> [TezzyPham] <STEAM_1:1:933338290>
L 09/02/2026 - 21:50:31: [FF] [chimxanh] <STEAM_1:1:626078671> -> 16 HP bằng (boom/fire) -> [None :D] <STEAM_1:0:578030381>
L 09/02/2026 - 21:50:31: [FF] [Binchu2222] <STEAM_1:0:690072085> -> 16 HP bằng (boom/fire) -> [chimxanh] <STEAM_1:1:626078671>
L 09/02/2026 - 21:50:31: [FF] [Binchu2222] <STEAM_1:0:690072085> -> 16 HP bằng (boom/fire) -> [KeroN] <STEAM_1:1:161759963>
L 09/02/2026 - 21:50:31: [FF] [Binchu2222] <STEAM_1:0:690072085> -> 16 HP bằng (boom/fire) -> [Chicoarun] <STEAM_1:0:952954061>
L 09/02/2026 - 21:50:31: [FF] [Binchu2222] <STEAM_1:0:690072085> -> 16 HP bằng (boom/fire) -> [Curren Bouquetd'or] <STEAM_1:1:524205977>
L 09/02/2026 - 21:50:31: [FF] [Binchu2222] <STEAM_1:0:690072085> -> 16 HP bằng (boom/fire) -> [Lê Hải] <STEAM_1:0:471595906>
L 09/02/2026 - 21:50:31: [FF] [Binchu2222] <STEAM_1:0:690072085> -> 16 HP bằng (boom/fire) -> [Holo 40k] <STEAM_1:1:925049770>
L 09/02/2026 - 21:50:31: [FF] [Binchu2222] <STEAM_1:0:690072085> -> 16 HP bằng (boom/fire) -> [Vịt-hút-thuốc-lá] <STEAM_1:1:176443622>
L 09/02/2026 - 21:50:31: [FF] [Binchu2222] <STEAM_1:0:690072085> -> 16 HP bằng (boom/fire) -> [Mikasa] <STEAM_1:0:522010986>
L 09/02/2026 - 21:50:31: [FF] [Binchu2222] <STEAM_1:0:690072085> -> 16 HP bằng (boom/fire) -> [TezzyPham] <STEAM_1:1:933338290>
L 09/02/2026 - 21:50:31: [FF] [None :D] <STEAM_1:0:578030381> -> 16 HP bằng (boom/fire) -> [Chicoarun] <STEAM_1:0:952954061>
L 09/02/2026 - 21:50:31: [FF] [None :D] <STEAM_1:0:578030381> -> 16 HP bằng (boom/fire) -> [KeroN] <STEAM_1:1:161759963>
L 09/02/2026 - 21:50:31: [FF] [None :D] <STEAM_1:0:578030381> -> 16 HP bằng (boom/fire) -> [Curren Bouquetd'or] <STEAM_1:1:524205977>
L 09/02/2026 - 21:50:31: [FF] [None :D] <STEAM_1:0:578030381> -> 16 HP bằng (boom/fire) -> [Binchu2222] <STEAM_1:0:690072085>
L 09/02/2026 - 21:50:31: [FF] [None :D] <STEAM_1:0:578030381> -> 16 HP bằng (boom/fire) -> [Lê Hải] <STEAM_1:0:471595906>
L 09/02/2026 - 21:50:31: [FF] [None :D] <STEAM_1:0:578030381> -> 16 HP bằng (boom/fire) -> [Holo 40k] <STEAM_1:1:925049770>
L 09/02/2026 - 21:50:31: [FF] [None :D] <STEAM_1:0:578030381> -> 16 HP bằng (boom/fire) -> [Vịt-hút-thuốc-lá] <STEAM_1:1:176443622>
L 09/02/2026 - 21:50:31: [FF] [None :D] <STEAM_1:0:578030381> -> 16 HP bằng (boom/fire) -> [Mikasa] <STEAM_1:0:522010986>
L 09/02/2026 - 21:50:31: [FF] [None :D] <STEAM_1:0:578030381> -> 16 HP bằng (boom/fire) -> [TezzyPham] <STEAM_1:1:933338290>
L 09/02/2026 - 21:50:32: [FF] [chimxanh] <STEAM_1:1:626078671> -> 16 HP bằng (boom/fire) -> [None :D] <STEAM_1:0:578030381>
L 09/02/2026 - 21:50:32: [FF] [Binchu2222] <STEAM_1:0:690072085> -> 16 HP bằng (boom/fire) -> [chimxanh] <STEAM_1:1:626078671>
L 09/02/2026 - 21:50:32: [FF] [Binchu2222] <STEAM_1:0:690072085> -> 16 HP bằng (boom/fire) -> [KeroN] <STEAM_1:1:161759963>
L 09/02/2026 - 21:50:32: [FF] [Binchu2222] <STEAM_1:0:690072085> -> 16 HP bằng (boom/fire) -> [Curren Bouquetd'or] <STEAM_1:1:524205977>
L 09/02/2026 - 21:50:32: [FF] [Binchu2222] <STEAM_1:0:690072085> -> 16 HP bằng (boom/fire) -> [Chicoarun] <STEAM_1:0:952954061>
L 09/02/2026 - 21:50:32: [FF] [Binchu2222] <STEAM_1:0:690072085> -> 16 HP bằng (boom/fire) -> [Lê Hải] <STEAM_1:0:471595906>
L 09/02/2026 - 21:50:32: [FF] [Binchu2222] <STEAM_1:0:690072085> -> 16 HP bằng (boom/fire) -> [Holo 40k] <STEAM_1:1:925049770>
L 09/02/2026 - 21:50:32: [FF] [Binchu2222] <STEAM_1:0:690072085> -> 16 HP bằng (boom/fire) -> [Vịt-hút-thuốc-lá] <STEAM_1:1:176443622>
L 09/02/2026 - 21:50:32: [FF] [Binchu2222] <STEAM_1:0:690072085> -> 16 HP bằng (boom/fire) -> [Mikasa] <STEAM_1:0:522010986>
L 09/02/2026 - 21:50:32: [FF] [Binchu2222] <STEAM_1:0:690072085> -> 16 HP bằng (boom/fire) -> [TezzyPham] <STEAM_1:1:933338290>
L 09/02/2026 - 21:50:32: [FF] [None :D] <STEAM_1:0:578030381> -> 16 HP bằng (boom/fire) -> [Chicoarun] <STEAM_1:0:952954061>
L 09/02/2026 - 21:50:32: [FF] [None :D] <STEAM_1:0:578030381> -> 16 HP bằng (boom/fire) -> [KeroN] <STEAM_1:1:161759963>
L 09/02/2026 - 21:50:32: [FF] [None :D] <STEAM_1:0:578030381> -> 16 HP bằng (boom/fire) -> [Binchu2222] <STEAM_1:0:690072085>
L 09/02/2026 - 21:50:32: [FF] [None :D] <STEAM_1:0:578030381> -> 16 HP bằng (boom/fire) -> [Curren Bouquetd'or] <STEAM_1:1:524205977>
L 09/02/2026 - 21:50:32: [FF] [None :D] <STEAM_1:0:578030381> -> 16 HP bằng (boom/fire) -> [Holo 40k] <STEAM_1:1:925049770>
L 09/02/2026 - 21:50:32: [FF] [None :D] <STEAM_1:0:578030381> -> 16 HP bằng (boom/fire) -> [Lê Hải] <STEAM_1:0:471595906>
L 09/02/2026 - 21:50:32: [FF] [None :D] <STEAM_1:0:578030381> -> 16 HP bằng (boom/fire) -> [Vịt-hút-thuốc-lá] <STEAM_1:1:176443622>
L 09/02/2026 - 21:50:32: [FF] [None :D] <STEAM_1:0:578030381> -> 16 HP bằng (boom/fire) -> [Mikasa] <STEAM_1:0:522010986>
L 09/02/2026 - 21:50:32: [FF] [None :D] <STEAM_1:0:578030381> -> 16 HP bằng (boom/fire) -> [TezzyPham] <STEAM_1:1:933338290>
L 09/02/2026 - 21:50:32: [FF] [chimxanh] <STEAM_1:1:626078671> -> 16 HP bằng (boom/fire) -> [None :D] <STEAM_1:0:578030381>
L 09/02/2026 - 21:50:32: [FF] [Binchu2222] <STEAM_1:0:690072085> -> 16 HP bằng (boom/fire) -> [chimxanh] <STEAM_1:1:626078671>
L 09/02/2026 - 21:50:32: [FF] [Binchu2222] <STEAM_1:0:690072085> -> 16 HP bằng (boom/fire) -> [KeroN] <STEAM_1:1:161759963>
L 09/02/2026 - 21:50:32: [FF] [Binchu2222] <STEAM_1:0:690072085> -> 16 HP bằng (boom/fire) -> [Holo 40k] <STEAM_1:1:925049770>
L 09/02/2026 - 21:50:32: [FF] [Binchu2222] <STEAM_1:0:690072085> -> 16 HP bằng (boom/fire) -> [Curren Bouquetd'or] <STEAM_1:1:524205977>
L 09/02/2026 - 21:50:32: [FF] [Binchu2222] <STEAM_1:0:690072085> -> 16 HP bằng (boom/fire) -> [Chicoarun] <STEAM_1:0:952954061>
L 09/02/2026 - 21:50:32: [FF] [Binchu2222] <STEAM_1:0:690072085> -> 16 HP bằng (boom/fire) -> [Lê Hải] <STEAM_1:0:471595906>
L 09/02/2026 - 21:50:32: [FF] [Binchu2222] <STEAM_1:0:690072085> -> 16 HP bằng (boom/fire) -> [Vịt-hút-thuốc-lá] <STEAM_1:1:176443622>
L 09/02/2026 - 21:50:32: [FF] [Binchu2222] <STEAM_1:0:690072085> -> 16 HP bằng (boom/fire) -> [Mikasa] <STEAM_1:0:522010986>
L 09/02/2026 - 21:50:32: [FF] [Binchu2222] <STEAM_1:0:690072085> -> 16 HP bằng (boom/fire) -> [TezzyPham] <STEAM_1:1:933338290>
L 09/02/2026 - 21:50:32: [FF] [None :D] <STEAM_1:0:578030381> -> 16 HP bằng (boom/fire) -> [Chicoarun] <STEAM_1:0:952954061>
L 09/02/2026 - 21:50:32: [FF] [None :D] <STEAM_1:0:578030381> -> 16 HP bằng (boom/fire) -> [KeroN] <STEAM_1:1:161759963>
L 09/02/2026 - 21:50:32: [FF] [None :D] <STEAM_1:0:578030381> -> 16 HP bằng (boom/fire) -> [Holo 40k] <STEAM_1:1:925049770>
L 09/02/2026 - 21:50:32: [FF] [None :D] <STEAM_1:0:578030381> -> 16 HP bằng (boom/fire) -> [Curren Bouquetd'or] <STEAM_1:1:524205977>
L 09/02/2026 - 21:50:32: [FF] [None :D] <STEAM_1:0:578030381> -> 16 HP bằng (boom/fire) -> [Binchu2222] <STEAM_1:0:690072085>
L 09/02/2026 - 21:50:32: [FF] [None :D] <STEAM_1:0:578030381> -> 16 HP bằng (boom/fire) -> [Lê Hải] <STEAM_1:0:471595906>
L 09/02/2026 - 21:50:32: [FF] [None :D] <STEAM_1:0:578030381> -> 16 HP bằng (boom/fire) -> [Vịt-hút-thuốc-lá] <STEAM_1:1:176443622>
L 09/02/2026 - 21:50:32: [FF] [None :D] <STEAM_1:0:578030381> -> 16 HP bằng (boom/fire) -> [Mikasa] <STEAM_1:0:522010986>
L 09/02/2026 - 21:50:32: [FF] [None :D] <STEAM_1:0:578030381> -> 16 HP bằng (boom/fire) -> [TezzyPham] <STEAM_1:1:933338290>
L 09/02/2026 - 21:50:32: [FF] [chimxanh] <STEAM_1:1:626078671> -> 16 HP bằng (boom/fire) -> [None :D] <STEAM_1:0:578030381>
L 09/02/2026 - 21:50:32: [FF] [Binchu2222] <STEAM_1:0:690072085> -> 16 HP bằng (boom/fire) -> [chimxanh] <STEAM_1:1:626078671>
L 09/02/2026 - 21:50:32: [FF] [Binchu2222] <STEAM_1:0:690072085> -> 16 HP bằng (boom/fire) -> [Curren Bouquetd'or] <STEAM_1:1:524205977>
L 09/02/2026 - 21:50:32: [FF] [Binchu2222] <STEAM_1:0:690072085> -> 16 HP bằng (boom/fire) -> [KeroN] <STEAM_1:1:161759963>
L 09/02/2026 - 21:50:32: [FF] [Binchu2222] <STEAM_1:0:690072085> -> 16 HP bằng (boom/fire) -> [Holo 40k] <STEAM_1:1:925049770>
L 09/02/2026 - 21:50:32: [FF] [Binchu2222] <STEAM_1:0:690072085> -> 16 HP bằng (boom/fire) -> [Chicoarun] <STEAM_1:0:952954061>
L 09/02/2026 - 21:50:32: [FF] [Binchu2222] <STEAM_1:0:690072085> -> 16 HP bằng (boom/fire) -> [Lê Hải] <STEAM_1:0:471595906>
L 09/02/2026 - 21:50:32: [FF] [Binchu2222] <STEAM_1:0:690072085> -> 16 HP bằng (boom/fire) -> [Vịt-hút-thuốc-lá] <STEAM_1:1:176443622>
L 09/02/2026 - 21:50:32: [FF] [Binchu2222] <STEAM_1:0:690072085> -> 16 HP bằng (boom/fire) -> [Mikasa] <STEAM_1:0:522010986>
L 09/02/2026 - 21:50:32: [FF] [Binchu2222] <STEAM_1:0:690072085> -> 16 HP bằng (boom/fire) -> [TezzyPham] <STEAM_1:1:933338290>
L 09/02/2026 - 21:50:32: [FF] [None :D] <STEAM_1:0:578030381> -> 16 HP bằng (boom/fire) -> [Chicoarun] <STEAM_1:0:952954061>
L 09/02/2026 - 21:50:32: [FF] [None :D] <STEAM_1:0:578030381> -> 16 HP bằng (boom/fire) -> [Curren Bouquetd'or] <STEAM_1:1:524205977>
L 09/02/2026 - 21:50:32: [FF] [None :D] <STEAM_1:0:578030381> -> 16 HP bằng (boom/fire) -> [KeroN] <STEAM_1:1:161759963>
L 09/02/2026 - 21:50:32: [FF] [None :D] <STEAM_1:0:578030381> -> 16 HP bằng (boom/fire) -> [Binchu2222] <STEAM_1:0:690072085>
L 09/02/2026 - 21:50:32: [FF] [None :D] <STEAM_1:0:578030381> -> 16 HP bằng (boom/fire) -> [Holo 40k] <STEAM_1:1:925049770>
L 09/02/2026 - 21:50:32: [FF] [None :D] <STEAM_1:0:578030381> -> 16 HP bằng (boom/fire) -> [Lê Hải] <STEAM_1:0:471595906>
L 09/02/2026 - 21:50:32: [FF] [None :D] <STEAM_1:0:578030381> -> 16 HP bằng (boom/fire) -> [Vịt-hút-thuốc-lá] <STEAM_1:1:176443622>
L 09/02/2026 - 21:50:32: [FF] [None :D] <STEAM_1:0:578030381> -> 16 HP bằng (boom/fire) -> [Mikasa] <STEAM_1:0:522010986>
L 09/02/2026 - 21:50:32: [FF] [None :D] <STEAM_1:0:578030381> -> 16 HP bằng (boom/fire) -> [TezzyPham] <STEAM_1:1:933338290>
L 09/02/2026 - 21:50:32: [FF] [chimxanh] <STEAM_1:1:626078671> -> 16 HP bằng (boom/fire) -> [None :D] <STEAM_1:0:578030381>
L 09/02/2026 - 21:50:32: [FF] [chimxanh] <STEAM_1:1:626078671> -> 16 HP bằng (boom/fire) -> [（ ͜.人 ͜.）⛇☃] <STEAM_1:1:241852047>
L 09/02/2026 - 21:50:32: [FF] [Binchu2222] <STEAM_1:0:690072085> -> 16 HP bằng (boom/fire) -> [chimxanh] <STEAM_1:1:626078671>
L 09/02/2026 - 21:50:32: [FF] [Binchu2222] <STEAM_1:0:690072085> -> 16 HP bằng (boom/fire) -> [KeroN] <STEAM_1:1:161759963>
L 09/02/2026 - 21:50:32: [FF] [Binchu2222] <STEAM_1:0:690072085> -> 16 HP bằng (boom/fire) -> [Chicoarun] <STEAM_1:0:952954061>
L 09/02/2026 - 21:50:32: [FF] [Binchu2222] <STEAM_1:0:690072085> -> 16 HP bằng (boom/fire) -> [Curren Bouquetd'or] <STEAM_1:1:524205977>
L 09/02/2026 - 21:50:32: [FF] [Binchu2222] <STEAM_1:0:690072085> -> 16 HP bằng (boom/fire) -> [Holo 40k] <STEAM_1:1:925049770>
L 09/02/2026 - 21:50:32: [FF] [Binchu2222] <STEAM_1:0:690072085> -> 16 HP bằng (boom/fire) -> [Lê Hải] <STEAM_1:0:471595906>
L 09/02/2026 - 21:50:32: [FF] [Binchu2222] <STEAM_1:0:690072085> -> 16 HP bằng (boom/fire) -> [Vịt-hút-thuốc-lá] <STEAM_1:1:176443622>
L 09/02/2026 - 21:50:32: [FF] [Binchu2222] <STEAM_1:0:690072085> -> 16 HP bằng (boom/fire) -> [Mikasa] <STEAM_1:0:522010986>
L 09/02/2026 - 21:50:32: [FF] [Binchu2222] <STEAM_1:0:690072085> -> 16 HP bằng (boom/fire) -> [TezzyPham] <STEAM_1:1:933338290>
L 09/02/2026 - 21:50:32: [FF] [None :D] <STEAM_1:0:578030381> -> 16 HP bằng (boom/fire) -> [Curren Bouquetd'or] <STEAM_1:1:524205977>
L 09/02/2026 - 21:50:32: [FF] [None :D] <STEAM_1:0:578030381> -> 16 HP bằng (boom/fire) -> [Chicoarun] <STEAM_1:0:952954061>
L 09/02/2026 - 21:50:32: [FF] [None :D] <STEAM_1:0:578030381> -> 16 HP bằng (boom/fire) -> [KeroN] <STEAM_1:1:161759963>
L 09/02/2026 - 21:50:32: [FF] [None :D] <STEAM_1:0:578030381> -> 16 HP bằng (boom/fire) -> [Binchu2222] <STEAM_1:0:690072085>
L 09/02/2026 - 21:50:32: [FF] [None :D] <STEAM_1:0:578030381> -> 16 HP bằng (boom/fire) -> [Holo 40k] <STEAM_1:1:925049770>
L 09/02/2026 - 21:50:32: [FF] [None :D] <STEAM_1:0:578030381> -> 16 HP bằng (boom/fire) -> [Lê Hải] <STEAM_1:0:471595906>
L 09/02/2026 - 21:50:32: [FF] [None :D] <STEAM_1:0:578030381> -> 16 HP bằng (boom/fire) -> [Vịt-hút-thuốc-lá] <STEAM_1:1:176443622>
L 09/02/2026 - 21:50:32: [FF] [None :D] <STEAM_1:0:578030381> -> 16 HP bằng (boom/fire) -> [Mikasa] <STEAM_1:0:522010986>
L 09/02/2026 - 21:50:32: [FF] [None :D] <STEAM_1:0:578030381> -> 16 HP bằng (boom/fire) -> [TezzyPham] <STEAM_1:1:933338290>
L 09/02/2026 - 21:50:32: [FF] [chimxanh] <STEAM_1:1:626078671> -> 16 HP bằng (boom/fire) -> [None :D] <STEAM_1:0:578030381>
L 09/02/2026 - 21:50:32: [FF] [chimxanh] <STEAM_1:1:626078671> -> 16 HP bằng (boom/fire) -> [（ ͜.人 ͜.）⛇☃] <STEAM_1:1:241852047>
L 09/02/2026 - 21:50:32: [FF] [Binchu2222] <STEAM_1:0:690072085> -> 16 HP bằng (boom/fire) -> [chimxanh] <STEAM_1:1:626078671>
L 09/02/2026 - 21:50:32: [FF] [Binchu2222] <STEAM_1:0:690072085> -> 16 HP bằng (boom/fire) -> [KeroN] <STEAM_1:1:161759963>
L 09/02/2026 - 21:50:32: [FF] [Binchu2222] <STEAM_1:0:690072085> -> 16 HP bằng (boom/fire) -> [Chicoarun] <STEAM_1:0:952954061>
L 09/02/2026 - 21:50:32: [FF] [Binchu2222] <STEAM_1:0:690072085> -> 16 HP bằng (boom/fire) -> [Curren Bouquetd'or] <STEAM_1:1:524205977>
L 09/02/2026 - 21:50:32: [FF] [Binchu2222] <STEAM_1:0:690072085> -> 16 HP bằng (boom/fire) -> [Holo 40k] <STEAM_1:1:925049770>
L 09/02/2026 - 21:50:32: [FF] [Binchu2222] <STEAM_1:0:690072085> -> 16 HP bằng (boom/fire) -> [Lê Hải] <STEAM_1:0:471595906>
L 09/02/2026 - 21:50:32: [FF] [Binchu2222] <STEAM_1:0:690072085> -> 16 HP bằng (boom/fire) -> [Vịt-hút-thuốc-lá] <STEAM_1:1:176443622>
L 09/02/2026 - 21:50:32: [FF] [Binchu2222] <STEAM_1:0:690072085> -> 16 HP bằng (boom/fire) -> [Mikasa] <STEAM_1:0:522010986>
L 09/02/2026 - 21:50:32: [FF] [Binchu2222] <STEAM_1:0:690072085> -> 16 HP bằng (boom/fire) -> [TezzyPham] <STEAM_1:1:933338290>
L 09/02/2026 - 21:50:32: [FF] [None :D] <STEAM_1:0:578030381> -> 16 HP bằng (boom/fire) -> [Chicoarun] <STEAM_1:0:952954061>
L 09/02/2026 - 21:50:32: [FF] [None :D] <STEAM_1:0:578030381> -> 16 HP bằng (boom/fire) -> [Curren Bouquetd'or] <STEAM_1:1:524205977>
L 09/02/2026 - 21:50:32: [FF] [None :D] <STEAM_1:0:578030381> -> 16 HP bằng (boom/fire) -> [Holo 40k] <STEAM_1:1:925049770>
L 09/02/2026 - 21:50:32: [FF] [None :D] <STEAM_1:0:578030381> -> 16 HP bằng (boom/fire) -> [KeroN] <STEAM_1:1:161759963>
L 09/02/2026 - 21:50:32: [FF] [None :D] <STEAM_1:0:578030381> -> 16 HP bằng (boom/fire) -> [Binchu2222] <STEAM_1:0:690072085>
L 09/02/2026 - 21:50:32: [FF] [None :D] <STEAM_1:0:578030381> -> 16 HP bằng (boom/fire) -> [Lê Hải] <STEAM_1:0:471595906>
L 09/02/2026 - 21:50:32: [FF] [None :D] <STEAM_1:0:578030381> -> 16 HP bằng (boom/fire) -> [Vịt-hút-thuốc-lá] <STEAM_1:1:176443622>
L 09/02/2026 - 21:50:32: [FF] [None :D] <STEAM_1:0:578030381> -> 16 HP bằng (boom/fire) -> [Mikasa] <STEAM_1:0:522010986>
L 09/02/2026 - 21:50:32: [FF] [None :D] <STEAM_1:0:578030381> -> 16 HP bằng (boom/fire) -> [TezzyPham] <STEAM_1:1:933338290>
L 09/02/2026 - 21:50:33: [FF] [chimxanh] <STEAM_1:1:626078671> -> 16 HP bằng (boom/fire) -> [None :D] <STEAM_1:0:578030381>
L 09/02/2026 - 21:50:33: [FF] [chimxanh] <STEAM_1:1:626078671> -> 16 HP bằng (boom/fire) -> [（ ͜.人 ͜.）⛇☃] <STEAM_1:1:241852047>
L 09/02/2026 - 21:50:33: [FF] [Binchu2222] <STEAM_1:0:690072085> -> 16 HP bằng (boom/fire) -> [chimxanh] <STEAM_1:1:626078671>
L 09/02/2026 - 21:50:33: [FF] [Binchu2222] <STEAM_1:0:690072085> -> 16 HP bằng (boom/fire) -> [KeroN] <STEAM_1:1:161759963>
L 09/02/2026 - 21:50:33: [FF] [Binchu2222] <STEAM_1:0:690072085> -> 16 HP bằng (boom/fire) -> [Holo 40k] <STEAM_1:1:925049770>
L 09/02/2026 - 21:50:33: [FF] [Binchu2222] <STEAM_1:0:690072085> -> 16 HP bằng (boom/fire) -> [Chicoarun] <STEAM_1:0:952954061>
L 09/02/2026 - 21:50:33: [FF] [Binchu2222] <STEAM_1:0:690072085> -> 16 HP bằng (boom/fire) -> [Curren Bouquetd'or] <STEAM_1:1:524205977>
L 09/02/2026 - 21:50:33: [FF] [Binchu2222] <STEAM_1:0:690072085> -> 16 HP bằng (boom/fire) -> [Lê Hải] <STEAM_1:0:471595906>
L 09/02/2026 - 21:50:33: [FF] [Binchu2222] <STEAM_1:0:690072085> -> 16 HP bằng (boom/fire) -> [Vịt-hút-thuốc-lá] <STEAM_1:1:176443622>
L 09/02/2026 - 21:50:33: [FF] [Binchu2222] <STEAM_1:0:690072085> -> 16 HP bằng (boom/fire) -> [Mikasa] <STEAM_1:0:522010986>
L 09/02/2026 - 21:50:33: [FF] [Binchu2222] <STEAM_1:0:690072085> -> 16 HP bằng (boom/fire) -> [TezzyPham] <STEAM_1:1:933338290>
L 09/02/2026 - 21:50:33: [FF] [None :D] <STEAM_1:0:578030381> -> 16 HP bằng (boom/fire) -> [Holo 40k] <STEAM_1:1:925049770>
L 09/02/2026 - 21:50:33: [FF] [None :D] <STEAM_1:0:578030381> -> 16 HP bằng (boom/fire) -> [Chicoarun] <STEAM_1:0:952954061>
L 09/02/2026 - 21:50:33: [FF] [None :D] <STEAM_1:0:578030381> -> 16 HP bằng (boom/fire) -> [Curren Bouquetd'or] <STEAM_1:1:524205977>
L 09/02/2026 - 21:50:33: [FF] [None :D] <STEAM_1:0:578030381> -> 16 HP bằng (boom/fire) -> [KeroN] <STEAM_1:1:161759963>
L 09/02/2026 - 21:50:33: [FF] [None :D] <STEAM_1:0:578030381> -> 16 HP bằng (boom/fire) -> [Binchu2222] <STEAM_1:0:690072085>
L 09/02/2026 - 21:50:33: [FF] [None :D] <STEAM_1:0:578030381> -> 16 HP bằng (boom/fire) -> [Lê Hải] <STEAM_1:0:471595906>
L 09/02/2026 - 21:50:33: [FF] [None :D] <STEAM_1:0:578030381> -> 16 HP bằng (boom/fire) -> [Vịt-hút-thuốc-lá] <STEAM_1:1:176443622>
L 09/02/2026 - 21:50:33: [FF] [None :D] <STEAM_1:0:578030381> -> 16 HP bằng (boom/fire) -> [Mikasa] <STEAM_1:0:522010986>
L 09/02/2026 - 21:50:33: [FF] [None :D] <STEAM_1:0:578030381> -> 16 HP bằng (boom/fire) -> [TezzyPham] <STEAM_1:1:933338290>
L 09/02/2026 - 21:50:33: [FF] [chimxanh] <STEAM_1:1:626078671> -> 16 HP bằng (boom/fire) -> [None :D] <STEAM_1:0:578030381>
L 09/02/2026 - 21:50:33: [FF] [chimxanh] <STEAM_1:1:626078671> -> 16 HP bằng (boom/fire) -> [（ ͜.人 ͜.）⛇☃] <STEAM_1:1:241852047>
L 09/02/2026 - 21:50:33: [FF] [Binchu2222] <STEAM_1:0:690072085> -> 16 HP bằng (boom/fire) -> [chimxanh] <STEAM_1:1:626078671>
L 09/02/2026 - 21:50:33: [FF] [Binchu2222] <STEAM_1:0:690072085> -> 16 HP bằng (boom/fire) -> [Holo 40k] <STEAM_1:1:925049770>
L 09/02/2026 - 21:50:33: [FF] [Binchu2222] <STEAM_1:0:690072085> -> 16 HP bằng (boom/fire) -> [Chicoarun] <STEAM_1:0:952954061>
L 09/02/2026 - 21:50:33: [FF] [Binchu2222] <STEAM_1:0:690072085> -> 16 HP bằng (boom/fire) -> [Curren Bouquetd'or] <STEAM_1:1:524205977>
L 09/02/2026 - 21:50:33: [FF] [Binchu2222] <STEAM_1:0:690072085> -> 16 HP bằng (boom/fire) -> [KeroN] <STEAM_1:1:161759963>
L 09/02/2026 - 21:50:33: [FF] [Binchu2222] <STEAM_1:0:690072085> -> 16 HP bằng (boom/fire) -> [Lê Hải] <STEAM_1:0:471595906>
L 09/02/2026 - 21:50:33: [FF] [Binchu2222] <STEAM_1:0:690072085> -> 16 HP bằng (boom/fire) -> [Vịt-hút-thuốc-lá] <STEAM_1:1:176443622>
L 09/02/2026 - 21:50:33: [FF] [Binchu2222] <STEAM_1:0:690072085> -> 16 HP bằng (boom/fire) -> [Mikasa] <STEAM_1:0:522010986>
L 09/02/2026 - 21:50:33: [FF] [Binchu2222] <STEAM_1:0:690072085> -> 16 HP bằng (boom/fire) -> [TezzyPham] <STEAM_1:1:933338290>
L 09/02/2026 - 21:50:33: [FF] [None :D] <STEAM_1:0:578030381> -> 16 HP bằng (boom/fire) -> [Holo 40k] <STEAM_1:1:925049770>
L 09/02/2026 - 21:50:33: [FF] [None :D] <STEAM_1:0:578030381> -> 16 HP bằng (boom/fire) -> [Binchu2222] <STEAM_1:0:690072085>
L 09/02/2026 - 21:50:33: [FF] [None :D] <STEAM_1:0:578030381> -> 16 HP bằng (boom/fire) -> [Chicoarun] <STEAM_1:0:952954061>
L 09/02/2026 - 21:50:33: [FF] [None :D] <STEAM_1:0:578030381> -> 16 HP bằng (boom/fire) -> [Curren Bouquetd'or] <STEAM_1:1:524205977>
L 09/02/2026 - 21:50:33: [FF] [None :D] <STEAM_1:0:578030381> -> 16 HP bằng (boom/fire) -> [KeroN] <STEAM_1:1:161759963>
L 09/02/2026 - 21:50:33: [FF] [None :D] <STEAM_1:0:578030381> -> 16 HP bằng (boom/fire) -> [Lê Hải] <STEAM_1:0:471595906>
L 09/02/2026 - 21:50:33: [FF] [None :D] <STEAM_1:0:578030381> -> 16 HP bằng (boom/fire) -> [Vịt-hút-thuốc-lá] <STEAM_1:1:176443622>
L 09/02/2026 - 21:50:33: [FF] [None :D] <STEAM_1:0:578030381> -> 16 HP bằng (boom/fire) -> [Mikasa] <STEAM_1:0:522010986>
L 09/02/2026 - 21:50:33: [FF] [None :D] <STEAM_1:0:578030381> -> 16 HP bằng (boom/fire) -> [TezzyPham] <STEAM_1:1:933338290>
L 09/02/2026 - 21:50:33: [FF] [chimxanh] <STEAM_1:1:626078671> -> 16 HP bằng (boom/fire) -> [（ ͜.人 ͜.）⛇☃] <STEAM_1:1:241852047>
L 09/02/2026 - 21:50:33: [FF] [Binchu2222] <STEAM_1:0:690072085> -> 16 HP bằng (boom/fire) -> [chimxanh] <STEAM_1:1:626078671>
L 09/02/2026 - 21:50:33: [FF] [Binchu2222] <STEAM_1:0:690072085> -> 16 HP bằng (boom/fire) -> [KeroN] <STEAM_1:1:161759963>
L 09/02/2026 - 21:50:33: [FF] [Binchu2222] <STEAM_1:0:690072085> -> 16 HP bằng (boom/fire) -> [Holo 40k] <STEAM_1:1:925049770>
L 09/02/2026 - 21:50:33: [FF] [Binchu2222] <STEAM_1:0:690072085> -> 16 HP bằng (boom/fire) -> [Chicoarun] <STEAM_1:0:952954061>
L 09/02/2026 - 21:50:33: [FF] [Binchu2222] <STEAM_1:0:690072085> -> 16 HP bằng (boom/fire) -> [Curren Bouquetd'or] <STEAM_1:1:524205977>
L 09/02/2026 - 21:50:33: [FF] [Binchu2222] <STEAM_1:0:690072085> -> 16 HP bằng (boom/fire) -> [Lê Hải] <STEAM_1:0:471595906>
L 09/02/2026 - 21:50:33: [FF] [Binchu2222] <STEAM_1:0:690072085> -> 16 HP bằng (boom/fire) -> [Vịt-hút-thuốc-lá] <STEAM_1:1:176443622>
L 09/02/2026 - 21:50:33: [FF] [Binchu2222] <STEAM_1:0:690072085> -> 16 HP bằng (boom/fire) -> [Mikasa] <STEAM_1:0:522010986>
L 09/02/2026 - 21:50:33: [FF] [Binchu2222] <STEAM_1:0:690072085> -> 16 HP bằng (boom/fire) -> [TezzyPham] <STEAM_1:1:933338290>
L 09/02/2026 - 21:50:33: [FF] [None :D] <STEAM_1:0:578030381> -> 16 HP bằng (boom/fire) -> [Holo 40k] <STEAM_1:1:925049770>
L 09/02/2026 - 21:50:33: [FF] [None :D] <STEAM_1:0:578030381> -> 16 HP bằng (boom/fire) -> [Chicoarun] <STEAM_1:0:952954061>
L 09/02/2026 - 21:50:33: [FF] [None :D] <STEAM_1:0:578030381> -> 16 HP bằng (boom/fire) -> [Curren Bouquetd'or] <STEAM_1:1:524205977>
L 09/02/2026 - 21:50:33: [FF] [None :D] <STEAM_1:0:578030381> -> 16 HP bằng (boom/fire) -> [Binchu2222] <STEAM_1:0:690072085>
L 09/02/2026 - 21:50:33: [FF] [None :D] <STEAM_1:0:578030381> -> 16 HP bằng (boom/fire) -> [KeroN] <STEAM_1:1:161759963>
L 09/02/2026 - 21:50:33: [FF] [None :D] <STEAM_1:0:578030381> -> 16 HP bằng (boom/fire) -> [Lê Hải] <STEAM_1:0:471595906>
L 09/02/2026 - 21:50:33: [FF] [None :D] <STEAM_1:0:578030381> -> 16 HP bằng (boom/fire) -> [Vịt-hút-thuốc-lá] <STEAM_1:1:176443622>
L 09/02/2026 - 21:50:33: [FF] [None :D] <STEAM_1:0:578030381> -> 16 HP bằng (boom/fire) -> [Mikasa] <STEAM_1:0:522010986>
L 09/02/2026 - 21:50:33: [FF] [None :D] <STEAM_1:0:578030381> -> 16 HP bằng (boom/fire) -> [TezzyPham] <STEAM_1:1:933338290>
L 09/02/2026 - 21:50:33: [FF] [chimxanh] <STEAM_1:1:626078671> -> 16 HP bằng (boom/fire) -> [（ ͜.人 ͜.）⛇☃] <STEAM_1:1:241852047>
L 09/02/2026 - 21:50:33: [FF] [Binchu2222] <STEAM_1:0:690072085> -> 16 HP bằng (boom/fire) -> [chimxanh] <STEAM_1:1:626078671>
L 09/02/2026 - 21:50:33: [FF] [Binchu2222] <STEAM_1:0:690072085> -> 16 HP bằng (boom/fire) -> [KeroN] <STEAM_1:1:161759963>
L 09/02/2026 - 21:50:33: [FF] [Binchu2222] <STEAM_1:0:690072085> -> 16 HP bằng (boom/fire) -> [Holo 40k] <STEAM_1:1:925049770>
L 09/02/2026 - 21:50:33: [FF] [Binchu2222] <STEAM_1:0:690072085> -> 16 HP bằng (boom/fire) -> [Chicoarun] <STEAM_1:0:952954061>
L 09/02/2026 - 21:50:33: [FF] [Binchu2222] <STEAM_1:0:690072085> -> 16 HP bằng (boom/fire) -> [Curren Bouquetd'or] <STEAM_1:1:524205977>
L 09/02/2026 - 21:50:33: [FF] [Binchu2222] <STEAM_1:0:690072085> -> 16 HP bằng (boom/fire) -> [Lê Hải] <STEAM_1:0:471595906>
L 09/02/2026 - 21:50:33: [FF] [Binchu2222] <STEAM_1:0:690072085> -> 16 HP bằng (boom/fire) -> [Vịt-hút-thuốc-lá] <STEAM_1:1:176443622>
L 09/02/2026 - 21:50:33: [FF] [Binchu2222] <STEAM_1:0:690072085> -> 16 HP bằng (boom/fire) -> [Mikasa] <STEAM_1:0:522010986>
L 09/02/2026 - 21:50:33: [FF] [Binchu2222] <STEAM_1:0:690072085> -> 16 HP bằng (boom/fire) -> [TezzyPham] <STEAM_1:1:933338290>
L 09/02/2026 - 21:50:33: [FF] [None :D] <STEAM_1:0:578030381> -> 16 HP bằng (boom/fire) -> [Holo 40k] <STEAM_1:1:925049770>
L 09/02/2026 - 21:50:33: [FF] [None :D] <STEAM_1:0:578030381> -> 16 HP bằng (boom/fire) -> [Chicoarun] <STEAM_1:0:952954061>
L 09/02/2026 - 21:50:33: [FF] [None :D] <STEAM_1:0:578030381> -> 16 HP bằng (boom/fire) -> [Curren Bouquetd'or] <STEAM_1:1:524205977>
L 09/02/2026 - 21:50:33: [FF] [None :D] <STEAM_1:0:578030381> -> 16 HP bằng (boom/fire) -> [Binchu2222] <STEAM_1:0:690072085>
L 09/02/2026 - 21:50:33: [FF] [None :D] <STEAM_1:0:578030381> -> 16 HP bằng (boom/fire) -> [KeroN] <STEAM_1:1:161759963>
L 09/02/2026 - 21:50:33: [FF] [None :D] <STEAM_1:0:578030381> -> 16 HP bằng (boom/fire) -> [Lê Hải] <STEAM_1:0:471595906>
L 09/02/2026 - 21:50:33: [FF] [None :D] <STEAM_1:0:578030381> -> 16 HP bằng (boom/fire) -> [Vịt-hút-thuốc-lá] <STEAM_1:1:176443622>
L 09/02/2026 - 21:50:33: [FF] [None :D] <STEAM_1:0:578030381> -> 16 HP bằng (boom/fire) -> [Mikasa] <STEAM_1:0:522010986>
L 09/02/2026 - 21:50:33: [FF] [None :D] <STEAM_1:0:578030381> -> 16 HP bằng (boom/fire) -> [TezzyPham] <STEAM_1:1:933338290>
L 09/02/2026 - 21:50:33: [FF] [chimxanh] <STEAM_1:1:626078671> -> 16 HP bằng (boom/fire) -> [（ ͜.人 ͜.）⛇☃] <STEAM_1:1:241852047>
L 09/02/2026 - 21:50:33: [FF] [Binchu2222] <STEAM_1:0:690072085> -> 16 HP bằng (boom/fire) -> [chimxanh] <STEAM_1:1:626078671>
L 09/02/2026 - 21:50:33: [FF] [Binchu2222] <STEAM_1:0:690072085> -> 16 HP bằng (boom/fire) -> [KeroN] <STEAM_1:1:161759963>
L 09/02/2026 - 21:50:33: [FF] [Binchu2222] <STEAM_1:0:690072085> -> 16 HP bằng (boom/fire) -> [Holo 40k] <STEAM_1:1:925049770>
L 09/02/2026 - 21:50:33: [FF] [Binchu2222] <STEAM_1:0:690072085> -> 16 HP bằng (boom/fire) -> [Chicoarun] <STEAM_1:0:952954061>
L 09/02/2026 - 21:50:33: [FF] [Binchu2222] <STEAM_1:0:690072085> -> 16 HP bằng (boom/fire) -> [Curren Bouquetd'or] <STEAM_1:1:524205977>
L 09/02/2026 - 21:50:33: [FF] [Binchu2222] <STEAM_1:0:690072085> -> 16 HP bằng (boom/fire) -> [Lê Hải] <STEAM_1:0:471595906>
L 09/02/2026 - 21:50:33: [FF] [Binchu2222] <STEAM_1:0:690072085> -> 16 HP bằng (boom/fire) -> [Vịt-hút-thuốc-lá] <STEAM_1:1:176443622>
L 09/02/2026 - 21:50:33: [FF] [Binchu2222] <STEAM_1:0:690072085> -> 16 HP bằng (boom/fire) -> [Mikasa] <STEAM_1:0:522010986>
L 09/02/2026 - 21:50:33: [FF] [Binchu2222] <STEAM_1:0:690072085> -> 16 HP bằng (boom/fire) -> [TezzyPham] <STEAM_1:1:933338290>
L 09/02/2026 - 21:50:33: [FF] [None :D] <STEAM_1:0:578030381> -> 16 HP bằng (boom/fire) -> [Holo 40k] <STEAM_1:1:925049770>
L 09/02/2026 - 21:50:33: [FF] [None :D] <STEAM_1:0:578030381> -> 16 HP bằng (boom/fire) -> [Binchu2222] <STEAM_1:0:690072085>
L 09/02/2026 - 21:50:33: [FF] [None :D] <STEAM_1:0:578030381> -> 16 HP bằng (boom/fire) -> [Chicoarun] <STEAM_1:0:952954061>
L 09/02/2026 - 21:50:33: [FF] [None :D] <STEAM_1:0:578030381> -> 16 HP bằng (boom/fire) -> [Curren Bouquetd'or] <STEAM_1:1:524205977>
L 09/02/2026 - 21:50:33: [FF] [None :D] <STEAM_1:0:578030381> -> 16 HP bằng (boom/fire) -> [Lê Hải] <STEAM_1:0:471595906>
L 09/02/2026 - 21:50:33: [FF] [None :D] <STEAM_1:0:578030381> -> 16 HP bằng (boom/fire) -> [Vịt-hút-thuốc-lá] <STEAM_1:1:176443622>
L 09/02/2026 - 21:50:33: [FF] [None :D] <STEAM_1:0:578030381> -> 16 HP bằng (boom/fire) -> [Mikasa] <STEAM_1:0:522010986>
L 09/02/2026 - 21:50:33: [FF] [None :D] <STEAM_1:0:578030381> -> 16 HP bằng (boom/fire) -> [TezzyPham] <STEAM_1:1:933338290>
L 09/02/2026 - 21:50:34: [FF] [chimxanh] <STEAM_1:1:626078671> -> 16 HP bằng (boom/fire) -> [（ ͜.人 ͜.）⛇☃] <STEAM_1:1:241852047>
L 09/02/2026 - 21:50:34: [FF] [Binchu2222] <STEAM_1:0:690072085> -> 16 HP bằng (boom/fire) -> [chimxanh] <STEAM_1:1:626078671>
L 09/02/2026 - 21:50:34: [FF] [Binchu2222] <STEAM_1:0:690072085> -> 16 HP bằng (boom/fire) -> [KeroN] <STEAM_1:1:161759963>
L 09/02/2026 - 21:50:34: [FF] [Binchu2222] <STEAM_1:0:690072085> -> 16 HP bằng (boom/fire) -> [Holo 40k] <STEAM_1:1:925049770>
L 09/02/2026 - 21:50:34: [FF] [Binchu2222] <STEAM_1:0:690072085> -> 16 HP bằng (boom/fire) -> [Chicoarun] <STEAM_1:0:952954061>
L 09/02/2026 - 21:50:34: [FF] [Binchu2222] <STEAM_1:0:690072085> -> 16 HP bằng (boom/fire) -> [Curren Bouquetd'or] <STEAM_1:1:524205977>
L 09/02/2026 - 21:50:34: [FF] [Binchu2222] <STEAM_1:0:690072085> -> 16 HP bằng (boom/fire) -> [Lê Hải] <STEAM_1:0:471595906>
L 09/02/2026 - 21:50:34: [FF] [Binchu2222] <STEAM_1:0:690072085> -> 16 HP bằng (boom/fire) -> [Vịt-hút-thuốc-lá] <STEAM_1:1:176443622>
L 09/02/2026 - 21:50:34: [FF] [Binchu2222] <STEAM_1:0:690072085> -> 16 HP bằng (boom/fire) -> [Mikasa] <STEAM_1:0:522010986>
L 09/02/2026 - 21:50:34: [FF] [Binchu2222] <STEAM_1:0:690072085> -> 16 HP bằng (boom/fire) -> [TezzyPham] <STEAM_1:1:933338290>
L 09/02/2026 - 21:50:34: [FF] [None :D] <STEAM_1:0:578030381> -> 16 HP bằng (boom/fire) -> [Holo 40k] <STEAM_1:1:925049770>
L 09/02/2026 - 21:50:34: [FF] [None :D] <STEAM_1:0:578030381> -> 16 HP bằng (boom/fire) -> [Chicoarun] <STEAM_1:0:952954061>
L 09/02/2026 - 21:50:34: [FF] [None :D] <STEAM_1:0:578030381> -> 16 HP bằng (boom/fire) -> [Curren Bouquetd'or] <STEAM_1:1:524205977>
L 09/02/2026 - 21:50:34: [FF] [None :D] <STEAM_1:0:578030381> -> 16 HP bằng (boom/fire) -> [Binchu2222] <STEAM_1:0:690072085>
L 09/02/2026 - 21:50:34: [FF] [None :D] <STEAM_1:0:578030381> -> 16 HP bằng (boom/fire) -> [Lê Hải] <STEAM_1:0:471595906>
L 09/02/2026 - 21:50:34: [FF] [None :D] <STEAM_1:0:578030381> -> 16 HP bằng (boom/fire) -> [Vịt-hút-thuốc-lá] <STEAM_1:1:176443622>
L 09/02/2026 - 21:50:34: [FF] [None :D] <STEAM_1:0:578030381> -> 16 HP bằng (boom/fire) -> [Mikasa] <STEAM_1:0:522010986>
L 09/02/2026 - 21:50:34: [FF] [None :D] <STEAM_1:0:578030381> -> 16 HP bằng (boom/fire) -> [TezzyPham] <STEAM_1:1:933338290>
L 09/02/2026 - 21:50:34: [FF] [chimxanh] <STEAM_1:1:626078671> -> 16 HP bằng (boom/fire) -> [（ ͜.人 ͜.）⛇☃] <STEAM_1:1:241852047>
L 09/02/2026 - 21:50:34: [FF] [Binchu2222] <STEAM_1:0:690072085> -> 16 HP bằng (boom/fire) -> [chimxanh] <STEAM_1:1:626078671>
L 09/02/2026 - 21:50:34: [FF] [Binchu2222] <STEAM_1:0:690072085> -> 16 HP bằng (boom/fire) -> [KeroN] <STEAM_1:1:161759963>
L 09/02/2026 - 21:50:34: [FF] [Binchu2222] <STEAM_1:0:690072085> -> 16 HP bằng (boom/fire) -> [Holo 40k] <STEAM_1:1:925049770>
L 09/02/2026 - 21:50:34: [FF] [Binchu2222] <STEAM_1:0:690072085> -> 16 HP bằng (boom/fire) -> [Chicoarun] <STEAM_1:0:952954061>
L 09/02/2026 - 21:50:34: [FF] [Binchu2222] <STEAM_1:0:690072085> -> 16 HP bằng (boom/fire) -> [Curren Bouquetd'or] <STEAM_1:1:524205977>
L 09/02/2026 - 21:50:34: [FF] [Binchu2222] <STEAM_1:0:690072085> -> 16 HP bằng (boom/fire) -> [Lê Hải] <STEAM_1:0:471595906>
L 09/02/2026 - 21:50:34: [FF] [Binchu2222] <STEAM_1:0:690072085> -> 16 HP bằng (boom/fire) -> [Vịt-hút-thuốc-lá] <STEAM_1:1:176443622>
L 09/02/2026 - 21:50:34: [FF] [Binchu2222] <STEAM_1:0:690072085> -> 16 HP bằng (boom/fire) -> [Mikasa] <STEAM_1:0:522010986>
L 09/02/2026 - 21:50:34: [FF] [Binchu2222] <STEAM_1:0:690072085> -> 16 HP bằng (boom/fire) -> [TezzyPham] <STEAM_1:1:933338290>
L 09/02/2026 - 21:50:34: [FF] [None :D] <STEAM_1:0:578030381> -> 16 HP bằng (boom/fire) -> [Holo 40k] <STEAM_1:1:925049770>
L 09/02/2026 - 21:50:34: [FF] [None :D] <STEAM_1:0:578030381> -> 16 HP bằng (boom/fire) -> [Chicoarun] <STEAM_1:0:952954061>
L 09/02/2026 - 21:50:34: [FF] [None :D] <STEAM_1:0:578030381> -> 16 HP bằng (boom/fire) -> [Curren Bouquetd'or] <STEAM_1:1:524205977>
L 09/02/2026 - 21:50:34: [FF] [None :D] <STEAM_1:0:578030381> -> 16 HP bằng (boom/fire) -> [Binchu2222] <STEAM_1:0:690072085>
L 09/02/2026 - 21:50:34: [FF] [None :D] <STEAM_1:0:578030381> -> 16 HP bằng (boom/fire) -> [Lê Hải] <STEAM_1:0:471595906>
L 09/02/2026 - 21:50:34: [FF] [None :D] <STEAM_1:0:578030381> -> 16 HP bằng (boom/fire) -> [Vịt-hút-thuốc-lá] <STEAM_1:1:176443622>
L 09/02/2026 - 21:50:34: [FF] [None :D] <STEAM_1:0:578030381> -> 16 HP bằng (boom/fire) -> [Mikasa] <STEAM_1:0:522010986>
L 09/02/2026 - 21:50:34: [FF] [None :D] <STEAM_1:0:578030381> -> 16 HP bằng (boom/fire) -> [TezzyPham] <STEAM_1:1:933338290>
L 09/02/2026 - 21:50:34: [FF] [chimxanh] <STEAM_1:1:626078671> -> 16 HP bằng (boom/fire) -> [（ ͜.人 ͜.）⛇☃] <STEAM_1:1:241852047>
L 09/02/2026 - 21:50:34: [FF] [Binchu2222] <STEAM_1:0:690072085> -> 16 HP bằng (boom/fire) -> [chimxanh] <STEAM_1:1:626078671>
L 09/02/2026 - 21:50:34: [FF] [Binchu2222] <STEAM_1:0:690072085> -> 16 HP bằng (boom/fire) -> [KeroN] <STEAM_1:1:161759963>
L 09/02/2026 - 21:50:34: [FF] [Binchu2222] <STEAM_1:0:690072085> -> 16 HP bằng (boom/fire) -> [Holo 40k] <STEAM_1:1:925049770>
L 09/02/2026 - 21:50:34: [FF] [Binchu2222] <STEAM_1:0:690072085> -> 16 HP bằng (boom/fire) -> [Lê Hải] <STEAM_1:0:471595906>
L 09/02/2026 - 21:50:34: [FF] [Binchu2222] <STEAM_1:0:690072085> -> 16 HP bằng (boom/fire) -> [Vịt-hút-thuốc-lá] <STEAM_1:1:176443622>
L 09/02/2026 - 21:50:34: [FF] [Binchu2222] <STEAM_1:0:690072085> -> 16 HP bằng (boom/fire) -> [Mikasa] <STEAM_1:0:522010986>
L 09/02/2026 - 21:50:34: [FF] [Binchu2222] <STEAM_1:0:690072085> -> 16 HP bằng (boom/fire) -> [TezzyPham] <STEAM_1:1:933338290>
L 09/02/2026 - 21:50:34: [FF] [None :D] <STEAM_1:0:578030381> -> 16 HP bằng (boom/fire) -> [Holo 40k] <STEAM_1:1:925049770>
L 09/02/2026 - 21:50:34: [FF] [None :D] <STEAM_1:0:578030381> -> 16 HP bằng (boom/fire) -> [Chicoarun] <STEAM_1:0:952954061>
L 09/02/2026 - 21:50:34: [FF] [None :D] <STEAM_1:0:578030381> -> 16 HP bằng (boom/fire) -> [Curren Bouquetd'or] <STEAM_1:1:524205977>
L 09/02/2026 - 21:50:34: [FF] [None :D] <STEAM_1:0:578030381> -> 16 HP bằng (boom/fire) -> [Binchu2222] <STEAM_1:0:690072085>
L 09/02/2026 - 21:50:34: [FF] [None :D] <STEAM_1:0:578030381> -> 16 HP bằng (boom/fire) -> [Lê Hải] <STEAM_1:0:471595906>
L 09/02/2026 - 21:50:34: [FF] [None :D] <STEAM_1:0:578030381> -> 16 HP bằng (boom/fire) -> [Vịt-hút-thuốc-lá] <STEAM_1:1:176443622>
L 09/02/2026 - 21:50:34: [FF] [None :D] <STEAM_1:0:578030381> -> 16 HP bằng (boom/fire) -> [Mikasa] <STEAM_1:0:522010986>
L 09/02/2026 - 21:50:34: [FF] [None :D] <STEAM_1:0:578030381> -> 16 HP bằng (boom/fire) -> [TezzyPham] <STEAM_1:1:933338290>
L 09/02/2026 - 21:50:34: [FF] [chimxanh] <STEAM_1:1:626078671> -> 16 HP bằng (boom/fire) -> [（ ͜.人 ͜.）⛇☃] <STEAM_1:1:241852047>
L 09/02/2026 - 21:50:34: [FF] [Binchu2222] <STEAM_1:0:690072085> -> 16 HP bằng (boom/fire) -> [KeroN] <STEAM_1:1:161759963>
L 09/02/2026 - 21:50:34: [FF] [Binchu2222] <STEAM_1:0:690072085> -> 16 HP bằng (boom/fire) -> [chimxanh] <STEAM_1:1:626078671>
L 09/02/2026 - 21:50:34: [FF] [Binchu2222] <STEAM_1:0:690072085> -> 16 HP bằng (boom/fire) -> [Lê Hải] <STEAM_1:0:471595906>
L 09/02/2026 - 21:50:34: [FF] [Binchu2222] <STEAM_1:0:690072085> -> 16 HP bằng (boom/fire) -> [Vịt-hút-thuốc-lá] <STEAM_1:1:176443622>
L 09/02/2026 - 21:50:34: [FF] [Binchu2222] <STEAM_1:0:690072085> -> 16 HP bằng (boom/fire) -> [Mikasa] <STEAM_1:0:522010986>
L 09/02/2026 - 21:50:34: [FF] [Binchu2222] <STEAM_1:0:690072085> -> 16 HP bằng (boom/fire) -> [TezzyPham] <STEAM_1:1:933338290>
L 09/02/2026 - 21:50:34: [KILL] Binchu2222 <STEAM_1:0:690072085> đã giết TezzyPham <STEAM_1:1:933338290> bằng (boom/fire)
L 09/02/2026 - 21:50:34: [FF] [None :D] <STEAM_1:0:578030381> -> 16 HP bằng (boom/fire) -> [Holo 40k] <STEAM_1:1:925049770>
L 09/02/2026 - 21:50:34: [FF] [None :D] <STEAM_1:0:578030381> -> 16 HP bằng (boom/fire) -> [Chicoarun] <STEAM_1:0:952954061>
L 09/02/2026 - 21:50:34: [FF] [None :D] <STEAM_1:0:578030381> -> 16 HP bằng (boom/fire) -> [Curren Bouquetd'or] <STEAM_1:1:524205977>
L 09/02/2026 - 21:50:34: [FF] [None :D] <STEAM_1:0:578030381> -> 16 HP bằng (boom/fire) -> [Binchu2222] <STEAM_1:0:690072085>
L 09/02/2026 - 21:50:34: [FF] [None :D] <STEAM_1:0:578030381> -> 16 HP bằng (boom/fire) -> [Lê Hải] <STEAM_1:0:471595906>
L 09/02/2026 - 21:50:34: [KILL] None :D <STEAM_1:0:578030381> đã giết Lê Hải <STEAM_1:0:471595906> bằng (boom/fire)
L 09/02/2026 - 21:50:34: [FF] [None :D] <STEAM_1:0:578030381> -> 16 HP bằng (boom/fire) -> [Vịt-hút-thuốc-lá] <STEAM_1:1:176443622>
L 09/02/2026 - 21:50:34: [FF] [None :D] <STEAM_1:0:578030381> -> 16 HP bằng (boom/fire) -> [Mikasa] <STEAM_1:0:522010986>
L 09/02/2026 - 21:50:34: [FF] [chimxanh] <STEAM_1:1:626078671> -> 16 HP bằng (boom/fire) -> [（ ͜.人 ͜.）⛇☃] <STEAM_1:1:241852047>
L 09/02/2026 - 21:50:34: [FF] [Binchu2222] <STEAM_1:0:690072085> -> 16 HP bằng (boom/fire) -> [KeroN] <STEAM_1:1:161759963>
L 09/02/2026 - 21:50:34: [FF] [Binchu2222] <STEAM_1:0:690072085> -> 16 HP bằng (boom/fire) -> [chimxanh] <STEAM_1:1:626078671>
L 09/02/2026 - 21:50:34: [FF] [Binchu2222] <STEAM_1:0:690072085> -> 16 HP bằng (boom/fire) -> [Vịt-hút-thuốc-lá] <STEAM_1:1:176443622>
L 09/02/2026 - 21:50:34: [KILL] Binchu2222 <STEAM_1:0:690072085> đã giết Vịt-hút-thuốc-lá <STEAM_1:1:176443622> bằng (boom/fire)
L 09/02/2026 - 21:50:34: [FF] [Binchu2222] <STEAM_1:0:690072085> -> 16 HP bằng (boom/fire) -> [Mikasa] <STEAM_1:0:522010986>
L 09/02/2026 - 21:50:34: [FF] [None :D] <STEAM_1:0:578030381> -> 16 HP bằng (boom/fire) -> [Binchu2222] <STEAM_1:0:690072085>
L 09/02/2026 - 21:50:34: [FF] [None :D] <STEAM_1:0:578030381> -> 16 HP bằng (boom/fire) -> [Chicoarun] <STEAM_1:0:952954061>
L 09/02/2026 - 21:50:34: [FF] [None :D] <STEAM_1:0:578030381> -> 16 HP bằng (boom/fire) -> [Holo 40k] <STEAM_1:1:925049770>
L 09/02/2026 - 21:50:34: [FF] [None :D] <STEAM_1:0:578030381> -> 16 HP bằng (boom/fire) -> [Curren Bouquetd'or] <STEAM_1:1:524205977>
L 09/02/2026 - 21:50:34: [FF] [None :D] <STEAM_1:0:578030381> -> 16 HP bằng (boom/fire) -> [Mikasa] <STEAM_1:0:522010986>
L 09/02/2026 - 21:50:35: [FF] [chimxanh] <STEAM_1:1:626078671> -> 16 HP bằng (boom/fire) -> [（ ͜.人 ͜.）⛇☃] <STEAM_1:1:241852047>
L 09/02/2026 - 21:50:35: [FF] [Binchu2222] <STEAM_1:0:690072085> -> 16 HP bằng (boom/fire) -> [KeroN] <STEAM_1:1:161759963>
L 09/02/2026 - 21:50:35: [FF] [Binchu2222] <STEAM_1:0:690072085> -> 16 HP bằng (boom/fire) -> [chimxanh] <STEAM_1:1:626078671>
L 09/02/2026 - 21:50:35: [FF] [Binchu2222] <STEAM_1:0:690072085> -> 16 HP bằng (boom/fire) -> [Mikasa] <STEAM_1:0:522010986>
L 09/02/2026 - 21:50:35: [FF] [None :D] <STEAM_1:0:578030381> -> 16 HP bằng (boom/fire) -> [Holo 40k] <STEAM_1:1:925049770>
L 09/02/2026 - 21:50:35: [FF] [None :D] <STEAM_1:0:578030381> -> 16 HP bằng (boom/fire) -> [Binchu2222] <STEAM_1:0:690072085>
L 09/02/2026 - 21:50:35: [FF] [None :D] <STEAM_1:0:578030381> -> 16 HP bằng (boom/fire) -> [Chicoarun] <STEAM_1:0:952954061>
L 09/02/2026 - 21:50:35: [KILL] None :D <STEAM_1:0:578030381> đã giết Chicoarun <STEAM_1:0:952954061> bằng (boom/fire)
L 09/02/2026 - 21:50:35: [FF] [None :D] <STEAM_1:0:578030381> -> 16 HP bằng (boom/fire) -> [Curren Bouquetd'or] <STEAM_1:1:524205977>
L 09/02/2026 - 21:50:35: [KILL] None :D <STEAM_1:0:578030381> đã giết Curren Bouquetd'or <STEAM_1:1:524205977> bằng (boom/fire)
L 09/02/2026 - 21:50:35: [FF] [None :D] <STEAM_1:0:578030381> -> 16 HP bằng (boom/fire) -> [Mikasa] <STEAM_1:0:522010986>
L 09/02/2026 - 21:50:35: [FF] [chimxanh] <STEAM_1:1:626078671> -> 16 HP bằng (boom/fire) -> [（ ͜.人 ͜.）⛇☃] <STEAM_1:1:241852047>
L 09/02/2026 - 21:50:35: [FF] [Binchu2222] <STEAM_1:0:690072085> -> 16 HP bằng (boom/fire) -> [KeroN] <STEAM_1:1:161759963>
L 09/02/2026 - 21:50:35: [FF] [Binchu2222] <STEAM_1:0:690072085> -> 16 HP bằng (boom/fire) -> [chimxanh] <STEAM_1:1:626078671>
L 09/02/2026 - 21:50:35: [FF] [Binchu2222] <STEAM_1:0:690072085> -> 16 HP bằng (boom/fire) -> [Mikasa] <STEAM_1:0:522010986>
L 09/02/2026 - 21:50:35: [KILL] Binchu2222 <STEAM_1:0:690072085> đã giết Mikasa <STEAM_1:0:522010986> bằng (boom/fire)
L 09/02/2026 - 21:50:35: [FF] [None :D] <STEAM_1:0:578030381> -> 16 HP bằng (boom/fire) -> [Holo 40k] <STEAM_1:1:925049770>
L 09/02/2026 - 21:50:35: [FF] [None :D] <STEAM_1:0:578030381> -> 16 HP bằng (boom/fire) -> [Binchu2222] <STEAM_1:0:690072085>
L 09/02/2026 - 21:50:35: [FF] [chimxanh] <STEAM_1:1:626078671> -> 16 HP bằng (boom/fire) -> [（ ͜.人 ͜.）⛇☃] <STEAM_1:1:241852047>
L 09/02/2026 - 21:50:35: [FF] [Binchu2222] <STEAM_1:0:690072085> -> 16 HP bằng (boom/fire) -> [KeroN] <STEAM_1:1:161759963>
L 09/02/2026 - 21:50:35: [FF] [Binchu2222] <STEAM_1:0:690072085> -> 16 HP bằng (boom/fire) -> [chimxanh] <STEAM_1:1:626078671>
L 09/02/2026 - 21:50:35: [FF] [None :D] <STEAM_1:0:578030381> -> 16 HP bằng (boom/fire) -> [Holo 40k] <STEAM_1:1:925049770>
L 09/02/2026 - 21:50:35: [KILL] None :D <STEAM_1:0:578030381> đã giết Holo 40k <STEAM_1:1:925049770> bằng (boom/fire)
L 09/02/2026 - 21:50:35: [FF] [None :D] <STEAM_1:0:578030381> -> 16 HP bằng (boom/fire) -> [Binchu2222] <STEAM_1:0:690072085>
L 09/02/2026 - 21:50:35: [FF] [chimxanh] <STEAM_1:1:626078671> -> 16 HP bằng (boom/fire) -> [（ ͜.人 ͜.）⛇☃] <STEAM_1:1:241852047>
L 09/02/2026 - 21:50:35: [FF] [Binchu2222] <STEAM_1:0:690072085> -> 16 HP bằng (boom/fire) -> [KeroN] <STEAM_1:1:161759963>
L 09/02/2026 - 21:50:35: [FF] [Binchu2222] <STEAM_1:0:690072085> -> 16 HP bằng (boom/fire) -> [chimxanh] <STEAM_1:1:626078671>
L 09/02/2026 - 21:50:35: [FF] [None :D] <STEAM_1:0:578030381> -> 16 HP bằng (boom/fire) -> [Binchu2222] <STEAM_1:0:690072085>
L 09/02/2026 - 21:50:35: [FF] [chimxanh] <STEAM_1:1:626078671> -> 16 HP bằng (boom/fire) -> [（ ͜.人 ͜.）⛇☃] <STEAM_1:1:241852047>
L 09/02/2026 - 21:50:35: [FF] [Binchu2222] <STEAM_1:0:690072085> -> 16 HP bằng (boom/fire) -> [KeroN] <STEAM_1:1:161759963>
L 09/02/2026 - 21:50:35: [FF] [Binchu2222] <STEAM_1:0:690072085> -> 16 HP bằng (boom/fire) -> [chimxanh] <STEAM_1:1:626078671>
L 09/02/2026 - 21:50:35: [FF] [None :D] <STEAM_1:0:578030381> -> 16 HP bằng (boom/fire) -> [Binchu2222] <STEAM_1:0:690072085>
L 09/02/2026 - 21:50:36: [FF] [Binchu2222] <STEAM_1:0:690072085> -> 16 HP bằng (boom/fire) -> [KeroN] <STEAM_1:1:161759963>
L 09/02/2026 - 21:50:36: [FF] [Binchu2222] <STEAM_1:0:690072085> -> 16 HP bằng (boom/fire) -> [chimxanh] <STEAM_1:1:626078671>
L 09/02/2026 - 21:50:36: [FF] [None :D] <STEAM_1:0:578030381> -> 16 HP bằng (boom/fire) -> [Binchu2222] <STEAM_1:0:690072085>
L 09/02/2026 - 21:50:36: [FF] [Binchu2222] <STEAM_1:0:690072085> -> 16 HP bằng (boom/fire) -> [KeroN] <STEAM_1:1:161759963>
L 09/02/2026 - 21:50:36: [FF] [Binchu2222] <STEAM_1:0:690072085> -> 16 HP bằng (boom/fire) -> [chimxanh] <STEAM_1:1:626078671>
L 09/02/2026 - 21:50:36: [FF] [None :D] <STEAM_1:0:578030381> -> 16 HP bằng (boom/fire) -> [Binchu2222] <STEAM_1:0:690072085>
L 09/02/2026 - 21:50:36: [FF] [Binchu2222] <STEAM_1:0:690072085> -> 16 HP bằng (boom/fire) -> [KeroN] <STEAM_1:1:161759963>
L 09/02/2026 - 21:50:36: [FF] [Binchu2222] <STEAM_1:0:690072085> -> 16 HP bằng (boom/fire) -> [chimxanh] <STEAM_1:1:626078671>
L 09/02/2026 - 21:50:36: [FF] [None :D] <STEAM_1:0:578030381> -> 16 HP bằng (boom/fire) -> [Binchu2222] <STEAM_1:0:690072085>
L 09/02/2026 - 21:50:36: [FF] [chimxanh] <STEAM_1:1:626078671> -> 16 HP bằng (boom/fire) -> [KeroN] <STEAM_1:1:161759963>
L 09/02/2026 - 21:50:36: [FF] [Binchu2222] <STEAM_1:0:690072085> -> 16 HP bằng (boom/fire) -> [KeroN] <STEAM_1:1:161759963>
L 09/02/2026 - 21:50:36: [KILL] Binchu2222 <STEAM_1:0:690072085> đã giết KeroN <STEAM_1:1:161759963> bằng (boom/fire)
L 09/02/2026 - 21:50:36: [FF] [Binchu2222] <STEAM_1:0:690072085> -> 16 HP bằng (boom/fire) -> [chimxanh] <STEAM_1:1:626078671>
L 09/02/2026 - 21:50:36: [FF] [None :D] <STEAM_1:0:578030381> -> 16 HP bằng (boom/fire) -> [Binchu2222] <STEAM_1:0:690072085>
L 09/02/2026 - 21:50:36: [FF] [chimxanh] <STEAM_1:1:626078671> -> 16 HP bằng (boom/fire) -> [Rïçēz] <STEAM_1:1:558962692>
L 09/02/2026 - 21:50:36: [FF] [Binchu2222] <STEAM_1:0:690072085> -> 16 HP bằng (boom/fire) -> [chimxanh] <STEAM_1:1:626078671>
L 09/02/2026 - 21:50:36: [FF] [None :D] <STEAM_1:0:578030381> -> 16 HP bằng (boom/fire) -> [Binchu2222] <STEAM_1:0:690072085>
L 09/02/2026 - 21:50:37: [FF] [chimxanh] <STEAM_1:1:626078671> -> 16 HP bằng (boom/fire) -> [Rïçēz] <STEAM_1:1:558962692>
L 09/02/2026 - 21:50:37: [FF] [Binchu2222] <STEAM_1:0:690072085> -> 16 HP bằng (boom/fire) -> [chimxanh] <STEAM_1:1:626078671>
L 09/02/2026 - 21:50:37: [FF] [None :D] <STEAM_1:0:578030381> -> 16 HP bằng (boom/fire) -> [Binchu2222] <STEAM_1:0:690072085>
L 09/02/2026 - 21:50:37: [FF] [Binchu2222] <STEAM_1:0:690072085> -> 16 HP bằng (boom/fire) -> [chimxanh] <STEAM_1:1:626078671>
L 09/02/2026 - 21:50:37: [FF] [None :D] <STEAM_1:0:578030381> -> 16 HP bằng (boom/fire) -> [Binchu2222] <STEAM_1:0:690072085>
L 09/02/2026 - 21:50:37: [FF] [Binchu2222] <STEAM_1:0:690072085> -> 16 HP bằng (boom/fire) -> [chimxanh] <STEAM_1:1:626078671>
L 09/02/2026 - 21:50:37: [FF] [None :D] <STEAM_1:0:578030381> -> 16 HP bằng (boom/fire) -> [Binchu2222] <STEAM_1:0:690072085>
L 09/02/2026 - 21:50:37: [FF] [Binchu2222] <STEAM_1:0:690072085> -> 16 HP bằng (boom/fire) -> [chimxanh] <STEAM_1:1:626078671>
L 09/02/2026 - 21:50:37: [FF] [None :D] <STEAM_1:0:578030381> -> 16 HP bằng (boom/fire) -> [Binchu2222] <STEAM_1:0:690072085>
L 09/02/2026 - 21:50:37: [FF] [Binchu2222] <STEAM_1:0:690072085> -> 16 HP bằng (boom/fire) -> [chimxanh] <STEAM_1:1:626078671>
L 09/02/2026 - 21:50:37: [FF] [None :D] <STEAM_1:0:578030381> -> 16 HP bằng (boom/fire) -> [Binchu2222] <STEAM_1:0:690072085>
L 09/02/2026 - 21:50:38: [FF] [Binchu2222] <STEAM_1:0:690072085> -> 16 HP bằng (boom/fire) -> [chimxanh] <STEAM_1:1:626078671>
L 09/02/2026 - 21:50:38: [FF] [None :D] <STEAM_1:0:578030381> -> 16 HP bằng (boom/fire) -> [Binchu2222] <STEAM_1:0:690072085>
L 09/02/2026 - 21:50:38: [FF] [Binchu2222] <STEAM_1:0:690072085> -> 16 HP bằng (boom/fire) -> [chimxanh] <STEAM_1:1:626078671>
L 09/02/2026 - 21:50:38: [FF] [None :D] <STEAM_1:0:578030381> -> 16 HP bằng (boom/fire) -> [Binchu2222] <STEAM_1:0:690072085>
L 09/02/2026 - 21:50:38: [FF] [Binchu2222] <STEAM_1:0:690072085> -> 16 HP bằng (boom/fire) -> [chimxanh] <STEAM_1:1:626078671>
L 09/02/2026 - 21:50:38: [FF] [None :D] <STEAM_1:0:578030381> -> 16 HP bằng (boom/fire) -> [Binchu2222] <STEAM_1:0:690072085>
L 09/02/2026 - 21:50:38: [FF] [Binchu2222] <STEAM_1:0:690072085> -> 16 HP bằng (boom/fire) -> [chimxanh] <STEAM_1:1:626078671>
L 09/02/2026 - 21:50:38: [FF] [None :D] <STEAM_1:0:578030381> -> 16 HP bằng (boom/fire) -> [Binchu2222] <STEAM_1:0:690072085>
L 09/02/2026 - 21:50:38: [FF] [Binchu2222] <STEAM_1:0:690072085> -> 16 HP bằng (boom/fire) -> [chimxanh] <STEAM_1:1:626078671>
L 09/02/2026 - 21:50:38: [FF] [None :D] <STEAM_1:0:578030381> -> 16 HP bằng (boom/fire) -> [Binchu2222] <STEAM_1:0:690072085>
L 09/02/2026 - 21:50:39: [FF] [Binchu2222] <STEAM_1:0:690072085> -> 16 HP bằng (boom/fire) -> [chimxanh] <STEAM_1:1:626078671>
L 09/02/2026 - 21:50:39: [FF] [Binchu2222] <STEAM_1:0:690072085> -> 16 HP bằng (boom/fire) -> [chimxanh] <STEAM_1:1:626078671>
L 09/02/2026 - 21:50:39: [FF] [Binchu2222] <STEAM_1:0:690072085> -> 16 HP bằng (boom/fire) -> [chimxanh] <STEAM_1:1:626078671>
L 09/02/2026 - 21:50:39: [FF] [Binchu2222] <STEAM_1:0:690072085> -> 16 HP bằng (boom/fire) -> [chimxanh] <STEAM_1:1:626078671>
L 09/02/2026 - 21:50:39: [FF] [Binchu2222] <STEAM_1:0:690072085> -> 16 HP bằng (boom/fire) -> [chimxanh] <STEAM_1:1:626078671>
L 09/02/2026 - 21:50:40: [FF] [Binchu2222] <STEAM_1:0:690072085> -> 16 HP bằng (boom/fire) -> [chimxanh] <STEAM_1:1:626078671>
L 09/02/2026 - 21:50:40: [FF] [Rïçēz] <STEAM_1:1:558962692> -> 6 HP bằng (súng) -> [None :D] <STEAM_1:0:578030381>
L 09/02/2026 - 21:50:40: [FF] [Binchu2222] <STEAM_1:0:690072085> -> 16 HP bằng (boom/fire) -> [chimxanh] <STEAM_1:1:626078671>
L 09/02/2026 - 21:50:40: [KILL] Binchu2222 <STEAM_1:0:690072085> đã giết chimxanh <STEAM_1:1:626078671> bằng (boom/fire)
L 09/02/2026 - 21:50:41: [FF] [None :D] <STEAM_1:0:578030381> -> 3 HP bằng (boom/fire) -> [Binchu2222] <STEAM_1:0:690072085>
L 09/02/2026 - 21:50:41: [FF] [None :D] <STEAM_1:0:578030381> -> 3 HP bằng (boom/fire) -> [Binchu2222] <STEAM_1:0:690072085>
L 09/02/2026 - 21:50:41: [FF] [None :D] <STEAM_1:0:578030381> -> 16 HP bằng (boom/fire) -> [Binchu2222] <STEAM_1:0:690072085>
L 09/02/2026 - 21:50:41: [FF] [None :D] <STEAM_1:0:578030381> -> 16 HP bằng (boom/fire) -> [Binchu2222] <STEAM_1:0:690072085>
L 09/02/2026 - 21:50:41: [FF] [None :D] <STEAM_1:0:578030381> -> 16 HP bằng (boom/fire) -> [Binchu2222] <STEAM_1:0:690072085>
L 09/02/2026 - 21:50:42: [FF] [None :D] <STEAM_1:0:578030381> -> 16 HP bằng (boom/fire) -> [Binchu2222] <STEAM_1:0:690072085>
L 09/02/2026 - 21:50:42: [FF] [None :D] <STEAM_1:0:578030381> -> 16 HP bằng (boom/fire) -> [Binchu2222] <STEAM_1:0:690072085>
L 09/02/2026 - 21:50:52: [FF] [weeBlord] <STEAM_1:0:242584050> -> 16 HP bằng (boom/fire) -> [Rïçēz] <STEAM_1:1:558962692>
L 09/02/2026 - 21:50:53: [FF] [weeBlord] <STEAM_1:0:242584050> -> 16 HP bằng (boom/fire) -> [Rïçēz] <STEAM_1:1:558962692>
L 09/02/2026 - 21:50:53: [FF] [weeBlord] <STEAM_1:0:242584050> -> 16 HP bằng (boom/fire) -> [Rïçēz] <STEAM_1:1:558962692>
L 09/02/2026 - 21:50:53: [FF] [weeBlord] <STEAM_1:0:242584050> -> 16 HP bằng (boom/fire) -> [Rïçēz] <STEAM_1:1:558962692>
L 09/02/2026 - 21:50:53: [FF] [weeBlord] <STEAM_1:0:242584050> -> 16 HP bằng (boom/fire) -> [Rïçēz] <STEAM_1:1:558962692>
L 09/02/2026 - 21:50:54: [HẠ GỤC] Tank <BOT> đã hạ gục None :D <STEAM_1:0:578030381> bằng (môi trường/khác)
