L 09/28/2026 - 19:42:51: [FF] [Rïçēz] <STEAM_1:1:558962692> -> 5 HP bằng (súng) -> [LmaoLmao] <STEAM_1:0:606728972>
L 09/28/2026 - 19:42:58: [FF] [LmaoLmao] <STEAM_1:0:606728972> -> 1 HP bằng (súng) -> [Francis] <BOT>
L 09/28/2026 - 19:42:59: [FF] [LmaoLmao] <STEAM_1:0:606728972> -> 1 HP bằng (súng) -> [Rïçēz] <STEAM_1:1:558962692>
L 09/28/2026 - 19:43:22: [FF] [Chicoarun] <STEAM_1:0:952954061> -> 5 HP bằng (súng) -> [（ ͜.人 ͜.）⛇☃] <STEAM_1:1:241852047>
L 09/28/2026 - 19:43:22: [FF] [Chicoarun] <STEAM_1:0:952954061> -> 5 HP bằng (súng) -> [（ ͜.人 ͜.）⛇☃] <STEAM_1:1:241852047>
L 09/28/2026 - 19:43:22: [FF] [Chicoarun] <STEAM_1:0:952954061> -> 5 HP bằng (súng) -> [（ ͜.人 ͜.）⛇☃] <STEAM_1:1:241852047>
L 09/28/2026 - 19:43:22: [FF] [Chicoarun] <STEAM_1:0:952954061> -> 5 HP bằng (súng) -> [（ ͜.人 ͜.）⛇☃] <STEAM_1:1:241852047>
L 09/28/2026 - 19:43:22: [FF] [Chicoarun] <STEAM_1:0:952954061> -> 5 HP bằng (súng) -> [（ ͜.人 ͜.）⛇☃] <STEAM_1:1:241852047>
L 09/28/2026 - 19:43:22: [FF] [Chicoarun] <STEAM_1:0:952954061> -> 5 HP bằng (súng) -> [（ ͜.人 ͜.）⛇☃] <STEAM_1:1:241852047>
L 09/28/2026 - 19:43:23: [FF] [LmaoLmao] <STEAM_1:0:606728972> -> 6 HP bằng (súng) -> [Rïçēz] <STEAM_1:1:558962692>
L 09/28/2026 - 19:43:29: [FF] [Rïçēz] <STEAM_1:1:558962692> -> 6 HP bằng (súng) -> [LmaoLmao] <STEAM_1:0:606728972>
L 09/28/2026 - 19:43:29: [HẠ GỤC] Zombie/Witch/Môi trường <N/A> đã hạ gục （ ͜.人 ͜.）⛇☃ <STEAM_1:1:241852047> bằng (môi trường/khác)
L 09/28/2026 - 19:43:32: [HẠ GỤC] Zombie/Witch/Môi trường <N/A> đã hạ gục Mikasa <STEAM_1:0:522010986> bằng (môi trường/khác)
L 09/28/2026 - 19:43:39: [FF] [KeroN] <STEAM_1:1:161759963> -> 6 HP bằng (súng) -> [Chicoarun] <STEAM_1:0:952954061>
L 09/28/2026 - 19:43:39: [FF] [KeroN] <STEAM_1:1:161759963> -> 5 HP bằng (súng) -> [Chicoarun] <STEAM_1:0:952954061>
L 09/28/2026 - 19:43:47: [FF] [KeroN] <STEAM_1:1:161759963> -> 5 HP bằng (súng) -> [（ ͜.人 ͜.）⛇☃] <STEAM_1:1:241852047>
L 09/28/2026 - 19:44:02: [HẠ GỤC] Zombie/Witch/Môi trường <N/A> đã hạ gục （ ͜.人 ͜.）⛇☃ <STEAM_1:1:241852047> bằng (môi trường/khác)
L 09/28/2026 - 19:44:09: [HẠ GỤC] Hunter Bot <BOT> đã hạ gục Chicoarun <STEAM_1:0:952954061> bằng (zombie cào/đấm)
L 09/28/2026 - 19:44:10: [FF] [LmaoLmao] <STEAM_1:0:606728972> -> 5 HP bằng (súng) -> [Rïçēz] <STEAM_1:1:558962692>
L 09/28/2026 - 19:44:10: [FF] [LmaoLmao] <STEAM_1:0:606728972> -> 5 HP bằng (súng) -> [Rïçēz] <STEAM_1:1:558962692>
L 09/28/2026 - 19:44:11: [FF] [Curren Bouquetd'or] <STEAM_1:1:524205977> -> 5 HP bằng (súng) -> [LmaoLmao] <STEAM_1:0:606728972>
L 09/28/2026 - 19:44:11: [FF] [Curren Bouquetd'or] <STEAM_1:1:524205977> -> 5 HP bằng (súng) -> [LmaoLmao] <STEAM_1:0:606728972>
L 09/28/2026 - 19:44:19: [HẠ GỤC] Zombie/Witch/Môi trường <N/A> đã hạ gục Curren Bouquetd'or <STEAM_1:1:524205977> bằng (môi trường/khác)
L 09/28/2026 - 19:44:24: [HẠ GỤC] Hunter Bot <BOT> đã hạ gục Rïçēz <STEAM_1:1:558962692> bằng (zombie cào/đấm)
L 09/28/2026 - 19:44:31: [HẠ GỤC] Charger Bot <BOT> đã hạ gục （ ͜.人 ͜.）⛇☃ <STEAM_1:1:241852047> bằng (zombie cào/đấm)
L 09/28/2026 - 19:44:43: [HẠ GỤC] Charger Bot <BOT> đã hạ gục LmaoLmao <STEAM_1:0:606728972> bằng (zombie cào/đấm)
L 09/28/2026 - 19:44:51: [FF] [Chicoarun] <STEAM_1:0:952954061> -> 7 HP bằng (melee) -> [Mikasa] <STEAM_1:0:522010986>
L 09/28/2026 - 19:44:52: [FF] [Mikasa] <STEAM_1:0:522010986> -> 7 HP bằng (melee) -> [Chicoarun] <STEAM_1:0:952954061>
L 09/28/2026 - 19:44:55: [HẠ GỤC] Zombie/Witch/Môi trường <N/A> đã hạ gục Mikasa <STEAM_1:0:522010986> bằng (môi trường/khác)
L 09/28/2026 - 19:44:59: [FF] [Rïçēz] <STEAM_1:1:558962692> -> 6 HP bằng (súng) -> [Chicoarun] <STEAM_1:0:952954061>
L 09/28/2026 - 19:44:59: [FF] [Rïçēz] <STEAM_1:1:558962692> -> 5 HP bằng (súng) -> [Chicoarun] <STEAM_1:0:952954061>
L 09/28/2026 - 19:44:59: [FF] [Rïçēz] <STEAM_1:1:558962692> -> 5 HP bằng (súng) -> [Chicoarun] <STEAM_1:0:952954061>
L 09/28/2026 - 19:44:59: [FF] [Rïçēz] <STEAM_1:1:558962692> -> 6 HP bằng (súng) -> [Chicoarun] <STEAM_1:0:952954061>
L 09/28/2026 - 19:44:59: [FF] [Rïçēz] <STEAM_1:1:558962692> -> 5 HP bằng (súng) -> [Chicoarun] <STEAM_1:0:952954061>
L 09/28/2026 - 19:45:03: [HẠ GỤC] Zombie/Witch/Môi trường <N/A> đã hạ gục LmaoLmao <STEAM_1:0:606728972> bằng (môi trường/khác)
L 09/28/2026 - 19:45:10: [FF] [KeroN] <STEAM_1:1:161759963> -> 5 HP bằng (melee) -> [（ ͜.人 ͜.）⛇☃] <STEAM_1:1:241852047>
L 09/28/2026 - 19:45:11: [HẠ GỤC] Zombie/Witch/Môi trường <N/A> đã hạ gục Curren Bouquetd'or <STEAM_1:1:524205977> bằng (môi trường/khác)
L 09/28/2026 - 19:45:19: [FF] [（ ͜.人 ͜.）⛇☃] <STEAM_1:1:241852047> -> 16 HP bằng (boom/fire) -> [Curren Bouquetd'or] <STEAM_1:1:524205977>
L 09/28/2026 - 19:45:20: [FF] [（ ͜.人 ͜.）⛇☃] <STEAM_1:1:241852047> -> 16 HP bằng (boom/fire) -> [Curren Bouquetd'or] <STEAM_1:1:524205977>
L 09/28/2026 - 19:45:32: [HẠ GỤC] Smoker Bot <BOT> đã hạ gục （ ͜.人 ͜.）⛇☃ <STEAM_1:1:241852047> bằng (zombie cào/đấm)
L 09/28/2026 - 19:45:42: [HẠ GỤC] Hunter Bot <BOT> đã hạ gục Chicoarun <STEAM_1:0:952954061> bằng (zombie cào/đấm)
L 09/28/2026 - 19:45:58: [FF] [Mikasa] <STEAM_1:0:522010986> -> 7 HP bằng (melee) -> [Louis] <BOT>
L 09/28/2026 - 19:46:10: [FF] [KeroN] <STEAM_1:1:161759963> -> 7 HP bằng (súng) -> [Chicoarun] <STEAM_1:0:952954061>
L 09/28/2026 - 19:46:10: [FF] [KeroN] <STEAM_1:1:161759963> -> 7 HP bằng (súng) -> [Chicoarun] <STEAM_1:0:952954061>
L 09/28/2026 - 19:46:28: [FF] [Curren Bouquetd'or] <STEAM_1:1:524205977> -> 5 HP bằng (súng) -> [Rïçēz] <STEAM_1:1:558962692>
L 09/28/2026 - 19:46:29: [FF] [Curren Bouquetd'or] <STEAM_1:1:524205977> -> 5 HP bằng (súng) -> [Rïçēz] <STEAM_1:1:558962692>
L 09/28/2026 - 19:46:29: [FF] [KeroN] <STEAM_1:1:161759963> -> 5 HP bằng (súng) -> [Curren Bouquetd'or] <STEAM_1:1:524205977>
L 09/28/2026 - 19:46:36: [HẠ GỤC] Zombie/Witch/Môi trường <N/A> đã hạ gục Rïçēz <STEAM_1:1:558962692> bằng (môi trường/khác)
L 09/28/2026 - 19:46:36: [HẠ GỤC] Zombie/Witch/Môi trường <N/A> đã hạ gục Chicoarun <STEAM_1:0:952954061> bằng (môi trường/khác)
L 09/28/2026 - 19:46:38: [KILL] Charger Bot <BOT> đã giết Curren Bouquetd'or <STEAM_1:1:524205977> bằng (zombie cào/đấm)
L 09/28/2026 - 19:46:40: [FF] [LmaoLmao] <STEAM_1:0:606728972> -> 5 HP bằng (súng) -> [Louis] <BOT>
L 09/28/2026 - 19:46:40: [FF] [LmaoLmao] <STEAM_1:0:606728972> -> 6 HP bằng (súng) -> [Louis] <BOT>
L 09/28/2026 - 19:46:44: [HẠ GỤC] Zombie/Witch/Môi trường <N/A> đã hạ gục Mikasa <STEAM_1:0:522010986> bằng (môi trường/khác)
L 09/28/2026 - 19:46:58: [FF] [LmaoLmao] <STEAM_1:0:606728972> -> 1 HP bằng (súng) -> [Louis] <BOT>
L 09/28/2026 - 19:47:09: [HẠ GỤC] Zombie/Witch/Môi trường <N/A> đã hạ gục Rïçēz <STEAM_1:1:558962692> bằng (môi trường/khác)
L 09/28/2026 - 19:47:11: [FF] [KeroN] <STEAM_1:1:161759963> -> 5 HP bằng (súng) -> [Chicoarun] <STEAM_1:0:952954061>
L 09/28/2026 - 19:47:22: [KILL] Spitter Bot <BOT> đã giết LmaoLmao <STEAM_1:0:606728972> bằng (môi trường/khác)
L 09/28/2026 - 19:47:22: [HẠ GỤC] Charger Bot <BOT> đã hạ gục KeroN <STEAM_1:1:161759963> bằng (zombie cào/đấm)
L 09/28/2026 - 19:47:22: [HẠ GỤC] Spitter Bot <BOT> đã hạ gục Chicoarun <STEAM_1:0:952954061> bằng (môi trường/khác)
L 09/28/2026 - 19:47:22: [HẠ GỤC] Spitter Bot <BOT> đã hạ gục Mikasa <STEAM_1:0:522010986> bằng (môi trường/khác)
L 09/28/2026 - 19:47:22: [HẠ GỤC] Spitter Bot <BOT> đã hạ gục chimxanh <STEAM_1:1:626078671> bằng (môi trường/khác)
L 09/28/2026 - 19:47:24: [FF] [Curren Bouquetd'or] <STEAM_1:1:524205977> -> 1 HP bằng (súng) -> [Louis] <BOT>
L 09/28/2026 - 19:47:45: [FF] [Curren Bouquetd'or] <STEAM_1:1:524205977> -> 6 HP bằng (boom/fire) -> [Mikasa] <STEAM_1:0:522010986>
L 09/28/2026 - 19:47:47: [FF] [KeroN] <STEAM_1:1:161759963> -> 5 HP bằng (súng) -> [chimxanh] <STEAM_1:1:626078671>
L 09/28/2026 - 19:47:47: [FF] [KeroN] <STEAM_1:1:161759963> -> 5 HP bằng (súng) -> [chimxanh] <STEAM_1:1:626078671>
L 09/28/2026 - 19:47:56: [FF] [Curren Bouquetd'or] <STEAM_1:1:524205977> -> 6 HP bằng (boom/fire) -> [Rïçēz] <STEAM_1:1:558962692>
L 09/28/2026 - 19:48:00: [FF] [（ ͜.人 ͜.）⛇☃] <STEAM_1:1:241852047> -> 1 HP bằng (súng) -> [Chicoarun] <STEAM_1:0:952954061>
L 09/28/2026 - 19:48:02: [KILL] Zombie/Witch/Môi trường <N/A> đã giết Chicoarun <STEAM_1:0:952954061> bằng (zombie cào/đấm)
L 09/28/2026 - 19:48:04: [FF] [manhvippro] <STEAM_1:1:960298889> -> 5 HP bằng (súng) -> [Rïçēz] <STEAM_1:1:558962692>
L 09/28/2026 - 19:48:05: [KILL] Zombie/Witch/Môi trường <N/A> đã giết Rïçēz <STEAM_1:1:558962692> bằng (zombie cào/đấm)
L 09/28/2026 - 19:48:07: [KILL] Zombie/Witch/Môi trường <N/A> đã giết （ ͜.人 ͜.）⛇☃ <STEAM_1:1:241852047> bằng (zombie cào/đấm)
L 09/28/2026 - 19:48:08: [FF] [Curren Bouquetd'or] <STEAM_1:1:524205977> -> 6 HP bằng (boom/fire) -> [manhvippro] <STEAM_1:1:960298889>
L 09/28/2026 - 19:48:08: [FF] [Curren Bouquetd'or] <STEAM_1:1:524205977> -> 6 HP bằng (boom/fire) -> [manhvippro] <STEAM_1:1:960298889>
L 09/28/2026 - 19:48:08: [FF] [Curren Bouquetd'or] <STEAM_1:1:524205977> -> 5 HP bằng (boom/fire) -> [manhvippro] <STEAM_1:1:960298889>
L 09/28/2026 - 19:48:08: [FF] [Curren Bouquetd'or] <STEAM_1:1:524205977> -> 5 HP bằng (boom/fire) -> [chimxanh] <STEAM_1:1:626078671>
L 09/28/2026 - 19:48:08: [FF] [Curren Bouquetd'or] <STEAM_1:1:524205977> -> 5 HP bằng (boom/fire) -> [chimxanh] <STEAM_1:1:626078671>
L 09/28/2026 - 19:48:13: [HẠ GỤC] KeroN <STEAM_1:1:161759963> đã hạ gục chimxanh <STEAM_1:1:626078671> bằng (melee)
L 09/28/2026 - 19:48:13: [FF] [Mikasa] <STEAM_1:0:522010986> -> 7 HP bằng (melee) -> [chimxanh] <STEAM_1:1:626078671>
L 09/28/2026 - 19:48:15: [FF] [Mikasa] <STEAM_1:0:522010986> -> 7 HP bằng (melee) -> [KeroN] <STEAM_1:1:161759963>
L 09/28/2026 - 19:48:15: [FF] [Curren Bouquetd'or] <STEAM_1:1:524205977> -> 1 HP bằng (súng) -> [KeroN] <STEAM_1:1:161759963>
L 09/28/2026 - 19:48:22: [FF] [manhvippro] <STEAM_1:1:960298889> -> 27 HP bằng (súng) -> [Curren Bouquetd'or] <STEAM_1:1:524205977>
L 09/28/2026 - 19:48:24: [FF] [Mikasa] <STEAM_1:0:522010986> -> 7 HP bằng (melee) -> [chimxanh] <STEAM_1:1:626078671>
L 09/28/2026 - 19:48:25: [FF] [chimxanh] <STEAM_1:1:626078671> -> 7 HP bằng (melee) -> [Curren Bouquetd'or] <STEAM_1:1:524205977>
L 09/28/2026 - 19:48:46: [HẠ GỤC] Zombie/Witch/Môi trường <N/A> đã hạ gục KeroN <STEAM_1:1:161759963> bằng (môi trường/khác)
L 09/28/2026 - 19:49:29: [FF] [LmaoLmao] <STEAM_1:0:606728972> -> 5 HP bằng (súng) -> [Chicoarun] <STEAM_1:0:952954061>
L 09/28/2026 - 19:49:30: [FF] [Curren Bouquetd'or] <STEAM_1:1:524205977> -> 5 HP bằng (súng) -> [Chicoarun] <STEAM_1:0:952954061>
L 09/28/2026 - 19:49:36: [FF] [KeroN] <STEAM_1:1:161759963> -> 5 HP bằng (súng) -> [Mikasa] <STEAM_1:0:522010986>
L 09/28/2026 - 19:49:40: [HẠ GỤC] manhvippro <STEAM_1:1:960298889> đã hạ gục （ ͜.人 ͜.）⛇☃ <STEAM_1:1:241852047> bằng (súng)
L 09/28/2026 - 19:49:43: [HẠ GỤC] Zombie/Witch/Môi trường <N/A> đã hạ gục Chicoarun <STEAM_1:0:952954061> bằng (môi trường/khác)
L 09/28/2026 - 19:49:53: [FF] [KeroN] <STEAM_1:1:161759963> -> 7 HP bằng (súng) -> [（ ͜.人 ͜.）⛇☃] <STEAM_1:1:241852047>
L 09/28/2026 - 19:49:59: [HẠ GỤC] (1)Jockey Bot <BOT> đã hạ gục Chicoarun <STEAM_1:0:952954061> bằng (zombie cào/đấm)
L 09/28/2026 - 19:50:00: [HẠ GỤC] Jockey Bot <BOT> đã hạ gục Rïçēz <STEAM_1:1:558962692> bằng (zombie cào/đấm)
L 09/28/2026 - 19:50:06: [HẠ GỤC] Jockey Bot <BOT> đã hạ gục LmaoLmao <STEAM_1:0:606728972> bằng (zombie cào/đấm)
L 09/28/2026 - 19:50:16: [KILL] Zombie/Witch/Môi trường <N/A> đã giết KeroN <STEAM_1:1:161759963> bằng (zombie cào/đấm)
L 09/28/2026 - 19:50:17: [KILL] Zombie/Witch/Môi trường <N/A> đã giết （ ͜.人 ͜.）⛇☃ <STEAM_1:1:241852047> bằng (zombie cào/đấm)
L 09/28/2026 - 19:50:21: [KILL] Zombie/Witch/Môi trường <N/A> đã giết Mikasa <STEAM_1:0:522010986> bằng (zombie cào/đấm)
L 09/28/2026 - 19:50:23: [KILL] Zombie/Witch/Môi trường <N/A> đã giết chimxanh <STEAM_1:1:626078671> bằng (zombie cào/đấm)
L 09/28/2026 - 19:50:36: [FF] [LmaoLmao] <STEAM_1:0:606728972> -> 10 HP bằng (súng) -> [Curren Bouquetd'or] <STEAM_1:1:524205977>
L 09/28/2026 - 19:50:44: [HẠ GỤC] Zombie/Witch/Môi trường <N/A> đã hạ gục Curren Bouquetd'or <STEAM_1:1:524205977> bằng (môi trường/khác)
L 09/28/2026 - 19:51:07: [HẠ GỤC] Jockey Bot <BOT> đã hạ gục Curren Bouquetd'or <STEAM_1:1:524205977> bằng (zombie cào/đấm)
L 09/28/2026 - 19:51:31: [FF] [Curren Bouquetd'or] <STEAM_1:1:524205977> -> 12 HP bằng (súng) -> [Mikasa] <STEAM_1:0:522010986>
L 09/28/2026 - 19:51:32: [FF] [Curren Bouquetd'or] <STEAM_1:1:524205977> -> 8 HP bằng (súng) -> [chimxanh] <STEAM_1:1:626078671>
L 09/28/2026 - 19:51:33: [FF] [Curren Bouquetd'or] <STEAM_1:1:524205977> -> 12 HP bằng (súng) -> [chimxanh] <STEAM_1:1:626078671>
L 09/28/2026 - 19:51:33: [FF] [KeroN] <STEAM_1:1:161759963> -> 12 HP bằng (môi trường/khác) -> [Mikasa] <STEAM_1:0:522010986>
L 09/28/2026 - 19:51:33: [FF] [KeroN] <STEAM_1:1:161759963> -> 6 HP bằng (môi trường/khác) -> [Rïçēz] <STEAM_1:1:558962692>
L 09/28/2026 - 19:51:33: [FF] [KeroN] <STEAM_1:1:161759963> -> 5 HP bằng (súng) -> [chimxanh] <STEAM_1:1:626078671>
L 09/28/2026 - 19:51:33: [FF] [KeroN] <STEAM_1:1:161759963> -> 7 HP bằng (súng) -> [chimxanh] <STEAM_1:1:626078671>
L 09/28/2026 - 19:51:33: [FF] [KeroN] <STEAM_1:1:161759963> -> 7 HP bằng (súng) -> [chimxanh] <STEAM_1:1:626078671>
L 09/28/2026 - 19:51:48: [FF] [KeroN] <STEAM_1:1:161759963> -> 7 HP bằng (súng) -> [（ ͜.人 ͜.）⛇☃] <STEAM_1:1:241852047>
L 09/28/2026 - 19:51:50: [FF] [KeroN] <STEAM_1:1:161759963> -> 5 HP bằng (súng) -> [Chicoarun] <STEAM_1:0:952954061>
L 09/28/2026 - 19:51:56: [KILL] Zombie/Witch/Môi trường <N/A> đã giết Curren Bouquetd'or <STEAM_1:1:524205977> bằng (môi trường/khác)
L 09/28/2026 - 19:52:00: [HẠ GỤC] Jockey Bot <BOT> đã hạ gục chimxanh <STEAM_1:1:626078671> bằng (zombie cào/đấm)
L 09/28/2026 - 19:52:01: [FF] [LmaoLmao] <STEAM_1:0:606728972> -> 5 HP bằng (súng) -> [Mikasa] <STEAM_1:0:522010986>
L 09/28/2026 - 19:52:01: [HẠ GỤC] Zombie/Witch/Môi trường <N/A> đã hạ gục manhvippro <STEAM_1:1:960298889> bằng (môi trường/khác)
L 09/28/2026 - 19:52:05: [FF] [Mikasa] <STEAM_1:0:522010986> -> 5 HP bằng (súng) -> [Rïçēz] <STEAM_1:1:558962692>
L 09/28/2026 - 19:52:07: [HẠ GỤC] Zombie/Witch/Môi trường <N/A> đã hạ gục KeroN <STEAM_1:1:161759963> bằng (môi trường/khác)
L 09/28/2026 - 19:52:07: [HẠ GỤC] Zombie/Witch/Môi trường <N/A> đã hạ gục LmaoLmao <STEAM_1:0:606728972> bằng (môi trường/khác)
L 09/28/2026 - 19:52:17: [FF] [Mikasa] <STEAM_1:0:522010986> -> 7 HP bằng (melee) -> [LmaoLmao] <STEAM_1:0:606728972>
L 09/28/2026 - 19:52:17: [FF] [manhvippro] <STEAM_1:1:960298889> -> 36 HP bằng (súng) -> [chimxanh] <STEAM_1:1:626078671>
L 09/28/2026 - 19:52:18: [HẠ GỤC] Smoker Bot <BOT> đã hạ gục Rïçēz <STEAM_1:1:558962692> bằng (zombie cào/đấm)
L 09/28/2026 - 19:52:19: [HẠ GỤC] Jockey Bot <BOT> đã hạ gục Mikasa <STEAM_1:0:522010986> bằng (zombie cào/đấm)
L 09/28/2026 - 19:52:40: [FF] [LmaoLmao] <STEAM_1:0:606728972> -> 7 HP bằng (súng) -> [manhvippro] <STEAM_1:1:960298889>
L 09/28/2026 - 19:52:45: [FF] [KeroN] <STEAM_1:1:161759963> -> 6 HP bằng (súng) -> [manhvippro] <STEAM_1:1:960298889>
L 09/28/2026 - 19:52:45: [FF] [KeroN] <STEAM_1:1:161759963> -> 7 HP bằng (súng) -> [manhvippro] <STEAM_1:1:960298889>
L 09/28/2026 - 19:52:49: [KILL] Zombie/Witch/Môi trường <N/A> đã giết KeroN <STEAM_1:1:161759963> bằng (zombie cào/đấm)
L 09/28/2026 - 19:52:52: [KILL] Zombie/Witch/Môi trường <N/A> đã giết manhvippro <STEAM_1:1:960298889> bằng (zombie cào/đấm)
L 09/28/2026 - 19:52:52: [FF] [LmaoLmao] <STEAM_1:0:606728972> -> 6 HP bằng (súng) -> [chimxanh] <STEAM_1:1:626078671>
L 09/28/2026 - 19:52:52: [FF] [LmaoLmao] <STEAM_1:0:606728972> -> 6 HP bằng (súng) -> [chimxanh] <STEAM_1:1:626078671>
L 09/28/2026 - 19:52:52: [HẠ GỤC] Zombie/Witch/Môi trường <N/A> đã hạ gục Mikasa <STEAM_1:0:522010986> bằng (môi trường/khác)
L 09/28/2026 - 19:52:52: [FF] [LmaoLmao] <STEAM_1:0:606728972> -> 5 HP bằng (súng) -> [chimxanh] <STEAM_1:1:626078671>
L 09/28/2026 - 19:52:52: [FF] [Rïçēz] <STEAM_1:1:558962692> -> 7 HP bằng (melee) -> [chimxanh] <STEAM_1:1:626078671>
L 09/28/2026 - 19:52:52: [FF] [LmaoLmao] <STEAM_1:0:606728972> -> 7 HP bằng (súng) -> [chimxanh] <STEAM_1:1:626078671>
L 09/28/2026 - 19:52:52: [FF] [chimxanh] <STEAM_1:1:626078671> -> 7 HP bằng (melee) -> [LmaoLmao] <STEAM_1:0:606728972>
L 09/28/2026 - 19:52:54: [FF] [LmaoLmao] <STEAM_1:0:606728972> -> 7 HP bằng (melee) -> [Rïçēz] <STEAM_1:1:558962692>
L 09/28/2026 - 19:52:55: [FF] [Rïçēz] <STEAM_1:1:558962692> -> 7 HP bằng (melee) -> [chimxanh] <STEAM_1:1:626078671>
L 09/28/2026 - 19:52:57: [HẠ GỤC] Zombie/Witch/Môi trường <N/A> đã hạ gục chimxanh <STEAM_1:1:626078671> bằng (môi trường/khác)
L 09/28/2026 - 19:52:57: [FF] [Rïçēz] <STEAM_1:1:558962692> -> 7 HP bằng (melee) -> [（ ͜.人 ͜.）⛇☃] <STEAM_1:1:241852047>
L 09/28/2026 - 19:53:01: [KILL] Zombie/Witch/Môi trường <N/A> đã giết LmaoLmao <STEAM_1:0:606728972> bằng (môi trường/khác)
L 09/28/2026 - 19:53:03: [KILL] Zombie/Witch/Môi trường <N/A> đã giết Mikasa <STEAM_1:0:522010986> bằng (zombie cào/đấm)
L 09/28/2026 - 19:53:04: [FF] [（ ͜.人 ͜.）⛇☃] <STEAM_1:1:241852047> -> 5 HP bằng (melee) -> [Rïçēz] <STEAM_1:1:558962692>
L 09/28/2026 - 19:53:26: [KILL] Zombie/Witch/Môi trường <N/A> đã giết Chicoarun <STEAM_1:0:952954061> bằng (môi trường/khác)
L 09/28/2026 - 19:53:39: [FF] [Rïçēz] <STEAM_1:1:558962692> -> 1 HP bằng (môi trường/khác) -> [Curren Bouquetd'or] <STEAM_1:1:524205977>
L 09/28/2026 - 19:53:39: [FF] [Rïçēz] <STEAM_1:1:558962692> -> 1 HP bằng (môi trường/khác) -> [（ ͜.人 ͜.）⛇☃] <STEAM_1:1:241852047>
L 09/28/2026 - 19:54:35: [FF] [（ ͜.人 ͜.）⛇☃] <STEAM_1:1:241852047> -> 5 HP bằng (melee) -> [Chicoarun] <STEAM_1:0:952954061>
L 09/28/2026 - 19:54:37: [FF] [Chicoarun] <STEAM_1:0:952954061> -> 3 HP bằng (súng) -> [KeroN] <STEAM_1:1:161759963>
L 09/28/2026 - 19:54:37: [FF] [Chicoarun] <STEAM_1:0:952954061> -> 3 HP bằng (súng) -> [KeroN] <STEAM_1:1:161759963>
L 09/28/2026 - 19:54:37: [FF] [Chicoarun] <STEAM_1:0:952954061> -> 3 HP bằng (súng) -> [KeroN] <STEAM_1:1:161759963>
L 09/28/2026 - 19:54:37: [FF] [Chicoarun] <STEAM_1:0:952954061> -> 3 HP bằng (súng) -> [KeroN] <STEAM_1:1:161759963>
L 09/28/2026 - 19:54:37: [FF] [Chicoarun] <STEAM_1:0:952954061> -> 3 HP bằng (súng) -> [KeroN] <STEAM_1:1:161759963>
L 09/28/2026 - 19:54:37: [FF] [Chicoarun] <STEAM_1:0:952954061> -> 3 HP bằng (súng) -> [KeroN] <STEAM_1:1:161759963>
L 09/28/2026 - 19:54:37: [FF] [Chicoarun] <STEAM_1:0:952954061> -> 3 HP bằng (súng) -> [KeroN] <STEAM_1:1:161759963>
L 09/28/2026 - 19:54:37: [FF] [Chicoarun] <STEAM_1:0:952954061> -> 3 HP bằng (súng) -> [KeroN] <STEAM_1:1:161759963>
L 09/28/2026 - 19:54:37: [FF] [Chicoarun] <STEAM_1:0:952954061> -> 3 HP bằng (súng) -> [KeroN] <STEAM_1:1:161759963>
L 09/28/2026 - 19:54:37: [FF] [Chicoarun] <STEAM_1:0:952954061> -> 3 HP bằng (súng) -> [KeroN] <STEAM_1:1:161759963>
L 09/28/2026 - 19:54:37: [FF] [Chicoarun] <STEAM_1:0:952954061> -> 3 HP bằng (súng) -> [KeroN] <STEAM_1:1:161759963>
L 09/28/2026 - 19:54:37: [FF] [Chicoarun] <STEAM_1:0:952954061> -> 3 HP bằng (súng) -> [KeroN] <STEAM_1:1:161759963>
L 09/28/2026 - 19:54:37: [FF] [Chicoarun] <STEAM_1:0:952954061> -> 3 HP bằng (súng) -> [KeroN] <STEAM_1:1:161759963>
L 09/28/2026 - 19:54:37: [FF] [Chicoarun] <STEAM_1:0:952954061> -> 3 HP bằng (súng) -> [KeroN] <STEAM_1:1:161759963>
L 09/28/2026 - 19:54:37: [FF] [Chicoarun] <STEAM_1:0:952954061> -> 3 HP bằng (súng) -> [KeroN] <STEAM_1:1:161759963>
L 09/28/2026 - 19:54:37: [FF] [Chicoarun] <STEAM_1:0:952954061> -> 3 HP bằng (súng) -> [KeroN] <STEAM_1:1:161759963>
L 09/28/2026 - 19:54:41: [FF] [KeroN] <STEAM_1:1:161759963> -> 5 HP bằng (súng) -> [chimxanh] <STEAM_1:1:626078671>
L 09/28/2026 - 19:54:41: [FF] [KeroN] <STEAM_1:1:161759963> -> 5 HP bằng (súng) -> [chimxanh] <STEAM_1:1:626078671>
L 09/28/2026 - 19:54:43: [HẠ GỤC] Jockey Bot <BOT> đã hạ gục Chicoarun <STEAM_1:0:952954061> bằng (zombie cào/đấm)
L 09/28/2026 - 19:54:45: [FF] [LmaoLmao] <STEAM_1:0:606728972> -> 10 HP bằng (súng) -> [chimxanh] <STEAM_1:1:626078671>
L 09/28/2026 - 19:54:46: [FF] [KeroN] <STEAM_1:1:161759963> -> 5 HP bằng (súng) -> [Mikasa] <STEAM_1:0:522010986>
L 09/28/2026 - 19:54:58: [FF] [KeroN] <STEAM_1:1:161759963> -> 5 HP bằng (súng) -> [Curren Bouquetd'or] <STEAM_1:1:524205977>
L 09/28/2026 - 19:55:18: [FF] [KeroN] <STEAM_1:1:161759963> -> 5 HP bằng (súng) -> [manhvippro] <STEAM_1:1:960298889>
L 09/28/2026 - 19:55:18: [FF] [KeroN] <STEAM_1:1:161759963> -> 5 HP bằng (súng) -> [manhvippro] <STEAM_1:1:960298889>
L 09/28/2026 - 19:55:21: [FF] [KeroN] <STEAM_1:1:161759963> -> 5 HP bằng (súng) -> [manhvippro] <STEAM_1:1:960298889>
L 09/28/2026 - 19:55:21: [FF] [KeroN] <STEAM_1:1:161759963> -> 5 HP bằng (súng) -> [manhvippro] <STEAM_1:1:960298889>
L 09/28/2026 - 19:55:21: [FF] [KeroN] <STEAM_1:1:161759963> -> 5 HP bằng (súng) -> [LmaoLmao] <STEAM_1:0:606728972>
L 09/28/2026 - 19:55:21: [FF] [KeroN] <STEAM_1:1:161759963> -> 5 HP bằng (súng) -> [manhvippro] <STEAM_1:1:960298889>
L 09/28/2026 - 19:55:21: [FF] [KeroN] <STEAM_1:1:161759963> -> 5 HP bằng (súng) -> [manhvippro] <STEAM_1:1:960298889>
L 09/28/2026 - 19:55:21: [FF] [KeroN] <STEAM_1:1:161759963> -> 5 HP bằng (súng) -> [LmaoLmao] <STEAM_1:0:606728972>
L 09/28/2026 - 19:55:21: [FF] [KeroN] <STEAM_1:1:161759963> -> 5 HP bằng (súng) -> [manhvippro] <STEAM_1:1:960298889>
L 09/28/2026 - 19:55:22: [FF] [KeroN] <STEAM_1:1:161759963> -> 5 HP bằng (súng) -> [manhvippro] <STEAM_1:1:960298889>
L 09/28/2026 - 19:55:22: [FF] [KeroN] <STEAM_1:1:161759963> -> 5 HP bằng (súng) -> [manhvippro] <STEAM_1:1:960298889>
L 09/28/2026 - 19:55:22: [FF] [manhvippro] <STEAM_1:1:960298889> -> 5 HP bằng (melee) -> [LmaoLmao] <STEAM_1:0:606728972>
L 09/28/2026 - 19:55:25: [FF] [manhvippro] <STEAM_1:1:960298889> -> 11 HP bằng (súng) -> [LmaoLmao] <STEAM_1:0:606728972>
L 09/28/2026 - 19:55:27: [FF] [LmaoLmao] <STEAM_1:0:606728972> -> 10 HP bằng (súng) -> [Rïçēz] <STEAM_1:1:558962692>
L 09/28/2026 - 19:55:29: [FF] [LmaoLmao] <STEAM_1:0:606728972> -> 5 HP bằng (melee) -> [Mikasa] <STEAM_1:0:522010986>
L 09/28/2026 - 19:55:30: [FF] [KeroN] <STEAM_1:1:161759963> -> 5 HP bằng (súng) -> [LmaoLmao] <STEAM_1:0:606728972>
L 09/28/2026 - 19:55:30: [FF] [KeroN] <STEAM_1:1:161759963> -> 5 HP bằng (súng) -> [LmaoLmao] <STEAM_1:0:606728972>
L 09/28/2026 - 19:55:30: [FF] [KeroN] <STEAM_1:1:161759963> -> 5 HP bằng (súng) -> [LmaoLmao] <STEAM_1:0:606728972>
L 09/28/2026 - 19:55:30: [FF] [KeroN] <STEAM_1:1:161759963> -> 5 HP bằng (súng) -> [LmaoLmao] <STEAM_1:0:606728972>
L 09/28/2026 - 19:55:30: [FF] [KeroN] <STEAM_1:1:161759963> -> 5 HP bằng (súng) -> [LmaoLmao] <STEAM_1:0:606728972>
L 09/28/2026 - 19:55:30: [FF] [KeroN] <STEAM_1:1:161759963> -> 5 HP bằng (súng) -> [LmaoLmao] <STEAM_1:0:606728972>
L 09/28/2026 - 19:55:31: [FF] [manhvippro] <STEAM_1:1:960298889> -> 5 HP bằng (súng) -> [Chicoarun] <STEAM_1:0:952954061>
L 09/28/2026 - 19:55:36: [FF] [chimxanh] <STEAM_1:1:626078671> -> 3 HP bằng (súng) -> [Rïçēz] <STEAM_1:1:558962692>
L 09/28/2026 - 19:55:36: [FF] [chimxanh] <STEAM_1:1:626078671> -> 3 HP bằng (súng) -> [Rïçēz] <STEAM_1:1:558962692>
L 09/28/2026 - 19:55:36: [FF] [chimxanh] <STEAM_1:1:626078671> -> 3 HP bằng (súng) -> [Rïçēz] <STEAM_1:1:558962692>
L 09/28/2026 - 19:55:43: [HẠ GỤC] Spitter Bot <BOT> đã hạ gục Rïçēz <STEAM_1:1:558962692> bằng (môi trường/khác)
L 09/28/2026 - 19:55:49: [HẠ GỤC] Hunter Bot <BOT> đã hạ gục LmaoLmao <STEAM_1:0:606728972> bằng (zombie cào/đấm)
L 09/28/2026 - 19:55:51: [FF] [Rïçēz] <STEAM_1:1:558962692> -> 10 HP bằng (súng) -> [chimxanh] <STEAM_1:1:626078671>
L 09/28/2026 - 19:55:51: [HẠ GỤC] Rïçēz <STEAM_1:1:558962692> đã hạ gục chimxanh <STEAM_1:1:626078671> bằng (súng)
L 09/28/2026 - 19:55:51: [FF] [Rïçēz] <STEAM_1:1:558962692> -> 10 HP bằng (súng) -> [chimxanh] <STEAM_1:1:626078671>
L 09/28/2026 - 19:55:51: [FF] [Rïçēz] <STEAM_1:1:558962692> -> 7 HP bằng (súng) -> [chimxanh] <STEAM_1:1:626078671>
L 09/28/2026 - 19:55:51: [FF] [Rïçēz] <STEAM_1:1:558962692> -> 10 HP bằng (súng) -> [chimxanh] <STEAM_1:1:626078671>
L 09/28/2026 - 19:55:54: [HẠ GỤC] Zombie/Witch/Môi trường <N/A> đã hạ gục Curren Bouquetd'or <STEAM_1:1:524205977> bằng (môi trường/khác)
L 09/28/2026 - 19:56:13: [HẠ GỤC] Zombie/Witch/Môi trường <N/A> đã hạ gục Chicoarun <STEAM_1:0:952954061> bằng (môi trường/khác)
L 09/28/2026 - 19:56:13: [HẠ GỤC] Jockey <BOT> đã hạ gục Rïçēz <STEAM_1:1:558962692> bằng (zombie cào/đấm)
L 09/28/2026 - 19:56:22: [HẠ GỤC] (1)Jockey <BOT> đã hạ gục （ ͜.人 ͜.）⛇☃ <STEAM_1:1:241852047> bằng (zombie cào/đấm)
L 09/28/2026 - 19:56:24: [FF] [KeroN] <STEAM_1:1:161759963> -> 5 HP bằng (súng) -> [Mikasa] <STEAM_1:0:522010986>
L 09/28/2026 - 19:56:31: [FF] [LmaoLmao] <STEAM_1:0:606728972> -> 5 HP bằng (melee) -> [chimxanh] <STEAM_1:1:626078671>
L 09/28/2026 - 19:57:41: [FF] [manhvippro] <STEAM_1:1:960298889> -> 5 HP bằng (melee) -> [Curren Bouquetd'or] <STEAM_1:1:524205977>
L 09/28/2026 - 19:58:39: [FF] [LmaoLmao] <STEAM_1:0:606728972> -> 5 HP bằng (melee) -> [chimxanh] <STEAM_1:1:626078671>
L 09/28/2026 - 19:58:39: [FF] [LmaoLmao] <STEAM_1:0:606728972> -> 5 HP bằng (melee) -> [Mikasa] <STEAM_1:0:522010986>
L 09/28/2026 - 19:59:37: [FF] [Rïçēz] <STEAM_1:1:558962692> -> 7 HP bằng (melee) -> [Mikasa] <STEAM_1:0:522010986>
L 09/28/2026 - 20:00:10: [HẠ GỤC] Zombie/Witch/Môi trường <N/A> đã hạ gục LmaoLmao <STEAM_1:0:606728972> bằng (môi trường/khác)
L 09/28/2026 - 20:00:10: [HẠ GỤC] Zombie/Witch/Môi trường <N/A> đã hạ gục Mikasa <STEAM_1:0:522010986> bằng (môi trường/khác)
L 09/28/2026 - 20:00:11: [FF] [chimxanh] <STEAM_1:1:626078671> -> 3 HP bằng (súng) -> [Curren Bouquetd'or] <STEAM_1:1:524205977>
L 09/28/2026 - 20:00:11: [FF] [chimxanh] <STEAM_1:1:626078671> -> 3 HP bằng (súng) -> [Curren Bouquetd'or] <STEAM_1:1:524205977>
L 09/28/2026 - 20:00:11: [FF] [chimxanh] <STEAM_1:1:626078671> -> 3 HP bằng (súng) -> [Curren Bouquetd'or] <STEAM_1:1:524205977>
L 09/28/2026 - 20:00:11: [FF] [chimxanh] <STEAM_1:1:626078671> -> 3 HP bằng (súng) -> [Curren Bouquetd'or] <STEAM_1:1:524205977>
L 09/28/2026 - 20:00:11: [FF] [chimxanh] <STEAM_1:1:626078671> -> 3 HP bằng (súng) -> [Curren Bouquetd'or] <STEAM_1:1:524205977>
L 09/28/2026 - 20:00:11: [FF] [chimxanh] <STEAM_1:1:626078671> -> 3 HP bằng (súng) -> [Curren Bouquetd'or] <STEAM_1:1:524205977>
L 09/28/2026 - 20:00:11: [FF] [chimxanh] <STEAM_1:1:626078671> -> 3 HP bằng (súng) -> [Curren Bouquetd'or] <STEAM_1:1:524205977>
L 09/28/2026 - 20:00:12: [FF] [chimxanh] <STEAM_1:1:626078671> -> 3 HP bằng (súng) -> [Curren Bouquetd'or] <STEAM_1:1:524205977>
L 09/28/2026 - 20:00:12: [FF] [chimxanh] <STEAM_1:1:626078671> -> 3 HP bằng (súng) -> [Curren Bouquetd'or] <STEAM_1:1:524205977>
L 09/28/2026 - 20:00:12: [FF] [chimxanh] <STEAM_1:1:626078671> -> 3 HP bằng (súng) -> [Curren Bouquetd'or] <STEAM_1:1:524205977>
L 09/28/2026 - 20:00:12: [FF] [chimxanh] <STEAM_1:1:626078671> -> 3 HP bằng (súng) -> [Curren Bouquetd'or] <STEAM_1:1:524205977>
L 09/28/2026 - 20:00:12: [FF] [chimxanh] <STEAM_1:1:626078671> -> 3 HP bằng (súng) -> [Curren Bouquetd'or] <STEAM_1:1:524205977>
L 09/28/2026 - 20:00:12: [FF] [chimxanh] <STEAM_1:1:626078671> -> 3 HP bằng (súng) -> [Curren Bouquetd'or] <STEAM_1:1:524205977>
L 09/28/2026 - 20:00:13: [FF] [manhvippro] <STEAM_1:1:960298889> -> 15 HP bằng (súng) -> [KeroN] <STEAM_1:1:161759963>
L 09/28/2026 - 20:00:13: [HẠ GỤC] Zombie/Witch/Môi trường <N/A> đã hạ gục chimxanh <STEAM_1:1:626078671> bằng (môi trường/khác)
L 09/28/2026 - 20:00:15: [FF] [manhvippro] <STEAM_1:1:960298889> -> 5 HP bằng (súng) -> [chimxanh] <STEAM_1:1:626078671>
L 09/28/2026 - 20:00:19: [FF] [LmaoLmao] <STEAM_1:0:606728972> -> 5 HP bằng (melee) -> [（ ͜.人 ͜.）⛇☃] <STEAM_1:1:241852047>
L 09/28/2026 - 20:00:19: [FF] [LmaoLmao] <STEAM_1:0:606728972> -> 5 HP bằng (melee) -> [Mikasa] <STEAM_1:0:522010986>
L 09/28/2026 - 20:00:21: [HẠ GỤC] Zombie/Witch/Môi trường <N/A> đã hạ gục manhvippro <STEAM_1:1:960298889> bằng (môi trường/khác)
L 09/28/2026 - 20:00:21: [HẠ GỤC] Zombie/Witch/Môi trường <N/A> đã hạ gục KeroN <STEAM_1:1:161759963> bằng (môi trường/khác)
L 09/28/2026 - 20:00:21: [KILL] Zombie/Witch/Môi trường <N/A> đã giết Chicoarun <STEAM_1:0:952954061> bằng (môi trường/khác)
L 09/28/2026 - 20:00:21: [FF] [Rïçēz] <STEAM_1:1:558962692> -> 7 HP bằng (melee) -> [（ ͜.人 ͜.）⛇☃] <STEAM_1:1:241852047>
L 09/28/2026 - 20:00:27: [FF] [LmaoLmao] <STEAM_1:0:606728972> -> 5 HP bằng (melee) -> [chimxanh] <STEAM_1:1:626078671>
L 09/28/2026 - 20:00:28: [FF] [LmaoLmao] <STEAM_1:0:606728972> -> 5 HP bằng (melee) -> [Rïçēz] <STEAM_1:1:558962692>
L 09/28/2026 - 20:00:29: [FF] [manhvippro] <STEAM_1:1:960298889> -> 11 HP bằng (súng) -> [chimxanh] <STEAM_1:1:626078671>
L 09/28/2026 - 20:00:33: [FF] [LmaoLmao] <STEAM_1:0:606728972> -> 5 HP bằng (melee) -> [（ ͜.人 ͜.）⛇☃] <STEAM_1:1:241852047>
L 09/28/2026 - 20:00:44: [FF] [LmaoLmao] <STEAM_1:0:606728972> -> 5 HP bằng (melee) -> [KeroN] <STEAM_1:1:161759963>
L 09/28/2026 - 20:00:51: [HẠ GỤC] Zombie/Witch/Môi trường <N/A> đã hạ gục Curren Bouquetd'or <STEAM_1:1:524205977> bằng (môi trường/khác)
L 09/28/2026 - 20:00:53: [FF] [KeroN] <STEAM_1:1:161759963> -> 18 HP bằng (súng) -> [（ ͜.人 ͜.）⛇☃] <STEAM_1:1:241852047>
L 09/28/2026 - 20:00:56: [FF] [chimxanh] <STEAM_1:1:626078671> -> 3 HP bằng (súng) -> [Curren Bouquetd'or] <STEAM_1:1:524205977>
L 09/28/2026 - 20:00:56: [FF] [chimxanh] <STEAM_1:1:626078671> -> 3 HP bằng (súng) -> [Curren Bouquetd'or] <STEAM_1:1:524205977>
L 09/28/2026 - 20:00:56: [FF] [chimxanh] <STEAM_1:1:626078671> -> 3 HP bằng (súng) -> [Curren Bouquetd'or] <STEAM_1:1:524205977>
L 09/28/2026 - 20:00:56: [FF] [chimxanh] <STEAM_1:1:626078671> -> 3 HP bằng (súng) -> [Curren Bouquetd'or] <STEAM_1:1:524205977>
L 09/28/2026 - 20:03:14: [FF] [Rïçēz] <STEAM_1:1:558962692> -> 10 HP bằng (súng) -> [Chicoarun] <STEAM_1:0:952954061>
L 09/28/2026 - 20:03:24: [HẠ GỤC] Jockey Bot <BOT> đã hạ gục （ ͜.人 ͜.）⛇☃ <STEAM_1:1:241852047> bằng (zombie cào/đấm)
L 09/28/2026 - 20:03:28: [HẠ GỤC] Zombie/Witch/Môi trường <N/A> đã hạ gục manhvippro <STEAM_1:1:960298889> bằng (môi trường/khác)
L 09/28/2026 - 20:03:31: [FF] [Rïçēz] <STEAM_1:1:558962692> -> 6 HP bằng (súng) -> [Mikasa] <STEAM_1:0:522010986>
L 09/28/2026 - 20:03:31: [FF] [Rïçēz] <STEAM_1:1:558962692> -> 6 HP bằng (súng) -> [Mikasa] <STEAM_1:0:522010986>
L 09/28/2026 - 20:03:31: [FF] [Rïçēz] <STEAM_1:1:558962692> -> 6 HP bằng (súng) -> [Mikasa] <STEAM_1:0:522010986>
L 09/28/2026 - 20:03:40: [HẠ GỤC] Smoker Bot <BOT> đã hạ gục Mikasa <STEAM_1:0:522010986> bằng (zombie cào/đấm)
L 09/28/2026 - 20:03:41: [FF] [Curren Bouquetd'or] <STEAM_1:1:524205977> -> 15 HP bằng (súng) -> [manhvippro] <STEAM_1:1:960298889>
L 09/28/2026 - 20:03:48: [FF] [Mikasa] <STEAM_1:0:522010986> -> 7 HP bằng (melee) -> [KeroN] <STEAM_1:1:161759963>
L 09/28/2026 - 20:03:48: [FF] [KeroN] <STEAM_1:1:161759963> -> 7 HP bằng (melee) -> [Chicoarun] <STEAM_1:0:952954061>
L 09/28/2026 - 20:04:08: [FF] [LmaoLmao] <STEAM_1:0:606728972> -> 16 HP bằng (boom/fire) -> [Curren Bouquetd'or] <STEAM_1:1:524205977>
L 09/28/2026 - 20:04:08: [FF] [（ ͜.人 ͜.）⛇☃] <STEAM_1:1:241852047> -> 36 HP bằng (súng) -> [Rïçēz] <STEAM_1:1:558962692>
L 09/28/2026 - 20:04:09: [FF] [LmaoLmao] <STEAM_1:0:606728972> -> 16 HP bằng (boom/fire) -> [Curren Bouquetd'or] <STEAM_1:1:524205977>
L 09/28/2026 - 20:04:09: [FF] [LmaoLmao] <STEAM_1:0:606728972> -> 16 HP bằng (boom/fire) -> [Curren Bouquetd'or] <STEAM_1:1:524205977>
L 09/28/2026 - 20:04:09: [FF] [LmaoLmao] <STEAM_1:0:606728972> -> 16 HP bằng (boom/fire) -> [Curren Bouquetd'or] <STEAM_1:1:524205977>
L 09/28/2026 - 20:04:09: [FF] [LmaoLmao] <STEAM_1:0:606728972> -> 16 HP bằng (boom/fire) -> [Curren Bouquetd'or] <STEAM_1:1:524205977>
L 09/28/2026 - 20:04:09: [FF] [LmaoLmao] <STEAM_1:0:606728972> -> 16 HP bằng (boom/fire) -> [Curren Bouquetd'or] <STEAM_1:1:524205977>
L 09/28/2026 - 20:04:10: [FF] [Mikasa] <STEAM_1:0:522010986> -> 9 HP bằng (súng) -> [Rïçēz] <STEAM_1:1:558962692>
L 09/28/2026 - 20:04:10: [HẠ GỤC] LmaoLmao <STEAM_1:0:606728972> đã hạ gục Curren Bouquetd'or <STEAM_1:1:524205977> bằng (boom/fire)
L 09/28/2026 - 20:04:10: [FF] [LmaoLmao] <STEAM_1:0:606728972> -> 16 HP bằng (boom/fire) -> [Curren Bouquetd'or] <STEAM_1:1:524205977>
L 09/28/2026 - 20:04:10: [FF] [LmaoLmao] <STEAM_1:0:606728972> -> 16 HP bằng (boom/fire) -> [Curren Bouquetd'or] <STEAM_1:1:524205977>
L 09/28/2026 - 20:04:10: [FF] [LmaoLmao] <STEAM_1:0:606728972> -> 16 HP bằng (boom/fire) -> [Curren Bouquetd'or] <STEAM_1:1:524205977>
L 09/28/2026 - 20:04:10: [FF] [LmaoLmao] <STEAM_1:0:606728972> -> 16 HP bằng (boom/fire) -> [Curren Bouquetd'or] <STEAM_1:1:524205977>
L 09/28/2026 - 20:04:11: [FF] [LmaoLmao] <STEAM_1:0:606728972> -> 16 HP bằng (boom/fire) -> [Curren Bouquetd'or] <STEAM_1:1:524205977>
L 09/28/2026 - 20:04:11: [FF] [LmaoLmao] <STEAM_1:0:606728972> -> 16 HP bằng (boom/fire) -> [Curren Bouquetd'or] <STEAM_1:1:524205977>
L 09/28/2026 - 20:04:11: [FF] [LmaoLmao] <STEAM_1:0:606728972> -> 16 HP bằng (boom/fire) -> [Curren Bouquetd'or] <STEAM_1:1:524205977>
L 09/28/2026 - 20:04:11: [FF] [LmaoLmao] <STEAM_1:0:606728972> -> 16 HP bằng (boom/fire) -> [Curren Bouquetd'or] <STEAM_1:1:524205977>
L 09/28/2026 - 20:04:11: [FF] [LmaoLmao] <STEAM_1:0:606728972> -> 16 HP bằng (boom/fire) -> [Curren Bouquetd'or] <STEAM_1:1:524205977>
L 09/28/2026 - 20:04:12: [FF] [LmaoLmao] <STEAM_1:0:606728972> -> 16 HP bằng (boom/fire) -> [Curren Bouquetd'or] <STEAM_1:1:524205977>
L 09/28/2026 - 20:04:12: [FF] [LmaoLmao] <STEAM_1:0:606728972> -> 16 HP bằng (boom/fire) -> [Curren Bouquetd'or] <STEAM_1:1:524205977>
L 09/28/2026 - 20:04:12: [FF] [LmaoLmao] <STEAM_1:0:606728972> -> 16 HP bằng (boom/fire) -> [Curren Bouquetd'or] <STEAM_1:1:524205977>
L 09/28/2026 - 20:04:12: [FF] [LmaoLmao] <STEAM_1:0:606728972> -> 16 HP bằng (boom/fire) -> [Curren Bouquetd'or] <STEAM_1:1:524205977>
L 09/28/2026 - 20:04:12: [FF] [LmaoLmao] <STEAM_1:0:606728972> -> 16 HP bằng (boom/fire) -> [Curren Bouquetd'or] <STEAM_1:1:524205977>
L 09/28/2026 - 20:04:13: [FF] [Mikasa] <STEAM_1:0:522010986> -> 6 HP bằng (súng) -> [manhvippro] <STEAM_1:1:960298889>
L 09/28/2026 - 20:04:14: [FF] [chimxanh] <STEAM_1:1:626078671> -> 3 HP bằng (súng) -> [manhvippro] <STEAM_1:1:960298889>
L 09/28/2026 - 20:04:14: [FF] [chimxanh] <STEAM_1:1:626078671> -> 3 HP bằng (súng) -> [manhvippro] <STEAM_1:1:960298889>
L 09/28/2026 - 20:04:14: [FF] [chimxanh] <STEAM_1:1:626078671> -> 3 HP bằng (súng) -> [manhvippro] <STEAM_1:1:960298889>
L 09/28/2026 - 20:04:14: [FF] [chimxanh] <STEAM_1:1:626078671> -> 3 HP bằng (súng) -> [manhvippro] <STEAM_1:1:960298889>
L 09/28/2026 - 20:04:14: [FF] [chimxanh] <STEAM_1:1:626078671> -> 3 HP bằng (súng) -> [manhvippro] <STEAM_1:1:960298889>
L 09/28/2026 - 20:04:14: [FF] [chimxanh] <STEAM_1:1:626078671> -> 3 HP bằng (súng) -> [manhvippro] <STEAM_1:1:960298889>
L 09/28/2026 - 20:04:14: [HẠ GỤC] chimxanh <STEAM_1:1:626078671> đã hạ gục manhvippro <STEAM_1:1:960298889> bằng (súng)
L 09/28/2026 - 20:04:14: [FF] [chimxanh] <STEAM_1:1:626078671> -> 3 HP bằng (súng) -> [manhvippro] <STEAM_1:1:960298889>
L 09/28/2026 - 20:04:14: [FF] [chimxanh] <STEAM_1:1:626078671> -> 3 HP bằng (súng) -> [manhvippro] <STEAM_1:1:960298889>
L 09/28/2026 - 20:04:14: [FF] [chimxanh] <STEAM_1:1:626078671> -> 3 HP bằng (súng) -> [manhvippro] <STEAM_1:1:960298889>
L 09/28/2026 - 20:04:14: [FF] [chimxanh] <STEAM_1:1:626078671> -> 3 HP bằng (súng) -> [manhvippro] <STEAM_1:1:960298889>
L 09/28/2026 - 20:04:22: [HẠ GỤC] Tank <BOT> đã hạ gục LmaoLmao <STEAM_1:0:606728972> bằng (môi trường/khác)
L 09/28/2026 - 20:04:31: [HẠ GỤC] Tank <BOT> đã hạ gục Chicoarun <STEAM_1:0:952954061> bằng (môi trường/khác)
L 09/28/2026 - 20:04:38: [FF] [LmaoLmao] <STEAM_1:0:606728972> -> 10 HP bằng (súng) -> [Mikasa] <STEAM_1:0:522010986>
L 09/28/2026 - 20:04:39: [FF] [Curren Bouquetd'or] <STEAM_1:1:524205977> -> 13 HP bằng (súng) -> [Mikasa] <STEAM_1:0:522010986>
L 09/28/2026 - 20:04:42: [FF] [Rïçēz] <STEAM_1:1:558962692> -> 7 HP bằng (súng) -> [LmaoLmao] <STEAM_1:0:606728972>
L 09/28/2026 - 20:04:45: [HẠ GỤC] Tank <BOT> đã hạ gục LmaoLmao <STEAM_1:0:606728972> bằng (môi trường/khác)
L 09/28/2026 - 20:04:47: [HẠ GỤC] Tank <BOT> đã hạ gục manhvippro <STEAM_1:1:960298889> bằng (zombie cào/đấm)
L 09/28/2026 - 20:04:50: [FF] [chimxanh] <STEAM_1:1:626078671> -> 3 HP bằng (súng) -> [manhvippro] <STEAM_1:1:960298889>
L 09/28/2026 - 20:05:01: [HẠ GỤC] Tank <BOT> đã hạ gục Rïçēz <STEAM_1:1:558962692> bằng (môi trường/khác)
L 09/28/2026 - 20:05:06: [HẠ GỤC] Tank <BOT> đã hạ gục chimxanh <STEAM_1:1:626078671> bằng (môi trường/khác)
L 09/28/2026 - 20:05:15: [FF] [Curren Bouquetd'or] <STEAM_1:1:524205977> -> 24 HP bằng (súng) -> [（ ͜.人 ͜.）⛇☃] <STEAM_1:1:241852047>
L 09/28/2026 - 20:05:24: [HẠ GỤC] Tank <BOT> đã hạ gục KeroN <STEAM_1:1:161759963> bằng (môi trường/khác)
L 09/28/2026 - 20:05:31: [HẠ GỤC] Zombie/Witch/Môi trường <N/A> đã hạ gục Mikasa <STEAM_1:0:522010986> bằng (môi trường/khác)
L 09/28/2026 - 20:05:35: [HẠ GỤC] Tank <BOT> đã hạ gục Curren Bouquetd'or <STEAM_1:1:524205977> bằng (môi trường/khác)
L 09/28/2026 - 20:05:44: [FF] [Rïçēz] <STEAM_1:1:558962692> -> 6 HP bằng (súng) -> [Mikasa] <STEAM_1:0:522010986>
L 09/28/2026 - 20:05:49: [HẠ GỤC] Tank <BOT> đã hạ gục Rïçēz <STEAM_1:1:558962692> bằng (môi trường/khác)
L 09/28/2026 - 20:06:06: [HẠ GỤC] Tank <BOT> đã hạ gục chimxanh <STEAM_1:1:626078671> bằng (môi trường/khác)
L 09/28/2026 - 20:06:12: [HẠ GỤC] Tank <BOT> đã hạ gục Rïçēz <STEAM_1:1:558962692> bằng (zombie cào/đấm)
L 09/28/2026 - 20:06:32: [HẠ GỤC] Tank <BOT> đã hạ gục Chicoarun <STEAM_1:0:952954061> bằng (môi trường/khác)
L 09/28/2026 - 20:06:32: [HẠ GỤC] Tank <BOT> đã hạ gục Curren Bouquetd'or <STEAM_1:1:524205977> bằng (zombie cào/đấm)
L 09/28/2026 - 20:06:38: [FF] [LmaoLmao] <STEAM_1:0:606728972> -> 8 HP bằng (súng) -> [Chicoarun] <STEAM_1:0:952954061>
L 09/28/2026 - 20:06:41: [HẠ GỤC] Tank <BOT> đã hạ gục KeroN <STEAM_1:1:161759963> bằng (môi trường/khác)
L 09/28/2026 - 20:06:45: [HẠ GỤC] Tank <BOT> đã hạ gục chimxanh <STEAM_1:1:626078671> bằng (zombie cào/đấm)
L 09/28/2026 - 20:07:03: [HẠ GỤC] Tank <BOT> đã hạ gục Rïçēz <STEAM_1:1:558962692> bằng (môi trường/khác)
L 09/28/2026 - 20:07:10: [HẠ GỤC] Tank <BOT> đã hạ gục LmaoLmao <STEAM_1:0:606728972> bằng (môi trường/khác)
L 09/28/2026 - 20:07:10: [HẠ GỤC] Tank <BOT> đã hạ gục KeroN <STEAM_1:1:161759963> bằng (zombie cào/đấm)
L 09/28/2026 - 20:07:10: [HẠ GỤC] Zombie/Witch/Môi trường <N/A> đã hạ gục （ ͜.人 ͜.）⛇☃ <STEAM_1:1:241852047> bằng (môi trường/khác)
L 09/28/2026 - 20:07:12: [HẠ GỤC] Tank <BOT> đã hạ gục manhvippro <STEAM_1:1:960298889> bằng (môi trường/khác)
L 09/28/2026 - 20:07:24: [HẠ GỤC] Tank <BOT> đã hạ gục Mikasa <STEAM_1:0:522010986> bằng (zombie cào/đấm)
L 09/28/2026 - 20:07:34: [FF] [Curren Bouquetd'or] <STEAM_1:1:524205977> -> 24 HP bằng (súng) -> [Bill] <BOT>
L 09/28/2026 - 20:07:41: [KILL] Tank <BOT> đã giết manhvippro <STEAM_1:1:960298889> bằng (môi trường/khác)
L 09/28/2026 - 20:08:19: [FF] [Mikasa] <STEAM_1:0:522010986> -> 7 HP bằng (melee) -> [（ ͜.人 ͜.）⛇☃] <STEAM_1:1:241852047>
L 09/28/2026 - 20:08:57: [FF] [Mikasa] <STEAM_1:0:522010986> -> 6 HP bằng (súng) -> [Curren Bouquetd'or] <STEAM_1:1:524205977>
L 09/28/2026 - 20:09:17: [FF] [Chicoarun] <STEAM_1:0:952954061> -> 16 HP bằng (boom/fire) -> [manhvippro] <STEAM_1:1:960298889>
L 09/28/2026 - 20:09:17: [FF] [Chicoarun] <STEAM_1:0:952954061> -> 16 HP bằng (boom/fire) -> [manhvippro] <STEAM_1:1:960298889>
L 09/28/2026 - 20:09:17: [FF] [Chicoarun] <STEAM_1:0:952954061> -> 16 HP bằng (boom/fire) -> [manhvippro] <STEAM_1:1:960298889>
L 09/28/2026 - 20:09:27: [FF] [manhvippro] <STEAM_1:1:960298889> -> 5 HP bằng (súng) -> [Chicoarun] <STEAM_1:0:952954061>
L 09/28/2026 - 20:09:28: [HẠ GỤC] manhvippro <STEAM_1:1:960298889> đã hạ gục Chicoarun <STEAM_1:0:952954061> bằng (súng)
L 09/28/2026 - 20:09:28: [HẠ GỤC] Jockey Bot <BOT> đã hạ gục Rïçēz <STEAM_1:1:558962692> bằng (zombie cào/đấm)
L 09/28/2026 - 20:09:43: [FF] [Rïçēz] <STEAM_1:1:558962692> -> 15 HP bằng (súng) -> [KeroN] <STEAM_1:1:161759963>
L 09/28/2026 - 20:09:43: [FF] [Rïçēz] <STEAM_1:1:558962692> -> 15 HP bằng (súng) -> [KeroN] <STEAM_1:1:161759963>
L 09/28/2026 - 20:09:43: [FF] [Rïçēz] <STEAM_1:1:558962692> -> 11 HP bằng (súng) -> [KeroN] <STEAM_1:1:161759963>
L 09/28/2026 - 20:09:45: [FF] [Chicoarun] <STEAM_1:0:952954061> -> 7 HP bằng (melee) -> [chimxanh] <STEAM_1:1:626078671>
L 09/28/2026 - 20:09:58: [FF] [manhvippro] <STEAM_1:1:960298889> -> 7 HP bằng (súng) -> [KeroN] <STEAM_1:1:161759963>
L 09/28/2026 - 20:09:58: [HẠ GỤC] Zombie/Witch/Môi trường <N/A> đã hạ gục Rïçēz <STEAM_1:1:558962692> bằng (môi trường/khác)
L 09/28/2026 - 20:09:58: [FF] [manhvippro] <STEAM_1:1:960298889> -> 7 HP bằng (súng) -> [KeroN] <STEAM_1:1:161759963>
L 09/28/2026 - 20:09:58: [FF] [manhvippro] <STEAM_1:1:960298889> -> 7 HP bằng (súng) -> [KeroN] <STEAM_1:1:161759963>
L 09/28/2026 - 20:10:05: [FF] [KeroN] <STEAM_1:1:161759963> -> 15 HP bằng (súng) -> [Rïçēz] <STEAM_1:1:558962692>
L 09/28/2026 - 20:10:09: [FF] [Rïçēz] <STEAM_1:1:558962692> -> 7 HP bằng (melee) -> [chimxanh] <STEAM_1:1:626078671>
L 09/28/2026 - 20:10:28: [HẠ GỤC] Zombie/Witch/Môi trường <N/A> đã hạ gục Chicoarun <STEAM_1:0:952954061> bằng (môi trường/khác)
L 09/28/2026 - 20:10:29: [HẠ GỤC] Zombie/Witch/Môi trường <N/A> đã hạ gục Mikasa <STEAM_1:0:522010986> bằng (môi trường/khác)
L 09/28/2026 - 20:10:29: [FF] [KeroN] <STEAM_1:1:161759963> -> 24 HP bằng (súng) -> [chimxanh] <STEAM_1:1:626078671>
L 09/28/2026 - 20:10:30: [HẠ GỤC] Jockey Bot <BOT> đã hạ gục manhvippro <STEAM_1:1:960298889> bằng (zombie cào/đấm)
L 09/28/2026 - 20:10:39: [FF] [（ ͜.人 ͜.）⛇☃] <STEAM_1:1:241852047> -> 31 HP bằng (súng) -> [Curren Bouquetd'or] <STEAM_1:1:524205977>
L 09/28/2026 - 20:10:56: [HẠ GỤC] Zombie/Witch/Môi trường <N/A> đã hạ gục manhvippro <STEAM_1:1:960298889> bằng (môi trường/khác)
L 09/28/2026 - 20:11:42: [FF] [Rïçēz] <STEAM_1:1:558962692> -> 10 HP bằng (súng) -> [Curren Bouquetd'or] <STEAM_1:1:524205977>
L 09/28/2026 - 20:11:42: [FF] [Rïçēz] <STEAM_1:1:558962692> -> 10 HP bằng (súng) -> [Curren Bouquetd'or] <STEAM_1:1:524205977>
L 09/28/2026 - 20:11:42: [FF] [Rïçēz] <STEAM_1:1:558962692> -> 2 HP bằng (boom/fire) -> [Chicoarun] <STEAM_1:0:952954061>
L 09/28/2026 - 20:11:42: [FF] [Curren Bouquetd'or] <STEAM_1:1:524205977> -> 24 HP bằng (súng) -> [tychuotkg789] <STEAM_1:0:562186389>
L 09/28/2026 - 20:11:42: [FF] [Curren Bouquetd'or] <STEAM_1:1:524205977> -> 24 HP bằng (súng) -> [tychuotkg789] <STEAM_1:0:562186389>
L 09/28/2026 - 20:11:43: [HẠ GỤC] Spitter Bot <BOT> đã hạ gục tychuotkg789 <STEAM_1:0:562186389> bằng (môi trường/khác)
L 09/28/2026 - 20:11:43: [HẠ GỤC] Spitter Bot <BOT> đã hạ gục Chicoarun <STEAM_1:0:952954061> bằng (môi trường/khác)
L 09/28/2026 - 20:11:51: [FF] [manhvippro] <STEAM_1:1:960298889> -> 5 HP bằng (súng) -> [KeroN] <STEAM_1:1:161759963>
L 09/28/2026 - 20:11:51: [KILL] Zombie/Witch/Môi trường <N/A> đã giết manhvippro <STEAM_1:1:960298889> bằng (zombie cào/đấm)
L 09/28/2026 - 20:11:53: [KILL] Zombie/Witch/Môi trường <N/A> đã giết tychuotkg789 <STEAM_1:0:562186389> bằng (zombie cào/đấm)
L 09/28/2026 - 20:12:00: [KILL] Zombie/Witch/Môi trường <N/A> đã giết Curren Bouquetd'or <STEAM_1:1:524205977> bằng (zombie cào/đấm)
L 09/28/2026 - 20:12:03: [KILL] Zombie/Witch/Môi trường <N/A> đã giết Rïçēz <STEAM_1:1:558962692> bằng (zombie cào/đấm)
L 09/28/2026 - 20:12:18: [KILL] Chicoarun <STEAM_1:0:952954061> đã giết Chicoarun <STEAM_1:0:952954061> bằng (boom/fire)
L 09/28/2026 - 20:13:11: [HẠ GỤC] Spitter Bot <BOT> đã hạ gục tychuotkg789 <STEAM_1:0:562186389> bằng (môi trường/khác)
L 09/28/2026 - 20:13:45: [HẠ GỤC] Spitter Bot <BOT> đã hạ gục chimxanh <STEAM_1:1:626078671> bằng (môi trường/khác)
L 09/28/2026 - 20:13:46: [FF] [Mikasa] <STEAM_1:0:522010986> -> 7 HP bằng (melee) -> [Chicoarun] <STEAM_1:0:952954061>
L 09/28/2026 - 20:13:54: [HẠ GỤC] (1)Jockey Bot <BOT> đã hạ gục Rïçēz <STEAM_1:1:558962692> bằng (zombie cào/đấm)
L 09/28/2026 - 20:14:02: [FF] [chimxanh] <STEAM_1:1:626078671> -> 9 HP bằng (súng) -> [Rïçēz] <STEAM_1:1:558962692>
L 09/28/2026 - 20:14:02: [FF] [chimxanh] <STEAM_1:1:626078671> -> 11 HP bằng (súng) -> [Rïçēz] <STEAM_1:1:558962692>
L 09/28/2026 - 20:14:03: [FF] [chimxanh] <STEAM_1:1:626078671> -> 11 HP bằng (súng) -> [Rïçēz] <STEAM_1:1:558962692>
L 09/28/2026 - 20:14:23: [FF] [manhvippro] <STEAM_1:1:960298889> -> 5 HP bằng (súng) -> [Curren Bouquetd'or] <STEAM_1:1:524205977>
L 09/28/2026 - 20:14:23: [HẠ GỤC] Spitter Bot <BOT> đã hạ gục Curren Bouquetd'or <STEAM_1:1:524205977> bằng (zombie cào/đấm)
L 09/28/2026 - 20:14:24: [FF] [KeroN] <STEAM_1:1:161759963> -> 24 HP bằng (súng) -> [Curren Bouquetd'or] <STEAM_1:1:524205977>
L 09/28/2026 - 20:14:24: [FF] [chimxanh] <STEAM_1:1:626078671> -> 11 HP bằng (súng) -> [Curren Bouquetd'or] <STEAM_1:1:524205977>
L 09/28/2026 - 20:14:24: [FF] [Mikasa] <STEAM_1:0:522010986> -> 7 HP bằng (súng) -> [Curren Bouquetd'or] <STEAM_1:1:524205977>
L 09/28/2026 - 20:14:24: [FF] [manhvippro] <STEAM_1:1:960298889> -> 5 HP bằng (súng) -> [Curren Bouquetd'or] <STEAM_1:1:524205977>
L 09/28/2026 - 20:14:24: [FF] [Mikasa] <STEAM_1:0:522010986> -> 7 HP bằng (súng) -> [Curren Bouquetd'or] <STEAM_1:1:524205977>
L 09/28/2026 - 20:14:24: [FF] [Mikasa] <STEAM_1:0:522010986> -> 5 HP bằng (súng) -> [Curren Bouquetd'or] <STEAM_1:1:524205977>
L 09/28/2026 - 20:14:34: [FF] [Rïçēz] <STEAM_1:1:558962692> -> 5 HP bằng (súng) -> [manhvippro] <STEAM_1:1:960298889>
L 09/28/2026 - 20:14:34: [FF] [Rïçēz] <STEAM_1:1:558962692> -> 5 HP bằng (súng) -> [manhvippro] <STEAM_1:1:960298889>
L 09/28/2026 - 20:14:36: [FF] [Rïçēz] <STEAM_1:1:558962692> -> 5 HP bằng (súng) -> [Curren Bouquetd'or] <STEAM_1:1:524205977>
L 09/28/2026 - 20:14:38: [FF] [（ ͜.人 ͜.）⛇☃] <STEAM_1:1:241852047> -> 16 HP bằng (boom/fire) -> [Rïçēz] <STEAM_1:1:558962692>
L 09/28/2026 - 20:14:38: [FF] [（ ͜.人 ͜.）⛇☃] <STEAM_1:1:241852047> -> 16 HP bằng (boom/fire) -> [Rïçēz] <STEAM_1:1:558962692>
L 09/28/2026 - 20:14:38: [FF] [（ ͜.人 ͜.）⛇☃] <STEAM_1:1:241852047> -> 16 HP bằng (boom/fire) -> [Rïçēz] <STEAM_1:1:558962692>
L 09/28/2026 - 20:14:38: [FF] [（ ͜.人 ͜.）⛇☃] <STEAM_1:1:241852047> -> 16 HP bằng (boom/fire) -> [Rïçēz] <STEAM_1:1:558962692>
L 09/28/2026 - 20:14:45: [HẠ GỤC] Zombie/Witch/Môi trường <N/A> đã hạ gục KeroN <STEAM_1:1:161759963> bằng (môi trường/khác)
L 09/28/2026 - 20:14:45: [HẠ GỤC] Zombie/Witch/Môi trường <N/A> đã hạ gục Curren Bouquetd'or <STEAM_1:1:524205977> bằng (môi trường/khác)
L 09/28/2026 - 20:14:55: [FF] [chimxanh] <STEAM_1:1:626078671> -> 9 HP bằng (súng) -> [（ ͜.人 ͜.）⛇☃] <STEAM_1:1:241852047>
L 09/28/2026 - 20:14:55: [FF] [chimxanh] <STEAM_1:1:626078671> -> 9 HP bằng (súng) -> [（ ͜.人 ͜.）⛇☃] <STEAM_1:1:241852047>
L 09/28/2026 - 20:14:55: [FF] [chimxanh] <STEAM_1:1:626078671> -> 8 HP bằng (súng) -> [（ ͜.人 ͜.）⛇☃] <STEAM_1:1:241852047>
L 09/28/2026 - 20:14:56: [FF] [manhvippro] <STEAM_1:1:960298889> -> 5 HP bằng (súng) -> [（ ͜.人 ͜.）⛇☃] <STEAM_1:1:241852047>
L 09/28/2026 - 20:14:56: [FF] [manhvippro] <STEAM_1:1:960298889> -> 5 HP bằng (súng) -> [（ ͜.人 ͜.）⛇☃] <STEAM_1:1:241852047>
L 09/28/2026 - 20:14:56: [FF] [manhvippro] <STEAM_1:1:960298889> -> 5 HP bằng (súng) -> [Mikasa] <STEAM_1:0:522010986>
L 09/28/2026 - 20:14:56: [FF] [chimxanh] <STEAM_1:1:626078671> -> 15 HP bằng (súng) -> [Curren Bouquetd'or] <STEAM_1:1:524205977>
L 09/28/2026 - 20:15:04: [HẠ GỤC] （ ͜.人 ͜.）⛇☃ <STEAM_1:1:241852047> đã hạ gục tychuotkg789 <STEAM_1:0:562186389> bằng (súng)
L 09/28/2026 - 20:15:08: [FF] [Curren Bouquetd'or] <STEAM_1:1:524205977> -> 5 HP bằng (súng) -> [chimxanh] <STEAM_1:1:626078671>
L 09/28/2026 - 20:15:08: [FF] [Curren Bouquetd'or] <STEAM_1:1:524205977> -> 5 HP bằng (súng) -> [chimxanh] <STEAM_1:1:626078671>
L 09/28/2026 - 20:15:08: [FF] [Curren Bouquetd'or] <STEAM_1:1:524205977> -> 5 HP bằng (súng) -> [chimxanh] <STEAM_1:1:626078671>
L 09/28/2026 - 20:15:18: [FF] [Curren Bouquetd'or] <STEAM_1:1:524205977> -> 5 HP bằng (súng) -> [（ ͜.人 ͜.）⛇☃] <STEAM_1:1:241852047>
L 09/28/2026 - 20:15:35: [HẠ GỤC] Boomer Bot <BOT> đã hạ gục Rïçēz <STEAM_1:1:558962692> bằng (môi trường/khác)
L 09/28/2026 - 20:15:51: [HẠ GỤC] Hunter Bot <BOT> đã hạ gục Chicoarun <STEAM_1:0:952954061> bằng (zombie cào/đấm)
L 09/28/2026 - 20:16:05: [FF] [manhvippro] <STEAM_1:1:960298889> -> 5 HP bằng (súng) -> [tychuotkg789] <STEAM_1:0:562186389>
L 09/28/2026 - 20:16:05: [FF] [manhvippro] <STEAM_1:1:960298889> -> 5 HP bằng (súng) -> [tychuotkg789] <STEAM_1:0:562186389>
L 09/28/2026 - 20:16:05: [FF] [manhvippro] <STEAM_1:1:960298889> -> 5 HP bằng (súng) -> [tychuotkg789] <STEAM_1:0:562186389>
L 09/28/2026 - 20:16:07: [FF] [Chicoarun] <STEAM_1:0:952954061> -> 16 HP bằng (boom/fire) -> [Curren Bouquetd'or] <STEAM_1:1:524205977>
L 09/28/2026 - 20:16:07: [FF] [Chicoarun] <STEAM_1:0:952954061> -> 16 HP bằng (boom/fire) -> [Curren Bouquetd'or] <STEAM_1:1:524205977>
L 09/28/2026 - 20:16:07: [FF] [Chicoarun] <STEAM_1:0:952954061> -> 16 HP bằng (boom/fire) -> [Curren Bouquetd'or] <STEAM_1:1:524205977>
L 09/28/2026 - 20:16:08: [HẠ GỤC] Charger Bot <BOT> đã hạ gục Curren Bouquetd'or <STEAM_1:1:524205977> bằng (zombie cào/đấm)
L 09/28/2026 - 20:16:16: [FF] [KeroN] <STEAM_1:1:161759963> -> 1 HP bằng (môi trường/khác) -> [manhvippro] <STEAM_1:1:960298889>
L 09/28/2026 - 20:16:16: [FF] [KeroN] <STEAM_1:1:161759963> -> 1 HP bằng (môi trường/khác) -> [Chicoarun] <STEAM_1:0:952954061>
L 09/28/2026 - 20:16:16: [FF] [KeroN] <STEAM_1:1:161759963> -> 1 HP bằng (môi trường/khác) -> [Curren Bouquetd'or] <STEAM_1:1:524205977>
L 09/28/2026 - 20:16:27: [HẠ GỤC] Zombie/Witch/Môi trường <N/A> đã hạ gục Rïçēz <STEAM_1:1:558962692> bằng (môi trường/khác)
L 09/28/2026 - 20:16:37: [FF] [Mikasa] <STEAM_1:0:522010986> -> 5 HP bằng (súng) -> [KeroN] <STEAM_1:1:161759963>
L 09/28/2026 - 20:16:38: [FF] [manhvippro] <STEAM_1:1:960298889> -> 5 HP bằng (súng) -> [Chicoarun] <STEAM_1:0:952954061>
L 09/28/2026 - 20:16:39: [FF] [manhvippro] <STEAM_1:1:960298889> -> 5 HP bằng (súng) -> [tychuotkg789] <STEAM_1:0:562186389>
L 09/28/2026 - 20:16:41: [FF] [manhvippro] <STEAM_1:1:960298889> -> 5 HP bằng (súng) -> [KeroN] <STEAM_1:1:161759963>
L 09/28/2026 - 20:16:43: [HẠ GỤC] Zombie/Witch/Môi trường <N/A> đã hạ gục Chicoarun <STEAM_1:0:952954061> bằng (môi trường/khác)
L 09/28/2026 - 20:16:56: [FF] [Curren Bouquetd'or] <STEAM_1:1:524205977> -> 11 HP bằng (súng) -> [KeroN] <STEAM_1:1:161759963>
L 09/28/2026 - 20:16:56: [FF] [Curren Bouquetd'or] <STEAM_1:1:524205977> -> 15 HP bằng (môi trường/khác) -> [Chicoarun] <STEAM_1:0:952954061>
L 09/28/2026 - 20:16:56: [HẠ GỤC] Curren Bouquetd'or <STEAM_1:1:524205977> đã hạ gục Curren Bouquetd'or <STEAM_1:1:524205977> bằng (môi trường/khác)
L 09/28/2026 - 20:16:56: [FF] [Curren Bouquetd'or] <STEAM_1:1:524205977> -> 11 HP bằng (môi trường/khác) -> [KeroN] <STEAM_1:1:161759963>
L 09/28/2026 - 20:16:56: [FF] [Curren Bouquetd'or] <STEAM_1:1:524205977> -> 8 HP bằng (môi trường/khác) -> [chimxanh] <STEAM_1:1:626078671>
L 09/28/2026 - 20:16:56: [FF] [Curren Bouquetd'or] <STEAM_1:1:524205977> -> 9 HP bằng (môi trường/khác) -> [Mikasa] <STEAM_1:0:522010986>
L 09/28/2026 - 20:17:00: [FF] [manhvippro] <STEAM_1:1:960298889> -> 5 HP bằng (súng) -> [Rïçēz] <STEAM_1:1:558962692>
L 09/28/2026 - 20:17:04: [KILL] Boomer Bot <BOT> đã giết tychuotkg789 <STEAM_1:0:562186389> bằng (môi trường/khác)
L 09/28/2026 - 20:17:05: [HẠ GỤC] Zombie/Witch/Môi trường <N/A> đã hạ gục manhvippro <STEAM_1:1:960298889> bằng (môi trường/khác)
L 09/28/2026 - 20:17:05: [HẠ GỤC] Zombie/Witch/Môi trường <N/A> đã hạ gục chimxanh <STEAM_1:1:626078671> bằng (môi trường/khác)
L 09/28/2026 - 20:17:09: [FF] [Mikasa] <STEAM_1:0:522010986> -> 7 HP bằng (melee) -> [Chicoarun] <STEAM_1:0:952954061>
L 09/28/2026 - 20:17:16: [FF] [Mikasa] <STEAM_1:0:522010986> -> 7 HP bằng (melee) -> [Rïçēz] <STEAM_1:1:558962692>
L 09/28/2026 - 20:17:17: [FF] [Mikasa] <STEAM_1:0:522010986> -> 7 HP bằng (melee) -> [chimxanh] <STEAM_1:1:626078671>
L 09/28/2026 - 20:17:18: [FF] [Mikasa] <STEAM_1:0:522010986> -> 7 HP bằng (melee) -> [chimxanh] <STEAM_1:1:626078671>
L 09/28/2026 - 20:17:19: [FF] [Curren Bouquetd'or] <STEAM_1:1:524205977> -> 5 HP bằng (melee) -> [Mikasa] <STEAM_1:0:522010986>
L 09/28/2026 - 20:17:20: [FF] [Rïçēz] <STEAM_1:1:558962692> -> 5 HP bằng (melee) -> [chimxanh] <STEAM_1:1:626078671>
L 09/28/2026 - 20:17:22: [FF] [Mikasa] <STEAM_1:0:522010986> -> 7 HP bằng (melee) -> [chimxanh] <STEAM_1:1:626078671>
L 09/28/2026 - 20:17:23: [FF] [Mikasa] <STEAM_1:0:522010986> -> 7 HP bằng (melee) -> [chimxanh] <STEAM_1:1:626078671>
L 09/28/2026 - 20:17:28: [FF] [Mikasa] <STEAM_1:0:522010986> -> 7 HP bằng (melee) -> [chimxanh] <STEAM_1:1:626078671>
L 09/28/2026 - 20:17:29: [KILL] Hunter Bot <BOT> đã giết Curren Bouquetd'or <STEAM_1:1:524205977> bằng (zombie cào/đấm)
L 09/28/2026 - 20:17:42: [FF] [manhvippro] <STEAM_1:1:960298889> -> 5 HP bằng (súng) -> [（ ͜.人 ͜.）⛇☃] <STEAM_1:1:241852047>
L 09/28/2026 - 20:17:42: [FF] [manhvippro] <STEAM_1:1:960298889> -> 5 HP bằng (súng) -> [（ ͜.人 ͜.）⛇☃] <STEAM_1:1:241852047>
L 09/28/2026 - 20:17:49: [KILL] Zombie/Witch/Môi trường <N/A> đã giết chimxanh <STEAM_1:1:626078671> bằng (môi trường/khác)
L 09/28/2026 - 20:17:50: [FF] [manhvippro] <STEAM_1:1:960298889> -> 7 HP bằng (melee) -> [（ ͜.人 ͜.）⛇☃] <STEAM_1:1:241852047>
L 09/28/2026 - 20:18:18: [FF] [Mikasa] <STEAM_1:0:522010986> -> 10 HP bằng (súng) -> [Chicoarun] <STEAM_1:0:952954061>
L 09/28/2026 - 20:18:20: [HẠ GỤC] Zombie/Witch/Môi trường <N/A> đã hạ gục Rïçēz <STEAM_1:1:558962692> bằng (môi trường/khác)
L 09/28/2026 - 20:18:28: [KILL] Zombie/Witch/Môi trường <N/A> đã giết Rïçēz <STEAM_1:1:558962692> bằng (môi trường/khác)
L 09/28/2026 - 20:18:31: [KILL] Spitter Bot <BOT> đã giết Chicoarun <STEAM_1:0:952954061> bằng (zombie cào/đấm)
L 09/28/2026 - 20:18:34: [HẠ GỤC] Spitter Bot <BOT> đã hạ gục Mikasa <STEAM_1:0:522010986> bằng (môi trường/khác)
L 09/28/2026 - 20:18:49: [FF] [（ ͜.人 ͜.）⛇☃] <STEAM_1:1:241852047> -> 31 HP bằng (súng) -> [Mikasa] <STEAM_1:0:522010986>
L 09/28/2026 - 20:18:49: [HẠ GỤC] Zombie/Witch/Môi trường <N/A> đã hạ gục KeroN <STEAM_1:1:161759963> bằng (môi trường/khác)
L 09/28/2026 - 20:19:03: [FF] [Mikasa] <STEAM_1:0:522010986> -> 10 HP bằng (súng) -> [Curren Bouquetd'or] <STEAM_1:1:524205977>
L 09/28/2026 - 20:19:03: [FF] [Mikasa] <STEAM_1:0:522010986> -> 10 HP bằng (súng) -> [Curren Bouquetd'or] <STEAM_1:1:524205977>
L 09/28/2026 - 20:19:23: [KILL] Spitter Bot <BOT> đã giết KeroN <STEAM_1:1:161759963> bằng (môi trường/khác)
L 09/28/2026 - 20:19:24: [HẠ GỤC] Spitter Bot <BOT> đã hạ gục Curren Bouquetd'or <STEAM_1:1:524205977> bằng (môi trường/khác)
L 09/28/2026 - 20:19:59: [HẠ GỤC] Jockey Bot <BOT> đã hạ gục Rïçēz <STEAM_1:1:558962692> bằng (zombie cào/đấm)
L 09/28/2026 - 20:20:02: [HẠ GỤC] Zombie/Witch/Môi trường <N/A> đã hạ gục manhvippro <STEAM_1:1:960298889> bằng (môi trường/khác)
L 09/28/2026 - 20:20:29: [HẠ GỤC] Boomer Bot <BOT> đã hạ gục Mikasa <STEAM_1:0:522010986> bằng (zombie cào/đấm)
L 09/28/2026 - 20:20:29: [FF] [Curren Bouquetd'or] <STEAM_1:1:524205977> -> 15 HP bằng (súng) -> [（ ͜.人 ͜.）⛇☃] <STEAM_1:1:241852047>
L 09/28/2026 - 20:20:29: [FF] [（ ͜.人 ͜.）⛇☃] <STEAM_1:1:241852047> -> 36 HP bằng (súng) -> [Curren Bouquetd'or] <STEAM_1:1:524205977>
L 09/28/2026 - 20:20:30: [FF] [tychuotkg789] <STEAM_1:0:562186389> -> 2 HP bằng (súng) -> [（ ͜.人 ͜.）⛇☃] <STEAM_1:1:241852047>
L 09/28/2026 - 20:20:32: [FF] [tychuotkg789] <STEAM_1:0:562186389> -> 2 HP bằng (súng) -> [（ ͜.人 ͜.）⛇☃] <STEAM_1:1:241852047>
L 09/28/2026 - 20:20:35: [FF] [KeroN] <STEAM_1:1:161759963> -> 5 HP bằng (súng) -> [（ ͜.人 ͜.）⛇☃] <STEAM_1:1:241852047>
L 09/28/2026 - 20:20:35: [HẠ GỤC] Zombie/Witch/Môi trường <N/A> đã hạ gục chimxanh <STEAM_1:1:626078671> bằng (môi trường/khác)
L 09/28/2026 - 20:20:35: [FF] [（ ͜.人 ͜.）⛇☃] <STEAM_1:1:241852047> -> 5 HP bằng (melee) -> [Mikasa] <STEAM_1:0:522010986>
L 09/28/2026 - 20:20:43: [FF] [manhvippro] <STEAM_1:1:960298889> -> 5 HP bằng (súng) -> [（ ͜.人 ͜.）⛇☃] <STEAM_1:1:241852047>
L 09/28/2026 - 20:20:48: [FF] [manhvippro] <STEAM_1:1:960298889> -> 6 HP bằng (súng) -> [Mikasa] <STEAM_1:0:522010986>
L 09/28/2026 - 20:20:58: [FF] [manhvippro] <STEAM_1:1:960298889> -> 10 HP bằng (súng) -> [KeroN] <STEAM_1:1:161759963>
L 09/28/2026 - 20:21:08: [FF] [KeroN] <STEAM_1:1:161759963> -> 5 HP bằng (súng) -> [（ ͜.人 ͜.）⛇☃] <STEAM_1:1:241852047>
L 09/28/2026 - 20:21:08: [FF] [KeroN] <STEAM_1:1:161759963> -> 5 HP bằng (súng) -> [（ ͜.人 ͜.）⛇☃] <STEAM_1:1:241852047>
L 09/28/2026 - 20:21:08: [FF] [KeroN] <STEAM_1:1:161759963> -> 5 HP bằng (súng) -> [（ ͜.人 ͜.）⛇☃] <STEAM_1:1:241852047>
L 09/28/2026 - 20:21:10: [HẠ GỤC] Charger <BOT> đã hạ gục Curren Bouquetd'or <STEAM_1:1:524205977> bằng (zombie cào/đấm)
L 09/28/2026 - 20:21:11: [HẠ GỤC] Charger <BOT> đã hạ gục Chicoarun <STEAM_1:0:952954061> bằng (zombie cào/đấm)
L 09/28/2026 - 20:21:12: [KILL] Spitter <BOT> đã giết Mikasa <STEAM_1:0:522010986> bằng (zombie cào/đấm)
L 09/28/2026 - 20:21:17: [HẠ GỤC] Jockey <BOT> đã hạ gục tychuotkg789 <STEAM_1:0:562186389> bằng (zombie cào/đấm)
L 09/28/2026 - 20:21:58: [FF] [Curren Bouquetd'or] <STEAM_1:1:524205977> -> 15 HP bằng (súng) -> [Chicoarun] <STEAM_1:0:952954061>
L 09/28/2026 - 20:22:06: [FF] [tychuotkg789] <STEAM_1:0:562186389> -> 1 HP bằng (súng) -> [Rïçēz] <STEAM_1:1:558962692>
L 09/28/2026 - 20:22:08: [HẠ GỤC] Smoker Bot <BOT> đã hạ gục manhvippro <STEAM_1:1:960298889> bằng (zombie cào/đấm)
L 09/28/2026 - 20:22:10: [FF] [KeroN] <STEAM_1:1:161759963> -> 6 HP bằng (súng) -> [Curren Bouquetd'or] <STEAM_1:1:524205977>
L 09/28/2026 - 20:22:11: [HẠ GỤC] Zombie/Witch/Môi trường <N/A> đã hạ gục Rïçēz <STEAM_1:1:558962692> bằng (môi trường/khác)
L 09/28/2026 - 20:22:11: [FF] [KeroN] <STEAM_1:1:161759963> -> 6 HP bằng (súng) -> [Curren Bouquetd'or] <STEAM_1:1:524205977>
L 09/28/2026 - 20:22:11: [HẠ GỤC] KeroN <STEAM_1:1:161759963> đã hạ gục Chicoarun <STEAM_1:0:952954061> bằng (súng)
L 09/28/2026 - 20:22:13: [FF] [KeroN] <STEAM_1:1:161759963> -> 7 HP bằng (súng) -> [Curren Bouquetd'or] <STEAM_1:1:524205977>
L 09/28/2026 - 20:22:14: [FF] [chimxanh] <STEAM_1:1:626078671> -> 6 HP bằng (boom/fire) -> [manhvippro] <STEAM_1:1:960298889>
L 09/28/2026 - 20:22:14: [FF] [chimxanh] <STEAM_1:1:626078671> -> 8 HP bằng (boom/fire) -> [manhvippro] <STEAM_1:1:960298889>
L 09/28/2026 - 20:22:15: [FF] [chimxanh] <STEAM_1:1:626078671> -> 9 HP bằng (boom/fire) -> [manhvippro] <STEAM_1:1:960298889>
L 09/28/2026 - 20:22:15: [FF] [chimxanh] <STEAM_1:1:626078671> -> 11 HP bằng (boom/fire) -> [manhvippro] <STEAM_1:1:960298889>
L 09/28/2026 - 20:22:15: [FF] [chimxanh] <STEAM_1:1:626078671> -> 12 HP bằng (boom/fire) -> [manhvippro] <STEAM_1:1:960298889>
L 09/28/2026 - 20:22:15: [FF] [chimxanh] <STEAM_1:1:626078671> -> 14 HP bằng (boom/fire) -> [manhvippro] <STEAM_1:1:960298889>
L 09/28/2026 - 20:22:15: [FF] [chimxanh] <STEAM_1:1:626078671> -> 16 HP bằng (boom/fire) -> [manhvippro] <STEAM_1:1:960298889>
L 09/28/2026 - 20:22:16: [FF] [Curren Bouquetd'or] <STEAM_1:1:524205977> -> 11 HP bằng (súng) -> [Rïçēz] <STEAM_1:1:558962692>
L 09/28/2026 - 20:22:16: [FF] [chimxanh] <STEAM_1:1:626078671> -> 16 HP bằng (boom/fire) -> [manhvippro] <STEAM_1:1:960298889>
L 09/28/2026 - 20:22:16: [FF] [chimxanh] <STEAM_1:1:626078671> -> 16 HP bằng (boom/fire) -> [Curren Bouquetd'or] <STEAM_1:1:524205977>
L 09/28/2026 - 20:22:16: [FF] [chimxanh] <STEAM_1:1:626078671> -> 16 HP bằng (boom/fire) -> [manhvippro] <STEAM_1:1:960298889>
L 09/28/2026 - 20:22:16: [FF] [chimxanh] <STEAM_1:1:626078671> -> 16 HP bằng (boom/fire) -> [Curren Bouquetd'or] <STEAM_1:1:524205977>
L 09/28/2026 - 20:22:16: [FF] [chimxanh] <STEAM_1:1:626078671> -> 16 HP bằng (boom/fire) -> [manhvippro] <STEAM_1:1:960298889>
L 09/28/2026 - 20:22:16: [FF] [chimxanh] <STEAM_1:1:626078671> -> 16 HP bằng (boom/fire) -> [Curren Bouquetd'or] <STEAM_1:1:524205977>
L 09/28/2026 - 20:22:16: [FF] [chimxanh] <STEAM_1:1:626078671> -> 16 HP bằng (boom/fire) -> [manhvippro] <STEAM_1:1:960298889>
L 09/28/2026 - 20:22:16: [FF] [chimxanh] <STEAM_1:1:626078671> -> 16 HP bằng (boom/fire) -> [Curren Bouquetd'or] <STEAM_1:1:524205977>
L 09/28/2026 - 20:22:16: [KILL] chimxanh <STEAM_1:1:626078671> đã giết Curren Bouquetd'or <STEAM_1:1:524205977> bằng (boom/fire)
L 09/28/2026 - 20:22:16: [FF] [chimxanh] <STEAM_1:1:626078671> -> 16 HP bằng (boom/fire) -> [manhvippro] <STEAM_1:1:960298889>
L 09/28/2026 - 20:22:17: [FF] [chimxanh] <STEAM_1:1:626078671> -> 16 HP bằng (boom/fire) -> [manhvippro] <STEAM_1:1:960298889>
L 09/28/2026 - 20:22:17: [FF] [chimxanh] <STEAM_1:1:626078671> -> 16 HP bằng (boom/fire) -> [manhvippro] <STEAM_1:1:960298889>
L 09/28/2026 - 20:22:17: [FF] [chimxanh] <STEAM_1:1:626078671> -> 16 HP bằng (boom/fire) -> [manhvippro] <STEAM_1:1:960298889>
L 09/28/2026 - 20:22:17: [FF] [chimxanh] <STEAM_1:1:626078671> -> 16 HP bằng (boom/fire) -> [manhvippro] <STEAM_1:1:960298889>
L 09/28/2026 - 20:22:17: [FF] [chimxanh] <STEAM_1:1:626078671> -> 16 HP bằng (boom/fire) -> [manhvippro] <STEAM_1:1:960298889>
L 09/28/2026 - 20:22:18: [FF] [chimxanh] <STEAM_1:1:626078671> -> 16 HP bằng (boom/fire) -> [manhvippro] <STEAM_1:1:960298889>
L 09/28/2026 - 20:22:18: [FF] [chimxanh] <STEAM_1:1:626078671> -> 16 HP bằng (boom/fire) -> [manhvippro] <STEAM_1:1:960298889>
L 09/28/2026 - 20:22:18: [FF] [chimxanh] <STEAM_1:1:626078671> -> 16 HP bằng (boom/fire) -> [manhvippro] <STEAM_1:1:960298889>
L 09/28/2026 - 20:22:18: [FF] [chimxanh] <STEAM_1:1:626078671> -> 16 HP bằng (boom/fire) -> [manhvippro] <STEAM_1:1:960298889>
L 09/28/2026 - 20:22:18: [FF] [chimxanh] <STEAM_1:1:626078671> -> 16 HP bằng (boom/fire) -> [manhvippro] <STEAM_1:1:960298889>
L 09/28/2026 - 20:22:19: [FF] [chimxanh] <STEAM_1:1:626078671> -> 16 HP bằng (boom/fire) -> [manhvippro] <STEAM_1:1:960298889>
L 09/28/2026 - 20:22:19: [FF] [chimxanh] <STEAM_1:1:626078671> -> 16 HP bằng (boom/fire) -> [manhvippro] <STEAM_1:1:960298889>
L 09/28/2026 - 20:22:22: [FF] [Chicoarun] <STEAM_1:0:952954061> -> 1 HP bằng (boom/fire) -> [tychuotkg789] <STEAM_1:0:562186389>
L 09/28/2026 - 20:22:22: [FF] [Chicoarun] <STEAM_1:0:952954061> -> 3 HP bằng (boom/fire) -> [tychuotkg789] <STEAM_1:0:562186389>
L 09/28/2026 - 20:22:22: [FF] [Chicoarun] <STEAM_1:0:952954061> -> 4 HP bằng (boom/fire) -> [tychuotkg789] <STEAM_1:0:562186389>
L 09/28/2026 - 20:22:22: [FF] [Chicoarun] <STEAM_1:0:952954061> -> 4 HP bằng (boom/fire) -> [KeroN] <STEAM_1:1:161759963>
L 09/28/2026 - 20:22:22: [FF] [Chicoarun] <STEAM_1:0:952954061> -> 6 HP bằng (boom/fire) -> [tychuotkg789] <STEAM_1:0:562186389>
L 09/28/2026 - 20:22:22: [FF] [Chicoarun] <STEAM_1:0:952954061> -> 6 HP bằng (boom/fire) -> [manhvippro] <STEAM_1:1:960298889>
L 09/28/2026 - 20:22:22: [FF] [Chicoarun] <STEAM_1:0:952954061> -> 6 HP bằng (boom/fire) -> [KeroN] <STEAM_1:1:161759963>
L 09/28/2026 - 20:22:22: [FF] [chimxanh] <STEAM_1:1:626078671> -> 18 HP bằng (súng) -> [tychuotkg789] <STEAM_1:0:562186389>
L 09/28/2026 - 20:22:22: [FF] [Chicoarun] <STEAM_1:0:952954061> -> 8 HP bằng (boom/fire) -> [manhvippro] <STEAM_1:1:960298889>
L 09/28/2026 - 20:22:22: [FF] [Chicoarun] <STEAM_1:0:952954061> -> 8 HP bằng (boom/fire) -> [KeroN] <STEAM_1:1:161759963>
L 09/28/2026 - 20:22:22: [FF] [Chicoarun] <STEAM_1:0:952954061> -> 8 HP bằng (boom/fire) -> [tychuotkg789] <STEAM_1:0:562186389>
L 09/28/2026 - 20:22:23: [FF] [Chicoarun] <STEAM_1:0:952954061> -> 9 HP bằng (boom/fire) -> [KeroN] <STEAM_1:1:161759963>
L 09/28/2026 - 20:22:23: [FF] [Chicoarun] <STEAM_1:0:952954061> -> 9 HP bằng (boom/fire) -> [manhvippro] <STEAM_1:1:960298889>
L 09/28/2026 - 20:22:23: [FF] [Chicoarun] <STEAM_1:0:952954061> -> 11 HP bằng (boom/fire) -> [tychuotkg789] <STEAM_1:0:562186389>
L 09/28/2026 - 20:22:23: [FF] [Chicoarun] <STEAM_1:0:952954061> -> 11 HP bằng (boom/fire) -> [manhvippro] <STEAM_1:1:960298889>
L 09/28/2026 - 20:22:23: [FF] [Chicoarun] <STEAM_1:0:952954061> -> 11 HP bằng (boom/fire) -> [KeroN] <STEAM_1:1:161759963>
L 09/28/2026 - 20:22:23: [FF] [Chicoarun] <STEAM_1:0:952954061> -> 12 HP bằng (boom/fire) -> [tychuotkg789] <STEAM_1:0:562186389>
L 09/28/2026 - 20:22:23: [HẠ GỤC] Chicoarun <STEAM_1:0:952954061> đã hạ gục KeroN <STEAM_1:1:161759963> bằng (boom/fire)
L 09/28/2026 - 20:22:23: [FF] [Chicoarun] <STEAM_1:0:952954061> -> 12 HP bằng (boom/fire) -> [manhvippro] <STEAM_1:1:960298889>
L 09/28/2026 - 20:22:23: [FF] [Chicoarun] <STEAM_1:0:952954061> -> 14 HP bằng (boom/fire) -> [tychuotkg789] <STEAM_1:0:562186389>
L 09/28/2026 - 20:22:23: [FF] [Chicoarun] <STEAM_1:0:952954061> -> 14 HP bằng (boom/fire) -> [KeroN] <STEAM_1:1:161759963>
L 09/28/2026 - 20:22:23: [HẠ GỤC] Chicoarun <STEAM_1:0:952954061> đã hạ gục tychuotkg789 <STEAM_1:0:562186389> bằng (boom/fire)
L 09/28/2026 - 20:22:23: [FF] [Chicoarun] <STEAM_1:0:952954061> -> 16 HP bằng (boom/fire) -> [KeroN] <STEAM_1:1:161759963>
L 09/28/2026 - 20:22:24: [FF] [Chicoarun] <STEAM_1:0:952954061> -> 16 HP bằng (boom/fire) -> [KeroN] <STEAM_1:1:161759963>
L 09/28/2026 - 20:22:24: [FF] [Chicoarun] <STEAM_1:0:952954061> -> 16 HP bằng (boom/fire) -> [tychuotkg789] <STEAM_1:0:562186389>
L 09/28/2026 - 20:22:24: [FF] [Chicoarun] <STEAM_1:0:952954061> -> 16 HP bằng (boom/fire) -> [tychuotkg789] <STEAM_1:0:562186389>
L 09/28/2026 - 20:22:24: [FF] [Chicoarun] <STEAM_1:0:952954061> -> 16 HP bằng (boom/fire) -> [KeroN] <STEAM_1:1:161759963>
L 09/28/2026 - 20:22:24: [FF] [Chicoarun] <STEAM_1:0:952954061> -> 16 HP bằng (boom/fire) -> [tychuotkg789] <STEAM_1:0:562186389>
L 09/28/2026 - 20:22:24: [FF] [Chicoarun] <STEAM_1:0:952954061> -> 16 HP bằng (boom/fire) -> [KeroN] <STEAM_1:1:161759963>
L 09/28/2026 - 20:22:24: [FF] [Chicoarun] <STEAM_1:0:952954061> -> 16 HP bằng (boom/fire) -> [KeroN] <STEAM_1:1:161759963>
L 09/28/2026 - 20:22:24: [FF] [Chicoarun] <STEAM_1:0:952954061> -> 16 HP bằng (boom/fire) -> [tychuotkg789] <STEAM_1:0:562186389>
L 09/28/2026 - 20:22:24: [FF] [Chicoarun] <STEAM_1:0:952954061> -> 16 HP bằng (boom/fire) -> [tychuotkg789] <STEAM_1:0:562186389>
L 09/28/2026 - 20:22:24: [FF] [Chicoarun] <STEAM_1:0:952954061> -> 16 HP bằng (boom/fire) -> [KeroN] <STEAM_1:1:161759963>
L 09/28/2026 - 20:22:25: [FF] [Chicoarun] <STEAM_1:0:952954061> -> 16 HP bằng (boom/fire) -> [tychuotkg789] <STEAM_1:0:562186389>
L 09/28/2026 - 20:22:25: [FF] [Chicoarun] <STEAM_1:0:952954061> -> 16 HP bằng (boom/fire) -> [KeroN] <STEAM_1:1:161759963>
L 09/28/2026 - 20:22:25: [FF] [Chicoarun] <STEAM_1:0:952954061> -> 16 HP bằng (boom/fire) -> [KeroN] <STEAM_1:1:161759963>
L 09/28/2026 - 20:22:25: [FF] [Chicoarun] <STEAM_1:0:952954061> -> 16 HP bằng (boom/fire) -> [KeroN] <STEAM_1:1:161759963>
L 09/28/2026 - 20:22:25: [FF] [Chicoarun] <STEAM_1:0:952954061> -> 16 HP bằng (boom/fire) -> [KeroN] <STEAM_1:1:161759963>
L 09/28/2026 - 20:22:25: [FF] [Chicoarun] <STEAM_1:0:952954061> -> 16 HP bằng (boom/fire) -> [KeroN] <STEAM_1:1:161759963>
L 09/28/2026 - 20:22:26: [FF] [Chicoarun] <STEAM_1:0:952954061> -> 16 HP bằng (boom/fire) -> [KeroN] <STEAM_1:1:161759963>
L 09/28/2026 - 20:22:26: [FF] [Chicoarun] <STEAM_1:0:952954061> -> 16 HP bằng (boom/fire) -> [KeroN] <STEAM_1:1:161759963>
L 09/28/2026 - 20:22:26: [FF] [Chicoarun] <STEAM_1:0:952954061> -> 16 HP bằng (boom/fire) -> [KeroN] <STEAM_1:1:161759963>
L 09/28/2026 - 20:22:26: [FF] [Chicoarun] <STEAM_1:0:952954061> -> 16 HP bằng (boom/fire) -> [KeroN] <STEAM_1:1:161759963>
L 09/28/2026 - 20:22:26: [FF] [Chicoarun] <STEAM_1:0:952954061> -> 16 HP bằng (boom/fire) -> [KeroN] <STEAM_1:1:161759963>
L 09/28/2026 - 20:22:46: [FF] [Curren Bouquetd'or] <STEAM_1:1:524205977> -> 4 HP bằng (súng) -> [tychuotkg789] <STEAM_1:0:562186389>
L 09/28/2026 - 20:22:48: [FF] [Rïçēz] <STEAM_1:1:558962692> -> 6 HP bằng (súng) -> [Curren Bouquetd'or] <STEAM_1:1:524205977>
L 09/28/2026 - 20:22:49: [HẠ GỤC] (1)Spitter Bot <BOT> đã hạ gục manhvippro <STEAM_1:1:960298889> bằng (môi trường/khác)
L 09/28/2026 - 20:23:09: [FF] [Curren Bouquetd'or] <STEAM_1:1:524205977> -> 3 HP bằng (súng) -> [Mikasa] <STEAM_1:0:522010986>
L 09/28/2026 - 20:23:09: [FF] [Curren Bouquetd'or] <STEAM_1:1:524205977> -> 3 HP bằng (súng) -> [Mikasa] <STEAM_1:0:522010986>
L 09/28/2026 - 20:23:09: [FF] [Curren Bouquetd'or] <STEAM_1:1:524205977> -> 3 HP bằng (súng) -> [Mikasa] <STEAM_1:0:522010986>
L 09/28/2026 - 20:23:09: [FF] [Curren Bouquetd'or] <STEAM_1:1:524205977> -> 3 HP bằng (súng) -> [Mikasa] <STEAM_1:0:522010986>
L 09/28/2026 - 20:23:09: [FF] [Curren Bouquetd'or] <STEAM_1:1:524205977> -> 3 HP bằng (súng) -> [Mikasa] <STEAM_1:0:522010986>
L 09/28/2026 - 20:23:09: [FF] [Curren Bouquetd'or] <STEAM_1:1:524205977> -> 3 HP bằng (súng) -> [Chicoarun] <STEAM_1:0:952954061>
L 09/28/2026 - 20:23:09: [FF] [Curren Bouquetd'or] <STEAM_1:1:524205977> -> 3 HP bằng (súng) -> [Mikasa] <STEAM_1:0:522010986>
L 09/28/2026 - 20:23:09: [FF] [Curren Bouquetd'or] <STEAM_1:1:524205977> -> 3 HP bằng (súng) -> [Mikasa] <STEAM_1:0:522010986>
L 09/28/2026 - 20:23:09: [FF] [Curren Bouquetd'or] <STEAM_1:1:524205977> -> 3 HP bằng (súng) -> [Chicoarun] <STEAM_1:0:952954061>
L 09/28/2026 - 20:23:09: [FF] [Curren Bouquetd'or] <STEAM_1:1:524205977> -> 4 HP bằng (súng) -> [Mikasa] <STEAM_1:0:522010986>
L 09/28/2026 - 20:23:09: [FF] [Curren Bouquetd'or] <STEAM_1:1:524205977> -> 3 HP bằng (súng) -> [Mikasa] <STEAM_1:0:522010986>
L 09/28/2026 - 20:23:09: [FF] [Curren Bouquetd'or] <STEAM_1:1:524205977> -> 3 HP bằng (súng) -> [Chicoarun] <STEAM_1:0:952954061>
L 09/28/2026 - 20:23:09: [FF] [Curren Bouquetd'or] <STEAM_1:1:524205977> -> 3 HP bằng (súng) -> [Mikasa] <STEAM_1:0:522010986>
L 09/28/2026 - 20:23:09: [FF] [Curren Bouquetd'or] <STEAM_1:1:524205977> -> 4 HP bằng (súng) -> [Mikasa] <STEAM_1:0:522010986>
L 09/28/2026 - 20:23:09: [FF] [Curren Bouquetd'or] <STEAM_1:1:524205977> -> 3 HP bằng (súng) -> [Mikasa] <STEAM_1:0:522010986>
L 09/28/2026 - 20:23:09: [FF] [Curren Bouquetd'or] <STEAM_1:1:524205977> -> 3 HP bằng (súng) -> [Chicoarun] <STEAM_1:0:952954061>
L 09/28/2026 - 20:23:09: [FF] [Curren Bouquetd'or] <STEAM_1:1:524205977> -> 4 HP bằng (súng) -> [Chicoarun] <STEAM_1:0:952954061>
L 09/28/2026 - 20:23:09: [FF] [Curren Bouquetd'or] <STEAM_1:1:524205977> -> 4 HP bằng (súng) -> [Chicoarun] <STEAM_1:0:952954061>
L 09/28/2026 - 20:23:09: [FF] [Curren Bouquetd'or] <STEAM_1:1:524205977> -> 4 HP bằng (súng) -> [Chicoarun] <STEAM_1:0:952954061>
L 09/28/2026 - 20:23:09: [FF] [Curren Bouquetd'or] <STEAM_1:1:524205977> -> 3 HP bằng (súng) -> [Mikasa] <STEAM_1:0:522010986>
L 09/28/2026 - 20:23:09: [FF] [Curren Bouquetd'or] <STEAM_1:1:524205977> -> 4 HP bằng (súng) -> [Chicoarun] <STEAM_1:0:952954061>
L 09/28/2026 - 20:23:09: [FF] [Curren Bouquetd'or] <STEAM_1:1:524205977> -> 3 HP bằng (súng) -> [Mikasa] <STEAM_1:0:522010986>
L 09/28/2026 - 20:23:09: [FF] [Curren Bouquetd'or] <STEAM_1:1:524205977> -> 3 HP bằng (súng) -> [Mikasa] <STEAM_1:0:522010986>
L 09/28/2026 - 20:23:10: [FF] [Curren Bouquetd'or] <STEAM_1:1:524205977> -> 3 HP bằng (súng) -> [Chicoarun] <STEAM_1:0:952954061>
L 09/28/2026 - 20:23:10: [FF] [Curren Bouquetd'or] <STEAM_1:1:524205977> -> 3 HP bằng (súng) -> [Chicoarun] <STEAM_1:0:952954061>
L 09/28/2026 - 20:23:20: [HẠ GỤC] Charger Bot <BOT> đã hạ gục Mikasa <STEAM_1:0:522010986> bằng (zombie cào/đấm)
L 09/28/2026 - 20:23:22: [HẠ GỤC] Jockey Bot <BOT> đã hạ gục chimxanh <STEAM_1:1:626078671> bằng (zombie cào/đấm)
L 09/28/2026 - 20:23:23: [FF] [Rïçēz] <STEAM_1:1:558962692> -> 11 HP bằng (súng) -> [Chicoarun] <STEAM_1:0:952954061>
L 09/28/2026 - 20:23:23: [KILL] Zombie/Witch/Môi trường <N/A> đã giết Mikasa <STEAM_1:0:522010986> bằng (zombie cào/đấm)
L 09/28/2026 - 20:23:23: [HẠ GỤC] Rïçēz <STEAM_1:1:558962692> đã hạ gục Chicoarun <STEAM_1:0:952954061> bằng (súng)
L 09/28/2026 - 20:23:23: [FF] [Rïçēz] <STEAM_1:1:558962692> -> 11 HP bằng (súng) -> [Chicoarun] <STEAM_1:0:952954061>
L 09/28/2026 - 20:23:25: [FF] [（ ͜.人 ͜.）⛇☃] <STEAM_1:1:241852047> -> 49 HP bằng (súng) -> [KeroN] <STEAM_1:1:161759963>
L 09/28/2026 - 20:23:26: [FF] [Curren Bouquetd'or] <STEAM_1:1:524205977> -> 3 HP bằng (súng) -> [Rïçēz] <STEAM_1:1:558962692>
L 09/28/2026 - 20:23:27: [FF] [Curren Bouquetd'or] <STEAM_1:1:524205977> -> 3 HP bằng (súng) -> [Rïçēz] <STEAM_1:1:558962692>
L 09/28/2026 - 20:23:27: [FF] [Curren Bouquetd'or] <STEAM_1:1:524205977> -> 3 HP bằng (súng) -> [Rïçēz] <STEAM_1:1:558962692>
L 09/28/2026 - 20:23:27: [FF] [Curren Bouquetd'or] <STEAM_1:1:524205977> -> 3 HP bằng (súng) -> [Rïçēz] <STEAM_1:1:558962692>
L 09/28/2026 - 20:23:27: [FF] [Curren Bouquetd'or] <STEAM_1:1:524205977> -> 3 HP bằng (súng) -> [Rïçēz] <STEAM_1:1:558962692>
L 09/28/2026 - 20:23:27: [FF] [Curren Bouquetd'or] <STEAM_1:1:524205977> -> 4 HP bằng (súng) -> [Rïçēz] <STEAM_1:1:558962692>
L 09/28/2026 - 20:23:27: [FF] [Curren Bouquetd'or] <STEAM_1:1:524205977> -> 3 HP bằng (súng) -> [Rïçēz] <STEAM_1:1:558962692>
L 09/28/2026 - 20:23:27: [FF] [Curren Bouquetd'or] <STEAM_1:1:524205977> -> 3 HP bằng (súng) -> [Rïçēz] <STEAM_1:1:558962692>
L 09/28/2026 - 20:23:27: [FF] [Curren Bouquetd'or] <STEAM_1:1:524205977> -> 3 HP bằng (súng) -> [Rïçēz] <STEAM_1:1:558962692>
L 09/28/2026 - 20:23:27: [FF] [Curren Bouquetd'or] <STEAM_1:1:524205977> -> 3 HP bằng (súng) -> [Rïçēz] <STEAM_1:1:558962692>
L 09/28/2026 - 20:23:27: [FF] [Curren Bouquetd'or] <STEAM_1:1:524205977> -> 3 HP bằng (súng) -> [Rïçēz] <STEAM_1:1:558962692>
L 09/28/2026 - 20:23:27: [FF] [Curren Bouquetd'or] <STEAM_1:1:524205977> -> 4 HP bằng (súng) -> [Rïçēz] <STEAM_1:1:558962692>
L 09/28/2026 - 20:23:27: [FF] [Curren Bouquetd'or] <STEAM_1:1:524205977> -> 3 HP bằng (súng) -> [Rïçēz] <STEAM_1:1:558962692>
L 09/28/2026 - 20:23:27: [FF] [Curren Bouquetd'or] <STEAM_1:1:524205977> -> 3 HP bằng (súng) -> [Rïçēz] <STEAM_1:1:558962692>
L 09/28/2026 - 20:23:27: [FF] [Curren Bouquetd'or] <STEAM_1:1:524205977> -> 3 HP bằng (súng) -> [Rïçēz] <STEAM_1:1:558962692>
L 09/28/2026 - 20:23:27: [FF] [Curren Bouquetd'or] <STEAM_1:1:524205977> -> 4 HP bằng (súng) -> [Rïçēz] <STEAM_1:1:558962692>
L 09/28/2026 - 20:23:27: [FF] [KeroN] <STEAM_1:1:161759963> -> 6 HP bằng (súng) -> [Curren Bouquetd'or] <STEAM_1:1:524205977>
L 09/28/2026 - 20:23:28: [FF] [Curren Bouquetd'or] <STEAM_1:1:524205977> -> 4 HP bằng (súng) -> [Chicoarun] <STEAM_1:0:952954061>
L 09/28/2026 - 20:23:28: [FF] [Curren Bouquetd'or] <STEAM_1:1:524205977> -> 3 HP bằng (súng) -> [Chicoarun] <STEAM_1:0:952954061>
L 09/28/2026 - 20:23:28: [FF] [Curren Bouquetd'or] <STEAM_1:1:524205977> -> 4 HP bằng (súng) -> [Chicoarun] <STEAM_1:0:952954061>
L 09/28/2026 - 20:23:28: [FF] [Curren Bouquetd'or] <STEAM_1:1:524205977> -> 4 HP bằng (súng) -> [Chicoarun] <STEAM_1:0:952954061>
L 09/28/2026 - 20:23:28: [FF] [KeroN] <STEAM_1:1:161759963> -> 10 HP bằng (súng) -> [Rïçēz] <STEAM_1:1:558962692>
L 09/28/2026 - 20:23:28: [FF] [KeroN] <STEAM_1:1:161759963> -> 10 HP bằng (súng) -> [Rïçēz] <STEAM_1:1:558962692>
L 09/28/2026 - 20:23:28: [FF] [KeroN] <STEAM_1:1:161759963> -> 10 HP bằng (súng) -> [Curren Bouquetd'or] <STEAM_1:1:524205977>
L 09/28/2026 - 20:23:29: [FF] [KeroN] <STEAM_1:1:161759963> -> 10 HP bằng (súng) -> [Curren Bouquetd'or] <STEAM_1:1:524205977>
L 09/28/2026 - 20:23:29: [FF] [KeroN] <STEAM_1:1:161759963> -> 10 HP bằng (súng) -> [Curren Bouquetd'or] <STEAM_1:1:524205977>
L 09/28/2026 - 20:23:30: [KILL] Zombie/Witch/Môi trường <N/A> đã giết Chicoarun <STEAM_1:0:952954061> bằng (zombie cào/đấm)
L 09/28/2026 - 20:23:33: [FF] [manhvippro] <STEAM_1:1:960298889> -> 3 HP bằng (súng) -> [KeroN] <STEAM_1:1:161759963>
L 09/28/2026 - 20:23:33: [FF] [manhvippro] <STEAM_1:1:960298889> -> 3 HP bằng (súng) -> [（ ͜.人 ͜.）⛇☃] <STEAM_1:1:241852047>
L 09/28/2026 - 20:23:33: [FF] [manhvippro] <STEAM_1:1:960298889> -> 3 HP bằng (súng) -> [KeroN] <STEAM_1:1:161759963>
L 09/28/2026 - 20:23:33: [FF] [manhvippro] <STEAM_1:1:960298889> -> 3 HP bằng (súng) -> [KeroN] <STEAM_1:1:161759963>
L 09/28/2026 - 20:23:33: [FF] [manhvippro] <STEAM_1:1:960298889> -> 3 HP bằng (súng) -> [KeroN] <STEAM_1:1:161759963>
L 09/28/2026 - 20:23:33: [FF] [manhvippro] <STEAM_1:1:960298889> -> 3 HP bằng (súng) -> [KeroN] <STEAM_1:1:161759963>
L 09/28/2026 - 20:23:33: [FF] [manhvippro] <STEAM_1:1:960298889> -> 3 HP bằng (súng) -> [（ ͜.人 ͜.）⛇☃] <STEAM_1:1:241852047>
L 09/28/2026 - 20:23:33: [FF] [manhvippro] <STEAM_1:1:960298889> -> 3 HP bằng (súng) -> [（ ͜.人 ͜.）⛇☃] <STEAM_1:1:241852047>
L 09/28/2026 - 20:23:33: [FF] [tychuotkg789] <STEAM_1:0:562186389> -> 2 HP bằng (súng) -> [KeroN] <STEAM_1:1:161759963>
L 09/28/2026 - 20:23:35: [FF] [manhvippro] <STEAM_1:1:960298889> -> 3 HP bằng (súng) -> [KeroN] <STEAM_1:1:161759963>
L 09/28/2026 - 20:23:35: [FF] [manhvippro] <STEAM_1:1:960298889> -> 3 HP bằng (súng) -> [KeroN] <STEAM_1:1:161759963>
L 09/28/2026 - 20:23:36: [KILL] Zombie/Witch/Môi trường <N/A> đã giết Curren Bouquetd'or <STEAM_1:1:524205977> bằng (zombie cào/đấm)
L 09/28/2026 - 20:23:38: [KILL] Zombie/Witch/Môi trường <N/A> đã giết tychuotkg789 <STEAM_1:0:562186389> bằng (zombie cào/đấm)
L 09/28/2026 - 20:23:40: [KILL] Zombie/Witch/Môi trường <N/A> đã giết KeroN <STEAM_1:1:161759963> bằng (zombie cào/đấm)
L 09/28/2026 - 20:25:05: [FF] [KeroN] <STEAM_1:1:161759963> -> 3 HP bằng (súng) -> [Rïçēz] <STEAM_1:1:558962692>
L 09/28/2026 - 20:25:05: [FF] [KeroN] <STEAM_1:1:161759963> -> 3 HP bằng (súng) -> [Rïçēz] <STEAM_1:1:558962692>
L 09/28/2026 - 20:25:05: [FF] [KeroN] <STEAM_1:1:161759963> -> 3 HP bằng (súng) -> [Rïçēz] <STEAM_1:1:558962692>
L 09/28/2026 - 20:25:05: [FF] [KeroN] <STEAM_1:1:161759963> -> 3 HP bằng (súng) -> [Rïçēz] <STEAM_1:1:558962692>
L 09/28/2026 - 20:25:10: [FF] [tychuotkg789] <STEAM_1:0:562186389> -> 16 HP bằng (boom/fire) -> [manhvippro] <STEAM_1:1:960298889>
L 09/28/2026 - 20:25:10: [FF] [tychuotkg789] <STEAM_1:0:562186389> -> 16 HP bằng (boom/fire) -> [manhvippro] <STEAM_1:1:960298889>
L 09/28/2026 - 20:25:15: [HẠ GỤC] Spitter Bot <BOT> đã hạ gục Rïçēz <STEAM_1:1:558962692> bằng (môi trường/khác)
L 09/28/2026 - 20:25:16: [HẠ GỤC] Spitter Bot <BOT> đã hạ gục manhvippro <STEAM_1:1:960298889> bằng (môi trường/khác)
L 09/28/2026 - 20:25:28: [FF] [Mikasa] <STEAM_1:0:522010986> -> 5 HP bằng (melee) -> [（ ͜.人 ͜.）⛇☃] <STEAM_1:1:241852047>
L 09/28/2026 - 20:25:32: [FF] [chimxanh] <STEAM_1:1:626078671> -> 11 HP bằng (súng) -> [（ ͜.人 ͜.）⛇☃] <STEAM_1:1:241852047>
L 09/28/2026 - 20:25:40: [FF] [manhvippro] <STEAM_1:1:960298889> -> 11 HP bằng (súng) -> [Curren Bouquetd'or] <STEAM_1:1:524205977>
L 09/28/2026 - 20:25:41: [FF] [Curren Bouquetd'or] <STEAM_1:1:524205977> -> 18 HP bằng (súng) -> [tychuotkg789] <STEAM_1:0:562186389>
L 09/28/2026 - 20:25:45: [FF] [（ ͜.人 ͜.）⛇☃] <STEAM_1:1:241852047> -> 2 HP bằng (môi trường/khác) -> [chimxanh] <STEAM_1:1:626078671>
L 09/28/2026 - 20:25:45: [FF] [（ ͜.人 ͜.）⛇☃] <STEAM_1:1:241852047> -> 10 HP bằng (môi trường/khác) -> [Mikasa] <STEAM_1:0:522010986>
L 09/28/2026 - 20:25:57: [HẠ GỤC] Zombie/Witch/Môi trường <N/A> đã hạ gục Curren Bouquetd'or <STEAM_1:1:524205977> bằng (môi trường/khác)
L 09/28/2026 - 20:25:58: [KILL] Zombie/Witch/Môi trường <N/A> đã giết Curren Bouquetd'or <STEAM_1:1:524205977> bằng (môi trường/khác)
L 09/28/2026 - 20:26:51: [HẠ GỤC] Zombie/Witch/Môi trường <N/A> đã hạ gục Rochelle <BOT> bằng (môi trường/khác)
L 09/28/2026 - 20:26:54: [FF] [（ ͜.人 ͜.）⛇☃] <STEAM_1:1:241852047> -> 4 HP bằng (boom/fire) -> [Rïçēz] <STEAM_1:1:558962692>
L 09/28/2026 - 20:26:54: [FF] [tychuotkg789] <STEAM_1:0:562186389> -> 1 HP bằng (súng) -> [Rïçēz] <STEAM_1:1:558962692>
L 09/28/2026 - 20:26:54: [FF] [（ ͜.人 ͜.）⛇☃] <STEAM_1:1:241852047> -> 6 HP bằng (boom/fire) -> [Rïçēz] <STEAM_1:1:558962692>
L 09/28/2026 - 20:26:54: [FF] [tychuotkg789] <STEAM_1:0:562186389> -> 1 HP bằng (súng) -> [Rïçēz] <STEAM_1:1:558962692>
L 09/28/2026 - 20:26:54: [FF] [tychuotkg789] <STEAM_1:0:562186389> -> 1 HP bằng (súng) -> [Rïçēz] <STEAM_1:1:558962692>
L 09/28/2026 - 20:27:02: [FF] [（ ͜.人 ͜.）⛇☃] <STEAM_1:1:241852047> -> 16 HP bằng (boom/fire) -> [manhvippro] <STEAM_1:1:960298889>
L 09/28/2026 - 20:27:02: [FF] [（ ͜.人 ͜.）⛇☃] <STEAM_1:1:241852047> -> 16 HP bằng (boom/fire) -> [manhvippro] <STEAM_1:1:960298889>
L 09/28/2026 - 20:27:02: [FF] [（ ͜.人 ͜.）⛇☃] <STEAM_1:1:241852047> -> 16 HP bằng (boom/fire) -> [manhvippro] <STEAM_1:1:960298889>
L 09/28/2026 - 20:27:02: [FF] [（ ͜.人 ͜.）⛇☃] <STEAM_1:1:241852047> -> 16 HP bằng (boom/fire) -> [manhvippro] <STEAM_1:1:960298889>
L 09/28/2026 - 20:27:03: [FF] [（ ͜.人 ͜.）⛇☃] <STEAM_1:1:241852047> -> 16 HP bằng (boom/fire) -> [manhvippro] <STEAM_1:1:960298889>
L 09/28/2026 - 20:27:03: [FF] [（ ͜.人 ͜.）⛇☃] <STEAM_1:1:241852047> -> 16 HP bằng (boom/fire) -> [manhvippro] <STEAM_1:1:960298889>
L 09/28/2026 - 20:27:03: [FF] [（ ͜.人 ͜.）⛇☃] <STEAM_1:1:241852047> -> 16 HP bằng (boom/fire) -> [manhvippro] <STEAM_1:1:960298889>
L 09/28/2026 - 20:27:03: [FF] [（ ͜.人 ͜.）⛇☃] <STEAM_1:1:241852047> -> 16 HP bằng (boom/fire) -> [manhvippro] <STEAM_1:1:960298889>
L 09/28/2026 - 20:27:03: [FF] [（ ͜.人 ͜.）⛇☃] <STEAM_1:1:241852047> -> 16 HP bằng (boom/fire) -> [manhvippro] <STEAM_1:1:960298889>
L 09/28/2026 - 20:27:04: [FF] [（ ͜.人 ͜.）⛇☃] <STEAM_1:1:241852047> -> 16 HP bằng (boom/fire) -> [manhvippro] <STEAM_1:1:960298889>
L 09/28/2026 - 20:27:04: [FF] [（ ͜.人 ͜.）⛇☃] <STEAM_1:1:241852047> -> 16 HP bằng (boom/fire) -> [manhvippro] <STEAM_1:1:960298889>
L 09/28/2026 - 20:27:04: [FF] [（ ͜.人 ͜.）⛇☃] <STEAM_1:1:241852047> -> 16 HP bằng (boom/fire) -> [manhvippro] <STEAM_1:1:960298889>
L 09/28/2026 - 20:27:04: [FF] [（ ͜.人 ͜.）⛇☃] <STEAM_1:1:241852047> -> 16 HP bằng (boom/fire) -> [manhvippro] <STEAM_1:1:960298889>
L 09/28/2026 - 20:27:04: [FF] [（ ͜.人 ͜.）⛇☃] <STEAM_1:1:241852047> -> 16 HP bằng (boom/fire) -> [manhvippro] <STEAM_1:1:960298889>
L 09/28/2026 - 20:27:05: [FF] [（ ͜.人 ͜.）⛇☃] <STEAM_1:1:241852047> -> 16 HP bằng (boom/fire) -> [manhvippro] <STEAM_1:1:960298889>
L 09/28/2026 - 20:27:05: [FF] [（ ͜.人 ͜.）⛇☃] <STEAM_1:1:241852047> -> 16 HP bằng (boom/fire) -> [manhvippro] <STEAM_1:1:960298889>
L 09/28/2026 - 20:27:05: [FF] [（ ͜.人 ͜.）⛇☃] <STEAM_1:1:241852047> -> 16 HP bằng (boom/fire) -> [manhvippro] <STEAM_1:1:960298889>
L 09/28/2026 - 20:27:05: [FF] [（ ͜.人 ͜.）⛇☃] <STEAM_1:1:241852047> -> 16 HP bằng (boom/fire) -> [manhvippro] <STEAM_1:1:960298889>
L 09/28/2026 - 20:27:05: [FF] [（ ͜.人 ͜.）⛇☃] <STEAM_1:1:241852047> -> 16 HP bằng (boom/fire) -> [manhvippro] <STEAM_1:1:960298889>
L 09/28/2026 - 20:27:06: [FF] [（ ͜.人 ͜.）⛇☃] <STEAM_1:1:241852047> -> 16 HP bằng (boom/fire) -> [manhvippro] <STEAM_1:1:960298889>
L 09/28/2026 - 20:29:07: [FF] [（ ͜.人 ͜.）⛇☃] <STEAM_1:1:241852047> -> 49 HP bằng (súng) -> [KeroN] <STEAM_1:1:161759963>
L 09/28/2026 - 20:29:35: [FF] [Rïçēz] <STEAM_1:1:558962692> -> 13 HP bằng (súng) -> [chimxanh] <STEAM_1:1:626078671>
L 09/28/2026 - 20:29:38: [HẠ GỤC] Spitter Bot <BOT> đã hạ gục tychuotkg789 <STEAM_1:0:562186389> bằng (môi trường/khác)
L 09/28/2026 - 20:29:38: [FF] [Chicoarun] <STEAM_1:0:952954061> -> 7 HP bằng (súng) -> [Rïçēz] <STEAM_1:1:558962692>
L 09/28/2026 - 20:29:39: [FF] [Chicoarun] <STEAM_1:0:952954061> -> 7 HP bằng (súng) -> [Rïçēz] <STEAM_1:1:558962692>
L 09/28/2026 - 20:29:39: [FF] [Chicoarun] <STEAM_1:0:952954061> -> 7 HP bằng (súng) -> [Rïçēz] <STEAM_1:1:558962692>
L 09/28/2026 - 20:29:46: [FF] [KeroN] <STEAM_1:1:161759963> -> 24 HP bằng (súng) -> [Curren Bouquetd'or] <STEAM_1:1:524205977>
L 09/28/2026 - 20:29:57: [FF] [Chicoarun] <STEAM_1:0:952954061> -> 7 HP bằng (melee) -> [Rïçēz] <STEAM_1:1:558962692>
L 09/28/2026 - 20:30:06: [FF] [tychuotkg789] <STEAM_1:0:562186389> -> 1 HP bằng (súng) -> [Curren Bouquetd'or] <STEAM_1:1:524205977>
L 09/28/2026 - 20:30:30: [FF] [tychuotkg789] <STEAM_1:0:562186389> -> 1 HP bằng (súng) -> [Rïçēz] <STEAM_1:1:558962692>
L 09/28/2026 - 20:30:42: [HẠ GỤC] Zombie/Witch/Môi trường <N/A> đã hạ gục Mikasa <STEAM_1:0:522010986> bằng (môi trường/khác)
L 09/28/2026 - 20:30:45: [FF] [tychuotkg789] <STEAM_1:0:562186389> -> 1 HP bằng (súng) -> [chimxanh] <STEAM_1:1:626078671>
L 09/28/2026 - 20:30:45: [FF] [tychuotkg789] <STEAM_1:0:562186389> -> 1 HP bằng (súng) -> [chimxanh] <STEAM_1:1:626078671>
L 09/28/2026 - 20:30:45: [FF] [tychuotkg789] <STEAM_1:0:562186389> -> 1 HP bằng (súng) -> [chimxanh] <STEAM_1:1:626078671>
L 09/28/2026 - 20:30:50: [HẠ GỤC] Jockey Bot <BOT> đã hạ gục Curren Bouquetd'or <STEAM_1:1:524205977> bằng (zombie cào/đấm)
L 09/28/2026 - 20:30:56: [FF] [chimxanh] <STEAM_1:1:626078671> -> 7 HP bằng (melee) -> [Rïçēz] <STEAM_1:1:558962692>
L 09/28/2026 - 20:30:56: [FF] [Curren Bouquetd'or] <STEAM_1:1:524205977> -> 24 HP bằng (súng) -> [chimxanh] <STEAM_1:1:626078671>
L 09/28/2026 - 20:30:57: [FF] [Mikasa] <STEAM_1:0:522010986> -> 5 HP bằng (melee) -> [chimxanh] <STEAM_1:1:626078671>
L 09/28/2026 - 20:31:00: [FF] [Curren Bouquetd'or] <STEAM_1:1:524205977> -> 24 HP bằng (súng) -> [tychuotkg789] <STEAM_1:0:562186389>
L 09/28/2026 - 20:31:01: [FF] [KeroN] <STEAM_1:1:161759963> -> 15 HP bằng (súng) -> [tychuotkg789] <STEAM_1:0:562186389>
L 09/28/2026 - 20:31:01: [FF] [Curren Bouquetd'or] <STEAM_1:1:524205977> -> 24 HP bằng (súng) -> [tychuotkg789] <STEAM_1:0:562186389>
L 09/28/2026 - 20:31:01: [FF] [Curren Bouquetd'or] <STEAM_1:1:524205977> -> 24 HP bằng (súng) -> [tychuotkg789] <STEAM_1:0:562186389>
L 09/28/2026 - 20:31:01: [HẠ GỤC] Curren Bouquetd'or <STEAM_1:1:524205977> đã hạ gục tychuotkg789 <STEAM_1:0:562186389> bằng (súng)
L 09/28/2026 - 20:31:20: [HẠ GỤC] Boomer Bot <BOT> đã hạ gục Curren Bouquetd'or <STEAM_1:1:524205977> bằng (môi trường/khác)
L 09/28/2026 - 20:31:25: [FF] [Mikasa] <STEAM_1:0:522010986> -> 5 HP bằng (melee) -> [（ ͜.人 ͜.）⛇☃] <STEAM_1:1:241852047>
L 09/28/2026 - 20:31:37: [FF] [KeroN] <STEAM_1:1:161759963> -> 1 HP bằng (môi trường/khác) -> [（ ͜.人 ͜.）⛇☃] <STEAM_1:1:241852047>
L 09/28/2026 - 20:31:37: [FF] [KeroN] <STEAM_1:1:161759963> -> 1 HP bằng (môi trường/khác) -> [Rïçēz] <STEAM_1:1:558962692>
L 09/28/2026 - 20:31:53: [KILL] Zombie/Witch/Môi trường <N/A> đã giết Curren Bouquetd'or <STEAM_1:1:524205977> bằng (zombie cào/đấm)
L 09/28/2026 - 20:31:56: [KILL] Zombie/Witch/Môi trường <N/A> đã giết tychuotkg789 <STEAM_1:0:562186389> bằng (zombie cào/đấm)
L 09/28/2026 - 20:31:58: [KILL] Zombie/Witch/Môi trường <N/A> đã giết Mikasa <STEAM_1:0:522010986> bằng (zombie cào/đấm)
L 09/28/2026 - 20:32:00: [FF] [KeroN] <STEAM_1:1:161759963> -> 18 HP bằng (súng) -> [chimxanh] <STEAM_1:1:626078671>
L 09/28/2026 - 20:32:01: [FF] [KeroN] <STEAM_1:1:161759963> -> 1 HP bằng (boom/fire) -> [chimxanh] <STEAM_1:1:626078671>
L 09/28/2026 - 20:32:01: [FF] [KeroN] <STEAM_1:1:161759963> -> 1 HP bằng (boom/fire) -> [Chicoarun] <STEAM_1:0:952954061>
L 09/28/2026 - 20:32:01: [FF] [KeroN] <STEAM_1:1:161759963> -> 3 HP bằng (boom/fire) -> [chimxanh] <STEAM_1:1:626078671>
L 09/28/2026 - 20:32:01: [FF] [KeroN] <STEAM_1:1:161759963> -> 3 HP bằng (boom/fire) -> [Chicoarun] <STEAM_1:0:952954061>
L 09/28/2026 - 20:32:01: [FF] [KeroN] <STEAM_1:1:161759963> -> 5 HP bằng (boom/fire) -> [Chicoarun] <STEAM_1:0:952954061>
L 09/28/2026 - 20:32:01: [FF] [KeroN] <STEAM_1:1:161759963> -> 5 HP bằng (boom/fire) -> [chimxanh] <STEAM_1:1:626078671>
L 09/28/2026 - 20:32:01: [FF] [KeroN] <STEAM_1:1:161759963> -> 7 HP bằng (boom/fire) -> [Chicoarun] <STEAM_1:0:952954061>
L 09/28/2026 - 20:32:01: [FF] [KeroN] <STEAM_1:1:161759963> -> 7 HP bằng (boom/fire) -> [chimxanh] <STEAM_1:1:626078671>
L 09/28/2026 - 20:32:02: [FF] [KeroN] <STEAM_1:1:161759963> -> 1 HP bằng (boom/fire) -> [Chicoarun] <STEAM_1:0:952954061>
L 09/28/2026 - 20:32:02: [FF] [KeroN] <STEAM_1:1:161759963> -> 9 HP bằng (boom/fire) -> [chimxanh] <STEAM_1:1:626078671>
L 09/28/2026 - 20:32:02: [FF] [KeroN] <STEAM_1:1:161759963> -> 2 HP bằng (boom/fire) -> [Chicoarun] <STEAM_1:0:952954061>
L 09/28/2026 - 20:32:02: [FF] [KeroN] <STEAM_1:1:161759963> -> 11 HP bằng (boom/fire) -> [chimxanh] <STEAM_1:1:626078671>
L 09/28/2026 - 20:32:02: [KILL] Zombie/Witch/Môi trường <N/A> đã giết Rïçēz <STEAM_1:1:558962692> bằng (zombie cào/đấm)
L 09/28/2026 - 20:32:02: [FF] [KeroN] <STEAM_1:1:161759963> -> 13 HP bằng (boom/fire) -> [Chicoarun] <STEAM_1:0:952954061>
L 09/28/2026 - 20:32:02: [HẠ GỤC] KeroN <STEAM_1:1:161759963> đã hạ gục chimxanh <STEAM_1:1:626078671> bằng (boom/fire)
L 09/28/2026 - 20:32:02: [FF] [KeroN] <STEAM_1:1:161759963> -> 15 HP bằng (boom/fire) -> [chimxanh] <STEAM_1:1:626078671>
L 09/28/2026 - 20:32:02: [FF] [KeroN] <STEAM_1:1:161759963> -> 15 HP bằng (boom/fire) -> [Chicoarun] <STEAM_1:0:952954061>
L 09/28/2026 - 20:32:03: [FF] [KeroN] <STEAM_1:1:161759963> -> 16 HP bằng (boom/fire) -> [chimxanh] <STEAM_1:1:626078671>
L 09/28/2026 - 20:32:03: [FF] [KeroN] <STEAM_1:1:161759963> -> 16 HP bằng (boom/fire) -> [Chicoarun] <STEAM_1:0:952954061>
L 09/28/2026 - 20:32:03: [FF] [KeroN] <STEAM_1:1:161759963> -> 16 HP bằng (boom/fire) -> [chimxanh] <STEAM_1:1:626078671>
L 09/28/2026 - 20:32:03: [FF] [KeroN] <STEAM_1:1:161759963> -> 16 HP bằng (boom/fire) -> [Chicoarun] <STEAM_1:0:952954061>
L 09/28/2026 - 20:32:03: [FF] [KeroN] <STEAM_1:1:161759963> -> 16 HP bằng (boom/fire) -> [chimxanh] <STEAM_1:1:626078671>
L 09/28/2026 - 20:32:03: [FF] [KeroN] <STEAM_1:1:161759963> -> 16 HP bằng (boom/fire) -> [Chicoarun] <STEAM_1:0:952954061>
L 09/28/2026 - 20:32:03: [FF] [KeroN] <STEAM_1:1:161759963> -> 16 HP bằng (boom/fire) -> [chimxanh] <STEAM_1:1:626078671>
L 09/28/2026 - 20:32:03: [HẠ GỤC] KeroN <STEAM_1:1:161759963> đã hạ gục Chicoarun <STEAM_1:0:952954061> bằng (boom/fire)
L 09/28/2026 - 20:32:04: [FF] [KeroN] <STEAM_1:1:161759963> -> 16 HP bằng (boom/fire) -> [chimxanh] <STEAM_1:1:626078671>
L 09/28/2026 - 20:32:04: [FF] [KeroN] <STEAM_1:1:161759963> -> 16 HP bằng (boom/fire) -> [Chicoarun] <STEAM_1:0:952954061>
L 09/28/2026 - 20:32:04: [FF] [KeroN] <STEAM_1:1:161759963> -> 16 HP bằng (boom/fire) -> [chimxanh] <STEAM_1:1:626078671>
L 09/28/2026 - 20:32:04: [FF] [KeroN] <STEAM_1:1:161759963> -> 16 HP bằng (boom/fire) -> [Chicoarun] <STEAM_1:0:952954061>
L 09/28/2026 - 20:32:04: [FF] [KeroN] <STEAM_1:1:161759963> -> 16 HP bằng (boom/fire) -> [chimxanh] <STEAM_1:1:626078671>
L 09/28/2026 - 20:32:04: [FF] [KeroN] <STEAM_1:1:161759963> -> 16 HP bằng (boom/fire) -> [Chicoarun] <STEAM_1:0:952954061>
L 09/28/2026 - 20:32:04: [FF] [KeroN] <STEAM_1:1:161759963> -> 16 HP bằng (boom/fire) -> [Chicoarun] <STEAM_1:0:952954061>
L 09/28/2026 - 20:32:05: [FF] [KeroN] <STEAM_1:1:161759963> -> 16 HP bằng (boom/fire) -> [Chicoarun] <STEAM_1:0:952954061>
L 09/28/2026 - 20:32:05: [FF] [KeroN] <STEAM_1:1:161759963> -> 16 HP bằng (boom/fire) -> [Chicoarun] <STEAM_1:0:952954061>
L 09/28/2026 - 20:32:05: [FF] [KeroN] <STEAM_1:1:161759963> -> 16 HP bằng (boom/fire) -> [Chicoarun] <STEAM_1:0:952954061>
L 09/28/2026 - 20:32:05: [FF] [KeroN] <STEAM_1:1:161759963> -> 16 HP bằng (boom/fire) -> [Chicoarun] <STEAM_1:0:952954061>
L 09/28/2026 - 20:32:06: [FF] [KeroN] <STEAM_1:1:161759963> -> 16 HP bằng (boom/fire) -> [Chicoarun] <STEAM_1:0:952954061>
L 09/28/2026 - 20:32:06: [FF] [KeroN] <STEAM_1:1:161759963> -> 16 HP bằng (boom/fire) -> [Chicoarun] <STEAM_1:0:952954061>
L 09/28/2026 - 20:32:06: [FF] [KeroN] <STEAM_1:1:161759963> -> 16 HP bằng (boom/fire) -> [Chicoarun] <STEAM_1:0:952954061>
L 09/28/2026 - 20:32:06: [FF] [KeroN] <STEAM_1:1:161759963> -> 16 HP bằng (boom/fire) -> [Chicoarun] <STEAM_1:0:952954061>
L 09/28/2026 - 20:32:07: [FF] [KeroN] <STEAM_1:1:161759963> -> 16 HP bằng (boom/fire) -> [Chicoarun] <STEAM_1:0:952954061>
L 09/28/2026 - 20:32:07: [FF] [KeroN] <STEAM_1:1:161759963> -> 16 HP bằng (boom/fire) -> [Chicoarun] <STEAM_1:0:952954061>
L 09/28/2026 - 20:32:07: [FF] [KeroN] <STEAM_1:1:161759963> -> 16 HP bằng (boom/fire) -> [Chicoarun] <STEAM_1:0:952954061>
L 09/28/2026 - 20:32:07: [FF] [KeroN] <STEAM_1:1:161759963> -> 16 HP bằng (boom/fire) -> [Chicoarun] <STEAM_1:0:952954061>
L 09/28/2026 - 20:32:08: [FF] [KeroN] <STEAM_1:1:161759963> -> 16 HP bằng (boom/fire) -> [Chicoarun] <STEAM_1:0:952954061>
L 09/28/2026 - 20:32:08: [FF] [KeroN] <STEAM_1:1:161759963> -> 16 HP bằng (boom/fire) -> [Chicoarun] <STEAM_1:0:952954061>
L 09/28/2026 - 20:32:08: [FF] [KeroN] <STEAM_1:1:161759963> -> 16 HP bằng (boom/fire) -> [Chicoarun] <STEAM_1:0:952954061>
L 09/28/2026 - 20:32:09: [FF] [KeroN] <STEAM_1:1:161759963> -> 16 HP bằng (boom/fire) -> [Chicoarun] <STEAM_1:0:952954061>
L 09/28/2026 - 20:32:09: [KILL] Zombie/Witch/Môi trường <N/A> đã giết KeroN <STEAM_1:1:161759963> bằng (zombie cào/đấm)
L 09/28/2026 - 20:32:13: [KILL] Zombie/Witch/Môi trường <N/A> đã giết （ ͜.人 ͜.）⛇☃ <STEAM_1:1:241852047> bằng (zombie cào/đấm)
L 09/28/2026 - 20:32:40: [KILL] Zombie/Witch/Môi trường <N/A> đã giết Chicoarun <STEAM_1:0:952954061> bằng (môi trường/khác)
L 09/28/2026 - 20:32:48: [KILL] Zombie/Witch/Môi trường <N/A> đã giết chimxanh <STEAM_1:1:626078671> bằng (zombie cào/đấm)
L 09/28/2026 - 20:34:02: [FF] [chimxanh] <STEAM_1:1:626078671> -> 5 HP bằng (melee) -> [tychuotkg789] <STEAM_1:0:562186389>
L 09/28/2026 - 20:34:08: [HẠ GỤC] Spitter Bot <BOT> đã hạ gục Chicoarun <STEAM_1:0:952954061> bằng (môi trường/khác)
L 09/28/2026 - 20:34:09: [HẠ GỤC] Spitter Bot <BOT> đã hạ gục Curren Bouquetd'or <STEAM_1:1:524205977> bằng (môi trường/khác)
L 09/28/2026 - 20:34:28: [KILL] Zombie/Witch/Môi trường <N/A> đã giết Curren Bouquetd'or <STEAM_1:1:524205977> bằng (môi trường/khác)
L 09/28/2026 - 20:34:47: [FF] [（ ͜.人 ͜.）⛇☃] <STEAM_1:1:241852047> -> 27 HP bằng (súng) -> [Chicoarun] <STEAM_1:0:952954061>
L 09/28/2026 - 20:34:49: [FF] [Mikasa] <STEAM_1:0:522010986> -> 8 HP bằng (boom/fire) -> [KeroN] <STEAM_1:1:161759963>
L 09/28/2026 - 20:34:50: [FF] [Mikasa] <STEAM_1:0:522010986> -> 10 HP bằng (boom/fire) -> [KeroN] <STEAM_1:1:161759963>
L 09/28/2026 - 20:34:56: [FF] [chimxanh] <STEAM_1:1:626078671> -> 7 HP bằng (súng) -> [KeroN] <STEAM_1:1:161759963>
L 09/28/2026 - 20:35:15: [HẠ GỤC] Spitter Bot <BOT> đã hạ gục Chicoarun <STEAM_1:0:952954061> bằng (môi trường/khác)
L 09/28/2026 - 20:35:22: [FF] [（ ͜.人 ͜.）⛇☃] <STEAM_1:1:241852047> -> 36 HP bằng (súng) -> [chimxanh] <STEAM_1:1:626078671>
L 09/28/2026 - 20:35:31: [FF] [tychuotkg789] <STEAM_1:0:562186389> -> 7 HP bằng (melee) -> [Mikasa] <STEAM_1:0:522010986>
L 09/28/2026 - 20:35:55: [FF] [tychuotkg789] <STEAM_1:0:562186389> -> 24 HP bằng (súng) -> [chimxanh] <STEAM_1:1:626078671>
L 09/28/2026 - 20:36:21: [FF] [chimxanh] <STEAM_1:1:626078671> -> 7 HP bằng (melee) -> [tychuotkg789] <STEAM_1:0:562186389>
L 09/28/2026 - 20:36:25: [FF] [tychuotkg789] <STEAM_1:0:562186389> -> 15 HP bằng (súng) -> [chimxanh] <STEAM_1:1:626078671>
L 09/28/2026 - 20:36:26: [FF] [tychuotkg789] <STEAM_1:0:562186389> -> 18 HP bằng (súng) -> [Mikasa] <STEAM_1:0:522010986>
L 09/28/2026 - 20:36:39: [FF] [KeroN] <STEAM_1:1:161759963> -> 24 HP bằng (súng) -> [（ ͜.人 ͜.）⛇☃] <STEAM_1:1:241852047>
L 09/28/2026 - 20:36:53: [FF] [Curren Bouquetd'or] <STEAM_1:1:524205977> -> 10 HP bằng (súng) -> [KeroN] <STEAM_1:1:161759963>
L 09/28/2026 - 20:37:01: [FF] [[VN✪] BigD] <STEAM_1:1:919011537> -> 3 HP bằng (súng) -> [Mikasa] <STEAM_1:0:522010986>
L 09/28/2026 - 20:37:01: [FF] [[VN✪] BigD] <STEAM_1:1:919011537> -> 3 HP bằng (súng) -> [Mikasa] <STEAM_1:0:522010986>
L 09/28/2026 - 20:37:01: [FF] [[VN✪] BigD] <STEAM_1:1:919011537> -> 3 HP bằng (súng) -> [Mikasa] <STEAM_1:0:522010986>
L 09/28/2026 - 20:37:01: [FF] [[VN✪] BigD] <STEAM_1:1:919011537> -> 3 HP bằng (súng) -> [Mikasa] <STEAM_1:0:522010986>
L 09/28/2026 - 20:37:01: [FF] [[VN✪] BigD] <STEAM_1:1:919011537> -> 3 HP bằng (súng) -> [Mikasa] <STEAM_1:0:522010986>
L 09/28/2026 - 20:37:01: [FF] [[VN✪] BigD] <STEAM_1:1:919011537> -> 3 HP bằng (súng) -> [Mikasa] <STEAM_1:0:522010986>
L 09/28/2026 - 20:37:03: [HẠ GỤC] Boomer Bot <BOT> đã hạ gục Mikasa <STEAM_1:0:522010986> bằng (môi trường/khác)
L 09/28/2026 - 20:37:06: [FF] [Chicoarun] <STEAM_1:0:952954061> -> 1 HP bằng (môi trường/khác) -> [Curren Bouquetd'or] <STEAM_1:1:524205977>
L 09/28/2026 - 20:37:09: [FF] [Curren Bouquetd'or] <STEAM_1:1:524205977> -> 7 HP bằng (súng) -> [[VN✪] BigD] <STEAM_1:1:919011537>
L 09/28/2026 - 20:37:21: [HẠ GỤC] Zombie/Witch/Môi trường <N/A> đã hạ gục tychuotkg789 <STEAM_1:0:562186389> bằng (môi trường/khác)
L 09/28/2026 - 20:37:23: [HẠ GỤC] Spitter Bot <BOT> đã hạ gục Chicoarun <STEAM_1:0:952954061> bằng (môi trường/khác)
L 09/28/2026 - 20:37:31: [FF] [[VN✪] BigD] <STEAM_1:1:919011537> -> 3 HP bằng (súng) -> [Chicoarun] <STEAM_1:0:952954061>
L 09/28/2026 - 20:37:31: [FF] [[VN✪] BigD] <STEAM_1:1:919011537> -> 3 HP bằng (súng) -> [Chicoarun] <STEAM_1:0:952954061>
L 09/28/2026 - 20:37:31: [FF] [[VN✪] BigD] <STEAM_1:1:919011537> -> 3 HP bằng (súng) -> [Chicoarun] <STEAM_1:0:952954061>
L 09/28/2026 - 20:37:31: [FF] [[VN✪] BigD] <STEAM_1:1:919011537> -> 3 HP bằng (súng) -> [Chicoarun] <STEAM_1:0:952954061>
L 09/28/2026 - 20:37:31: [FF] [[VN✪] BigD] <STEAM_1:1:919011537> -> 3 HP bằng (súng) -> [Chicoarun] <STEAM_1:0:952954061>
L 09/28/2026 - 20:37:31: [FF] [[VN✪] BigD] <STEAM_1:1:919011537> -> 3 HP bằng (súng) -> [Chicoarun] <STEAM_1:0:952954061>
L 09/28/2026 - 20:37:31: [FF] [[VN✪] BigD] <STEAM_1:1:919011537> -> 3 HP bằng (súng) -> [Chicoarun] <STEAM_1:0:952954061>
L 09/28/2026 - 20:37:31: [FF] [[VN✪] BigD] <STEAM_1:1:919011537> -> 3 HP bằng (súng) -> [Chicoarun] <STEAM_1:0:952954061>
L 09/28/2026 - 20:37:31: [FF] [[VN✪] BigD] <STEAM_1:1:919011537> -> 3 HP bằng (súng) -> [Chicoarun] <STEAM_1:0:952954061>
L 09/28/2026 - 20:37:31: [FF] [[VN✪] BigD] <STEAM_1:1:919011537> -> 3 HP bằng (súng) -> [Chicoarun] <STEAM_1:0:952954061>
L 09/28/2026 - 20:37:31: [FF] [[VN✪] BigD] <STEAM_1:1:919011537> -> 3 HP bằng (súng) -> [Chicoarun] <STEAM_1:0:952954061>
L 09/28/2026 - 20:37:31: [FF] [[VN✪] BigD] <STEAM_1:1:919011537> -> 3 HP bằng (súng) -> [Chicoarun] <STEAM_1:0:952954061>
L 09/28/2026 - 20:37:31: [FF] [[VN✪] BigD] <STEAM_1:1:919011537> -> 3 HP bằng (súng) -> [Chicoarun] <STEAM_1:0:952954061>
L 09/28/2026 - 20:37:31: [FF] [[VN✪] BigD] <STEAM_1:1:919011537> -> 3 HP bằng (súng) -> [Chicoarun] <STEAM_1:0:952954061>
L 09/28/2026 - 20:37:31: [FF] [[VN✪] BigD] <STEAM_1:1:919011537> -> 3 HP bằng (súng) -> [Chicoarun] <STEAM_1:0:952954061>
L 09/28/2026 - 20:37:31: [FF] [[VN✪] BigD] <STEAM_1:1:919011537> -> 3 HP bằng (súng) -> [Chicoarun] <STEAM_1:0:952954061>
L 09/28/2026 - 20:37:37: [FF] [Curren Bouquetd'or] <STEAM_1:1:524205977> -> 6 HP bằng (súng) -> [Chicoarun] <STEAM_1:0:952954061>
L 09/28/2026 - 20:37:37: [FF] [Curren Bouquetd'or] <STEAM_1:1:524205977> -> 6 HP bằng (súng) -> [Chicoarun] <STEAM_1:0:952954061>
L 09/28/2026 - 20:37:37: [FF] [Curren Bouquetd'or] <STEAM_1:1:524205977> -> 6 HP bằng (súng) -> [Chicoarun] <STEAM_1:0:952954061>
L 09/28/2026 - 20:37:41: [FF] [chimxanh] <STEAM_1:1:626078671> -> 5 HP bằng (súng) -> [KeroN] <STEAM_1:1:161759963>
L 09/28/2026 - 20:37:50: [HẠ GỤC] Zombie/Witch/Môi trường <N/A> đã hạ gục tychuotkg789 <STEAM_1:0:562186389> bằng (môi trường/khác)
L 09/28/2026 - 20:37:50: [HẠ GỤC] Zombie/Witch/Môi trường <N/A> đã hạ gục Mikasa <STEAM_1:0:522010986> bằng (môi trường/khác)
L 09/28/2026 - 20:37:53: [HẠ GỤC] Tank <BOT> đã hạ gục Rïçēz <STEAM_1:1:558962692> bằng (zombie cào/đấm)
L 09/28/2026 - 20:38:00: [FF] [Chicoarun] <STEAM_1:0:952954061> -> 6 HP bằng (súng) -> [tychuotkg789] <STEAM_1:0:562186389>
L 09/28/2026 - 20:38:01: [FF] [Chicoarun] <STEAM_1:0:952954061> -> 5 HP bằng (súng) -> [chimxanh] <STEAM_1:1:626078671>
L 09/28/2026 - 20:38:03: [HẠ GỤC] Zombie/Witch/Môi trường <N/A> đã hạ gục KeroN <STEAM_1:1:161759963> bằng (môi trường/khác)
L 09/28/2026 - 20:38:06: [HẠ GỤC] Tank <BOT> đã hạ gục Mikasa <STEAM_1:0:522010986> bằng (zombie cào/đấm)
L 09/28/2026 - 20:38:13: [FF] [tychuotkg789] <STEAM_1:0:562186389> -> 15 HP bằng (súng) -> [Curren Bouquetd'or] <STEAM_1:1:524205977>
L 09/28/2026 - 20:38:17: [HẠ GỤC] Tank <BOT> đã hạ gục Curren Bouquetd'or <STEAM_1:1:524205977> bằng (môi trường/khác)
L 09/28/2026 - 20:38:27: [KILL] Tank <BOT> đã giết tychuotkg789 <STEAM_1:0:562186389> bằng (môi trường/khác)
L 09/28/2026 - 20:38:34: [HẠ GỤC] Tank <BOT> đã hạ gục Chicoarun <STEAM_1:0:952954061> bằng (zombie cào/đấm)
L 09/28/2026 - 20:38:40: [FF] [KeroN] <STEAM_1:1:161759963> -> 24 HP bằng (súng) -> [chimxanh] <STEAM_1:1:626078671>
L 09/28/2026 - 20:38:41: [FF] [chimxanh] <STEAM_1:1:626078671> -> 8 HP bằng (súng) -> [Curren Bouquetd'or] <STEAM_1:1:524205977>
L 09/28/2026 - 20:38:46: [FF] [KeroN] <STEAM_1:1:161759963> -> 24 HP bằng (súng) -> [chimxanh] <STEAM_1:1:626078671>
L 09/28/2026 - 20:38:48: [HẠ GỤC] Zombie/Witch/Môi trường <N/A> đã hạ gục Rïçēz <STEAM_1:1:558962692> bằng (môi trường/khác)
L 09/28/2026 - 20:38:55: [HẠ GỤC] Tank <BOT> đã hạ gục Curren Bouquetd'or <STEAM_1:1:524205977> bằng (môi trường/khác)
L 09/28/2026 - 20:38:59: [FF] [KeroN] <STEAM_1:1:161759963> -> 24 HP bằng (súng) -> [chimxanh] <STEAM_1:1:626078671>
L 09/28/2026 - 20:38:59: [FF] [KeroN] <STEAM_1:1:161759963> -> 24 HP bằng (súng) -> [chimxanh] <STEAM_1:1:626078671>
L 09/28/2026 - 20:39:03: [HẠ GỤC] Zombie/Witch/Môi trường <N/A> đã hạ gục chimxanh <STEAM_1:1:626078671> bằng (môi trường/khác)
L 09/28/2026 - 20:39:03: [FF] [（ ͜.人 ͜.）⛇☃] <STEAM_1:1:241852047> -> 16 HP bằng (boom/fire) -> [Curren Bouquetd'or] <STEAM_1:1:524205977>
L 09/28/2026 - 20:39:04: [FF] [（ ͜.人 ͜.）⛇☃] <STEAM_1:1:241852047> -> 16 HP bằng (boom/fire) -> [Curren Bouquetd'or] <STEAM_1:1:524205977>
L 09/28/2026 - 20:39:04: [FF] [（ ͜.人 ͜.）⛇☃] <STEAM_1:1:241852047> -> 16 HP bằng (boom/fire) -> [Curren Bouquetd'or] <STEAM_1:1:524205977>
L 09/28/2026 - 20:39:04: [FF] [（ ͜.人 ͜.）⛇☃] <STEAM_1:1:241852047> -> 16 HP bằng (boom/fire) -> [Curren Bouquetd'or] <STEAM_1:1:524205977>
L 09/28/2026 - 20:39:04: [FF] [（ ͜.人 ͜.）⛇☃] <STEAM_1:1:241852047> -> 16 HP bằng (boom/fire) -> [Curren Bouquetd'or] <STEAM_1:1:524205977>
L 09/28/2026 - 20:39:04: [HẠ GỤC] Zombie/Witch/Môi trường <N/A> đã hạ gục （ ͜.人 ͜.）⛇☃ <STEAM_1:1:241852047> bằng (môi trường/khác)
L 09/28/2026 - 20:39:05: [FF] [（ ͜.人 ͜.）⛇☃] <STEAM_1:1:241852047> -> 16 HP bằng (boom/fire) -> [Curren Bouquetd'or] <STEAM_1:1:524205977>
L 09/28/2026 - 20:39:05: [FF] [（ ͜.人 ͜.）⛇☃] <STEAM_1:1:241852047> -> 16 HP bằng (boom/fire) -> [Curren Bouquetd'or] <STEAM_1:1:524205977>
L 09/28/2026 - 20:39:05: [FF] [（ ͜.人 ͜.）⛇☃] <STEAM_1:1:241852047> -> 16 HP bằng (boom/fire) -> [Curren Bouquetd'or] <STEAM_1:1:524205977>
L 09/28/2026 - 20:39:05: [FF] [（ ͜.人 ͜.）⛇☃] <STEAM_1:1:241852047> -> 16 HP bằng (boom/fire) -> [Curren Bouquetd'or] <STEAM_1:1:524205977>
L 09/28/2026 - 20:39:06: [FF] [（ ͜.人 ͜.）⛇☃] <STEAM_1:1:241852047> -> 16 HP bằng (boom/fire) -> [Curren Bouquetd'or] <STEAM_1:1:524205977>
L 09/28/2026 - 20:39:25: [HẠ GỤC] Tank <BOT> đã hạ gục KeroN <STEAM_1:1:161759963> bằng (môi trường/khác)
L 09/28/2026 - 20:39:33: [HẠ GỤC] Tank <BOT> đã hạ gục chimxanh <STEAM_1:1:626078671> bằng (môi trường/khác)
L 09/28/2026 - 20:39:48: [HẠ GỤC] Tank <BOT> đã hạ gục tychuotkg789 <STEAM_1:0:562186389> bằng (môi trường/khác)
L 09/28/2026 - 20:39:58: [KILL] Zombie/Witch/Môi trường <N/A> đã giết Curren Bouquetd'or <STEAM_1:1:524205977> bằng (môi trường/khác)
L 09/28/2026 - 20:39:58: [HẠ GỤC] Zombie/Witch/Môi trường <N/A> đã hạ gục （ ͜.人 ͜.）⛇☃ <STEAM_1:1:241852047> bằng (môi trường/khác)
L 09/28/2026 - 20:40:37: [HẠ GỤC] Tank <BOT> đã hạ gục Mikasa <STEAM_1:0:522010986> bằng (môi trường/khác)
L 09/28/2026 - 20:40:51: [FF] [Curren Bouquetd'or] <STEAM_1:1:524205977> -> 10 HP bằng (súng) -> [KeroN] <STEAM_1:1:161759963>
L 09/28/2026 - 20:40:51: [FF] [Curren Bouquetd'or] <STEAM_1:1:524205977> -> 7 HP bằng (súng) -> [KeroN] <STEAM_1:1:161759963>
L 09/28/2026 - 20:40:51: [FF] [Curren Bouquetd'or] <STEAM_1:1:524205977> -> 6 HP bằng (súng) -> [KeroN] <STEAM_1:1:161759963>
L 09/28/2026 - 20:40:51: [FF] [Curren Bouquetd'or] <STEAM_1:1:524205977> -> 5 HP bằng (súng) -> [KeroN] <STEAM_1:1:161759963>
L 09/28/2026 - 20:40:52: [FF] [Curren Bouquetd'or] <STEAM_1:1:524205977> -> 7 HP bằng (súng) -> [（ ͜.人 ͜.）⛇☃] <STEAM_1:1:241852047>
L 09/28/2026 - 20:40:53: [FF] [Curren Bouquetd'or] <STEAM_1:1:524205977> -> 7 HP bằng (súng) -> [tychuotkg789] <STEAM_1:0:562186389>
L 09/28/2026 - 20:40:53: [FF] [Curren Bouquetd'or] <STEAM_1:1:524205977> -> 6 HP bằng (súng) -> [tychuotkg789] <STEAM_1:0:562186389>
L 09/28/2026 - 20:40:55: [HẠ GỤC] Tank <BOT> đã hạ gục tychuotkg789 <STEAM_1:0:562186389> bằng (môi trường/khác)
L 09/28/2026 - 20:40:58: [HẠ GỤC] Tank <BOT> đã hạ gục Curren Bouquetd'or <STEAM_1:1:524205977> bằng (môi trường/khác)
L 09/28/2026 - 20:41:06: [HẠ GỤC] Tank <BOT> đã hạ gục Francis <BOT> bằng (môi trường/khác)
L 09/28/2026 - 20:41:09: [FF] [KeroN] <STEAM_1:1:161759963> -> 18 HP bằng (súng) -> [（ ͜.人 ͜.）⛇☃] <STEAM_1:1:241852047>
L 09/28/2026 - 20:41:11: [KILL] Tank <BOT> đã giết Mikasa <STEAM_1:0:522010986> bằng (môi trường/khác)
L 09/28/2026 - 20:41:30: [FF] [tychuotkg789] <STEAM_1:0:562186389> -> 6 HP bằng (súng) -> [（ ͜.人 ͜.）⛇☃] <STEAM_1:1:241852047>
L 09/28/2026 - 20:41:32: [HẠ GỤC] Tank <BOT> đã hạ gục Curren Bouquetd'or <STEAM_1:1:524205977> bằng (môi trường/khác)
L 09/28/2026 - 20:41:42: [FF] [Chicoarun] <STEAM_1:0:952954061> -> 15 HP bằng (súng) -> [（ ͜.人 ͜.）⛇☃] <STEAM_1:1:241852047>
L 09/28/2026 - 20:41:45: [KILL] Jockey <BOT> đã giết Rïçēz <STEAM_1:1:558962692> bằng (zombie cào/đấm)
L 09/28/2026 - 20:41:46: [KILL] Tank <BOT> đã giết Chicoarun <STEAM_1:0:952954061> bằng (môi trường/khác)
L 09/28/2026 - 20:41:48: [FF] [chimxanh] <STEAM_1:1:626078671> -> 10 HP bằng (súng) -> [（ ͜.人 ͜.）⛇☃] <STEAM_1:1:241852047>
L 09/28/2026 - 20:41:48: [FF] [chimxanh] <STEAM_1:1:626078671> -> 7 HP bằng (súng) -> [（ ͜.人 ͜.）⛇☃] <STEAM_1:1:241852047>
L 09/28/2026 - 20:41:49: [FF] [chimxanh] <STEAM_1:1:626078671> -> 10 HP bằng (súng) -> [（ ͜.人 ͜.）⛇☃] <STEAM_1:1:241852047>
L 09/28/2026 - 20:41:49: [FF] [chimxanh] <STEAM_1:1:626078671> -> 5 HP bằng (súng) -> [（ ͜.人 ͜.）⛇☃] <STEAM_1:1:241852047>
L 09/28/2026 - 20:41:53: [HẠ GỤC] Tank <BOT> đã hạ gục Mikasa <STEAM_1:0:522010986> bằng (zombie cào/đấm)
L 09/28/2026 - 20:42:03: [HẠ GỤC] Tank <BOT> đã hạ gục Francis <BOT> bằng (môi trường/khác)
L 09/28/2026 - 20:42:09: [FF] [tychuotkg789] <STEAM_1:0:562186389> -> 8 HP bằng (súng) -> [chimxanh] <STEAM_1:1:626078671>
L 09/28/2026 - 20:42:09: [FF] [tychuotkg789] <STEAM_1:0:562186389> -> 8 HP bằng (súng) -> [chimxanh] <STEAM_1:1:626078671>
L 09/28/2026 - 20:42:09: [FF] [KeroN] <STEAM_1:1:161759963> -> 18 HP bằng (súng) -> [chimxanh] <STEAM_1:1:626078671>
L 09/28/2026 - 20:42:13: [KILL] Tank <BOT> đã giết chimxanh <STEAM_1:1:626078671> bằng (zombie cào/đấm)
L 09/28/2026 - 20:42:17: [KILL] Tank <BOT> đã giết tychuotkg789 <STEAM_1:0:562186389> bằng (môi trường/khác)
L 09/28/2026 - 20:42:33: [HẠ GỤC] Tank <BOT> đã hạ gục KeroN <STEAM_1:1:161759963> bằng (zombie cào/đấm)
L 09/28/2026 - 20:42:57: [FF] [Rïçēz] <STEAM_1:1:558962692> -> 7 HP bằng (súng) -> [KeroN] <STEAM_1:1:161759963>
L 09/28/2026 - 20:42:57: [FF] [Rïçēz] <STEAM_1:1:558962692> -> 7 HP bằng (súng) -> [KeroN] <STEAM_1:1:161759963>
L 09/28/2026 - 20:42:57: [FF] [Rïçēz] <STEAM_1:1:558962692> -> 7 HP bằng (súng) -> [KeroN] <STEAM_1:1:161759963>
L 09/28/2026 - 20:42:57: [FF] [Rïçēz] <STEAM_1:1:558962692> -> 7 HP bằng (súng) -> [KeroN] <STEAM_1:1:161759963>
L 09/28/2026 - 20:43:10: [FF] [[VN✪] BigD] <STEAM_1:1:919011537> -> 6 HP bằng (súng) -> [Rïçēz] <STEAM_1:1:558962692>
L 09/28/2026 - 20:44:55: [FF] [tychuotkg789] <STEAM_1:0:562186389> -> 3 HP bằng (súng) -> [Curren Bouquetd'or] <STEAM_1:1:524205977>
L 09/28/2026 - 20:44:55: [FF] [tychuotkg789] <STEAM_1:0:562186389> -> 3 HP bằng (súng) -> [Curren Bouquetd'or] <STEAM_1:1:524205977>
L 09/28/2026 - 20:44:55: [FF] [tychuotkg789] <STEAM_1:0:562186389> -> 3 HP bằng (súng) -> [Curren Bouquetd'or] <STEAM_1:1:524205977>
L 09/28/2026 - 20:44:55: [FF] [tychuotkg789] <STEAM_1:0:562186389> -> 3 HP bằng (súng) -> [Curren Bouquetd'or] <STEAM_1:1:524205977>
L 09/28/2026 - 20:44:55: [FF] [tychuotkg789] <STEAM_1:0:562186389> -> 3 HP bằng (súng) -> [Curren Bouquetd'or] <STEAM_1:1:524205977>
L 09/28/2026 - 20:44:55: [FF] [tychuotkg789] <STEAM_1:0:562186389> -> 3 HP bằng (súng) -> [Curren Bouquetd'or] <STEAM_1:1:524205977>
L 09/28/2026 - 20:44:55: [FF] [tychuotkg789] <STEAM_1:0:562186389> -> 3 HP bằng (súng) -> [Curren Bouquetd'or] <STEAM_1:1:524205977>
L 09/28/2026 - 20:44:55: [FF] [tychuotkg789] <STEAM_1:0:562186389> -> 3 HP bằng (súng) -> [Curren Bouquetd'or] <STEAM_1:1:524205977>
L 09/28/2026 - 20:45:13: [FF] [tychuotkg789] <STEAM_1:0:562186389> -> 3 HP bằng (súng) -> [Curren Bouquetd'or] <STEAM_1:1:524205977>
L 09/28/2026 - 20:45:13: [FF] [tychuotkg789] <STEAM_1:0:562186389> -> 3 HP bằng (súng) -> [Curren Bouquetd'or] <STEAM_1:1:524205977>
L 09/28/2026 - 20:45:13: [FF] [tychuotkg789] <STEAM_1:0:562186389> -> 3 HP bằng (súng) -> [Curren Bouquetd'or] <STEAM_1:1:524205977>
L 09/28/2026 - 20:45:13: [FF] [tychuotkg789] <STEAM_1:0:562186389> -> 3 HP bằng (súng) -> [Curren Bouquetd'or] <STEAM_1:1:524205977>
L 09/28/2026 - 20:45:13: [FF] [tychuotkg789] <STEAM_1:0:562186389> -> 3 HP bằng (súng) -> [Curren Bouquetd'or] <STEAM_1:1:524205977>
L 09/28/2026 - 20:45:13: [FF] [tychuotkg789] <STEAM_1:0:562186389> -> 3 HP bằng (súng) -> [Curren Bouquetd'or] <STEAM_1:1:524205977>
L 09/28/2026 - 20:45:13: [FF] [tychuotkg789] <STEAM_1:0:562186389> -> 3 HP bằng (súng) -> [Curren Bouquetd'or] <STEAM_1:1:524205977>
L 09/28/2026 - 20:45:13: [FF] [tychuotkg789] <STEAM_1:0:562186389> -> 3 HP bằng (súng) -> [Curren Bouquetd'or] <STEAM_1:1:524205977>
L 09/28/2026 - 20:45:13: [FF] [tychuotkg789] <STEAM_1:0:562186389> -> 3 HP bằng (súng) -> [Curren Bouquetd'or] <STEAM_1:1:524205977>
L 09/28/2026 - 20:45:13: [FF] [tychuotkg789] <STEAM_1:0:562186389> -> 3 HP bằng (súng) -> [Curren Bouquetd'or] <STEAM_1:1:524205977>
L 09/28/2026 - 20:45:13: [FF] [tychuotkg789] <STEAM_1:0:562186389> -> 3 HP bằng (súng) -> [Curren Bouquetd'or] <STEAM_1:1:524205977>
L 09/28/2026 - 20:45:13: [FF] [tychuotkg789] <STEAM_1:0:562186389> -> 3 HP bằng (súng) -> [Curren Bouquetd'or] <STEAM_1:1:524205977>
L 09/28/2026 - 20:45:13: [FF] [tychuotkg789] <STEAM_1:0:562186389> -> 3 HP bằng (súng) -> [Curren Bouquetd'or] <STEAM_1:1:524205977>
L 09/28/2026 - 20:45:13: [FF] [tychuotkg789] <STEAM_1:0:562186389> -> 3 HP bằng (súng) -> [Curren Bouquetd'or] <STEAM_1:1:524205977>
L 09/28/2026 - 20:45:13: [FF] [tychuotkg789] <STEAM_1:0:562186389> -> 3 HP bằng (súng) -> [Curren Bouquetd'or] <STEAM_1:1:524205977>
L 09/28/2026 - 20:45:13: [FF] [tychuotkg789] <STEAM_1:0:562186389> -> 3 HP bằng (súng) -> [Curren Bouquetd'or] <STEAM_1:1:524205977>
L 09/28/2026 - 20:45:13: [FF] [tychuotkg789] <STEAM_1:0:562186389> -> 3 HP bằng (súng) -> [Curren Bouquetd'or] <STEAM_1:1:524205977>
L 09/28/2026 - 20:45:13: [FF] [tychuotkg789] <STEAM_1:0:562186389> -> 3 HP bằng (súng) -> [Curren Bouquetd'or] <STEAM_1:1:524205977>
L 09/28/2026 - 20:45:13: [FF] [tychuotkg789] <STEAM_1:0:562186389> -> 3 HP bằng (súng) -> [Curren Bouquetd'or] <STEAM_1:1:524205977>
L 09/28/2026 - 20:45:13: [FF] [tychuotkg789] <STEAM_1:0:562186389> -> 3 HP bằng (súng) -> [Curren Bouquetd'or] <STEAM_1:1:524205977>
L 09/28/2026 - 20:45:13: [FF] [tychuotkg789] <STEAM_1:0:562186389> -> 3 HP bằng (súng) -> [Curren Bouquetd'or] <STEAM_1:1:524205977>
L 09/28/2026 - 20:45:33: [FF] [tychuotkg789] <STEAM_1:0:562186389> -> 3 HP bằng (súng) -> [KeroN] <STEAM_1:1:161759963>
L 09/28/2026 - 20:45:33: [FF] [tychuotkg789] <STEAM_1:0:562186389> -> 3 HP bằng (súng) -> [KeroN] <STEAM_1:1:161759963>
L 09/28/2026 - 20:45:33: [FF] [tychuotkg789] <STEAM_1:0:562186389> -> 3 HP bằng (súng) -> [KeroN] <STEAM_1:1:161759963>
L 09/28/2026 - 20:45:33: [FF] [tychuotkg789] <STEAM_1:0:562186389> -> 3 HP bằng (súng) -> [KeroN] <STEAM_1:1:161759963>
L 09/28/2026 - 20:45:33: [FF] [tychuotkg789] <STEAM_1:0:562186389> -> 3 HP bằng (súng) -> [KeroN] <STEAM_1:1:161759963>
L 09/28/2026 - 20:45:33: [FF] [tychuotkg789] <STEAM_1:0:562186389> -> 3 HP bằng (súng) -> [KeroN] <STEAM_1:1:161759963>
L 09/28/2026 - 20:45:33: [FF] [tychuotkg789] <STEAM_1:0:562186389> -> 3 HP bằng (súng) -> [KeroN] <STEAM_1:1:161759963>
L 09/28/2026 - 20:45:33: [FF] [tychuotkg789] <STEAM_1:0:562186389> -> 3 HP bằng (súng) -> [KeroN] <STEAM_1:1:161759963>
L 09/28/2026 - 20:45:33: [FF] [tychuotkg789] <STEAM_1:0:562186389> -> 3 HP bằng (súng) -> [KeroN] <STEAM_1:1:161759963>
L 09/28/2026 - 20:45:33: [FF] [tychuotkg789] <STEAM_1:0:562186389> -> 3 HP bằng (súng) -> [KeroN] <STEAM_1:1:161759963>
L 09/28/2026 - 20:45:33: [FF] [tychuotkg789] <STEAM_1:0:562186389> -> 3 HP bằng (súng) -> [KeroN] <STEAM_1:1:161759963>
L 09/28/2026 - 20:45:35: [FF] [chimxanh] <STEAM_1:1:626078671> -> 5 HP bằng (súng) -> [tychuotkg789] <STEAM_1:0:562186389>
L 09/28/2026 - 20:46:08: [HẠ GỤC] Charger Bot <BOT> đã hạ gục Chicoarun <STEAM_1:0:952954061> bằng (zombie cào/đấm)
L 09/28/2026 - 20:46:08: [FF] [（ ͜.人 ͜.）⛇☃] <STEAM_1:1:241852047> -> 49 HP bằng (súng) -> [KeroN] <STEAM_1:1:161759963>
L 09/28/2026 - 20:46:36: [FF] [Curren Bouquetd'or] <STEAM_1:1:524205977> -> 24 HP bằng (boom/fire) -> [（ ͜.人 ͜.）⛇☃] <STEAM_1:1:241852047>
L 09/28/2026 - 20:46:36: [FF] [Curren Bouquetd'or] <STEAM_1:1:524205977> -> 13 HP bằng (boom/fire) -> [（ ͜.人 ͜.）⛇☃] <STEAM_1:1:241852047>
L 09/28/2026 - 20:46:55: [HẠ GỤC] (1)Charger Bot <BOT> đã hạ gục tychuotkg789 <STEAM_1:0:562186389> bằng (zombie cào/đấm)
L 09/28/2026 - 20:47:13: [FF] [Mikasa] <STEAM_1:0:522010986> -> 18 HP bằng (súng) -> [Rïçēz] <STEAM_1:1:558962692>
L 09/28/2026 - 20:47:14: [FF] [Mikasa] <STEAM_1:0:522010986> -> 13 HP bằng (súng) -> [Rïçēz] <STEAM_1:1:558962692>
L 09/28/2026 - 20:47:16: [FF] [Rïçēz] <STEAM_1:1:558962692> -> 5 HP bằng (melee) -> [[VN✪] BigD] <STEAM_1:1:919011537>
L 09/28/2026 - 20:47:24: [FF] [KeroN] <STEAM_1:1:161759963> -> 15 HP bằng (súng) -> [Mikasa] <STEAM_1:0:522010986>
L 09/28/2026 - 20:47:29: [FF] [Rïçēz] <STEAM_1:1:558962692> -> 5 HP bằng (melee) -> [tychuotkg789] <STEAM_1:0:562186389>
L 09/28/2026 - 20:47:44: [FF] [Curren Bouquetd'or] <STEAM_1:1:524205977> -> 24 HP bằng (boom/fire) -> [[VN✪] BigD] <STEAM_1:1:919011537>
L 09/28/2026 - 20:47:49: [HẠ GỤC] Zombie/Witch/Môi trường <N/A> đã hạ gục Rïçēz <STEAM_1:1:558962692> bằng (môi trường/khác)
L 09/28/2026 - 20:48:06: [FF] [（ ͜.人 ͜.）⛇☃] <STEAM_1:1:241852047> -> 1 HP bằng (môi trường/khác) -> [chimxanh] <STEAM_1:1:626078671>
L 09/28/2026 - 20:48:09: [HẠ GỤC] Smoker Bot <BOT> đã hạ gục tychuotkg789 <STEAM_1:0:562186389> bằng (zombie cào/đấm)
L 09/28/2026 - 20:48:12: [HẠ GỤC] Zombie/Witch/Môi trường <N/A> đã hạ gục Mikasa <STEAM_1:0:522010986> bằng (môi trường/khác)
L 09/28/2026 - 20:48:51: [FF] [tychuotkg789] <STEAM_1:0:562186389> -> 15 HP bằng (súng) -> [KeroN] <STEAM_1:1:161759963>
L 09/28/2026 - 20:48:51: [FF] [tychuotkg789] <STEAM_1:0:562186389> -> 8 HP bằng (súng) -> [Curren Bouquetd'or] <STEAM_1:1:524205977>
L 09/28/2026 - 20:48:52: [FF] [tychuotkg789] <STEAM_1:0:562186389> -> 9 HP bằng (súng) -> [Curren Bouquetd'or] <STEAM_1:1:524205977>
L 09/28/2026 - 20:48:53: [FF] [tychuotkg789] <STEAM_1:0:562186389> -> 15 HP bằng (súng) -> [Curren Bouquetd'or] <STEAM_1:1:524205977>
L 09/28/2026 - 20:48:55: [FF] [tychuotkg789] <STEAM_1:0:562186389> -> 8 HP bằng (súng) -> [Curren Bouquetd'or] <STEAM_1:1:524205977>
L 09/28/2026 - 20:48:56: [FF] [tychuotkg789] <STEAM_1:0:562186389> -> 8 HP bằng (súng) -> [Curren Bouquetd'or] <STEAM_1:1:524205977>
L 09/28/2026 - 20:49:15: [FF] [tychuotkg789] <STEAM_1:0:562186389> -> 8 HP bằng (súng) -> [Curren Bouquetd'or] <STEAM_1:1:524205977>
L 09/28/2026 - 20:49:18: [FF] [[VN✪] BigD] <STEAM_1:1:919011537> -> 10 HP bằng (súng) -> [tychuotkg789] <STEAM_1:0:562186389>
L 09/28/2026 - 20:49:18: [FF] [[VN✪] BigD] <STEAM_1:1:919011537> -> 10 HP bằng (súng) -> [tychuotkg789] <STEAM_1:0:562186389>
L 09/28/2026 - 20:49:18: [FF] [[VN✪] BigD] <STEAM_1:1:919011537> -> 10 HP bằng (súng) -> [tychuotkg789] <STEAM_1:0:562186389>
L 09/28/2026 - 20:49:24: [HẠ GỤC] Spitter Bot <BOT> đã hạ gục tychuotkg789 <STEAM_1:0:562186389> bằng (môi trường/khác)
L 09/28/2026 - 20:49:28: [HẠ GỤC] Spitter Bot <BOT> đã hạ gục chimxanh <STEAM_1:1:626078671> bằng (môi trường/khác)
L 09/28/2026 - 20:49:33: [FF] [Curren Bouquetd'or] <STEAM_1:1:524205977> -> 24 HP bằng (súng) -> [tychuotkg789] <STEAM_1:0:562186389>
L 09/28/2026 - 20:49:34: [FF] [Curren Bouquetd'or] <STEAM_1:1:524205977> -> 13 HP bằng (súng) -> [tychuotkg789] <STEAM_1:0:562186389>
L 09/28/2026 - 20:49:37: [HẠ GỤC] （ ͜.人 ͜.）⛇☃ <STEAM_1:1:241852047> đã hạ gục （ ͜.人 ͜.）⛇☃ <STEAM_1:1:241852047> bằng (súng)
L 09/28/2026 - 20:49:44: [FF] [Mikasa] <STEAM_1:0:522010986> -> 7 HP bằng (melee) -> [tychuotkg789] <STEAM_1:0:562186389>
L 09/28/2026 - 20:49:59: [FF] [tychuotkg789] <STEAM_1:0:562186389> -> 10 HP bằng (súng) -> [[VN✪] BigD] <STEAM_1:1:919011537>
L 09/28/2026 - 20:50:00: [FF] [tychuotkg789] <STEAM_1:0:562186389> -> 8 HP bằng (súng) -> [[VN✪] BigD] <STEAM_1:1:919011537>
L 09/28/2026 - 20:50:00: [FF] [[VN✪] BigD] <STEAM_1:1:919011537> -> 10 HP bằng (súng) -> [KeroN] <STEAM_1:1:161759963>
L 09/28/2026 - 20:50:00: [FF] [[VN✪] BigD] <STEAM_1:1:919011537> -> 10 HP bằng (súng) -> [KeroN] <STEAM_1:1:161759963>
L 09/28/2026 - 20:50:01: [FF] [[VN✪] BigD] <STEAM_1:1:919011537> -> 10 HP bằng (súng) -> [KeroN] <STEAM_1:1:161759963>
L 09/28/2026 - 20:50:01: [FF] [tychuotkg789] <STEAM_1:0:562186389> -> 8 HP bằng (súng) -> [[VN✪] BigD] <STEAM_1:1:919011537>
L 09/28/2026 - 20:50:08: [FF] [Rïçēz] <STEAM_1:1:558962692> -> 16 HP bằng (boom/fire) -> [Chicoarun] <STEAM_1:0:952954061>
L 09/28/2026 - 20:50:08: [FF] [Rïçēz] <STEAM_1:1:558962692> -> 16 HP bằng (boom/fire) -> [Chicoarun] <STEAM_1:0:952954061>
L 09/28/2026 - 20:50:09: [HẠ GỤC] Rïçēz <STEAM_1:1:558962692> đã hạ gục Rïçēz <STEAM_1:1:558962692> bằng (boom/fire)
L 09/28/2026 - 20:50:12: [FF] [tychuotkg789] <STEAM_1:0:562186389> -> 11 HP bằng (súng) -> [Curren Bouquetd'or] <STEAM_1:1:524205977>
L 09/28/2026 - 20:50:12: [FF] [tychuotkg789] <STEAM_1:0:562186389> -> 11 HP bằng (súng) -> [Curren Bouquetd'or] <STEAM_1:1:524205977>
L 09/28/2026 - 20:50:17: [FF] [Chicoarun] <STEAM_1:0:952954061> -> 12 HP bằng (súng) -> [KeroN] <STEAM_1:1:161759963>
L 09/28/2026 - 20:50:17: [FF] [Chicoarun] <STEAM_1:0:952954061> -> 12 HP bằng (súng) -> [KeroN] <STEAM_1:1:161759963>
L 09/28/2026 - 20:50:17: [FF] [Chicoarun] <STEAM_1:0:952954061> -> 7 HP bằng (súng) -> [KeroN] <STEAM_1:1:161759963>
L 09/28/2026 - 20:50:18: [FF] [Curren Bouquetd'or] <STEAM_1:1:524205977> -> 13 HP bằng (súng) -> [KeroN] <STEAM_1:1:161759963>
L 09/28/2026 - 20:50:20: [HẠ GỤC] KeroN <STEAM_1:1:161759963> đã hạ gục Curren Bouquetd'or <STEAM_1:1:524205977> bằng (súng)
L 09/28/2026 - 20:50:26: [HẠ GỤC] Boomer Bot <BOT> đã hạ gục [VN✪] BigD <STEAM_1:1:919011537> bằng (môi trường/khác)
L 09/28/2026 - 20:50:26: [HẠ GỤC] Boomer Bot <BOT> đã hạ gục KeroN <STEAM_1:1:161759963> bằng (môi trường/khác)
L 09/28/2026 - 20:50:31: [FF] [Rïçēz] <STEAM_1:1:558962692> -> 7 HP bằng (melee) -> [Curren Bouquetd'or] <STEAM_1:1:524205977>
L 09/28/2026 - 20:50:32: [FF] [（ ͜.人 ͜.）⛇☃] <STEAM_1:1:241852047> -> 3 HP bằng (boom/fire) -> [Curren Bouquetd'or] <STEAM_1:1:524205977>
L 09/28/2026 - 20:50:32: [FF] [（ ͜.人 ͜.）⛇☃] <STEAM_1:1:241852047> -> 3 HP bằng (boom/fire) -> [Rïçēz] <STEAM_1:1:558962692>
L 09/28/2026 - 20:50:32: [FF] [tychuotkg789] <STEAM_1:0:562186389> -> 11 HP bằng (súng) -> [Chicoarun] <STEAM_1:0:952954061>
L 09/28/2026 - 20:50:32: [FF] [tychuotkg789] <STEAM_1:0:562186389> -> 5 HP bằng (boom/fire) -> [Curren Bouquetd'or] <STEAM_1:1:524205977>
L 09/28/2026 - 20:50:32: [FF] [tychuotkg789] <STEAM_1:0:562186389> -> 15 HP bằng (súng) -> [Chicoarun] <STEAM_1:0:952954061>
L 09/28/2026 - 20:50:32: [FF] [（ ͜.人 ͜.）⛇☃] <STEAM_1:1:241852047> -> 4 HP bằng (boom/fire) -> [Chicoarun] <STEAM_1:0:952954061>
L 09/28/2026 - 20:50:32: [FF] [（ ͜.人 ͜.）⛇☃] <STEAM_1:1:241852047> -> 4 HP bằng (boom/fire) -> [Curren Bouquetd'or] <STEAM_1:1:524205977>
L 09/28/2026 - 20:50:32: [FF] [（ ͜.人 ͜.）⛇☃] <STEAM_1:1:241852047> -> 4 HP bằng (boom/fire) -> [Rïçēz] <STEAM_1:1:558962692>
L 09/28/2026 - 20:50:32: [FF] [tychuotkg789] <STEAM_1:0:562186389> -> 6 HP bằng (boom/fire) -> [Curren Bouquetd'or] <STEAM_1:1:524205977>
L 09/28/2026 - 20:50:32: [FF] [tychuotkg789] <STEAM_1:0:562186389> -> 9 HP bằng (súng) -> [Curren Bouquetd'or] <STEAM_1:1:524205977>
L 09/28/2026 - 20:50:32: [FF] [（ ͜.人 ͜.）⛇☃] <STEAM_1:1:241852047> -> 6 HP bằng (boom/fire) -> [Chicoarun] <STEAM_1:0:952954061>
L 09/28/2026 - 20:50:32: [FF] [（ ͜.人 ͜.）⛇☃] <STEAM_1:1:241852047> -> 6 HP bằng (boom/fire) -> [Rïçēz] <STEAM_1:1:558962692>
L 09/28/2026 - 20:50:32: [FF] [（ ͜.人 ͜.）⛇☃] <STEAM_1:1:241852047> -> 6 HP bằng (boom/fire) -> [Curren Bouquetd'or] <STEAM_1:1:524205977>
L 09/28/2026 - 20:50:32: [FF] [tychuotkg789] <STEAM_1:0:562186389> -> 8 HP bằng (boom/fire) -> [Curren Bouquetd'or] <STEAM_1:1:524205977>
L 09/28/2026 - 20:50:32: [FF] [（ ͜.人 ͜.）⛇☃] <STEAM_1:1:241852047> -> 8 HP bằng (boom/fire) -> [Rïçēz] <STEAM_1:1:558962692>
L 09/28/2026 - 20:50:32: [FF] [（ ͜.人 ͜.）⛇☃] <STEAM_1:1:241852047> -> 8 HP bằng (boom/fire) -> [Chicoarun] <STEAM_1:0:952954061>
L 09/28/2026 - 20:50:32: [FF] [（ ͜.人 ͜.）⛇☃] <STEAM_1:1:241852047> -> 8 HP bằng (boom/fire) -> [Curren Bouquetd'or] <STEAM_1:1:524205977>
L 09/28/2026 - 20:50:32: [FF] [tychuotkg789] <STEAM_1:0:562186389> -> 9 HP bằng (boom/fire) -> [Curren Bouquetd'or] <STEAM_1:1:524205977>
L 09/28/2026 - 20:50:32: [FF] [（ ͜.人 ͜.）⛇☃] <STEAM_1:1:241852047> -> 9 HP bằng (boom/fire) -> [Rïçēz] <STEAM_1:1:558962692>
L 09/28/2026 - 20:50:32: [HẠ GỤC] （ ͜.人 ͜.）⛇☃ <STEAM_1:1:241852047> đã hạ gục Chicoarun <STEAM_1:0:952954061> bằng (boom/fire)
L 09/28/2026 - 20:50:32: [FF] [（ ͜.人 ͜.）⛇☃] <STEAM_1:1:241852047> -> 9 HP bằng (boom/fire) -> [Curren Bouquetd'or] <STEAM_1:1:524205977>
L 09/28/2026 - 20:50:32: [HẠ GỤC] tychuotkg789 <STEAM_1:0:562186389> đã hạ gục Curren Bouquetd'or <STEAM_1:1:524205977> bằng (boom/fire)
L 09/28/2026 - 20:50:33: [FF] [（ ͜.人 ͜.）⛇☃] <STEAM_1:1:241852047> -> 11 HP bằng (boom/fire) -> [Rïçēz] <STEAM_1:1:558962692>
L 09/28/2026 - 20:50:33: [FF] [（ ͜.人 ͜.）⛇☃] <STEAM_1:1:241852047> -> 11 HP bằng (boom/fire) -> [Curren Bouquetd'or] <STEAM_1:1:524205977>
L 09/28/2026 - 20:50:33: [FF] [（ ͜.人 ͜.）⛇☃] <STEAM_1:1:241852047> -> 11 HP bằng (boom/fire) -> [Chicoarun] <STEAM_1:0:952954061>
L 09/28/2026 - 20:50:33: [FF] [（ ͜.人 ͜.）⛇☃] <STEAM_1:1:241852047> -> 12 HP bằng (boom/fire) -> [Curren Bouquetd'or] <STEAM_1:1:524205977>
L 09/28/2026 - 20:50:33: [FF] [（ ͜.人 ͜.）⛇☃] <STEAM_1:1:241852047> -> 12 HP bằng (boom/fire) -> [Rïçēz] <STEAM_1:1:558962692>
L 09/28/2026 - 20:50:33: [FF] [（ ͜.人 ͜.）⛇☃] <STEAM_1:1:241852047> -> 12 HP bằng (boom/fire) -> [Chicoarun] <STEAM_1:0:952954061>
L 09/28/2026 - 20:50:33: [FF] [（ ͜.人 ͜.）⛇☃] <STEAM_1:1:241852047> -> 14 HP bằng (boom/fire) -> [Rïçēz] <STEAM_1:1:558962692>
L 09/28/2026 - 20:50:33: [FF] [（ ͜.人 ͜.）⛇☃] <STEAM_1:1:241852047> -> 14 HP bằng (boom/fire) -> [Curren Bouquetd'or] <STEAM_1:1:524205977>
L 09/28/2026 - 20:50:33: [FF] [（ ͜.人 ͜.）⛇☃] <STEAM_1:1:241852047> -> 14 HP bằng (boom/fire) -> [Chicoarun] <STEAM_1:0:952954061>
L 09/28/2026 - 20:50:33: [FF] [（ ͜.人 ͜.）⛇☃] <STEAM_1:1:241852047> -> 16 HP bằng (boom/fire) -> [Chicoarun] <STEAM_1:0:952954061>
L 09/28/2026 - 20:50:33: [FF] [（ ͜.人 ͜.）⛇☃] <STEAM_1:1:241852047> -> 16 HP bằng (boom/fire) -> [Curren Bouquetd'or] <STEAM_1:1:524205977>
L 09/28/2026 - 20:50:33: [FF] [（ ͜.人 ͜.）⛇☃] <STEAM_1:1:241852047> -> 16 HP bằng (boom/fire) -> [Rïçēz] <STEAM_1:1:558962692>
L 09/28/2026 - 20:50:33: [KILL] （ ͜.人 ͜.）⛇☃ <STEAM_1:1:241852047> đã giết Rïçēz <STEAM_1:1:558962692> bằng (boom/fire)
L 09/28/2026 - 20:50:33: [FF] [（ ͜.人 ͜.）⛇☃] <STEAM_1:1:241852047> -> 16 HP bằng (boom/fire) -> [Chicoarun] <STEAM_1:0:952954061>
L 09/28/2026 - 20:50:33: [FF] [（ ͜.人 ͜.）⛇☃] <STEAM_1:1:241852047> -> 16 HP bằng (boom/fire) -> [Curren Bouquetd'or] <STEAM_1:1:524205977>
L 09/28/2026 - 20:50:34: [FF] [（ ͜.人 ͜.）⛇☃] <STEAM_1:1:241852047> -> 16 HP bằng (boom/fire) -> [Chicoarun] <STEAM_1:0:952954061>
L 09/28/2026 - 20:50:34: [FF] [（ ͜.人 ͜.）⛇☃] <STEAM_1:1:241852047> -> 16 HP bằng (boom/fire) -> [Curren Bouquetd'or] <STEAM_1:1:524205977>
L 09/28/2026 - 20:50:34: [FF] [（ ͜.人 ͜.）⛇☃] <STEAM_1:1:241852047> -> 16 HP bằng (boom/fire) -> [Chicoarun] <STEAM_1:0:952954061>
L 09/28/2026 - 20:50:34: [FF] [（ ͜.人 ͜.）⛇☃] <STEAM_1:1:241852047> -> 16 HP bằng (boom/fire) -> [Curren Bouquetd'or] <STEAM_1:1:524205977>
L 09/28/2026 - 20:50:34: [FF] [（ ͜.人 ͜.）⛇☃] <STEAM_1:1:241852047> -> 16 HP bằng (boom/fire) -> [Curren Bouquetd'or] <STEAM_1:1:524205977>
L 09/28/2026 - 20:50:34: [FF] [（ ͜.人 ͜.）⛇☃] <STEAM_1:1:241852047> -> 16 HP bằng (boom/fire) -> [Curren Bouquetd'or] <STEAM_1:1:524205977>
L 09/28/2026 - 20:50:34: [FF] [（ ͜.人 ͜.）⛇☃] <STEAM_1:1:241852047> -> 16 HP bằng (boom/fire) -> [Curren Bouquetd'or] <STEAM_1:1:524205977>
L 09/28/2026 - 20:50:35: [FF] [（ ͜.人 ͜.）⛇☃] <STEAM_1:1:241852047> -> 16 HP bằng (boom/fire) -> [Curren Bouquetd'or] <STEAM_1:1:524205977>
L 09/28/2026 - 20:50:35: [FF] [（ ͜.人 ͜.）⛇☃] <STEAM_1:1:241852047> -> 16 HP bằng (boom/fire) -> [Curren Bouquetd'or] <STEAM_1:1:524205977>
L 09/28/2026 - 20:50:35: [FF] [（ ͜.人 ͜.）⛇☃] <STEAM_1:1:241852047> -> 16 HP bằng (boom/fire) -> [Curren Bouquetd'or] <STEAM_1:1:524205977>
L 09/28/2026 - 20:50:35: [FF] [（ ͜.人 ͜.）⛇☃] <STEAM_1:1:241852047> -> 16 HP bằng (boom/fire) -> [Curren Bouquetd'or] <STEAM_1:1:524205977>
L 09/28/2026 - 20:50:35: [FF] [（ ͜.人 ͜.）⛇☃] <STEAM_1:1:241852047> -> 16 HP bằng (boom/fire) -> [Curren Bouquetd'or] <STEAM_1:1:524205977>
L 09/28/2026 - 20:50:36: [FF] [（ ͜.人 ͜.）⛇☃] <STEAM_1:1:241852047> -> 16 HP bằng (boom/fire) -> [Curren Bouquetd'or] <STEAM_1:1:524205977>
L 09/28/2026 - 20:50:36: [FF] [（ ͜.人 ͜.）⛇☃] <STEAM_1:1:241852047> -> 16 HP bằng (boom/fire) -> [Curren Bouquetd'or] <STEAM_1:1:524205977>
L 09/28/2026 - 20:50:36: [FF] [（ ͜.人 ͜.）⛇☃] <STEAM_1:1:241852047> -> 16 HP bằng (boom/fire) -> [Curren Bouquetd'or] <STEAM_1:1:524205977>
L 09/28/2026 - 20:50:36: [FF] [（ ͜.人 ͜.）⛇☃] <STEAM_1:1:241852047> -> 16 HP bằng (boom/fire) -> [Curren Bouquetd'or] <STEAM_1:1:524205977>
L 09/28/2026 - 20:50:36: [FF] [（ ͜.人 ͜.）⛇☃] <STEAM_1:1:241852047> -> 16 HP bằng (boom/fire) -> [Curren Bouquetd'or] <STEAM_1:1:524205977>
L 09/28/2026 - 20:50:37: [FF] [（ ͜.人 ͜.）⛇☃] <STEAM_1:1:241852047> -> 16 HP bằng (boom/fire) -> [Curren Bouquetd'or] <STEAM_1:1:524205977>
L 09/28/2026 - 20:50:37: [FF] [（ ͜.人 ͜.）⛇☃] <STEAM_1:1:241852047> -> 16 HP bằng (boom/fire) -> [Curren Bouquetd'or] <STEAM_1:1:524205977>
L 09/28/2026 - 20:50:37: [FF] [（ ͜.人 ͜.）⛇☃] <STEAM_1:1:241852047> -> 16 HP bằng (boom/fire) -> [Curren Bouquetd'or] <STEAM_1:1:524205977>
L 09/28/2026 - 20:50:37: [FF] [（ ͜.人 ͜.）⛇☃] <STEAM_1:1:241852047> -> 16 HP bằng (boom/fire) -> [Curren Bouquetd'or] <STEAM_1:1:524205977>
L 09/28/2026 - 20:50:44: [FF] [Mikasa] <STEAM_1:0:522010986> -> 7 HP bằng (melee) -> [chimxanh] <STEAM_1:1:626078671>
L 09/28/2026 - 20:50:45: [FF] [（ ͜.人 ͜.）⛇☃] <STEAM_1:1:241852047> -> 16 HP bằng (boom/fire) -> [Chicoarun] <STEAM_1:0:952954061>
L 09/28/2026 - 20:50:45: [FF] [（ ͜.人 ͜.）⛇☃] <STEAM_1:1:241852047> -> 16 HP bằng (boom/fire) -> [Chicoarun] <STEAM_1:0:952954061>
L 09/28/2026 - 20:50:45: [FF] [（ ͜.人 ͜.）⛇☃] <STEAM_1:1:241852047> -> 16 HP bằng (boom/fire) -> [Chicoarun] <STEAM_1:0:952954061>
L 09/28/2026 - 20:50:45: [FF] [（ ͜.人 ͜.）⛇☃] <STEAM_1:1:241852047> -> 16 HP bằng (boom/fire) -> [Chicoarun] <STEAM_1:0:952954061>
L 09/28/2026 - 20:50:45: [FF] [（ ͜.人 ͜.）⛇☃] <STEAM_1:1:241852047> -> 16 HP bằng (boom/fire) -> [Chicoarun] <STEAM_1:0:952954061>
L 09/28/2026 - 20:51:34: [HẠ GỤC] Zombie/Witch/Môi trường <N/A> đã hạ gục （ ͜.人 ͜.）⛇☃ <STEAM_1:1:241852047> bằng (môi trường/khác)
L 09/28/2026 - 20:51:36: [FF] [tychuotkg789] <STEAM_1:0:562186389> -> 9 HP bằng (súng) -> [KeroN] <STEAM_1:1:161759963>
L 09/28/2026 - 20:51:40: [HẠ GỤC] Zombie/Witch/Môi trường <N/A> đã hạ gục KeroN <STEAM_1:1:161759963> bằng (môi trường/khác)
L 09/28/2026 - 20:51:44: [HẠ GỤC] Zombie/Witch/Môi trường <N/A> đã hạ gục tychuotkg789 <STEAM_1:0:562186389> bằng (môi trường/khác)
L 09/28/2026 - 20:51:51: [FF] [Rïçēz] <STEAM_1:1:558962692> -> 5 HP bằng (súng) -> [Curren Bouquetd'or] <STEAM_1:1:524205977>
L 09/28/2026 - 20:51:51: [FF] [Rïçēz] <STEAM_1:1:558962692> -> 5 HP bằng (súng) -> [Curren Bouquetd'or] <STEAM_1:1:524205977>
L 09/28/2026 - 20:51:51: [FF] [Rïçēz] <STEAM_1:1:558962692> -> 5 HP bằng (súng) -> [Curren Bouquetd'or] <STEAM_1:1:524205977>
L 09/28/2026 - 20:51:51: [FF] [Rïçēz] <STEAM_1:1:558962692> -> 5 HP bằng (súng) -> [Curren Bouquetd'or] <STEAM_1:1:524205977>
L 09/28/2026 - 20:52:14: [HẠ GỤC] Jockey Bot <BOT> đã hạ gục Chicoarun <STEAM_1:0:952954061> bằng (zombie cào/đấm)
L 09/28/2026 - 20:52:42: [KILL] tychuotkg789 <STEAM_1:0:562186389> đã giết tychuotkg789 <STEAM_1:0:562186389> bằng (môi trường/khác)
L 09/28/2026 - 20:52:52: [FF] [Curren Bouquetd'or] <STEAM_1:1:524205977> -> 24 HP bằng (súng) -> [KeroN] <STEAM_1:1:161759963>
L 09/28/2026 - 20:52:56: [FF] [KeroN] <STEAM_1:1:161759963> -> 15 HP bằng (súng) -> [[VN✪] BigD] <STEAM_1:1:919011537>
L 09/28/2026 - 20:52:59: [FF] [Mikasa] <STEAM_1:0:522010986> -> 7 HP bằng (melee) -> [chimxanh] <STEAM_1:1:626078671>
L 09/28/2026 - 20:53:03: [HẠ GỤC] Zombie/Witch/Môi trường <N/A> đã hạ gục Mikasa <STEAM_1:0:522010986> bằng (môi trường/khác)
L 09/28/2026 - 20:53:05: [HẠ GỤC] Zombie/Witch/Môi trường <N/A> đã hạ gục chimxanh <STEAM_1:1:626078671> bằng (môi trường/khác)
L 09/28/2026 - 20:53:05: [KILL] Zombie/Witch/Môi trường <N/A> đã giết Chicoarun <STEAM_1:0:952954061> bằng (môi trường/khác)
L 09/28/2026 - 20:53:11: [HẠ GỤC] Zombie/Witch/Môi trường <N/A> đã hạ gục [VN✪] BigD <STEAM_1:1:919011537> bằng (môi trường/khác)
L 09/28/2026 - 20:53:14: [FF] [（ ͜.人 ͜.）⛇☃] <STEAM_1:1:241852047> -> 31 HP bằng (súng) -> [Mikasa] <STEAM_1:0:522010986>
L 09/28/2026 - 20:53:16: [FF] [Mikasa] <STEAM_1:0:522010986> -> 7 HP bằng (melee) -> [KeroN] <STEAM_1:1:161759963>
L 09/28/2026 - 20:53:16: [FF] [Rïçēz] <STEAM_1:1:558962692> -> 7 HP bằng (melee) -> [（ ͜.人 ͜.）⛇☃] <STEAM_1:1:241852047>
L 09/28/2026 - 20:53:18: [FF] [Rïçēz] <STEAM_1:1:558962692> -> 7 HP bằng (melee) -> [chimxanh] <STEAM_1:1:626078671>
L 09/28/2026 - 20:53:20: [FF] [Rïçēz] <STEAM_1:1:558962692> -> 7 HP bằng (melee) -> [Curren Bouquetd'or] <STEAM_1:1:524205977>
L 09/28/2026 - 20:53:22: [FF] [Rïçēz] <STEAM_1:1:558962692> -> 7 HP bằng (melee) -> [Curren Bouquetd'or] <STEAM_1:1:524205977>
L 09/28/2026 - 20:56:38: [FF] [chimxanh] <STEAM_1:1:626078671> -> 3 HP bằng (súng) -> [Chicoarun] <STEAM_1:0:952954061>
L 09/28/2026 - 20:56:38: [FF] [chimxanh] <STEAM_1:1:626078671> -> 3 HP bằng (súng) -> [Chicoarun] <STEAM_1:0:952954061>
L 09/28/2026 - 20:56:59: [FF] [Lê Hải] <STEAM_1:0:471595906> -> 1 HP bằng (súng) -> [Curren Bouquetd'or] <STEAM_1:1:524205977>
L 09/28/2026 - 20:57:05: [FF] [tychuotkg789] <STEAM_1:0:562186389> -> 1 HP bằng (súng) -> [[VN✪] BigD] <STEAM_1:1:919011537>
L 09/28/2026 - 20:57:18: [FF] [[VN✪] BigD] <STEAM_1:1:919011537> -> 7 HP bằng (melee) -> [Curren Bouquetd'or] <STEAM_1:1:524205977>
L 09/28/2026 - 20:57:18: [FF] [Curren Bouquetd'or] <STEAM_1:1:524205977> -> 24 HP bằng (súng) -> [[VN✪] BigD] <STEAM_1:1:919011537>
L 09/28/2026 - 20:57:20: [HẠ GỤC] Zombie/Witch/Môi trường <N/A> đã hạ gục tychuotkg789 <STEAM_1:0:562186389> bằng (môi trường/khác)
L 09/28/2026 - 20:57:32: [HẠ GỤC] （ ͜.人 ͜.）⛇☃ <STEAM_1:1:241852047> đã hạ gục Chicoarun <STEAM_1:0:952954061> bằng (súng)
L 09/28/2026 - 20:57:35: [KILL] Zombie/Witch/Môi trường <N/A> đã giết Chicoarun <STEAM_1:0:952954061> bằng (zombie cào/đấm)
L 09/28/2026 - 20:57:40: [KILL] Zombie/Witch/Môi trường <N/A> đã giết tychuotkg789 <STEAM_1:0:562186389> bằng (zombie cào/đấm)
L 09/28/2026 - 20:57:44: [FF] [Mikasa] <STEAM_1:0:522010986> -> 15 HP bằng (súng) -> [KeroN] <STEAM_1:1:161759963>
L 09/28/2026 - 20:57:46: [FF] [Mikasa] <STEAM_1:0:522010986> -> 15 HP bằng (súng) -> [KeroN] <STEAM_1:1:161759963>
L 09/28/2026 - 20:57:48: [HẠ GỤC] Mikasa <STEAM_1:0:522010986> đã hạ gục KeroN <STEAM_1:1:161759963> bằng (súng)
L 09/28/2026 - 20:57:50: [FF] [Rïçēz] <STEAM_1:1:558962692> -> 18 HP bằng (súng) -> [Curren Bouquetd'or] <STEAM_1:1:524205977>
L 09/28/2026 - 20:57:56: [HẠ GỤC] (1)Smoker Bot <BOT> đã hạ gục chimxanh <STEAM_1:1:626078671> bằng (zombie cào/đấm)
L 09/28/2026 - 20:57:56: [HẠ GỤC] （ ͜.人 ͜.）⛇☃ <STEAM_1:1:241852047> đã hạ gục Mikasa <STEAM_1:0:522010986> bằng (súng)
L 09/28/2026 - 20:58:05: [FF] [tychuotkg789] <STEAM_1:0:562186389> -> 1 HP bằng (súng) -> [Mikasa] <STEAM_1:0:522010986>
L 09/28/2026 - 20:58:05: [FF] [tychuotkg789] <STEAM_1:0:562186389> -> 1 HP bằng (súng) -> [Mikasa] <STEAM_1:0:522010986>
L 09/28/2026 - 20:58:06: [FF] [tychuotkg789] <STEAM_1:0:562186389> -> 1 HP bằng (súng) -> [Rïçēz] <STEAM_1:1:558962692>
L 09/28/2026 - 20:58:06: [FF] [tychuotkg789] <STEAM_1:0:562186389> -> 1 HP bằng (súng) -> [Rïçēz] <STEAM_1:1:558962692>
L 09/28/2026 - 20:58:23: [FF] [tychuotkg789] <STEAM_1:0:562186389> -> 1 HP bằng (súng) -> [Chicoarun] <STEAM_1:0:952954061>
L 09/28/2026 - 20:58:45: [FF] [Chicoarun] <STEAM_1:0:952954061> -> 7 HP bằng (melee) -> [Rïçēz] <STEAM_1:1:558962692>
L 09/28/2026 - 20:58:45: [FF] [Rïçēz] <STEAM_1:1:558962692> -> 1 HP bằng (melee) -> [Chicoarun] <STEAM_1:0:952954061>
L 09/28/2026 - 20:59:06: [FF] [（ ͜.人 ͜.）⛇☃] <STEAM_1:1:241852047> -> 49 HP bằng (súng) -> [Rïçēz] <STEAM_1:1:558962692>
L 09/28/2026 - 20:59:07: [FF] [（ ͜.人 ͜.）⛇☃] <STEAM_1:1:241852047> -> 36 HP bằng (súng) -> [chimxanh] <STEAM_1:1:626078671>
L 09/28/2026 - 20:59:12: [FF] [tychuotkg789] <STEAM_1:0:562186389> -> 1 HP bằng (súng) -> [Curren Bouquetd'or] <STEAM_1:1:524205977>
L 09/28/2026 - 20:59:22: [FF] [Lê Hải] <STEAM_1:0:471595906> -> 1 HP bằng (súng) -> [tychuotkg789] <STEAM_1:0:562186389>
L 09/28/2026 - 20:59:31: [HẠ GỤC] Zombie/Witch/Môi trường <N/A> đã hạ gục KeroN <STEAM_1:1:161759963> bằng (môi trường/khác)
L 09/28/2026 - 20:59:32: [FF] [Rïçēz] <STEAM_1:1:558962692> -> 15 HP bằng (súng) -> [Curren Bouquetd'or] <STEAM_1:1:524205977>
L 09/28/2026 - 20:59:33: [HẠ GỤC] Zombie/Witch/Môi trường <N/A> đã hạ gục Curren Bouquetd'or <STEAM_1:1:524205977> bằng (môi trường/khác)
L 09/28/2026 - 20:59:40: [HẠ GỤC] Zombie/Witch/Môi trường <N/A> đã hạ gục Mikasa <STEAM_1:0:522010986> bằng (môi trường/khác)
L 09/28/2026 - 20:59:50: [FF] [Rïçēz] <STEAM_1:1:558962692> -> 7 HP bằng (melee) -> [Mikasa] <STEAM_1:0:522010986>
L 09/28/2026 - 20:59:50: [FF] [Mikasa] <STEAM_1:0:522010986> -> 24 HP bằng (súng) -> [Rïçēz] <STEAM_1:1:558962692>
L 09/28/2026 - 21:00:04: [FF] [chimxanh] <STEAM_1:1:626078671> -> 3 HP bằng (súng) -> [Curren Bouquetd'or] <STEAM_1:1:524205977>
L 09/28/2026 - 21:00:04: [FF] [chimxanh] <STEAM_1:1:626078671> -> 3 HP bằng (súng) -> [Curren Bouquetd'or] <STEAM_1:1:524205977>
L 09/28/2026 - 21:00:04: [FF] [chimxanh] <STEAM_1:1:626078671> -> 3 HP bằng (súng) -> [Curren Bouquetd'or] <STEAM_1:1:524205977>
L 09/28/2026 - 21:00:04: [FF] [chimxanh] <STEAM_1:1:626078671> -> 3 HP bằng (súng) -> [Curren Bouquetd'or] <STEAM_1:1:524205977>
L 09/28/2026 - 21:00:04: [FF] [chimxanh] <STEAM_1:1:626078671> -> 3 HP bằng (súng) -> [Curren Bouquetd'or] <STEAM_1:1:524205977>
L 09/28/2026 - 21:00:04: [FF] [chimxanh] <STEAM_1:1:626078671> -> 3 HP bằng (súng) -> [Curren Bouquetd'or] <STEAM_1:1:524205977>
L 09/28/2026 - 21:00:04: [FF] [chimxanh] <STEAM_1:1:626078671> -> 3 HP bằng (súng) -> [Curren Bouquetd'or] <STEAM_1:1:524205977>
L 09/28/2026 - 21:00:04: [FF] [chimxanh] <STEAM_1:1:626078671> -> 3 HP bằng (súng) -> [Curren Bouquetd'or] <STEAM_1:1:524205977>
L 09/28/2026 - 21:00:04: [FF] [chimxanh] <STEAM_1:1:626078671> -> 3 HP bằng (súng) -> [Curren Bouquetd'or] <STEAM_1:1:524205977>
L 09/28/2026 - 21:00:04: [HẠ GỤC] Zombie/Witch/Môi trường <N/A> đã hạ gục [VN✪] BigD <STEAM_1:1:919011537> bằng (môi trường/khác)
L 09/28/2026 - 21:00:09: [FF] [KeroN] <STEAM_1:1:161759963> -> 1 HP bằng (môi trường/khác) -> [Chicoarun] <STEAM_1:0:952954061>
L 09/28/2026 - 21:00:09: [FF] [KeroN] <STEAM_1:1:161759963> -> 1 HP bằng (môi trường/khác) -> [Curren Bouquetd'or] <STEAM_1:1:524205977>
L 09/28/2026 - 21:00:09: [FF] [KeroN] <STEAM_1:1:161759963> -> 1 HP bằng (môi trường/khác) -> [Rïçēz] <STEAM_1:1:558962692>
L 09/28/2026 - 21:00:18: [FF] [KeroN] <STEAM_1:1:161759963> -> 18 HP bằng (súng) -> [Lê Hải] <STEAM_1:0:471595906>
L 09/28/2026 - 21:00:49: [HẠ GỤC] Jockey Bot <BOT> đã hạ gục （ ͜.人 ͜.）⛇☃ <STEAM_1:1:241852047> bằng (zombie cào/đấm)
L 09/28/2026 - 21:01:02: [HẠ GỤC] Charger Bot <BOT> đã hạ gục Rïçēz <STEAM_1:1:558962692> bằng (zombie cào/đấm)
L 09/28/2026 - 21:01:25: [HẠ GỤC] Jockey Bot <BOT> đã hạ gục chimxanh <STEAM_1:1:626078671> bằng (zombie cào/đấm)
L 09/28/2026 - 21:01:46: [HẠ GỤC] Zombie/Witch/Môi trường <N/A> đã hạ gục Lê Hải <STEAM_1:0:471595906> bằng (môi trường/khác)
L 09/28/2026 - 21:02:05: [HẠ GỤC] Zombie/Witch/Môi trường <N/A> đã hạ gục [VN✪] BigD <STEAM_1:1:919011537> bằng (môi trường/khác)
L 09/28/2026 - 21:02:21: [HẠ GỤC] Lê Hải <STEAM_1:0:471595906> đã hạ gục Lê Hải <STEAM_1:0:471595906> bằng (súng)
L 09/28/2026 - 21:02:21: [HẠ GỤC] Spitter Bot <BOT> đã hạ gục tychuotkg789 <STEAM_1:0:562186389> bằng (môi trường/khác)
L 09/28/2026 - 21:02:51: [KILL] Jockey Bot <BOT> đã giết [VN✪] BigD <STEAM_1:1:919011537> bằng (zombie cào/đấm)
L 09/28/2026 - 21:03:13: [HẠ GỤC] Zombie/Witch/Môi trường <N/A> đã hạ gục Chicoarun <STEAM_1:0:952954061> bằng (môi trường/khác)
L 09/28/2026 - 21:03:14: [FF] [tychuotkg789] <STEAM_1:0:562186389> -> 1 HP bằng (súng) -> [KeroN] <STEAM_1:1:161759963>
L 09/28/2026 - 21:03:43: [FF] [（ ͜.人 ͜.）⛇☃] <STEAM_1:1:241852047> -> 8 HP bằng (súng) -> [Lê Hải] <STEAM_1:0:471595906>
L 09/28/2026 - 21:03:44: [KILL] Zombie/Witch/Môi trường <N/A> đã giết Lê Hải <STEAM_1:0:471595906> bằng (zombie cào/đấm)
L 09/28/2026 - 21:03:48: [KILL] Zombie/Witch/Môi trường <N/A> đã giết Chicoarun <STEAM_1:0:952954061> bằng (zombie cào/đấm)
L 09/28/2026 - 21:03:52: [KILL] Zombie/Witch/Môi trường <N/A> đã giết tychuotkg789 <STEAM_1:0:562186389> bằng (zombie cào/đấm)
L 09/28/2026 - 21:03:54: [KILL] Zombie/Witch/Môi trường <N/A> đã giết Rïçēz <STEAM_1:1:558962692> bằng (zombie cào/đấm)
L 09/28/2026 - 21:03:58: [KILL] Zombie/Witch/Môi trường <N/A> đã giết （ ͜.人 ͜.）⛇☃ <STEAM_1:1:241852047> bằng (zombie cào/đấm)
L 09/28/2026 - 21:04:04: [HẠ GỤC] Zombie/Witch/Môi trường <N/A> đã hạ gục KeroN <STEAM_1:1:161759963> bằng (môi trường/khác)
L 09/28/2026 - 21:04:04: [HẠ GỤC] Tank <BOT> đã hạ gục Mikasa <STEAM_1:0:522010986> bằng (môi trường/khác)
L 09/28/2026 - 21:04:07: [HẠ GỤC] Tank <BOT> đã hạ gục [VN✪] BigD <STEAM_1:1:919011537> bằng (môi trường/khác)
L 09/28/2026 - 21:04:09: [FF] [chimxanh] <STEAM_1:1:626078671> -> 19 HP bằng (súng) -> [KeroN] <STEAM_1:1:161759963>
L 09/28/2026 - 21:04:36: [KILL] Zombie/Witch/Môi trường <N/A> đã giết KeroN <STEAM_1:1:161759963> bằng (zombie cào/đấm)
L 09/28/2026 - 21:04:59: [FF] [Curren Bouquetd'or] <STEAM_1:1:524205977> -> 3 HP bằng (súng) -> [Chicoarun] <STEAM_1:0:952954061>
L 09/28/2026 - 21:05:03: [HẠ GỤC] Tank <BOT> đã hạ gục Lê Hải <STEAM_1:0:471595906> bằng (môi trường/khác)
L 09/28/2026 - 21:05:05: [HẠ GỤC] [VN✪] BigD <STEAM_1:1:919011537> đã hạ gục [VN✪] BigD <STEAM_1:1:919011537> bằng (súng)
L 09/28/2026 - 21:05:09: [HẠ GỤC] Spitter <BOT> đã hạ gục Rïçēz <STEAM_1:1:558962692> bằng (môi trường/khác)
L 09/28/2026 - 21:05:13: [KILL] Zombie/Witch/Môi trường <N/A> đã giết chimxanh <STEAM_1:1:626078671> bằng (zombie cào/đấm)
L 09/28/2026 - 21:05:23: [HẠ GỤC] Zombie/Witch/Môi trường <N/A> đã hạ gục Chicoarun <STEAM_1:0:952954061> bằng (môi trường/khác)
L 09/28/2026 - 21:05:27: [HẠ GỤC] Zombie/Witch/Môi trường <N/A> đã hạ gục （ ͜.人 ͜.）⛇☃ <STEAM_1:1:241852047> bằng (môi trường/khác)
L 09/28/2026 - 21:05:28: [KILL] Zombie/Witch/Môi trường <N/A> đã giết Lê Hải <STEAM_1:0:471595906> bằng (môi trường/khác)
L 09/28/2026 - 21:05:43: [KILL] Tank <BOT> đã giết Mikasa <STEAM_1:0:522010986> bằng (môi trường/khác)
L 09/28/2026 - 21:06:01: [FF] [Curren Bouquetd'or] <STEAM_1:1:524205977> -> 3 HP bằng (súng) -> [（ ͜.人 ͜.）⛇☃] <STEAM_1:1:241852047>
L 09/28/2026 - 21:06:02: [FF] [Rïçēz] <STEAM_1:1:558962692> -> 18 HP bằng (súng) -> [KeroN] <STEAM_1:1:161759963>
L 09/28/2026 - 21:06:26: [FF] [Curren Bouquetd'or] <STEAM_1:1:524205977> -> 4 HP bằng (súng) -> [（ ͜.人 ͜.）⛇☃] <STEAM_1:1:241852047>
L 09/28/2026 - 21:06:38: [HẠ GỤC] Jockey <BOT> đã hạ gục Chicoarun <STEAM_1:0:952954061> bằng (zombie cào/đấm)
L 09/28/2026 - 21:06:52: [FF] [chimxanh] <STEAM_1:1:626078671> -> 5 HP bằng (súng) -> [[VN✪] BigD] <STEAM_1:1:919011537>
L 09/28/2026 - 21:07:01: [HẠ GỤC] Charger <BOT> đã hạ gục [VN✪] BigD <STEAM_1:1:919011537> bằng (zombie cào/đấm)
L 09/28/2026 - 21:07:04: [HẠ GỤC] Tank <BOT> đã hạ gục Rïçēz <STEAM_1:1:558962692> bằng (môi trường/khác)
L 09/28/2026 - 21:07:22: [HẠ GỤC] Tank <BOT> đã hạ gục Curren Bouquetd'or <STEAM_1:1:524205977> bằng (môi trường/khác)
L 09/28/2026 - 21:07:37: [FF] [Rïçēz] <STEAM_1:1:558962692> -> 24 HP bằng (súng) -> [Chicoarun] <STEAM_1:0:952954061>
L 09/28/2026 - 21:07:45: [FF] [Curren Bouquetd'or] <STEAM_1:1:524205977> -> 3 HP bằng (súng) -> [Francis] <BOT>
L 09/28/2026 - 21:08:02: [HẠ GỤC] Zombie/Witch/Môi trường <N/A> đã hạ gục tychuotkg789 <STEAM_1:0:562186389> bằng (môi trường/khác)
L 09/28/2026 - 21:08:09: [FF] [Mikasa] <STEAM_1:0:522010986> -> 5 HP bằng (súng) -> [Chicoarun] <STEAM_1:0:952954061>
L 09/28/2026 - 21:08:09: [FF] [Mikasa] <STEAM_1:0:522010986> -> 5 HP bằng (súng) -> [Chicoarun] <STEAM_1:0:952954061>
L 09/28/2026 - 21:08:17: [FF] [（ ͜.人 ͜.）⛇☃] <STEAM_1:1:241852047> -> 3 HP bằng (súng) -> [Chicoarun] <STEAM_1:0:952954061>
L 09/28/2026 - 21:08:17: [HẠ GỤC] （ ͜.人 ͜.）⛇☃ <STEAM_1:1:241852047> đã hạ gục Chicoarun <STEAM_1:0:952954061> bằng (súng)
L 09/28/2026 - 21:08:17: [FF] [（ ͜.人 ͜.）⛇☃] <STEAM_1:1:241852047> -> 3 HP bằng (súng) -> [Chicoarun] <STEAM_1:0:952954061>
L 09/28/2026 - 21:08:36: [FF] [Curren Bouquetd'or] <STEAM_1:1:524205977> -> 1 HP bằng (môi trường/khác) -> [Rïçēz] <STEAM_1:1:558962692>
L 09/28/2026 - 21:08:36: [FF] [Curren Bouquetd'or] <STEAM_1:1:524205977> -> 1 HP bằng (môi trường/khác) -> [Lê Hải] <STEAM_1:0:471595906>
L 09/28/2026 - 21:08:36: [FF] [Curren Bouquetd'or] <STEAM_1:1:524205977> -> 1 HP bằng (môi trường/khác) -> [Mikasa] <STEAM_1:0:522010986>
L 09/28/2026 - 21:08:44: [HẠ GỤC] Tank <BOT> đã hạ gục （ ͜.人 ͜.）⛇☃ <STEAM_1:1:241852047> bằng (môi trường/khác)
L 09/28/2026 - 21:08:49: [HẠ GỤC] Tank <BOT> đã hạ gục KeroN <STEAM_1:1:161759963> bằng (môi trường/khác)
L 09/28/2026 - 21:09:16: [FF] [Rïçēz] <STEAM_1:1:558962692> -> 13 HP bằng (súng) -> [Curren Bouquetd'or] <STEAM_1:1:524205977>
L 09/28/2026 - 21:09:25: [HẠ GỤC] Tank <BOT> đã hạ gục Chicoarun <STEAM_1:0:952954061> bằng (môi trường/khác)
L 09/28/2026 - 21:09:26: [HẠ GỤC] Tank <BOT> đã hạ gục Mikasa <STEAM_1:0:522010986> bằng (môi trường/khác)
L 09/28/2026 - 21:09:39: [HẠ GỤC] Tank <BOT> đã hạ gục Lê Hải <STEAM_1:0:471595906> bằng (môi trường/khác)
L 09/28/2026 - 21:09:42: [HẠ GỤC] Tank <BOT> đã hạ gục Mikasa <STEAM_1:0:522010986> bằng (môi trường/khác)
L 09/28/2026 - 21:09:42: [HẠ GỤC] Jockey <BOT> đã hạ gục chimxanh <STEAM_1:1:626078671> bằng (zombie cào/đấm)
L 09/28/2026 - 21:09:55: [HẠ GỤC] Tank <BOT> đã hạ gục （ ͜.人 ͜.）⛇☃ <STEAM_1:1:241852047> bằng (môi trường/khác)
L 09/28/2026 - 21:09:58: [FF] [Rïçēz] <STEAM_1:1:558962692> -> 5 HP bằng (súng) -> [（ ͜.人 ͜.）⛇☃] <STEAM_1:1:241852047>
L 09/28/2026 - 21:10:05: [HẠ GỤC] Boomer <BOT> đã hạ gục chimxanh <STEAM_1:1:626078671> bằng (zombie cào/đấm)
L 09/28/2026 - 21:10:16: [HẠ GỤC] Tank <BOT> đã hạ gục Lê Hải <STEAM_1:0:471595906> bằng (môi trường/khác)
L 09/28/2026 - 21:10:20: [HẠ GỤC] Tank <BOT> đã hạ gục tychuotkg789 <STEAM_1:0:562186389> bằng (môi trường/khác)
L 09/28/2026 - 21:10:25: [HẠ GỤC] Tank <BOT> đã hạ gục （ ͜.人 ͜.）⛇☃ <STEAM_1:1:241852047> bằng (môi trường/khác)
L 09/28/2026 - 21:10:37: [HẠ GỤC] Tank <BOT> đã hạ gục Rïçēz <STEAM_1:1:558962692> bằng (môi trường/khác)
L 09/28/2026 - 21:10:49: [HẠ GỤC] Tank <BOT> đã hạ gục tychuotkg789 <STEAM_1:0:562186389> bằng (môi trường/khác)
L 09/28/2026 - 21:11:23: [KILL] Tank <BOT> đã giết Lê Hải <STEAM_1:0:471595906> bằng (môi trường/khác)
L 09/28/2026 - 21:11:30: [FF] [chimxanh] <STEAM_1:1:626078671> -> 3 HP bằng (súng) -> [Chicoarun] <STEAM_1:0:952954061>
L 09/28/2026 - 21:11:33: [FF] [chimxanh] <STEAM_1:1:626078671> -> 24 HP bằng (súng) -> [Curren Bouquetd'or] <STEAM_1:1:524205977>
L 09/28/2026 - 21:11:45: [FF] [Chicoarun] <STEAM_1:0:952954061> -> 7 HP bằng (melee) -> [Rïçēz] <STEAM_1:1:558962692>
L 09/28/2026 - 21:12:19: [HẠ GỤC] (1)Hunter Bot <BOT> đã hạ gục Curren Bouquetd'or <STEAM_1:1:524205977> bằng (zombie cào/đấm)
L 09/28/2026 - 21:12:21: [FF] [chimxanh] <STEAM_1:1:626078671> -> 15 HP bằng (súng) -> [tychuotkg789] <STEAM_1:0:562186389>
L 09/28/2026 - 21:12:22: [HẠ GỤC] Hunter Bot <BOT> đã hạ gục Chicoarun <STEAM_1:0:952954061> bằng (zombie cào/đấm)
L 09/28/2026 - 21:12:29: [FF] [Mikasa] <STEAM_1:0:522010986> -> 15 HP bằng (súng) -> [tychuotkg789] <STEAM_1:0:562186389>
L 09/28/2026 - 21:12:32: [FF] [Mikasa] <STEAM_1:0:522010986> -> 15 HP bằng (súng) -> [KeroN] <STEAM_1:1:161759963>
L 09/28/2026 - 21:12:39: [FF] [tychuotkg789] <STEAM_1:0:562186389> -> 1 HP bằng (súng) -> [Rïçēz] <STEAM_1:1:558962692>
L 09/28/2026 - 21:12:39: [FF] [Rïçēz] <STEAM_1:1:558962692> -> 7 HP bằng (súng) -> [chimxanh] <STEAM_1:1:626078671>
L 09/28/2026 - 21:12:43: [FF] [KeroN] <STEAM_1:1:161759963> -> 15 HP bằng (súng) -> [chimxanh] <STEAM_1:1:626078671>
L 09/28/2026 - 21:12:44: [FF] [KeroN] <STEAM_1:1:161759963> -> 13 HP bằng (súng) -> [chimxanh] <STEAM_1:1:626078671>
L 09/28/2026 - 21:13:03: [FF] [Curren Bouquetd'or] <STEAM_1:1:524205977> -> 15 HP bằng (súng) -> [chimxanh] <STEAM_1:1:626078671>
L 09/28/2026 - 21:13:06: [HẠ GỤC] Spitter Bot <BOT> đã hạ gục tychuotkg789 <STEAM_1:0:562186389> bằng (môi trường/khác)
L 09/28/2026 - 21:13:15: [FF] [Lê Hải] <STEAM_1:0:471595906> -> 1 HP bằng (súng) -> [KeroN] <STEAM_1:1:161759963>
L 09/28/2026 - 21:13:16: [HẠ GỤC] Boomer Bot <BOT> đã hạ gục chimxanh <STEAM_1:1:626078671> bằng (môi trường/khác)
L 09/28/2026 - 21:13:21: [FF] [tychuotkg789] <STEAM_1:0:562186389> -> 1 HP bằng (súng) -> [Bill] <BOT>
L 09/28/2026 - 21:13:23: [HẠ GỤC] Zombie/Witch/Môi trường <N/A> đã hạ gục Rïçēz <STEAM_1:1:558962692> bằng (môi trường/khác)
L 09/28/2026 - 21:13:26: [HẠ GỤC] Zombie/Witch/Môi trường <N/A> đã hạ gục Mikasa <STEAM_1:0:522010986> bằng (môi trường/khác)
L 09/28/2026 - 21:13:39: [HẠ GỤC] Spitter Bot <BOT> đã hạ gục tychuotkg789 <STEAM_1:0:562186389> bằng (môi trường/khác)
L 09/28/2026 - 21:13:45: [FF] [（ ͜.人 ͜.）⛇☃] <STEAM_1:1:241852047> -> 1 HP bằng (boom/fire) -> [Lê Hải] <STEAM_1:0:471595906>
L 09/28/2026 - 21:13:45: [FF] [（ ͜.人 ͜.）⛇☃] <STEAM_1:1:241852047> -> 3 HP bằng (boom/fire) -> [Lê Hải] <STEAM_1:0:471595906>
L 09/28/2026 - 21:13:45: [FF] [（ ͜.人 ͜.）⛇☃] <STEAM_1:1:241852047> -> 5 HP bằng (boom/fire) -> [Lê Hải] <STEAM_1:0:471595906>
L 09/28/2026 - 21:13:45: [FF] [（ ͜.人 ͜.）⛇☃] <STEAM_1:1:241852047> -> 6 HP bằng (boom/fire) -> [Lê Hải] <STEAM_1:0:471595906>
L 09/28/2026 - 21:14:07: [FF] [KeroN] <STEAM_1:1:161759963> -> 18 HP bằng (súng) -> [Rïçēz] <STEAM_1:1:558962692>
L 09/28/2026 - 21:14:24: [HẠ GỤC] Zombie/Witch/Môi trường <N/A> đã hạ gục Lê Hải <STEAM_1:0:471595906> bằng (môi trường/khác)
L 09/28/2026 - 21:14:34: [HẠ GỤC] Zombie/Witch/Môi trường <N/A> đã hạ gục （ ͜.人 ͜.）⛇☃ <STEAM_1:1:241852047> bằng (môi trường/khác)
L 09/28/2026 - 21:14:35: [FF] [Rïçēz] <STEAM_1:1:558962692> -> 5 HP bằng (súng) -> [Mikasa] <STEAM_1:0:522010986>
L 09/28/2026 - 21:14:39: [FF] [（ ͜.人 ͜.）⛇☃] <STEAM_1:1:241852047> -> 1 HP bằng (môi trường/khác) -> [Mikasa] <STEAM_1:0:522010986>
L 09/28/2026 - 21:14:39: [FF] [（ ͜.人 ͜.）⛇☃] <STEAM_1:1:241852047> -> 1 HP bằng (môi trường/khác) -> [Rïçēz] <STEAM_1:1:558962692>
L 09/28/2026 - 21:14:39: [HẠ GỤC] Zombie/Witch/Môi trường <N/A> đã hạ gục Rïçēz <STEAM_1:1:558962692> bằng (môi trường/khác)
L 09/28/2026 - 21:14:44: [FF] [KeroN] <STEAM_1:1:161759963> -> 15 HP bằng (súng) -> [Lê Hải] <STEAM_1:0:471595906>
L 09/28/2026 - 21:14:48: [FF] [KeroN] <STEAM_1:1:161759963> -> 24 HP bằng (súng) -> [chimxanh] <STEAM_1:1:626078671>
L 09/28/2026 - 21:14:48: [FF] [Rïçēz] <STEAM_1:1:558962692> -> 5 HP bằng (súng) -> [chimxanh] <STEAM_1:1:626078671>
L 09/28/2026 - 21:14:48: [FF] [Rïçēz] <STEAM_1:1:558962692> -> 5 HP bằng (súng) -> [chimxanh] <STEAM_1:1:626078671>
L 09/28/2026 - 21:14:48: [FF] [Rïçēz] <STEAM_1:1:558962692> -> 6 HP bằng (súng) -> [Bill] <BOT>
L 09/28/2026 - 21:14:49: [FF] [Mikasa] <STEAM_1:0:522010986> -> 8 HP bằng (melee) -> [KeroN] <STEAM_1:1:161759963>
L 09/28/2026 - 21:14:53: [FF] [KeroN] <STEAM_1:1:161759963> -> 24 HP bằng (súng) -> [Bill] <BOT>
L 09/28/2026 - 21:14:57: [FF] [Curren Bouquetd'or] <STEAM_1:1:524205977> -> 18 HP bằng (súng) -> [KeroN] <STEAM_1:1:161759963>
L 09/28/2026 - 21:15:01: [FF] [（ ͜.人 ͜.）⛇☃] <STEAM_1:1:241852047> -> 4 HP bằng (súng) -> [Curren Bouquetd'or] <STEAM_1:1:524205977>
L 09/28/2026 - 21:15:01: [FF] [（ ͜.人 ͜.）⛇☃] <STEAM_1:1:241852047> -> 4 HP bằng (súng) -> [Curren Bouquetd'or] <STEAM_1:1:524205977>
L 09/28/2026 - 21:15:01: [FF] [（ ͜.人 ͜.）⛇☃] <STEAM_1:1:241852047> -> 4 HP bằng (súng) -> [Curren Bouquetd'or] <STEAM_1:1:524205977>
L 09/28/2026 - 21:15:01: [HẠ GỤC] （ ͜.人 ͜.）⛇☃ <STEAM_1:1:241852047> đã hạ gục Curren Bouquetd'or <STEAM_1:1:524205977> bằng (súng)
L 09/28/2026 - 21:15:01: [FF] [（ ͜.人 ͜.）⛇☃] <STEAM_1:1:241852047> -> 4 HP bằng (súng) -> [Curren Bouquetd'or] <STEAM_1:1:524205977>
L 09/28/2026 - 21:15:01: [FF] [（ ͜.人 ͜.）⛇☃] <STEAM_1:1:241852047> -> 4 HP bằng (súng) -> [Curren Bouquetd'or] <STEAM_1:1:524205977>
L 09/28/2026 - 21:15:01: [FF] [（ ͜.人 ͜.）⛇☃] <STEAM_1:1:241852047> -> 4 HP bằng (súng) -> [Curren Bouquetd'or] <STEAM_1:1:524205977>
L 09/28/2026 - 21:15:01: [FF] [（ ͜.人 ͜.）⛇☃] <STEAM_1:1:241852047> -> 4 HP bằng (súng) -> [Curren Bouquetd'or] <STEAM_1:1:524205977>
L 09/28/2026 - 21:15:01: [FF] [（ ͜.人 ͜.）⛇☃] <STEAM_1:1:241852047> -> 4 HP bằng (súng) -> [Curren Bouquetd'or] <STEAM_1:1:524205977>
L 09/28/2026 - 21:15:07: [FF] [Lê Hải] <STEAM_1:0:471595906> -> 7 HP bằng (melee) -> [tychuotkg789] <STEAM_1:0:562186389>
L 09/28/2026 - 21:15:10: [FF] [Curren Bouquetd'or] <STEAM_1:1:524205977> -> 24 HP bằng (súng) -> [KeroN] <STEAM_1:1:161759963>
L 09/28/2026 - 21:15:10: [FF] [Curren Bouquetd'or] <STEAM_1:1:524205977> -> 24 HP bằng (súng) -> [chimxanh] <STEAM_1:1:626078671>
L 09/28/2026 - 21:15:11: [HẠ GỤC] Curren Bouquetd'or <STEAM_1:1:524205977> đã hạ gục chimxanh <STEAM_1:1:626078671> bằng (súng)
L 09/28/2026 - 21:15:12: [HẠ GỤC] Zombie/Witch/Môi trường <N/A> đã hạ gục Chicoarun <STEAM_1:0:952954061> bằng (môi trường/khác)
L 09/28/2026 - 21:15:13: [HẠ GỤC] Zombie/Witch/Môi trường <N/A> đã hạ gục KeroN <STEAM_1:1:161759963> bằng (môi trường/khác)
L 09/28/2026 - 21:15:15: [HẠ GỤC] Zombie/Witch/Môi trường <N/A> đã hạ gục Lê Hải <STEAM_1:0:471595906> bằng (môi trường/khác)
L 09/28/2026 - 21:15:17: [HẠ GỤC] Spitter Bot <BOT> đã hạ gục Mikasa <STEAM_1:0:522010986> bằng (môi trường/khác)
L 09/28/2026 - 21:15:21: [HẠ GỤC] Zombie/Witch/Môi trường <N/A> đã hạ gục tychuotkg789 <STEAM_1:0:562186389> bằng (môi trường/khác)
L 09/28/2026 - 21:15:25: [FF] [Rïçēz] <STEAM_1:1:558962692> -> 7 HP bằng (melee) -> [tychuotkg789] <STEAM_1:0:562186389>
L 09/28/2026 - 21:15:40: [FF] [Rïçēz] <STEAM_1:1:558962692> -> 7 HP bằng (súng) -> [Lê Hải] <STEAM_1:0:471595906>
L 09/28/2026 - 21:15:40: [FF] [Rïçēz] <STEAM_1:1:558962692> -> 6 HP bằng (súng) -> [Lê Hải] <STEAM_1:0:471595906>
L 09/28/2026 - 21:15:41: [FF] [chimxanh] <STEAM_1:1:626078671> -> 7 HP bằng (melee) -> [Chicoarun] <STEAM_1:0:952954061>
L 09/28/2026 - 21:16:22: [KILL] Zombie/Witch/Môi trường <N/A> đã giết Curren Bouquetd'or <STEAM_1:1:524205977> bằng (môi trường/khác)
L 09/28/2026 - 21:16:23: [FF] [tychuotkg789] <STEAM_1:0:562186389> -> 1 HP bằng (súng) -> [Rïçēz] <STEAM_1:1:558962692>
L 09/28/2026 - 21:16:25: [FF] [[VN✪] BigD] <STEAM_1:1:919011537> -> 6 HP bằng (súng) -> [KeroN] <STEAM_1:1:161759963>
L 09/28/2026 - 21:16:37: [KILL] Zombie/Witch/Môi trường <N/A> đã giết Lê Hải <STEAM_1:0:471595906> bằng (môi trường/khác)
L 09/28/2026 - 21:16:40: [FF] [Curren Bouquetd'or] <STEAM_1:1:524205977> -> 15 HP bằng (súng) -> [（ ͜.人 ͜.）⛇☃] <STEAM_1:1:241852047>
L 09/28/2026 - 21:16:40: [HẠ GỤC] Charger Bot <BOT> đã hạ gục [VN✪] BigD <STEAM_1:1:919011537> bằng (zombie cào/đấm)
L 09/28/2026 - 21:16:40: [FF] [Curren Bouquetd'or] <STEAM_1:1:524205977> -> 15 HP bằng (súng) -> [（ ͜.人 ͜.）⛇☃] <STEAM_1:1:241852047>
L 09/28/2026 - 21:16:40: [FF] [KeroN] <STEAM_1:1:161759963> -> 13 HP bằng (súng) -> [[VN✪] BigD] <STEAM_1:1:919011537>
L 09/28/2026 - 21:16:54: [FF] [Mikasa] <STEAM_1:0:522010986> -> 8 HP bằng (melee) -> [tychuotkg789] <STEAM_1:0:562186389>
L 09/28/2026 - 21:16:54: [KILL] Zombie/Witch/Môi trường <N/A> đã giết Rïçēz <STEAM_1:1:558962692> bằng (môi trường/khác)
L 09/28/2026 - 21:16:56: [HẠ GỤC] Zombie/Witch/Môi trường <N/A> đã hạ gục chimxanh <STEAM_1:1:626078671> bằng (môi trường/khác)
L 09/28/2026 - 21:17:02: [KILL] Zombie/Witch/Môi trường <N/A> đã giết Chicoarun <STEAM_1:0:952954061> bằng (môi trường/khác)
L 09/28/2026 - 21:17:04: [HẠ GỤC] Zombie/Witch/Môi trường <N/A> đã hạ gục tychuotkg789 <STEAM_1:0:562186389> bằng (môi trường/khác)
L 09/28/2026 - 21:17:06: [KILL] Jockey Bot <BOT> đã giết Mikasa <STEAM_1:0:522010986> bằng (zombie cào/đấm)
L 09/28/2026 - 21:17:06: [KILL] Zombie/Witch/Môi trường <N/A> đã giết KeroN <STEAM_1:1:161759963> bằng (zombie cào/đấm)
L 09/28/2026 - 21:17:13: [KILL] Zombie/Witch/Môi trường <N/A> đã giết （ ͜.人 ͜.）⛇☃ <STEAM_1:1:241852047> bằng (zombie cào/đấm)
L 09/28/2026 - 21:17:14: [KILL] Zombie/Witch/Môi trường <N/A> đã giết Curren Bouquetd'or <STEAM_1:1:524205977> bằng (zombie cào/đấm)
L 09/28/2026 - 21:17:19: [HẠ GỤC] Jockey Bot <BOT> đã hạ gục [VN✪] BigD <STEAM_1:1:919011537> bằng (zombie cào/đấm)
L 09/28/2026 - 21:17:22: [KILL] Zombie/Witch/Môi trường <N/A> đã giết [VN✪] BigD <STEAM_1:1:919011537> bằng (zombie cào/đấm)
L 09/28/2026 - 21:17:29: [KILL] Zombie/Witch/Môi trường <N/A> đã giết tychuotkg789 <STEAM_1:0:562186389> bằng (zombie cào/đấm)
L 09/28/2026 - 21:17:55: [HẠ GỤC] Jockey Bot <BOT> đã hạ gục Lê Hải <STEAM_1:0:471595906> bằng (zombie cào/đấm)
L 09/28/2026 - 21:18:19: [FF] [Rïçēz] <STEAM_1:1:558962692> -> 3 HP bằng (súng) -> [Chicoarun] <STEAM_1:0:952954061>
L 09/28/2026 - 21:18:19: [FF] [Rïçēz] <STEAM_1:1:558962692> -> 3 HP bằng (súng) -> [Chicoarun] <STEAM_1:0:952954061>
L 09/28/2026 - 21:18:19: [FF] [Rïçēz] <STEAM_1:1:558962692> -> 3 HP bằng (súng) -> [Chicoarun] <STEAM_1:0:952954061>
L 09/28/2026 - 21:18:19: [FF] [Rïçēz] <STEAM_1:1:558962692> -> 3 HP bằng (súng) -> [Chicoarun] <STEAM_1:0:952954061>
L 09/28/2026 - 21:18:19: [FF] [Rïçēz] <STEAM_1:1:558962692> -> 3 HP bằng (súng) -> [Chicoarun] <STEAM_1:0:952954061>
L 09/28/2026 - 21:18:22: [FF] [Rïçēz] <STEAM_1:1:558962692> -> 3 HP bằng (súng) -> [Lê Hải] <STEAM_1:0:471595906>
L 09/28/2026 - 21:18:22: [FF] [Rïçēz] <STEAM_1:1:558962692> -> 3 HP bằng (súng) -> [Lê Hải] <STEAM_1:0:471595906>
L 09/28/2026 - 21:18:22: [FF] [Rïçēz] <STEAM_1:1:558962692> -> 3 HP bằng (súng) -> [Lê Hải] <STEAM_1:0:471595906>
L 09/28/2026 - 21:18:22: [FF] [Rïçēz] <STEAM_1:1:558962692> -> 3 HP bằng (súng) -> [Lê Hải] <STEAM_1:0:471595906>
L 09/28/2026 - 21:18:25: [FF] [KeroN] <STEAM_1:1:161759963> -> 7 HP bằng (melee) -> [chimxanh] <STEAM_1:1:626078671>
L 09/28/2026 - 21:18:29: [KILL] Zombie/Witch/Môi trường <N/A> đã giết chimxanh <STEAM_1:1:626078671> bằng (zombie cào/đấm)
L 09/28/2026 - 21:18:35: [KILL] Zombie/Witch/Môi trường <N/A> đã giết Lê Hải <STEAM_1:0:471595906> bằng (zombie cào/đấm)
L 09/28/2026 - 21:18:35: [KILL] Zombie/Witch/Môi trường <N/A> đã giết [VN✪] BigD <STEAM_1:1:919011537> bằng (zombie cào/đấm)
L 09/28/2026 - 21:18:46: [FF] [KeroN] <STEAM_1:1:161759963> -> 5 HP bằng (súng) -> [tychuotkg789] <STEAM_1:0:562186389>
L 09/28/2026 - 21:18:46: [FF] [KeroN] <STEAM_1:1:161759963> -> 6 HP bằng (súng) -> [tychuotkg789] <STEAM_1:0:562186389>
L 09/28/2026 - 21:18:49: [FF] [Rïçēz] <STEAM_1:1:558962692> -> 3 HP bằng (súng) -> [Curren Bouquetd'or] <STEAM_1:1:524205977>
L 09/28/2026 - 21:18:49: [FF] [Rïçēz] <STEAM_1:1:558962692> -> 3 HP bằng (súng) -> [Curren Bouquetd'or] <STEAM_1:1:524205977>
L 09/28/2026 - 21:18:49: [FF] [Rïçēz] <STEAM_1:1:558962692> -> 3 HP bằng (súng) -> [Curren Bouquetd'or] <STEAM_1:1:524205977>
L 09/28/2026 - 21:18:49: [FF] [Rïçēz] <STEAM_1:1:558962692> -> 3 HP bằng (súng) -> [Curren Bouquetd'or] <STEAM_1:1:524205977>
L 09/28/2026 - 21:18:49: [FF] [Rïçēz] <STEAM_1:1:558962692> -> 3 HP bằng (súng) -> [Curren Bouquetd'or] <STEAM_1:1:524205977>
L 09/28/2026 - 21:18:56: [HẠ GỤC] Zombie/Witch/Môi trường <N/A> đã hạ gục Chicoarun <STEAM_1:0:952954061> bằng (môi trường/khác)
L 09/28/2026 - 21:19:35: [HẠ GỤC] Zombie/Witch/Môi trường <N/A> đã hạ gục Chicoarun <STEAM_1:0:952954061> bằng (môi trường/khác)
L 09/28/2026 - 21:19:50: [HẠ GỤC] Jockey Bot <BOT> đã hạ gục tychuotkg789 <STEAM_1:0:562186389> bằng (zombie cào/đấm)
L 09/28/2026 - 21:19:53: [FF] [Curren Bouquetd'or] <STEAM_1:1:524205977> -> 18 HP bằng (súng) -> [Chicoarun] <STEAM_1:0:952954061>
L 09/28/2026 - 21:19:56: [HẠ GỤC] Zombie/Witch/Môi trường <N/A> đã hạ gục Rïçēz <STEAM_1:1:558962692> bằng (môi trường/khác)
L 09/28/2026 - 21:20:01: [FF] [tychuotkg789] <STEAM_1:0:562186389> -> 1 HP bằng (súng) -> [Curren Bouquetd'or] <STEAM_1:1:524205977>
L 09/28/2026 - 21:20:02: [FF] [Rïçēz] <STEAM_1:1:558962692> -> 11 HP bằng (súng) -> [[VN✪] BigD] <STEAM_1:1:919011537>
L 09/28/2026 - 21:20:02: [FF] [Rïçēz] <STEAM_1:1:558962692> -> 8 HP bằng (súng) -> [[VN✪] BigD] <STEAM_1:1:919011537>
L 09/28/2026 - 21:20:04: [FF] [（ ͜.人 ͜.）⛇☃] <STEAM_1:1:241852047> -> 18 HP bằng (súng) -> [Curren Bouquetd'or] <STEAM_1:1:524205977>
L 09/28/2026 - 21:20:23: [HẠ GỤC] Spitter Bot <BOT> đã hạ gục Mikasa <STEAM_1:0:522010986> bằng (môi trường/khác)
L 09/28/2026 - 21:20:23: [FF] [Curren Bouquetd'or] <STEAM_1:1:524205977> -> 24 HP bằng (súng) -> [Mikasa] <STEAM_1:0:522010986>
L 09/28/2026 - 21:20:28: [HẠ GỤC] Spitter Bot <BOT> đã hạ gục Curren Bouquetd'or <STEAM_1:1:524205977> bằng (môi trường/khác)
L 09/28/2026 - 21:20:32: [HẠ GỤC] Spitter Bot <BOT> đã hạ gục Rïçēz <STEAM_1:1:558962692> bằng (môi trường/khác)
L 09/28/2026 - 21:20:48: [FF] [Rïçēz] <STEAM_1:1:558962692> -> 11 HP bằng (súng) -> [Mikasa] <STEAM_1:0:522010986>
L 09/28/2026 - 21:20:49: [KILL] Jockey Bot <BOT> đã giết Chicoarun <STEAM_1:0:952954061> bằng (zombie cào/đấm)
L 09/28/2026 - 21:21:02: [FF] [tychuotkg789] <STEAM_1:0:562186389> -> 5 HP bằng (melee) -> [Lê Hải] <STEAM_1:0:471595906>
L 09/28/2026 - 21:21:10: [FF] [KeroN] <STEAM_1:1:161759963> -> 10 HP bằng (súng) -> [tychuotkg789] <STEAM_1:0:562186389>
L 09/28/2026 - 21:21:13: [HẠ GỤC] Charger Bot <BOT> đã hạ gục [VN✪] BigD <STEAM_1:1:919011537> bằng (zombie cào/đấm)
L 09/28/2026 - 21:21:14: [FF] [KeroN] <STEAM_1:1:161759963> -> 6 HP bằng (súng) -> [Curren Bouquetd'or] <STEAM_1:1:524205977>
L 09/28/2026 - 21:21:15: [FF] [KeroN] <STEAM_1:1:161759963> -> 10 HP bằng (súng) -> [Curren Bouquetd'or] <STEAM_1:1:524205977>
L 09/28/2026 - 21:21:15: [FF] [KeroN] <STEAM_1:1:161759963> -> 10 HP bằng (súng) -> [Curren Bouquetd'or] <STEAM_1:1:524205977>
L 09/28/2026 - 21:21:15: [FF] [KeroN] <STEAM_1:1:161759963> -> 7 HP bằng (súng) -> [Curren Bouquetd'or] <STEAM_1:1:524205977>
L 09/28/2026 - 21:21:15: [FF] [KeroN] <STEAM_1:1:161759963> -> 10 HP bằng (súng) -> [Curren Bouquetd'or] <STEAM_1:1:524205977>
L 09/28/2026 - 21:21:15: [FF] [KeroN] <STEAM_1:1:161759963> -> 7 HP bằng (súng) -> [Curren Bouquetd'or] <STEAM_1:1:524205977>
L 09/28/2026 - 21:21:15: [FF] [KeroN] <STEAM_1:1:161759963> -> 10 HP bằng (súng) -> [Curren Bouquetd'or] <STEAM_1:1:524205977>
L 09/28/2026 - 21:21:15: [FF] [KeroN] <STEAM_1:1:161759963> -> 10 HP bằng (súng) -> [Curren Bouquetd'or] <STEAM_1:1:524205977>
L 09/28/2026 - 21:21:15: [FF] [KeroN] <STEAM_1:1:161759963> -> 10 HP bằng (súng) -> [Curren Bouquetd'or] <STEAM_1:1:524205977>
L 09/28/2026 - 21:21:15: [HẠ GỤC] KeroN <STEAM_1:1:161759963> đã hạ gục Curren Bouquetd'or <STEAM_1:1:524205977> bằng (súng)
L 09/28/2026 - 21:21:18: [HẠ GỤC] Jockey Bot <BOT> đã hạ gục Rïçēz <STEAM_1:1:558962692> bằng (zombie cào/đấm)
L 09/28/2026 - 21:21:26: [FF] [（ ͜.人 ͜.）⛇☃] <STEAM_1:1:241852047> -> 15 HP bằng (súng) -> [Lê Hải] <STEAM_1:0:471595906>
L 09/28/2026 - 21:21:30: [KILL] Zombie/Witch/Môi trường <N/A> đã giết Rïçēz <STEAM_1:1:558962692> bằng (zombie cào/đấm)
L 09/28/2026 - 21:21:33: [KILL] Zombie/Witch/Môi trường <N/A> đã giết Lê Hải <STEAM_1:0:471595906> bằng (zombie cào/đấm)
L 09/28/2026 - 21:21:33: [FF] [tychuotkg789] <STEAM_1:0:562186389> -> 1 HP bằng (súng) -> [[VN✪] BigD] <STEAM_1:1:919011537>
L 09/28/2026 - 21:21:33: [FF] [Chicoarun] <STEAM_1:0:952954061> -> 15 HP bằng (súng) -> [[VN✪] BigD] <STEAM_1:1:919011537>
L 09/28/2026 - 21:21:35: [FF] [KeroN] <STEAM_1:1:161759963> -> 5 HP bằng (súng) -> [chimxanh] <STEAM_1:1:626078671>
L 09/28/2026 - 21:21:35: [FF] [KeroN] <STEAM_1:1:161759963> -> 5 HP bằng (súng) -> [chimxanh] <STEAM_1:1:626078671>
L 09/28/2026 - 21:21:37: [HẠ GỤC] Boomer Bot <BOT> đã hạ gục Mikasa <STEAM_1:0:522010986> bằng (zombie cào/đấm)
L 09/28/2026 - 21:21:38: [HẠ GỤC] （ ͜.人 ͜.）⛇☃ <STEAM_1:1:241852047> đã hạ gục chimxanh <STEAM_1:1:626078671> bằng (súng)
L 09/28/2026 - 21:21:41: [KILL] Zombie/Witch/Môi trường <N/A> đã giết chimxanh <STEAM_1:1:626078671> bằng (zombie cào/đấm)
L 09/28/2026 - 21:21:42: [KILL] Zombie/Witch/Môi trường <N/A> đã giết tychuotkg789 <STEAM_1:0:562186389> bằng (zombie cào/đấm)
L 09/28/2026 - 21:21:44: [FF] [（ ͜.人 ͜.）⛇☃] <STEAM_1:1:241852047> -> 18 HP bằng (súng) -> [Chicoarun] <STEAM_1:0:952954061>
L 09/28/2026 - 21:21:47: [KILL] Zombie/Witch/Môi trường <N/A> đã giết Chicoarun <STEAM_1:0:952954061> bằng (zombie cào/đấm)
L 09/28/2026 - 21:21:49: [KILL] Zombie/Witch/Môi trường <N/A> đã giết Mikasa <STEAM_1:0:522010986> bằng (zombie cào/đấm)
L 09/28/2026 - 21:21:58: [KILL] Zombie/Witch/Môi trường <N/A> đã giết KeroN <STEAM_1:1:161759963> bằng (zombie cào/đấm)
L 09/28/2026 - 21:22:05: [KILL] Zombie/Witch/Môi trường <N/A> đã giết [VN✪] BigD <STEAM_1:1:919011537> bằng (zombie cào/đấm)
L 09/28/2026 - 21:22:13: [KILL] Zombie/Witch/Môi trường <N/A> đã giết Curren Bouquetd'or <STEAM_1:1:524205977> bằng (môi trường/khác)
L 09/28/2026 - 21:22:29: [HẠ GỤC] Zombie/Witch/Môi trường <N/A> đã hạ gục （ ͜.人 ͜.）⛇☃ <STEAM_1:1:241852047> bằng (môi trường/khác)
L 09/28/2026 - 21:22:34: [KILL] Zombie/Witch/Môi trường <N/A> đã giết （ ͜.人 ͜.）⛇☃ <STEAM_1:1:241852047> bằng (zombie cào/đấm)
L 09/28/2026 - 21:24:10: [FF] [[VN✪] BigD] <STEAM_1:1:919011537> -> 10 HP bằng (súng) -> [tychuotkg789] <STEAM_1:0:562186389>
L 09/28/2026 - 21:25:14: [HẠ GỤC] Tank <BOT> đã hạ gục Chicoarun <STEAM_1:0:952954061> bằng (môi trường/khác)
L 09/28/2026 - 21:25:16: [FF] [Rïçēz] <STEAM_1:1:558962692> -> 13 HP bằng (súng) -> [Lê Hải] <STEAM_1:0:471595906>
L 09/28/2026 - 21:25:17: [FF] [Rïçēz] <STEAM_1:1:558962692> -> 15 HP bằng (súng) -> [Lê Hải] <STEAM_1:0:471595906>
L 09/28/2026 - 21:25:20: [HẠ GỤC] Tank <BOT> đã hạ gục chimxanh <STEAM_1:1:626078671> bằng (môi trường/khác)
L 09/28/2026 - 21:25:21: [FF] [KeroN] <STEAM_1:1:161759963> -> 5 HP bằng (melee) -> [Curren Bouquetd'or] <STEAM_1:1:524205977>
L 09/28/2026 - 21:25:22: [FF] [[VN✪] BigD] <STEAM_1:1:919011537> -> 8 HP bằng (melee) -> [Lê Hải] <STEAM_1:0:471595906>
L 09/28/2026 - 21:25:23: [FF] [Lê Hải] <STEAM_1:0:471595906> -> 3 HP bằng (súng) -> [[VN✪] BigD] <STEAM_1:1:919011537>
L 09/28/2026 - 21:25:23: [FF] [Lê Hải] <STEAM_1:0:471595906> -> 3 HP bằng (súng) -> [[VN✪] BigD] <STEAM_1:1:919011537>
L 09/28/2026 - 21:25:23: [FF] [Lê Hải] <STEAM_1:0:471595906> -> 3 HP bằng (súng) -> [[VN✪] BigD] <STEAM_1:1:919011537>
L 09/28/2026 - 21:25:23: [FF] [Lê Hải] <STEAM_1:0:471595906> -> 3 HP bằng (súng) -> [[VN✪] BigD] <STEAM_1:1:919011537>
L 09/28/2026 - 21:25:23: [FF] [Lê Hải] <STEAM_1:0:471595906> -> 3 HP bằng (súng) -> [[VN✪] BigD] <STEAM_1:1:919011537>
L 09/28/2026 - 21:25:23: [FF] [Lê Hải] <STEAM_1:0:471595906> -> 3 HP bằng (súng) -> [[VN✪] BigD] <STEAM_1:1:919011537>
L 09/28/2026 - 21:25:23: [FF] [Lê Hải] <STEAM_1:0:471595906> -> 3 HP bằng (súng) -> [Curren Bouquetd'or] <STEAM_1:1:524205977>
L 09/28/2026 - 21:25:23: [FF] [Lê Hải] <STEAM_1:0:471595906> -> 3 HP bằng (súng) -> [Curren Bouquetd'or] <STEAM_1:1:524205977>
L 09/28/2026 - 21:25:23: [FF] [Lê Hải] <STEAM_1:0:471595906> -> 3 HP bằng (súng) -> [Curren Bouquetd'or] <STEAM_1:1:524205977>
L 09/28/2026 - 21:25:23: [FF] [Lê Hải] <STEAM_1:0:471595906> -> 3 HP bằng (súng) -> [Curren Bouquetd'or] <STEAM_1:1:524205977>
L 09/28/2026 - 21:25:23: [FF] [Lê Hải] <STEAM_1:0:471595906> -> 3 HP bằng (súng) -> [Curren Bouquetd'or] <STEAM_1:1:524205977>
L 09/28/2026 - 21:25:23: [FF] [Lê Hải] <STEAM_1:0:471595906> -> 3 HP bằng (súng) -> [Curren Bouquetd'or] <STEAM_1:1:524205977>
L 09/28/2026 - 21:25:23: [FF] [Lê Hải] <STEAM_1:0:471595906> -> 3 HP bằng (súng) -> [Curren Bouquetd'or] <STEAM_1:1:524205977>
L 09/28/2026 - 21:25:23: [FF] [Lê Hải] <STEAM_1:0:471595906> -> 3 HP bằng (súng) -> [Curren Bouquetd'or] <STEAM_1:1:524205977>
L 09/28/2026 - 21:25:23: [FF] [Lê Hải] <STEAM_1:0:471595906> -> 3 HP bằng (súng) -> [Curren Bouquetd'or] <STEAM_1:1:524205977>
L 09/28/2026 - 21:25:23: [FF] [Lê Hải] <STEAM_1:0:471595906> -> 3 HP bằng (súng) -> [Curren Bouquetd'or] <STEAM_1:1:524205977>
L 09/28/2026 - 21:25:23: [FF] [Lê Hải] <STEAM_1:0:471595906> -> 3 HP bằng (súng) -> [Curren Bouquetd'or] <STEAM_1:1:524205977>
L 09/28/2026 - 21:25:26: [HẠ GỤC] Tank <BOT> đã hạ gục （ ͜.人 ͜.）⛇☃ <STEAM_1:1:241852047> bằng (môi trường/khác)
L 09/28/2026 - 21:25:28: [HẠ GỤC] Tank <BOT> đã hạ gục tychuotkg789 <STEAM_1:0:562186389> bằng (môi trường/khác)
L 09/28/2026 - 21:25:28: [KILL] Tank <BOT> đã giết tychuotkg789 <STEAM_1:0:562186389> bằng (môi trường/khác)
L 09/28/2026 - 21:25:28: [KILL] Tank <BOT> đã giết chimxanh <STEAM_1:1:626078671> bằng (môi trường/khác)
L 09/28/2026 - 21:25:28: [FF] [Rïçēz] <STEAM_1:1:558962692> -> 7 HP bằng (melee) -> [Lê Hải] <STEAM_1:0:471595906>
L 09/28/2026 - 21:25:30: [FF] [Rïçēz] <STEAM_1:1:558962692> -> 7 HP bằng (melee) -> [Mikasa] <STEAM_1:0:522010986>
L 09/28/2026 - 21:25:31: [KILL] Zombie/Witch/Môi trường <N/A> đã giết （ ͜.人 ͜.）⛇☃ <STEAM_1:1:241852047> bằng (môi trường/khác)
L 09/28/2026 - 21:25:42: [HẠ GỤC] Tank <BOT> đã hạ gục KeroN <STEAM_1:1:161759963> bằng (môi trường/khác)
L 09/28/2026 - 21:25:55: [HẠ GỤC] Tank <BOT> đã hạ gục Mikasa <STEAM_1:0:522010986> bằng (môi trường/khác)
L 09/28/2026 - 21:25:56: [HẠ GỤC] Zombie/Witch/Môi trường <N/A> đã hạ gục Lê Hải <STEAM_1:0:471595906> bằng (môi trường/khác)
L 09/28/2026 - 21:26:17: [HẠ GỤC] Tank <BOT> đã hạ gục Lê Hải <STEAM_1:0:471595906> bằng (môi trường/khác)
L 09/28/2026 - 21:26:25: [HẠ GỤC] Tank <BOT> đã hạ gục Curren Bouquetd'or <STEAM_1:1:524205977> bằng (môi trường/khác)
L 09/28/2026 - 21:26:32: [HẠ GỤC] Tank <BOT> đã hạ gục Rïçēz <STEAM_1:1:558962692> bằng (môi trường/khác)
L 09/28/2026 - 21:26:38: [HẠ GỤC] Tank <BOT> đã hạ gục Mikasa <STEAM_1:0:522010986> bằng (môi trường/khác)
L 09/28/2026 - 21:26:46: [KILL] Spitter <BOT> đã giết Lê Hải <STEAM_1:0:471595906> bằng (zombie cào/đấm)
L 09/28/2026 - 21:26:53: [HẠ GỤC] Tank <BOT> đã hạ gục tychuotkg789 <STEAM_1:0:562186389> bằng (môi trường/khác)
L 09/28/2026 - 21:27:00: [HẠ GỤC] Spitter <BOT> đã hạ gục Rïçēz <STEAM_1:1:558962692> bằng (môi trường/khác)
L 09/28/2026 - 21:27:19: [FF] [tychuotkg789] <STEAM_1:0:562186389> -> 3 HP bằng (súng) -> [Rïçēz] <STEAM_1:1:558962692>
L 09/28/2026 - 21:27:21: [HẠ GỤC] Tank <BOT> đã hạ gục （ ͜.人 ͜.）⛇☃ <STEAM_1:1:241852047> bằng (môi trường/khác)
L 09/28/2026 - 21:27:27: [FF] [tychuotkg789] <STEAM_1:0:562186389> -> 3 HP bằng (súng) -> [[VN✪] BigD] <STEAM_1:1:919011537>
L 09/28/2026 - 21:27:35: [FF] [tychuotkg789] <STEAM_1:0:562186389> -> 3 HP bằng (súng) -> [Chicoarun] <STEAM_1:0:952954061>
L 09/28/2026 - 21:27:35: [FF] [tychuotkg789] <STEAM_1:0:562186389> -> 3 HP bằng (súng) -> [Chicoarun] <STEAM_1:0:952954061>
L 09/28/2026 - 21:27:35: [FF] [tychuotkg789] <STEAM_1:0:562186389> -> 3 HP bằng (súng) -> [Chicoarun] <STEAM_1:0:952954061>
L 09/28/2026 - 21:27:35: [FF] [tychuotkg789] <STEAM_1:0:562186389> -> 3 HP bằng (súng) -> [Chicoarun] <STEAM_1:0:952954061>
L 09/28/2026 - 21:27:35: [FF] [tychuotkg789] <STEAM_1:0:562186389> -> 3 HP bằng (súng) -> [Chicoarun] <STEAM_1:0:952954061>
L 09/28/2026 - 21:27:35: [FF] [tychuotkg789] <STEAM_1:0:562186389> -> 3 HP bằng (súng) -> [Chicoarun] <STEAM_1:0:952954061>
L 09/28/2026 - 21:27:35: [FF] [tychuotkg789] <STEAM_1:0:562186389> -> 3 HP bằng (súng) -> [Chicoarun] <STEAM_1:0:952954061>
L 09/28/2026 - 21:27:35: [FF] [tychuotkg789] <STEAM_1:0:562186389> -> 3 HP bằng (súng) -> [Chicoarun] <STEAM_1:0:952954061>
L 09/28/2026 - 21:27:35: [FF] [tychuotkg789] <STEAM_1:0:562186389> -> 3 HP bằng (súng) -> [Chicoarun] <STEAM_1:0:952954061>
L 09/28/2026 - 21:27:35: [FF] [tychuotkg789] <STEAM_1:0:562186389> -> 3 HP bằng (súng) -> [Chicoarun] <STEAM_1:0:952954061>
L 09/28/2026 - 21:27:35: [FF] [tychuotkg789] <STEAM_1:0:562186389> -> 3 HP bằng (súng) -> [Chicoarun] <STEAM_1:0:952954061>
L 09/28/2026 - 21:27:35: [FF] [tychuotkg789] <STEAM_1:0:562186389> -> 3 HP bằng (súng) -> [Chicoarun] <STEAM_1:0:952954061>
L 09/28/2026 - 21:27:35: [FF] [tychuotkg789] <STEAM_1:0:562186389> -> 3 HP bằng (súng) -> [Chicoarun] <STEAM_1:0:952954061>
L 09/28/2026 - 21:27:35: [FF] [tychuotkg789] <STEAM_1:0:562186389> -> 3 HP bằng (súng) -> [Chicoarun] <STEAM_1:0:952954061>
L 09/28/2026 - 21:27:35: [FF] [tychuotkg789] <STEAM_1:0:562186389> -> 3 HP bằng (súng) -> [Chicoarun] <STEAM_1:0:952954061>
L 09/28/2026 - 21:27:38: [FF] [Curren Bouquetd'or] <STEAM_1:1:524205977> -> 6 HP bằng (súng) -> [[VN✪] BigD] <STEAM_1:1:919011537>
L 09/28/2026 - 21:27:47: [FF] [[VN✪] BigD] <STEAM_1:1:919011537> -> 6 HP bằng (súng) -> [Curren Bouquetd'or] <STEAM_1:1:524205977>
L 09/28/2026 - 21:27:53: [HẠ GỤC] Tank <BOT> đã hạ gục chimxanh <STEAM_1:1:626078671> bằng (môi trường/khác)
L 09/28/2026 - 21:28:00: [HẠ GỤC] Tank <BOT> đã hạ gục KeroN <STEAM_1:1:161759963> bằng (môi trường/khác)
L 09/28/2026 - 21:28:06: [FF] [Mikasa] <STEAM_1:0:522010986> -> 9 HP bằng (boom/fire) -> [Curren Bouquetd'or] <STEAM_1:1:524205977>
L 09/28/2026 - 21:28:06: [FF] [Mikasa] <STEAM_1:0:522010986> -> 11 HP bằng (boom/fire) -> [Curren Bouquetd'or] <STEAM_1:1:524205977>
L 09/28/2026 - 21:28:06: [FF] [Mikasa] <STEAM_1:0:522010986> -> 12 HP bằng (boom/fire) -> [Curren Bouquetd'or] <STEAM_1:1:524205977>
L 09/28/2026 - 21:28:07: [FF] [Mikasa] <STEAM_1:0:522010986> -> 14 HP bằng (boom/fire) -> [Curren Bouquetd'or] <STEAM_1:1:524205977>
L 09/28/2026 - 21:28:07: [HẠ GỤC] Mikasa <STEAM_1:0:522010986> đã hạ gục Curren Bouquetd'or <STEAM_1:1:524205977> bằng (boom/fire)
L 09/28/2026 - 21:28:07: [FF] [Mikasa] <STEAM_1:0:522010986> -> 16 HP bằng (boom/fire) -> [Curren Bouquetd'or] <STEAM_1:1:524205977>
L 09/28/2026 - 21:28:12: [FF] [Mikasa] <STEAM_1:0:522010986> -> 16 HP bằng (boom/fire) -> [tychuotkg789] <STEAM_1:0:562186389>
L 09/28/2026 - 21:28:12: [FF] [Mikasa] <STEAM_1:0:522010986> -> 16 HP bằng (boom/fire) -> [[VN✪] BigD] <STEAM_1:1:919011537>
L 09/28/2026 - 21:28:12: [FF] [Mikasa] <STEAM_1:0:522010986> -> 16 HP bằng (boom/fire) -> [tychuotkg789] <STEAM_1:0:562186389>
L 09/28/2026 - 21:28:12: [FF] [Mikasa] <STEAM_1:0:522010986> -> 16 HP bằng (boom/fire) -> [[VN✪] BigD] <STEAM_1:1:919011537>
L 09/28/2026 - 21:28:12: [FF] [Mikasa] <STEAM_1:0:522010986> -> 16 HP bằng (boom/fire) -> [[VN✪] BigD] <STEAM_1:1:919011537>
L 09/28/2026 - 21:28:13: [HẠ GỤC] Mikasa <STEAM_1:0:522010986> đã hạ gục [VN✪] BigD <STEAM_1:1:919011537> bằng (boom/fire)
L 09/28/2026 - 21:28:13: [FF] [Mikasa] <STEAM_1:0:522010986> -> 16 HP bằng (boom/fire) -> [[VN✪] BigD] <STEAM_1:1:919011537>
L 09/28/2026 - 21:28:13: [FF] [Mikasa] <STEAM_1:0:522010986> -> 16 HP bằng (boom/fire) -> [[VN✪] BigD] <STEAM_1:1:919011537>
L 09/28/2026 - 21:28:15: [HẠ GỤC] Tank <BOT> đã hạ gục chimxanh <STEAM_1:1:626078671> bằng (môi trường/khác)
L 09/28/2026 - 21:28:17: [HẠ GỤC] Mikasa <STEAM_1:0:522010986> đã hạ gục Mikasa <STEAM_1:0:522010986> bằng (boom/fire)
L 09/28/2026 - 21:28:24: [FF] [tychuotkg789] <STEAM_1:0:562186389> -> 10 HP bằng (súng) -> [Curren Bouquetd'or] <STEAM_1:1:524205977>
L 09/28/2026 - 21:28:24: [FF] [tychuotkg789] <STEAM_1:0:562186389> -> 10 HP bằng (súng) -> [Curren Bouquetd'or] <STEAM_1:1:524205977>
L 09/28/2026 - 21:28:24: [FF] [tychuotkg789] <STEAM_1:0:562186389> -> 7 HP bằng (súng) -> [Curren Bouquetd'or] <STEAM_1:1:524205977>
L 09/28/2026 - 21:28:25: [FF] [tychuotkg789] <STEAM_1:0:562186389> -> 7 HP bằng (súng) -> [Chicoarun] <STEAM_1:0:952954061>
L 09/28/2026 - 21:28:25: [FF] [tychuotkg789] <STEAM_1:0:562186389> -> 10 HP bằng (súng) -> [Chicoarun] <STEAM_1:0:952954061>
L 09/28/2026 - 21:28:26: [FF] [tychuotkg789] <STEAM_1:0:562186389> -> 7 HP bằng (súng) -> [Chicoarun] <STEAM_1:0:952954061>
L 09/28/2026 - 21:28:26: [FF] [tychuotkg789] <STEAM_1:0:562186389> -> 6 HP bằng (súng) -> [Chicoarun] <STEAM_1:0:952954061>
L 09/28/2026 - 21:28:27: [FF] [tychuotkg789] <STEAM_1:0:562186389> -> 6 HP bằng (súng) -> [Chicoarun] <STEAM_1:0:952954061>
L 09/28/2026 - 21:28:27: [FF] [tychuotkg789] <STEAM_1:0:562186389> -> 6 HP bằng (súng) -> [Chicoarun] <STEAM_1:0:952954061>
L 09/28/2026 - 21:28:27: [FF] [tychuotkg789] <STEAM_1:0:562186389> -> 6 HP bằng (súng) -> [Curren Bouquetd'or] <STEAM_1:1:524205977>
L 09/28/2026 - 21:28:29: [FF] [tychuotkg789] <STEAM_1:0:562186389> -> 5 HP bằng (súng) -> [Chicoarun] <STEAM_1:0:952954061>
L 09/28/2026 - 21:28:42: [FF] [tychuotkg789] <STEAM_1:0:562186389> -> 5 HP bằng (súng) -> [Chicoarun] <STEAM_1:0:952954061>
L 09/28/2026 - 21:28:44: [FF] [tychuotkg789] <STEAM_1:0:562186389> -> 7 HP bằng (melee) -> [Chicoarun] <STEAM_1:0:952954061>
L 09/28/2026 - 21:28:45: [FF] [Lê Hải] <STEAM_1:0:471595906> -> 1 HP bằng (súng) -> [Chicoarun] <STEAM_1:0:952954061>
L 09/28/2026 - 21:28:47: [FF] [Lê Hải] <STEAM_1:0:471595906> -> 1 HP bằng (súng) -> [[VN✪] BigD] <STEAM_1:1:919011537>
L 09/28/2026 - 21:28:48: [FF] [tychuotkg789] <STEAM_1:0:562186389> -> 7 HP bằng (melee) -> [Lê Hải] <STEAM_1:0:471595906>
L 09/28/2026 - 21:28:48: [HẠ GỤC] Tank <BOT> đã hạ gục Mikasa <STEAM_1:0:522010986> bằng (môi trường/khác)
L 09/28/2026 - 21:28:49: [FF] [Lê Hải] <STEAM_1:0:471595906> -> 1 HP bằng (súng) -> [Chicoarun] <STEAM_1:0:952954061>
L 09/28/2026 - 21:28:50: [FF] [Lê Hải] <STEAM_1:0:471595906> -> 1 HP bằng (súng) -> [Chicoarun] <STEAM_1:0:952954061>
L 09/28/2026 - 21:28:51: [FF] [tychuotkg789] <STEAM_1:0:562186389> -> 7 HP bằng (melee) -> [Chicoarun] <STEAM_1:0:952954061>
L 09/28/2026 - 21:28:51: [HẠ GỤC] Tank <BOT> đã hạ gục [VN✪] BigD <STEAM_1:1:919011537> bằng (môi trường/khác)
L 09/28/2026 - 21:28:52: [FF] [tychuotkg789] <STEAM_1:0:562186389> -> 7 HP bằng (melee) -> [Chicoarun] <STEAM_1:0:952954061>
L 09/28/2026 - 21:28:52: [FF] [Chicoarun] <STEAM_1:0:952954061> -> 5 HP bằng (melee) -> [tychuotkg789] <STEAM_1:0:562186389>
L 09/28/2026 - 21:28:53: [FF] [tychuotkg789] <STEAM_1:0:562186389> -> 7 HP bằng (melee) -> [Lê Hải] <STEAM_1:0:471595906>
L 09/28/2026 - 21:28:54: [FF] [tychuotkg789] <STEAM_1:0:562186389> -> 7 HP bằng (melee) -> [Lê Hải] <STEAM_1:0:471595906>
L 09/28/2026 - 21:28:58: [FF] [Chicoarun] <STEAM_1:0:952954061> -> 6 HP bằng (boom/fire) -> [[VN✪] BigD] <STEAM_1:1:919011537>
L 09/28/2026 - 21:29:02: [KILL] Zombie/Witch/Môi trường <N/A> đã giết Lê Hải <STEAM_1:0:471595906> bằng (môi trường/khác)
L 09/28/2026 - 21:29:04: [FF] [Chicoarun] <STEAM_1:0:952954061> -> 16 HP bằng (boom/fire) -> [Curren Bouquetd'or] <STEAM_1:1:524205977>
L 09/28/2026 - 21:29:05: [KILL] Zombie/Witch/Môi trường <N/A> đã giết tychuotkg789 <STEAM_1:0:562186389> bằng (môi trường/khác)
L 09/28/2026 - 21:29:13: [HẠ GỤC] Hunter <BOT> đã hạ gục Chicoarun <STEAM_1:0:952954061> bằng (zombie cào/đấm)
L 09/28/2026 - 21:29:17: [KILL] Zombie/Witch/Môi trường <N/A> đã giết Mikasa <STEAM_1:0:522010986> bằng (môi trường/khác)
L 09/28/2026 - 21:29:18: [HẠ GỤC] Tank <BOT> đã hạ gục Rïçēz <STEAM_1:1:558962692> bằng (môi trường/khác)
L 09/28/2026 - 21:29:19: [KILL] Tank <BOT> đã giết Rïçēz <STEAM_1:1:558962692> bằng (môi trường/khác)
L 09/28/2026 - 21:29:47: [HẠ GỤC] Tank <BOT> đã hạ gục chimxanh <STEAM_1:1:626078671> bằng (môi trường/khác)
L 09/28/2026 - 21:29:51: [HẠ GỤC] Hunter <BOT> đã hạ gục Chicoarun <STEAM_1:0:952954061> bằng (zombie cào/đấm)
L 09/28/2026 - 21:30:00: [KILL] Hunter <BOT> đã giết Chicoarun <STEAM_1:0:952954061> bằng (zombie cào/đấm)
L 09/28/2026 - 21:30:16: [HẠ GỤC] Tank <BOT> đã hạ gục Curren Bouquetd'or <STEAM_1:1:524205977> bằng (môi trường/khác)
L 09/28/2026 - 21:30:20: [HẠ GỤC] Charger <BOT> đã hạ gục （ ͜.人 ͜.）⛇☃ <STEAM_1:1:241852047> bằng (zombie cào/đấm)
L 09/28/2026 - 21:30:22: [KILL] Charger <BOT> đã giết [VN✪] BigD <STEAM_1:1:919011537> bằng (môi trường/khác)
L 09/28/2026 - 21:30:22: [KILL] Charger <BOT> đã giết [VN✪] BigD <STEAM_1:1:919011537> bằng (zombie cào/đấm)
L 09/28/2026 - 21:30:26: [HẠ GỤC] Tank <BOT> đã hạ gục Mikasa <STEAM_1:0:522010986> bằng (môi trường/khác)
L 09/28/2026 - 21:30:28: [FF] [Chicoarun] <STEAM_1:0:952954061> -> 1 HP bằng (boom/fire) -> [Mikasa] <STEAM_1:0:522010986>
L 09/28/2026 - 21:30:30: [KILL] (1)Hunter <BOT> đã giết （ ͜.人 ͜.）⛇☃ <STEAM_1:1:241852047> bằng (zombie cào/đấm)
L 09/28/2026 - 21:30:32: [HẠ GỤC] (1)Hunter <BOT> đã hạ gục Rïçēz <STEAM_1:1:558962692> bằng (zombie cào/đấm)
L 09/28/2026 - 21:31:02: [HẠ GỤC] (1)Smoker <BOT> đã hạ gục Curren Bouquetd'or <STEAM_1:1:524205977> bằng (zombie cào/đấm)
L 09/28/2026 - 21:31:12: [FF] [tychuotkg789] <STEAM_1:0:562186389> -> 5 HP bằng (súng) -> [KeroN] <STEAM_1:1:161759963>
L 09/28/2026 - 21:31:14: [FF] [KeroN] <STEAM_1:1:161759963> -> 7 HP bằng (súng) -> [Chicoarun] <STEAM_1:0:952954061>
L 09/28/2026 - 21:31:14: [FF] [KeroN] <STEAM_1:1:161759963> -> 6 HP bằng (súng) -> [Chicoarun] <STEAM_1:0:952954061>
L 09/28/2026 - 21:31:14: [FF] [tychuotkg789] <STEAM_1:0:562186389> -> 5 HP bằng (súng) -> [Lê Hải] <STEAM_1:0:471595906>
L 09/28/2026 - 21:31:14: [FF] [tychuotkg789] <STEAM_1:0:562186389> -> 5 HP bằng (súng) -> [Lê Hải] <STEAM_1:0:471595906>
L 09/28/2026 - 21:31:14: [FF] [tychuotkg789] <STEAM_1:0:562186389> -> 5 HP bằng (súng) -> [Lê Hải] <STEAM_1:0:471595906>
L 09/28/2026 - 21:31:16: [HẠ GỤC] Tank <BOT> đã hạ gục Chicoarun <STEAM_1:0:952954061> bằng (môi trường/khác)
L 09/28/2026 - 21:31:17: [FF] [KeroN] <STEAM_1:1:161759963> -> 6 HP bằng (súng) -> [Lê Hải] <STEAM_1:0:471595906>
L 09/28/2026 - 21:31:17: [FF] [KeroN] <STEAM_1:1:161759963> -> 5 HP bằng (súng) -> [Lê Hải] <STEAM_1:0:471595906>
L 09/28/2026 - 21:31:17: [HẠ GỤC] Tank <BOT> đã hạ gục Lê Hải <STEAM_1:0:471595906> bằng (môi trường/khác)
L 09/28/2026 - 21:31:17: [FF] [tychuotkg789] <STEAM_1:0:562186389> -> 5 HP bằng (súng) -> [Lê Hải] <STEAM_1:0:471595906>
L 09/28/2026 - 21:31:18: [FF] [KeroN] <STEAM_1:1:161759963> -> 5 HP bằng (súng) -> [Lê Hải] <STEAM_1:0:471595906>
L 09/28/2026 - 21:31:22: [KILL] Zombie/Witch/Môi trường <N/A> đã giết Mikasa <STEAM_1:0:522010986> bằng (zombie cào/đấm)
L 09/28/2026 - 21:31:23: [FF] [tychuotkg789] <STEAM_1:0:562186389> -> 5 HP bằng (súng) -> [KeroN] <STEAM_1:1:161759963>
L 09/28/2026 - 21:31:24: [FF] [tychuotkg789] <STEAM_1:0:562186389> -> 5 HP bằng (súng) -> [KeroN] <STEAM_1:1:161759963>
L 09/28/2026 - 21:31:24: [FF] [chimxanh] <STEAM_1:1:626078671> -> 3 HP bằng (súng) -> [KeroN] <STEAM_1:1:161759963>
L 09/28/2026 - 21:31:26: [HẠ GỤC] Tank <BOT> đã hạ gục KeroN <STEAM_1:1:161759963> bằng (môi trường/khác)
L 09/28/2026 - 21:31:41: [HẠ GỤC] Tank <BOT> đã hạ gục tychuotkg789 <STEAM_1:0:562186389> bằng (môi trường/khác)
L 09/28/2026 - 21:31:43: [HẠ GỤC] Boomer <BOT> đã hạ gục （ ͜.人 ͜.）⛇☃ <STEAM_1:1:241852047> bằng (zombie cào/đấm)
L 09/28/2026 - 21:31:44: [HẠ GỤC] Tank <BOT> đã hạ gục Rïçēz <STEAM_1:1:558962692> bằng (môi trường/khác)
L 09/28/2026 - 21:31:49: [KILL] Zombie/Witch/Môi trường <N/A> đã giết tychuotkg789 <STEAM_1:0:562186389> bằng (zombie cào/đấm)
L 09/28/2026 - 21:31:52: [KILL] Hunter <BOT> đã giết Rïçēz <STEAM_1:1:558962692> bằng (zombie cào/đấm)
L 09/28/2026 - 21:31:58: [HẠ GỤC] Smoker <BOT> đã hạ gục Chicoarun <STEAM_1:0:952954061> bằng (zombie cào/đấm)
L 09/28/2026 - 21:32:01: [KILL] Zombie/Witch/Môi trường <N/A> đã giết Lê Hải <STEAM_1:0:471595906> bằng (zombie cào/đấm)
L 09/28/2026 - 21:32:07: [HẠ GỤC] Charger <BOT> đã hạ gục [VN✪] BigD <STEAM_1:1:919011537> bằng (zombie cào/đấm)
L 09/28/2026 - 21:32:07: [KILL] Zombie/Witch/Môi trường <N/A> đã giết chimxanh <STEAM_1:1:626078671> bằng (zombie cào/đấm)
L 09/28/2026 - 21:32:09: [KILL] Zombie/Witch/Môi trường <N/A> đã giết KeroN <STEAM_1:1:161759963> bằng (zombie cào/đấm)
L 09/28/2026 - 21:32:11: [KILL] Tank <BOT> đã giết Chicoarun <STEAM_1:0:952954061> bằng (môi trường/khác)
L 09/28/2026 - 21:32:41: [HẠ GỤC] Tank <BOT> đã hạ gục （ ͜.人 ͜.）⛇☃ <STEAM_1:1:241852047> bằng (môi trường/khác)
L 09/28/2026 - 21:32:59: [FF] [[VN✪] BigD] <STEAM_1:1:919011537> -> 5 HP bằng (súng) -> [Curren Bouquetd'or] <STEAM_1:1:524205977>
L 09/28/2026 - 21:32:59: [FF] [[VN✪] BigD] <STEAM_1:1:919011537> -> 5 HP bằng (súng) -> [Curren Bouquetd'or] <STEAM_1:1:524205977>
L 09/28/2026 - 21:33:01: [FF] [Mikasa] <STEAM_1:0:522010986> -> 7 HP bằng (melee) -> [Curren Bouquetd'or] <STEAM_1:1:524205977>
L 09/28/2026 - 21:33:04: [KILL] Zombie/Witch/Môi trường <N/A> đã giết Mikasa <STEAM_1:0:522010986> bằng (môi trường/khác)
L 09/28/2026 - 21:33:05: [HẠ GỤC] Zombie/Witch/Môi trường <N/A> đã hạ gục Curren Bouquetd'or <STEAM_1:1:524205977> bằng (môi trường/khác)
L 09/28/2026 - 21:33:05: [HẠ GỤC] Tank <BOT> đã hạ gục Rïçēz <STEAM_1:1:558962692> bằng (môi trường/khác)
L 09/28/2026 - 21:33:10: [HẠ GỤC] Tank <BOT> đã hạ gục [VN✪] BigD <STEAM_1:1:919011537> bằng (môi trường/khác)
L 09/28/2026 - 21:33:18: [HẠ GỤC] Tank <BOT> đã hạ gục tychuotkg789 <STEAM_1:0:562186389> bằng (môi trường/khác)
L 09/28/2026 - 21:33:27: [HẠ GỤC] Jockey <BOT> đã hạ gục Chicoarun <STEAM_1:0:952954061> bằng (zombie cào/đấm)
L 09/28/2026 - 21:33:35: [HẠ GỤC] Zombie/Witch/Môi trường <N/A> đã hạ gục chimxanh <STEAM_1:1:626078671> bằng (môi trường/khác)
L 09/28/2026 - 21:33:43: [HẠ GỤC] Tank <BOT> đã hạ gục KeroN <STEAM_1:1:161759963> bằng (môi trường/khác)
L 09/28/2026 - 21:33:56: [FF] [chimxanh] <STEAM_1:1:626078671> -> 8 HP bằng (melee) -> [（ ͜.人 ͜.）⛇☃] <STEAM_1:1:241852047>
L 09/28/2026 - 21:33:56: [FF] [（ ͜.人 ͜.）⛇☃] <STEAM_1:1:241852047> -> 10 HP bằng (súng) -> [chimxanh] <STEAM_1:1:626078671>
L 09/28/2026 - 21:33:56: [FF] [（ ͜.人 ͜.）⛇☃] <STEAM_1:1:241852047> -> 7 HP bằng (súng) -> [chimxanh] <STEAM_1:1:626078671>
L 09/28/2026 - 21:33:58: [FF] [chimxanh] <STEAM_1:1:626078671> -> 8 HP bằng (melee) -> [（ ͜.人 ͜.）⛇☃] <STEAM_1:1:241852047>
L 09/28/2026 - 21:34:07: [HẠ GỤC] Tank <BOT> đã hạ gục KeroN <STEAM_1:1:161759963> bằng (môi trường/khác)
L 09/28/2026 - 21:34:08: [HẠ GỤC] Tank <BOT> đã hạ gục chimxanh <STEAM_1:1:626078671> bằng (môi trường/khác)
L 09/28/2026 - 21:34:10: [HẠ GỤC] Tank <BOT> đã hạ gục Chicoarun <STEAM_1:0:952954061> bằng (môi trường/khác)
L 09/28/2026 - 21:34:15: [FF] [tychuotkg789] <STEAM_1:0:562186389> -> 12 HP bằng (súng) -> [Mikasa] <STEAM_1:0:522010986>
L 09/28/2026 - 21:34:15: [HẠ GỤC] Tank <BOT> đã hạ gục Rïçēz <STEAM_1:1:558962692> bằng (môi trường/khác)
L 09/28/2026 - 21:34:15: [FF] [tychuotkg789] <STEAM_1:0:562186389> -> 12 HP bằng (súng) -> [Mikasa] <STEAM_1:0:522010986>
L 09/28/2026 - 21:34:15: [FF] [tychuotkg789] <STEAM_1:0:562186389> -> 12 HP bằng (súng) -> [Mikasa] <STEAM_1:0:522010986>
L 09/28/2026 - 21:34:17: [HẠ GỤC] Tank <BOT> đã hạ gục Mikasa <STEAM_1:0:522010986> bằng (môi trường/khác)
L 09/28/2026 - 21:34:21: [HẠ GỤC] Tank <BOT> đã hạ gục （ ͜.人 ͜.）⛇☃ <STEAM_1:1:241852047> bằng (môi trường/khác)
L 09/28/2026 - 21:34:23: [FF] [tychuotkg789] <STEAM_1:0:562186389> -> 8 HP bằng (melee) -> [Mikasa] <STEAM_1:0:522010986>
L 09/28/2026 - 21:34:25: [HẠ GỤC] Tank <BOT> đã hạ gục tychuotkg789 <STEAM_1:0:562186389> bằng (môi trường/khác)
L 09/28/2026 - 21:34:39: [KILL] Tank <BOT> đã giết chimxanh <STEAM_1:1:626078671> bằng (môi trường/khác)
L 09/28/2026 - 21:34:41: [HẠ GỤC] Tank <BOT> đã hạ gục Lê Hải <STEAM_1:0:471595906> bằng (môi trường/khác)
L 09/28/2026 - 21:34:50: [KILL] Zombie/Witch/Môi trường <N/A> đã giết Rïçēz <STEAM_1:1:558962692> bằng (môi trường/khác)
L 09/28/2026 - 21:35:04: [HẠ GỤC] Zombie/Witch/Môi trường <N/A> đã hạ gục [VN✪] BigD <STEAM_1:1:919011537> bằng (môi trường/khác)
L 09/28/2026 - 21:35:07: [HẠ GỤC] Tank <BOT> đã hạ gục Mikasa <STEAM_1:0:522010986> bằng (môi trường/khác)
L 09/28/2026 - 21:35:08: [HẠ GỤC] Tank <BOT> đã hạ gục Lê Hải <STEAM_1:0:471595906> bằng (môi trường/khác)
L 09/28/2026 - 21:35:10: [KILL] Tank <BOT> đã giết tychuotkg789 <STEAM_1:0:562186389> bằng (môi trường/khác)
L 09/28/2026 - 21:35:10: [FF] [KeroN] <STEAM_1:1:161759963> -> 15 HP bằng (súng) -> [Mikasa] <STEAM_1:0:522010986>
L 09/28/2026 - 21:35:11: [FF] [KeroN] <STEAM_1:1:161759963> -> 13 HP bằng (súng) -> [Mikasa] <STEAM_1:0:522010986>
L 09/28/2026 - 21:35:11: [KILL] Tank <BOT> đã giết KeroN <STEAM_1:1:161759963> bằng (môi trường/khác)
L 09/28/2026 - 21:35:41: [HẠ GỤC] Tank <BOT> đã hạ gục [VN✪] BigD <STEAM_1:1:919011537> bằng (môi trường/khác)
L 09/28/2026 - 21:35:51: [HẠ GỤC] Tank <BOT> đã hạ gục （ ͜.人 ͜.）⛇☃ <STEAM_1:1:241852047> bằng (môi trường/khác)
L 09/28/2026 - 21:35:53: [HẠ GỤC] Spitter <BOT> đã hạ gục [VN✪] BigD <STEAM_1:1:919011537> bằng (môi trường/khác)
L 09/28/2026 - 21:35:54: [HẠ GỤC] Zombie/Witch/Môi trường <N/A> đã hạ gục Chicoarun <STEAM_1:0:952954061> bằng (môi trường/khác)
L 09/28/2026 - 21:36:11: [KILL] Smoker <BOT> đã giết [VN✪] BigD <STEAM_1:1:919011537> bằng (zombie cào/đấm)
L 09/28/2026 - 21:36:13: [FF] [Curren Bouquetd'or] <STEAM_1:1:524205977> -> 24 HP bằng (súng) -> [chimxanh] <STEAM_1:1:626078671>
L 09/28/2026 - 21:36:18: [KILL] Zombie/Witch/Môi trường <N/A> đã giết Lê Hải <STEAM_1:0:471595906> bằng (môi trường/khác)
L 09/28/2026 - 21:36:31: [HẠ GỤC] Tank <BOT> đã hạ gục chimxanh <STEAM_1:1:626078671> bằng (môi trường/khác)
L 09/28/2026 - 21:36:34: [FF] [KeroN] <STEAM_1:1:161759963> -> 5 HP bằng (melee) -> [Mikasa] <STEAM_1:0:522010986>
L 09/28/2026 - 21:36:39: [HẠ GỤC] Tank <BOT> đã hạ gục Mikasa <STEAM_1:0:522010986> bằng (môi trường/khác)
L 09/28/2026 - 21:36:41: [FF] [tychuotkg789] <STEAM_1:0:562186389> -> 5 HP bằng (súng) -> [chimxanh] <STEAM_1:1:626078671>
L 09/28/2026 - 21:36:42: [FF] [tychuotkg789] <STEAM_1:0:562186389> -> 5 HP bằng (súng) -> [KeroN] <STEAM_1:1:161759963>
L 09/28/2026 - 21:36:42: [FF] [tychuotkg789] <STEAM_1:0:562186389> -> 5 HP bằng (súng) -> [chimxanh] <STEAM_1:1:626078671>
L 09/28/2026 - 21:36:42: [FF] [tychuotkg789] <STEAM_1:0:562186389> -> 5 HP bằng (súng) -> [chimxanh] <STEAM_1:1:626078671>
L 09/28/2026 - 21:36:42: [FF] [tychuotkg789] <STEAM_1:0:562186389> -> 5 HP bằng (súng) -> [chimxanh] <STEAM_1:1:626078671>
L 09/28/2026 - 21:36:42: [FF] [tychuotkg789] <STEAM_1:0:562186389> -> 5 HP bằng (súng) -> [chimxanh] <STEAM_1:1:626078671>
L 09/28/2026 - 21:36:42: [FF] [tychuotkg789] <STEAM_1:0:562186389> -> 5 HP bằng (súng) -> [chimxanh] <STEAM_1:1:626078671>
L 09/28/2026 - 21:36:42: [FF] [tychuotkg789] <STEAM_1:0:562186389> -> 5 HP bằng (súng) -> [chimxanh] <STEAM_1:1:626078671>
L 09/28/2026 - 21:36:42: [FF] [tychuotkg789] <STEAM_1:0:562186389> -> 5 HP bằng (súng) -> [chimxanh] <STEAM_1:1:626078671>
L 09/28/2026 - 21:36:48: [KILL] Zombie/Witch/Môi trường <N/A> đã giết Chicoarun <STEAM_1:0:952954061> bằng (môi trường/khác)
L 09/28/2026 - 21:36:53: [FF] [tychuotkg789] <STEAM_1:0:562186389> -> 6 HP bằng (súng) -> [KeroN] <STEAM_1:1:161759963>
L 09/28/2026 - 21:36:55: [FF] [KeroN] <STEAM_1:1:161759963> -> 5 HP bằng (melee) -> [chimxanh] <STEAM_1:1:626078671>
L 09/28/2026 - 21:37:00: [FF] [KeroN] <STEAM_1:1:161759963> -> 7 HP bằng (súng) -> [tychuotkg789] <STEAM_1:0:562186389>
L 09/28/2026 - 21:37:28: [HẠ GỤC] Tank <BOT> đã hạ gục chimxanh <STEAM_1:1:626078671> bằng (môi trường/khác)
L 09/28/2026 - 21:37:32: [FF] [chimxanh] <STEAM_1:1:626078671> -> 16 HP bằng (boom/fire) -> [[VN✪] BigD] <STEAM_1:1:919011537>
L 09/28/2026 - 21:37:33: [FF] [chimxanh] <STEAM_1:1:626078671> -> 16 HP bằng (boom/fire) -> [[VN✪] BigD] <STEAM_1:1:919011537>
L 09/28/2026 - 21:37:33: [FF] [chimxanh] <STEAM_1:1:626078671> -> 16 HP bằng (boom/fire) -> [[VN✪] BigD] <STEAM_1:1:919011537>
L 09/28/2026 - 21:37:33: [FF] [chimxanh] <STEAM_1:1:626078671> -> 16 HP bằng (boom/fire) -> [[VN✪] BigD] <STEAM_1:1:919011537>
L 09/28/2026 - 21:37:33: [FF] [chimxanh] <STEAM_1:1:626078671> -> 16 HP bằng (boom/fire) -> [[VN✪] BigD] <STEAM_1:1:919011537>
L 09/28/2026 - 21:37:33: [FF] [chimxanh] <STEAM_1:1:626078671> -> 16 HP bằng (boom/fire) -> [[VN✪] BigD] <STEAM_1:1:919011537>
L 09/28/2026 - 21:37:34: [FF] [chimxanh] <STEAM_1:1:626078671> -> 16 HP bằng (boom/fire) -> [[VN✪] BigD] <STEAM_1:1:919011537>
L 09/28/2026 - 21:37:34: [HẠ GỤC] chimxanh <STEAM_1:1:626078671> đã hạ gục [VN✪] BigD <STEAM_1:1:919011537> bằng (boom/fire)
L 09/28/2026 - 21:37:34: [FF] [chimxanh] <STEAM_1:1:626078671> -> 16 HP bằng (boom/fire) -> [[VN✪] BigD] <STEAM_1:1:919011537>
L 09/28/2026 - 21:37:34: [FF] [chimxanh] <STEAM_1:1:626078671> -> 16 HP bằng (boom/fire) -> [[VN✪] BigD] <STEAM_1:1:919011537>
L 09/28/2026 - 21:37:34: [FF] [chimxanh] <STEAM_1:1:626078671> -> 16 HP bằng (boom/fire) -> [[VN✪] BigD] <STEAM_1:1:919011537>
L 09/28/2026 - 21:37:35: [FF] [chimxanh] <STEAM_1:1:626078671> -> 16 HP bằng (boom/fire) -> [[VN✪] BigD] <STEAM_1:1:919011537>
L 09/28/2026 - 21:37:35: [FF] [chimxanh] <STEAM_1:1:626078671> -> 16 HP bằng (boom/fire) -> [[VN✪] BigD] <STEAM_1:1:919011537>
L 09/28/2026 - 21:37:35: [FF] [chimxanh] <STEAM_1:1:626078671> -> 16 HP bằng (boom/fire) -> [[VN✪] BigD] <STEAM_1:1:919011537>
L 09/28/2026 - 21:37:35: [FF] [chimxanh] <STEAM_1:1:626078671> -> 16 HP bằng (boom/fire) -> [[VN✪] BigD] <STEAM_1:1:919011537>
L 09/28/2026 - 21:37:35: [FF] [chimxanh] <STEAM_1:1:626078671> -> 16 HP bằng (boom/fire) -> [[VN✪] BigD] <STEAM_1:1:919011537>
L 09/28/2026 - 21:37:36: [FF] [chimxanh] <STEAM_1:1:626078671> -> 16 HP bằng (boom/fire) -> [[VN✪] BigD] <STEAM_1:1:919011537>
L 09/28/2026 - 21:37:36: [FF] [chimxanh] <STEAM_1:1:626078671> -> 16 HP bằng (boom/fire) -> [[VN✪] BigD] <STEAM_1:1:919011537>
L 09/28/2026 - 21:37:36: [FF] [chimxanh] <STEAM_1:1:626078671> -> 16 HP bằng (boom/fire) -> [[VN✪] BigD] <STEAM_1:1:919011537>
L 09/28/2026 - 21:37:36: [FF] [chimxanh] <STEAM_1:1:626078671> -> 16 HP bằng (boom/fire) -> [[VN✪] BigD] <STEAM_1:1:919011537>
L 09/28/2026 - 21:37:36: [FF] [chimxanh] <STEAM_1:1:626078671> -> 16 HP bằng (boom/fire) -> [[VN✪] BigD] <STEAM_1:1:919011537>
L 09/28/2026 - 21:37:37: [FF] [chimxanh] <STEAM_1:1:626078671> -> 16 HP bằng (boom/fire) -> [[VN✪] BigD] <STEAM_1:1:919011537>
L 09/28/2026 - 21:37:37: [FF] [chimxanh] <STEAM_1:1:626078671> -> 16 HP bằng (boom/fire) -> [[VN✪] BigD] <STEAM_1:1:919011537>
L 09/28/2026 - 21:37:37: [FF] [chimxanh] <STEAM_1:1:626078671> -> 16 HP bằng (boom/fire) -> [[VN✪] BigD] <STEAM_1:1:919011537>
L 09/28/2026 - 21:37:37: [FF] [chimxanh] <STEAM_1:1:626078671> -> 16 HP bằng (boom/fire) -> [[VN✪] BigD] <STEAM_1:1:919011537>
L 09/28/2026 - 21:37:37: [FF] [chimxanh] <STEAM_1:1:626078671> -> 16 HP bằng (boom/fire) -> [[VN✪] BigD] <STEAM_1:1:919011537>
L 09/28/2026 - 21:37:38: [FF] [chimxanh] <STEAM_1:1:626078671> -> 16 HP bằng (boom/fire) -> [[VN✪] BigD] <STEAM_1:1:919011537>
L 09/28/2026 - 21:37:38: [FF] [chimxanh] <STEAM_1:1:626078671> -> 16 HP bằng (boom/fire) -> [[VN✪] BigD] <STEAM_1:1:919011537>
L 09/28/2026 - 21:37:49: [HẠ GỤC] Zombie/Witch/Môi trường <N/A> đã hạ gục Lê Hải <STEAM_1:0:471595906> bằng (môi trường/khác)
L 09/28/2026 - 21:37:52: [FF] [Rïçēz] <STEAM_1:1:558962692> -> 7 HP bằng (melee) -> [Lê Hải] <STEAM_1:0:471595906>
L 09/28/2026 - 21:37:52: [HẠ GỤC] Zombie/Witch/Môi trường <N/A> đã hạ gục Mikasa <STEAM_1:0:522010986> bằng (môi trường/khác)
L 09/28/2026 - 21:37:59: [FF] [tychuotkg789] <STEAM_1:0:562186389> -> 6 HP bằng (súng) -> [Lê Hải] <STEAM_1:0:471595906>
L 09/28/2026 - 21:38:00: [FF] [Curren Bouquetd'or] <STEAM_1:1:524205977> -> 3 HP bằng (súng) -> [KeroN] <STEAM_1:1:161759963>
L 09/28/2026 - 21:38:02: [HẠ GỤC] Zombie/Witch/Môi trường <N/A> đã hạ gục Lê Hải <STEAM_1:0:471595906> bằng (môi trường/khác)
L 09/28/2026 - 21:38:11: [FF] [Rïçēz] <STEAM_1:1:558962692> -> 5 HP bằng (súng) -> [Curren Bouquetd'or] <STEAM_1:1:524205977>
L 09/28/2026 - 21:38:11: [FF] [Rïçēz] <STEAM_1:1:558962692> -> 5 HP bằng (súng) -> [Curren Bouquetd'or] <STEAM_1:1:524205977>
L 09/28/2026 - 21:38:18: [FF] [[VN✪] BigD] <STEAM_1:1:919011537> -> 4 HP bằng (súng) -> [tychuotkg789] <STEAM_1:0:562186389>
L 09/28/2026 - 21:38:18: [FF] [[VN✪] BigD] <STEAM_1:1:919011537> -> 4 HP bằng (súng) -> [tychuotkg789] <STEAM_1:0:562186389>
L 09/28/2026 - 21:38:18: [FF] [[VN✪] BigD] <STEAM_1:1:919011537> -> 4 HP bằng (súng) -> [tychuotkg789] <STEAM_1:0:562186389>
L 09/28/2026 - 21:38:18: [FF] [[VN✪] BigD] <STEAM_1:1:919011537> -> 4 HP bằng (súng) -> [tychuotkg789] <STEAM_1:0:562186389>
L 09/28/2026 - 21:38:18: [FF] [[VN✪] BigD] <STEAM_1:1:919011537> -> 4 HP bằng (súng) -> [tychuotkg789] <STEAM_1:0:562186389>
L 09/28/2026 - 21:38:18: [FF] [[VN✪] BigD] <STEAM_1:1:919011537> -> 4 HP bằng (súng) -> [tychuotkg789] <STEAM_1:0:562186389>
L 09/28/2026 - 21:38:18: [FF] [[VN✪] BigD] <STEAM_1:1:919011537> -> 4 HP bằng (súng) -> [tychuotkg789] <STEAM_1:0:562186389>
L 09/28/2026 - 21:38:18: [FF] [[VN✪] BigD] <STEAM_1:1:919011537> -> 4 HP bằng (súng) -> [tychuotkg789] <STEAM_1:0:562186389>
L 09/28/2026 - 21:38:20: [KILL] Zombie/Witch/Môi trường <N/A> đã giết chimxanh <STEAM_1:1:626078671> bằng (môi trường/khác)
L 09/28/2026 - 21:38:20: [HẠ GỤC] Zombie/Witch/Môi trường <N/A> đã hạ gục [VN✪] BigD <STEAM_1:1:919011537> bằng (môi trường/khác)
L 09/28/2026 - 21:38:20: [HẠ GỤC] Zombie/Witch/Môi trường <N/A> đã hạ gục （ ͜.人 ͜.）⛇☃ <STEAM_1:1:241852047> bằng (môi trường/khác)
L 09/28/2026 - 21:38:24: [FF] [tychuotkg789] <STEAM_1:0:562186389> -> 6 HP bằng (súng) -> [KeroN] <STEAM_1:1:161759963>
L 09/28/2026 - 21:38:24: [FF] [tychuotkg789] <STEAM_1:0:562186389> -> 6 HP bằng (súng) -> [KeroN] <STEAM_1:1:161759963>
L 09/28/2026 - 21:38:25: [HẠ GỤC] Tank <BOT> đã hạ gục Chicoarun <STEAM_1:0:952954061> bằng (môi trường/khác)
L 09/28/2026 - 21:38:25: [FF] [tychuotkg789] <STEAM_1:0:562186389> -> 6 HP bằng (súng) -> [Chicoarun] <STEAM_1:0:952954061>
L 09/28/2026 - 21:38:26: [FF] [tychuotkg789] <STEAM_1:0:562186389> -> 5 HP bằng (súng) -> [Curren Bouquetd'or] <STEAM_1:1:524205977>
L 09/28/2026 - 21:38:28: [FF] [chimxanh] <STEAM_1:1:626078671> -> 1 HP bằng (boom/fire) -> [Rïçēz] <STEAM_1:1:558962692>
L 09/28/2026 - 21:38:31: [HẠ GỤC] Zombie/Witch/Môi trường <N/A> đã hạ gục tychuotkg789 <STEAM_1:0:562186389> bằng (môi trường/khác)
L 09/28/2026 - 21:38:31: [KILL] Tank <BOT> đã giết [VN✪] BigD <STEAM_1:1:919011537> bằng (môi trường/khác)
L 09/28/2026 - 21:38:31: [FF] [KeroN] <STEAM_1:1:161759963> -> 10 HP bằng (súng) -> [Rïçēz] <STEAM_1:1:558962692>
L 09/28/2026 - 21:38:31: [KILL] Tank <BOT> đã giết （ ͜.人 ͜.）⛇☃ <STEAM_1:1:241852047> bằng (môi trường/khác)
L 09/28/2026 - 21:38:32: [KILL] Tank <BOT> đã giết Chicoarun <STEAM_1:0:952954061> bằng (môi trường/khác)
L 09/28/2026 - 21:38:34: [FF] [Mikasa] <STEAM_1:0:522010986> -> 13 HP bằng (súng) -> [Rïçēz] <STEAM_1:1:558962692>
L 09/28/2026 - 21:38:34: [FF] [Mikasa] <STEAM_1:0:522010986> -> 13 HP bằng (súng) -> [Rïçēz] <STEAM_1:1:558962692>
L 09/28/2026 - 21:38:37: [FF] [tychuotkg789] <STEAM_1:0:562186389> -> 5 HP bằng (súng) -> [Rïçēz] <STEAM_1:1:558962692>
L 09/28/2026 - 21:38:38: [FF] [tychuotkg789] <STEAM_1:0:562186389> -> 6 HP bằng (súng) -> [Rïçēz] <STEAM_1:1:558962692>
L 09/28/2026 - 21:38:40: [FF] [KeroN] <STEAM_1:1:161759963> -> 5 HP bằng (súng) -> [tychuotkg789] <STEAM_1:0:562186389>
L 09/28/2026 - 21:38:40: [FF] [KeroN] <STEAM_1:1:161759963> -> 6 HP bằng (súng) -> [Rïçēz] <STEAM_1:1:558962692>
L 09/28/2026 - 21:38:40: [FF] [KeroN] <STEAM_1:1:161759963> -> 7 HP bằng (súng) -> [Rïçēz] <STEAM_1:1:558962692>
L 09/28/2026 - 21:38:41: [FF] [KeroN] <STEAM_1:1:161759963> -> 6 HP bằng (súng) -> [Rïçēz] <STEAM_1:1:558962692>
L 09/28/2026 - 21:38:41: [FF] [KeroN] <STEAM_1:1:161759963> -> 6 HP bằng (súng) -> [tychuotkg789] <STEAM_1:0:562186389>
L 09/28/2026 - 21:38:45: [HẠ GỤC] Tank <BOT> đã hạ gục KeroN <STEAM_1:1:161759963> bằng (môi trường/khác)
L 09/28/2026 - 21:38:45: [FF] [Rïçēz] <STEAM_1:1:558962692> -> 7 HP bằng (melee) -> [Lê Hải] <STEAM_1:0:471595906>
L 09/28/2026 - 21:38:52: [FF] [tychuotkg789] <STEAM_1:0:562186389> -> 5 HP bằng (súng) -> [KeroN] <STEAM_1:1:161759963>
L 09/28/2026 - 21:38:53: [FF] [Mikasa] <STEAM_1:0:522010986> -> 15 HP bằng (súng) -> [Rïçēz] <STEAM_1:1:558962692>
L 09/28/2026 - 21:39:00: [KILL] Zombie/Witch/Môi trường <N/A> đã giết Lê Hải <STEAM_1:0:471595906> bằng (môi trường/khác)
L 09/28/2026 - 21:39:00: [HẠ GỤC] Tank <BOT> đã hạ gục tychuotkg789 <STEAM_1:0:562186389> bằng (môi trường/khác)
L 09/28/2026 - 21:39:15: [HẠ GỤC] Tank <BOT> đã hạ gục KeroN <STEAM_1:1:161759963> bằng (môi trường/khác)
L 09/28/2026 - 21:39:24: [HẠ GỤC] Tank <BOT> đã hạ gục Mikasa <STEAM_1:0:522010986> bằng (môi trường/khác)
L 09/28/2026 - 21:39:27: [HẠ GỤC] Zombie/Witch/Môi trường <N/A> đã hạ gục Curren Bouquetd'or <STEAM_1:1:524205977> bằng (môi trường/khác)
L 09/28/2026 - 21:39:34: [HẠ GỤC] Zombie/Witch/Môi trường <N/A> đã hạ gục Rïçēz <STEAM_1:1:558962692> bằng (môi trường/khác)
L 09/28/2026 - 21:39:41: [FF] [[VN✪] BigD] <STEAM_1:1:919011537> -> 5 HP bằng (súng) -> [Curren Bouquetd'or] <STEAM_1:1:524205977>
L 09/28/2026 - 21:39:41: [FF] [[VN✪] BigD] <STEAM_1:1:919011537> -> 3 HP bằng (súng) -> [Curren Bouquetd'or] <STEAM_1:1:524205977>
L 09/28/2026 - 21:39:41: [FF] [[VN✪] BigD] <STEAM_1:1:919011537> -> 5 HP bằng (súng) -> [Curren Bouquetd'or] <STEAM_1:1:524205977>
L 09/28/2026 - 21:39:41: [FF] [[VN✪] BigD] <STEAM_1:1:919011537> -> 5 HP bằng (súng) -> [Curren Bouquetd'or] <STEAM_1:1:524205977>
L 09/28/2026 - 21:39:41: [FF] [[VN✪] BigD] <STEAM_1:1:919011537> -> 3 HP bằng (súng) -> [Curren Bouquetd'or] <STEAM_1:1:524205977>
L 09/28/2026 - 21:39:41: [FF] [[VN✪] BigD] <STEAM_1:1:919011537> -> 5 HP bằng (súng) -> [Curren Bouquetd'or] <STEAM_1:1:524205977>
L 09/28/2026 - 21:39:41: [FF] [[VN✪] BigD] <STEAM_1:1:919011537> -> 5 HP bằng (súng) -> [Curren Bouquetd'or] <STEAM_1:1:524205977>
L 09/28/2026 - 21:39:41: [FF] [[VN✪] BigD] <STEAM_1:1:919011537> -> 5 HP bằng (súng) -> [Curren Bouquetd'or] <STEAM_1:1:524205977>
L 09/28/2026 - 21:39:46: [FF] [chimxanh] <STEAM_1:1:626078671> -> 7 HP bằng (melee) -> [Curren Bouquetd'or] <STEAM_1:1:524205977>
L 09/28/2026 - 21:39:46: [FF] [（ ͜.人 ͜.）⛇☃] <STEAM_1:1:241852047> -> 25 HP bằng (melee) -> [chimxanh] <STEAM_1:1:626078671>
L 09/28/2026 - 21:39:46: [FF] [（ ͜.人 ͜.）⛇☃] <STEAM_1:1:241852047> -> 25 HP bằng (melee) -> [Curren Bouquetd'or] <STEAM_1:1:524205977>
L 09/28/2026 - 21:39:48: [HẠ GỤC] Tank <BOT> đã hạ gục Chicoarun <STEAM_1:0:952954061> bằng (môi trường/khác)
L 09/28/2026 - 21:39:49: [FF] [chimxanh] <STEAM_1:1:626078671> -> 7 HP bằng (melee) -> [Curren Bouquetd'or] <STEAM_1:1:524205977>
L 09/28/2026 - 21:39:51: [HẠ GỤC] Tank <BOT> đã hạ gục Rïçēz <STEAM_1:1:558962692> bằng (môi trường/khác)
L 09/28/2026 - 21:39:53: [HẠ GỤC] Tank <BOT> đã hạ gục chimxanh <STEAM_1:1:626078671> bằng (môi trường/khác)
L 09/28/2026 - 21:39:56: [FF] [KeroN] <STEAM_1:1:161759963> -> 10 HP bằng (súng) -> [Mikasa] <STEAM_1:0:522010986>
L 09/28/2026 - 21:40:02: [FF] [（ ͜.人 ͜.）⛇☃] <STEAM_1:1:241852047> -> 25 HP bằng (melee) -> [[VN✪] BigD] <STEAM_1:1:919011537>
L 09/28/2026 - 21:40:05: [HẠ GỤC] Tank <BOT> đã hạ gục [VN✪] BigD <STEAM_1:1:919011537> bằng (môi trường/khác)
L 09/28/2026 - 21:40:09: [HẠ GỤC] Zombie/Witch/Môi trường <N/A> đã hạ gục （ ͜.人 ͜.）⛇☃ <STEAM_1:1:241852047> bằng (môi trường/khác)
L 09/28/2026 - 21:40:12: [KILL] Zombie/Witch/Môi trường <N/A> đã giết Curren Bouquetd'or <STEAM_1:1:524205977> bằng (môi trường/khác)
L 09/28/2026 - 21:40:14: [FF] [KeroN] <STEAM_1:1:161759963> -> 10 HP bằng (súng) -> [Mikasa] <STEAM_1:0:522010986>
L 09/28/2026 - 21:40:14: [FF] [KeroN] <STEAM_1:1:161759963> -> 10 HP bằng (súng) -> [Mikasa] <STEAM_1:0:522010986>
L 09/28/2026 - 21:40:14: [FF] [KeroN] <STEAM_1:1:161759963> -> 10 HP bằng (súng) -> [Mikasa] <STEAM_1:0:522010986>
L 09/28/2026 - 21:40:18: [FF] [（ ͜.人 ͜.）⛇☃] <STEAM_1:1:241852047> -> 16 HP bằng (boom/fire) -> [Rïçēz] <STEAM_1:1:558962692>
L 09/28/2026 - 21:40:18: [FF] [（ ͜.人 ͜.）⛇☃] <STEAM_1:1:241852047> -> 16 HP bằng (boom/fire) -> [Rïçēz] <STEAM_1:1:558962692>
L 09/28/2026 - 21:40:18: [FF] [（ ͜.人 ͜.）⛇☃] <STEAM_1:1:241852047> -> 16 HP bằng (boom/fire) -> [Rïçēz] <STEAM_1:1:558962692>
L 09/28/2026 - 21:40:18: [FF] [（ ͜.人 ͜.）⛇☃] <STEAM_1:1:241852047> -> 16 HP bằng (boom/fire) -> [Rïçēz] <STEAM_1:1:558962692>
L 09/28/2026 - 21:40:18: [FF] [（ ͜.人 ͜.）⛇☃] <STEAM_1:1:241852047> -> 16 HP bằng (boom/fire) -> [Rïçēz] <STEAM_1:1:558962692>
L 09/28/2026 - 21:40:19: [FF] [（ ͜.人 ͜.）⛇☃] <STEAM_1:1:241852047> -> 16 HP bằng (boom/fire) -> [Rïçēz] <STEAM_1:1:558962692>
L 09/28/2026 - 21:40:19: [FF] [（ ͜.人 ͜.）⛇☃] <STEAM_1:1:241852047> -> 16 HP bằng (boom/fire) -> [Rïçēz] <STEAM_1:1:558962692>
L 09/28/2026 - 21:40:19: [FF] [（ ͜.人 ͜.）⛇☃] <STEAM_1:1:241852047> -> 16 HP bằng (boom/fire) -> [Rïçēz] <STEAM_1:1:558962692>
L 09/28/2026 - 21:40:19: [KILL] （ ͜.人 ͜.）⛇☃ <STEAM_1:1:241852047> đã giết Rïçēz <STEAM_1:1:558962692> bằng (boom/fire)
L 09/28/2026 - 21:40:32: [FF] [[VN✪] BigD] <STEAM_1:1:919011537> -> 15 HP bằng (súng) -> [Mikasa] <STEAM_1:0:522010986>
L 09/28/2026 - 21:40:32: [HẠ GỤC] Zombie/Witch/Môi trường <N/A> đã hạ gục tychuotkg789 <STEAM_1:0:562186389> bằng (môi trường/khác)
L 09/28/2026 - 21:40:38: [FF] [[VN✪] BigD] <STEAM_1:1:919011537> -> 11 HP bằng (súng) -> [Chicoarun] <STEAM_1:0:952954061>
L 09/28/2026 - 21:40:39: [FF] [KeroN] <STEAM_1:1:161759963> -> 7 HP bằng (súng) -> [Mikasa] <STEAM_1:0:522010986>
L 09/28/2026 - 21:40:51: [FF] [KeroN] <STEAM_1:1:161759963> -> 10 HP bằng (súng) -> [Mikasa] <STEAM_1:0:522010986>
L 09/28/2026 - 21:40:51: [FF] [KeroN] <STEAM_1:1:161759963> -> 10 HP bằng (súng) -> [Mikasa] <STEAM_1:0:522010986>
L 09/28/2026 - 21:40:52: [FF] [KeroN] <STEAM_1:1:161759963> -> 10 HP bằng (súng) -> [（ ͜.人 ͜.）⛇☃] <STEAM_1:1:241852047>
L 09/28/2026 - 21:40:54: [FF] [Chicoarun] <STEAM_1:0:952954061> -> 27 HP bằng (súng) -> [Bill] <BOT>
L 09/28/2026 - 21:40:55: [FF] [[VN✪] BigD] <STEAM_1:1:919011537> -> 11 HP bằng (súng) -> [Bill] <BOT>
L 09/28/2026 - 21:40:56: [FF] [[VN✪] BigD] <STEAM_1:1:919011537> -> 15 HP bằng (súng) -> [Mikasa] <STEAM_1:0:522010986>
L 09/28/2026 - 21:41:07: [FF] [tychuotkg789] <STEAM_1:0:562186389> -> 7 HP bằng (súng) -> [Bill] <BOT>
L 09/28/2026 - 21:41:07: [FF] [tychuotkg789] <STEAM_1:0:562186389> -> 1 HP bằng (boom/fire) -> [Bill] <BOT>
L 09/28/2026 - 21:41:07: [FF] [tychuotkg789] <STEAM_1:0:562186389> -> 3 HP bằng (boom/fire) -> [Bill] <BOT>
L 09/28/2026 - 21:41:07: [FF] [tychuotkg789] <STEAM_1:0:562186389> -> 4 HP bằng (boom/fire) -> [Bill] <BOT>
L 09/28/2026 - 21:41:19: [FF] [[VN✪] BigD] <STEAM_1:1:919011537> -> 18 HP bằng (súng) -> [Bill] <BOT>
L 09/28/2026 - 21:41:19: [FF] [[VN✪] BigD] <STEAM_1:1:919011537> -> 18 HP bằng (súng) -> [Bill] <BOT>
L 09/28/2026 - 21:41:20: [FF] [[VN✪] BigD] <STEAM_1:1:919011537> -> 18 HP bằng (súng) -> [Bill] <BOT>
L 09/28/2026 - 21:41:20: [FF] [[VN✪] BigD] <STEAM_1:1:919011537> -> 18 HP bằng (súng) -> [Bill] <BOT>
L 09/28/2026 - 21:41:20: [FF] [[VN✪] BigD] <STEAM_1:1:919011537> -> 18 HP bằng (súng) -> [Bill] <BOT>
L 09/28/2026 - 21:41:20: [HẠ GỤC] [VN✪] BigD <STEAM_1:1:919011537> đã hạ gục Bill <BOT> bằng (súng)
L 09/28/2026 - 21:41:21: [FF] [[VN✪] BigD] <STEAM_1:1:919011537> -> 15 HP bằng (súng) -> [Bill] <BOT>
L 09/28/2026 - 21:41:21: [KILL] Curren Bouquetd'or <STEAM_1:1:524205977> đã giết Curren Bouquetd'or <STEAM_1:1:524205977> bằng (môi trường/khác)
L 09/28/2026 - 21:41:21: [KILL] Bill <BOT> đã giết Bill <BOT> bằng (môi trường/khác)
L 09/28/2026 - 21:42:52: [FF] [tychuotkg789] <STEAM_1:0:562186389> -> 1 HP bằng (súng) -> [[VN✪] BigD] <STEAM_1:1:919011537>
L 09/28/2026 - 21:42:53: [FF] [Rïçēz] <STEAM_1:1:558962692> -> 24 HP bằng (súng) -> [Curren Bouquetd'or] <STEAM_1:1:524205977>
L 09/28/2026 - 21:42:57: [HẠ GỤC] Spitter Bot <BOT> đã hạ gục tychuotkg789 <STEAM_1:0:562186389> bằng (môi trường/khác)
L 09/28/2026 - 21:42:57: [HẠ GỤC] Spitter Bot <BOT> đã hạ gục Curren Bouquetd'or <STEAM_1:1:524205977> bằng (môi trường/khác)
L 09/28/2026 - 21:43:03: [FF] [KeroN] <STEAM_1:1:161759963> -> 24 HP bằng (súng) -> [chimxanh] <STEAM_1:1:626078671>
L 09/28/2026 - 21:43:04: [FF] [[VN✪] BigD] <STEAM_1:1:919011537> -> 18 HP bằng (súng) -> [（ ͜.人 ͜.）⛇☃] <STEAM_1:1:241852047>
L 09/28/2026 - 21:43:04: [FF] [KeroN] <STEAM_1:1:161759963> -> 24 HP bằng (súng) -> [chimxanh] <STEAM_1:1:626078671>
L 09/28/2026 - 21:43:07: [FF] [Curren Bouquetd'or] <STEAM_1:1:524205977> -> 24 HP bằng (súng) -> [Chicoarun] <STEAM_1:0:952954061>
L 09/28/2026 - 21:43:09: [FF] [Curren Bouquetd'or] <STEAM_1:1:524205977> -> 24 HP bằng (súng) -> [Chicoarun] <STEAM_1:0:952954061>
L 09/28/2026 - 21:43:10: [FF] [Mikasa] <STEAM_1:0:522010986> -> 7 HP bằng (melee) -> [Rïçēz] <STEAM_1:1:558962692>
L 09/28/2026 - 21:43:20: [FF] [tychuotkg789] <STEAM_1:0:562186389> -> 3 HP bằng (súng) -> [Chicoarun] <STEAM_1:0:952954061>
L 09/28/2026 - 21:43:42: [FF] [KeroN] <STEAM_1:1:161759963> -> 24 HP bằng (súng) -> [Curren Bouquetd'or] <STEAM_1:1:524205977>
L 09/28/2026 - 21:44:03: [FF] [tychuotkg789] <STEAM_1:0:562186389> -> 3 HP bằng (súng) -> [KeroN] <STEAM_1:1:161759963>
L 09/28/2026 - 21:44:07: [HẠ GỤC] Tank <BOT> đã hạ gục tychuotkg789 <STEAM_1:0:562186389> bằng (môi trường/khác)
L 09/28/2026 - 21:44:12: [FF] [Curren Bouquetd'or] <STEAM_1:1:524205977> -> 15 HP bằng (súng) -> [Mikasa] <STEAM_1:0:522010986>
L 09/28/2026 - 21:44:18: [FF] [（ ͜.人 ͜.）⛇☃] <STEAM_1:1:241852047> -> 3 HP bằng (súng) -> [Chicoarun] <STEAM_1:0:952954061>
L 09/28/2026 - 21:44:18: [FF] [（ ͜.人 ͜.）⛇☃] <STEAM_1:1:241852047> -> 3 HP bằng (súng) -> [Chicoarun] <STEAM_1:0:952954061>
L 09/28/2026 - 21:44:18: [FF] [（ ͜.人 ͜.）⛇☃] <STEAM_1:1:241852047> -> 3 HP bằng (súng) -> [Chicoarun] <STEAM_1:0:952954061>
L 09/28/2026 - 21:44:18: [FF] [（ ͜.人 ͜.）⛇☃] <STEAM_1:1:241852047> -> 3 HP bằng (súng) -> [Chicoarun] <STEAM_1:0:952954061>
L 09/28/2026 - 21:44:18: [FF] [（ ͜.人 ͜.）⛇☃] <STEAM_1:1:241852047> -> 3 HP bằng (súng) -> [Chicoarun] <STEAM_1:0:952954061>
L 09/28/2026 - 21:44:18: [FF] [（ ͜.人 ͜.）⛇☃] <STEAM_1:1:241852047> -> 3 HP bằng (súng) -> [Chicoarun] <STEAM_1:0:952954061>
L 09/28/2026 - 21:44:25: [HẠ GỤC] Tank <BOT> đã hạ gục KeroN <STEAM_1:1:161759963> bằng (môi trường/khác)
L 09/28/2026 - 21:44:29: [HẠ GỤC] Tank <BOT> đã hạ gục Curren Bouquetd'or <STEAM_1:1:524205977> bằng (môi trường/khác)
L 09/28/2026 - 21:44:30: [HẠ GỤC] Zombie/Witch/Môi trường <N/A> đã hạ gục Chicoarun <STEAM_1:0:952954061> bằng (môi trường/khác)
L 09/28/2026 - 21:44:31: [KILL] Zombie/Witch/Môi trường <N/A> đã giết Chicoarun <STEAM_1:0:952954061> bằng (môi trường/khác)
L 09/28/2026 - 21:44:35: [FF] [[VN✪] BigD] <STEAM_1:1:919011537> -> 13 HP bằng (súng) -> [KeroN] <STEAM_1:1:161759963>
L 09/28/2026 - 21:44:37: [HẠ GỤC] Tank <BOT> đã hạ gục Rïçēz <STEAM_1:1:558962692> bằng (môi trường/khác)
L 09/28/2026 - 21:44:41: [FF] [KeroN] <STEAM_1:1:161759963> -> 24 HP bằng (súng) -> [(1)Zoey] <BOT>
L 09/28/2026 - 21:44:42: [FF] [KeroN] <STEAM_1:1:161759963> -> 24 HP bằng (súng) -> [(1)Zoey] <BOT>
L 09/28/2026 - 21:44:44: [HẠ GỤC] Tank <BOT> đã hạ gục Mikasa <STEAM_1:0:522010986> bằng (môi trường/khác)
L 09/28/2026 - 21:44:53: [FF] [chimxanh] <STEAM_1:1:626078671> -> 5 HP bằng (súng) -> [tychuotkg789] <STEAM_1:0:562186389>
L 09/28/2026 - 21:44:59: [FF] [Rïçēz] <STEAM_1:1:558962692> -> 31 HP bằng (súng) -> [Mikasa] <STEAM_1:0:522010986>
L 09/28/2026 - 21:45:05: [HẠ GỤC] Tank <BOT> đã hạ gục (1)Zoey <BOT> bằng (môi trường/khác)
L 09/28/2026 - 21:45:34: [FF] [tychuotkg789] <STEAM_1:0:562186389> -> 2 HP bằng (súng) -> [Mikasa] <STEAM_1:0:522010986>
L 09/28/2026 - 21:45:36: [HẠ GỤC] Tank <BOT> đã hạ gục KeroN <STEAM_1:1:161759963> bằng (môi trường/khác)
L 09/28/2026 - 21:45:37: [FF] [chimxanh] <STEAM_1:1:626078671> -> 9 HP bằng (súng) -> [tychuotkg789] <STEAM_1:0:562186389>
L 09/28/2026 - 21:45:38: [HẠ GỤC] Tank <BOT> đã hạ gục Mikasa <STEAM_1:0:522010986> bằng (môi trường/khác)
L 09/28/2026 - 21:45:38: [FF] [tychuotkg789] <STEAM_1:0:562186389> -> 1 HP bằng (súng) -> [Mikasa] <STEAM_1:0:522010986>
L 09/28/2026 - 21:45:39: [FF] [tychuotkg789] <STEAM_1:0:562186389> -> 2 HP bằng (súng) -> [Mikasa] <STEAM_1:0:522010986>
L 09/28/2026 - 21:45:42: [FF] [tychuotkg789] <STEAM_1:0:562186389> -> 2 HP bằng (súng) -> [Mikasa] <STEAM_1:0:522010986>
L 09/28/2026 - 21:46:03: [KILL] Tank <BOT> đã giết tychuotkg789 <STEAM_1:0:562186389> bằng (môi trường/khác)
L 09/28/2026 - 21:46:06: [HẠ GỤC] Tank <BOT> đã hạ gục [VN✪] BigD <STEAM_1:1:919011537> bằng (môi trường/khác)
L 09/28/2026 - 21:46:35: [HẠ GỤC] Tank <BOT> đã hạ gục KeroN <STEAM_1:1:161759963> bằng (môi trường/khác)
L 09/28/2026 - 21:46:55: [HẠ GỤC] Tank <BOT> đã hạ gục Mikasa <STEAM_1:0:522010986> bằng (môi trường/khác)
L 09/28/2026 - 21:47:03: [HẠ GỤC] Tank <BOT> đã hạ gục [VN✪] BigD <STEAM_1:1:919011537> bằng (môi trường/khác)
L 09/28/2026 - 21:47:17: [FF] [Rïçēz] <STEAM_1:1:558962692> -> 27 HP bằng (súng) -> [（ ͜.人 ͜.）⛇☃] <STEAM_1:1:241852047>
L 09/28/2026 - 21:47:22: [FF] [Rïçēz] <STEAM_1:1:558962692> -> 27 HP bằng (súng) -> [chimxanh] <STEAM_1:1:626078671>
L 09/28/2026 - 21:47:30: [FF] [chimxanh] <STEAM_1:1:626078671> -> 8 HP bằng (súng) -> [tychuotkg789] <STEAM_1:0:562186389>
L 09/28/2026 - 21:47:37: [HẠ GỤC] Tank <BOT> đã hạ gục chimxanh <STEAM_1:1:626078671> bằng (môi trường/khác)
L 09/28/2026 - 21:47:49: [FF] [[VN✪] BigD] <STEAM_1:1:919011537> -> 18 HP bằng (súng) -> [（ ͜.人 ͜.）⛇☃] <STEAM_1:1:241852047>
L 09/28/2026 - 21:47:49: [FF] [KeroN] <STEAM_1:1:161759963> -> 18 HP bằng (súng) -> [Rïçēz] <STEAM_1:1:558962692>
L 09/28/2026 - 21:47:50: [FF] [[VN✪] BigD] <STEAM_1:1:919011537> -> 15 HP bằng (súng) -> [（ ͜.人 ͜.）⛇☃] <STEAM_1:1:241852047>
L 09/28/2026 - 21:48:02: [FF] [[VN✪] BigD] <STEAM_1:1:919011537> -> 24 HP bằng (súng) -> [KeroN] <STEAM_1:1:161759963>
L 09/28/2026 - 21:48:02: [FF] [（ ͜.人 ͜.）⛇☃] <STEAM_1:1:241852047> -> 3 HP bằng (súng) -> [KeroN] <STEAM_1:1:161759963>
L 09/28/2026 - 21:48:05: [HẠ GỤC] (1)Jockey Bot <BOT> đã hạ gục Chicoarun <STEAM_1:0:952954061> bằng (zombie cào/đấm)
L 09/28/2026 - 21:48:07: [HẠ GỤC] Spitter Bot <BOT> đã hạ gục KeroN <STEAM_1:1:161759963> bằng (môi trường/khác)
L 09/28/2026 - 21:48:30: [HẠ GỤC] Hunter Bot <BOT> đã hạ gục Curren Bouquetd'or <STEAM_1:1:524205977> bằng (zombie cào/đấm)
L 09/28/2026 - 21:49:39: [FF] [[VN✪] BigD] <STEAM_1:1:919011537> -> 10 HP bằng (súng) -> [KeroN] <STEAM_1:1:161759963>
L 09/28/2026 - 21:49:59: [HẠ GỤC] Zombie/Witch/Môi trường <N/A> đã hạ gục Curren Bouquetd'or <STEAM_1:1:524205977> bằng (môi trường/khác)
L 09/28/2026 - 21:50:14: [HẠ GỤC] Zombie/Witch/Môi trường <N/A> đã hạ gục Rochelle <BOT> bằng (môi trường/khác)
L 09/28/2026 - 21:50:52: [FF] [KeroN] <STEAM_1:1:161759963> -> 15 HP bằng (súng) -> [Rïçēz] <STEAM_1:1:558962692>
L 09/28/2026 - 21:51:01: [HẠ GỤC] Zombie/Witch/Môi trường <N/A> đã hạ gục Chicoarun <STEAM_1:0:952954061> bằng (môi trường/khác)
L 09/28/2026 - 21:51:22: [HẠ GỤC] Jockey Bot <BOT> đã hạ gục Rïçēz <STEAM_1:1:558962692> bằng (zombie cào/đấm)
L 09/28/2026 - 21:51:37: [FF] [tychuotkg789] <STEAM_1:0:562186389> -> 2 HP bằng (súng) -> [Louis] <BOT>
L 09/28/2026 - 21:51:39: [FF] [tychuotkg789] <STEAM_1:0:562186389> -> 1 HP bằng (súng) -> [Rïçēz] <STEAM_1:1:558962692>
L 09/28/2026 - 21:51:57: [HẠ GỤC] Zombie/Witch/Môi trường <N/A> đã hạ gục Chicoarun <STEAM_1:0:952954061> bằng (môi trường/khác)
L 09/28/2026 - 21:52:01: [HẠ GỤC] Zombie/Witch/Môi trường <N/A> đã hạ gục Curren Bouquetd'or <STEAM_1:1:524205977> bằng (môi trường/khác)
L 09/28/2026 - 21:52:17: [FF] [KeroN] <STEAM_1:1:161759963> -> 15 HP bằng (súng) -> [tychuotkg789] <STEAM_1:0:562186389>
L 09/28/2026 - 21:52:25: [HẠ GỤC] Tank <BOT> đã hạ gục Chicoarun <STEAM_1:0:952954061> bằng (môi trường/khác)
L 09/28/2026 - 21:52:29: [HẠ GỤC] Tank <BOT> đã hạ gục tychuotkg789 <STEAM_1:0:562186389> bằng (môi trường/khác)
L 09/28/2026 - 21:52:47: [HẠ GỤC] Tank <BOT> đã hạ gục [VN✪] BigD <STEAM_1:1:919011537> bằng (môi trường/khác)
L 09/28/2026 - 21:52:53: [HẠ GỤC] Tank <BOT> đã hạ gục （ ͜.人 ͜.）⛇☃ <STEAM_1:1:241852047> bằng (môi trường/khác)
L 09/28/2026 - 21:53:05: [FF] [Mikasa] <STEAM_1:0:522010986> -> 18 HP bằng (súng) -> [Chicoarun] <STEAM_1:0:952954061>
L 09/28/2026 - 21:53:05: [FF] [Mikasa] <STEAM_1:0:522010986> -> 18 HP bằng (súng) -> [Chicoarun] <STEAM_1:0:952954061>
L 09/28/2026 - 21:53:06: [FF] [Mikasa] <STEAM_1:0:522010986> -> 18 HP bằng (súng) -> [Chicoarun] <STEAM_1:0:952954061>
L 09/28/2026 - 21:53:06: [FF] [Mikasa] <STEAM_1:0:522010986> -> 15 HP bằng (súng) -> [Chicoarun] <STEAM_1:0:952954061>
L 09/28/2026 - 21:53:06: [FF] [Mikasa] <STEAM_1:0:522010986> -> 18 HP bằng (súng) -> [Chicoarun] <STEAM_1:0:952954061>
L 09/28/2026 - 21:53:07: [FF] [Mikasa] <STEAM_1:0:522010986> -> 18 HP bằng (súng) -> [Chicoarun] <STEAM_1:0:952954061>
L 09/28/2026 - 21:53:07: [FF] [Mikasa] <STEAM_1:0:522010986> -> 15 HP bằng (súng) -> [Chicoarun] <STEAM_1:0:952954061>
L 09/28/2026 - 21:53:23: [HẠ GỤC] Tank <BOT> đã hạ gục Mikasa <STEAM_1:0:522010986> bằng (môi trường/khác)
L 09/28/2026 - 21:53:24: [HẠ GỤC] Tank <BOT> đã hạ gục [VN✪] BigD <STEAM_1:1:919011537> bằng (môi trường/khác)
L 09/28/2026 - 21:53:35: [HẠ GỤC] Tank <BOT> đã hạ gục Curren Bouquetd'or <STEAM_1:1:524205977> bằng (môi trường/khác)
L 09/28/2026 - 21:53:45: [HẠ GỤC] Zombie/Witch/Môi trường <N/A> đã hạ gục （ ͜.人 ͜.）⛇☃ <STEAM_1:1:241852047> bằng (môi trường/khác)
L 09/28/2026 - 21:53:53: [HẠ GỤC] Tank <BOT> đã hạ gục [VN✪] BigD <STEAM_1:1:919011537> bằng (môi trường/khác)
L 09/28/2026 - 21:54:07: [HẠ GỤC] Tank <BOT> đã hạ gục chimxanh <STEAM_1:1:626078671> bằng (môi trường/khác)
L 09/28/2026 - 21:54:23: [HẠ GỤC] Zombie/Witch/Môi trường <N/A> đã hạ gục [VN✪] BigD <STEAM_1:1:919011537> bằng (môi trường/khác)
L 09/28/2026 - 21:55:14: [HẠ GỤC] Tank <BOT> đã hạ gục tychuotkg789 <STEAM_1:0:562186389> bằng (môi trường/khác)
L 09/28/2026 - 21:55:21: [KILL] Tank <BOT> đã giết [VN✪] BigD <STEAM_1:1:919011537> bằng (môi trường/khác)
L 09/28/2026 - 21:55:48: [HẠ GỤC] Tank <BOT> đã hạ gục tychuotkg789 <STEAM_1:0:562186389> bằng (môi trường/khác)
L 09/28/2026 - 21:55:52: [FF] [Chicoarun] <STEAM_1:0:952954061> -> 10 HP bằng (súng) -> [chimxanh] <STEAM_1:1:626078671>
L 09/28/2026 - 21:55:52: [FF] [Curren Bouquetd'or] <STEAM_1:1:524205977> -> 15 HP bằng (súng) -> [tychuotkg789] <STEAM_1:0:562186389>
L 09/28/2026 - 21:56:14: [HẠ GỤC] Tank <BOT> đã hạ gục [VN✪] BigD <STEAM_1:1:919011537> bằng (môi trường/khác)
L 09/28/2026 - 21:56:25: [FF] [KeroN] <STEAM_1:1:161759963> -> 24 HP bằng (súng) -> [Rïçēz] <STEAM_1:1:558962692>
L 09/28/2026 - 21:56:25: [HẠ GỤC] Zombie/Witch/Môi trường <N/A> đã hạ gục Chicoarun <STEAM_1:0:952954061> bằng (môi trường/khác)
L 09/28/2026 - 21:57:06: [FF] [[VN✪] BigD] <STEAM_1:1:919011537> -> 1 HP bằng (súng) -> [tychuotkg789] <STEAM_1:0:562186389>
L 09/28/2026 - 21:57:06: [FF] [[VN✪] BigD] <STEAM_1:1:919011537> -> 1 HP bằng (súng) -> [tychuotkg789] <STEAM_1:0:562186389>
L 09/28/2026 - 21:57:22: [HẠ GỤC] Jockey Bot <BOT> đã hạ gục tychuotkg789 <STEAM_1:0:562186389> bằng (zombie cào/đấm)
L 09/28/2026 - 21:57:24: [FF] [（ ͜.人 ͜.）⛇☃] <STEAM_1:1:241852047> -> 18 HP bằng (súng) -> [Rïçēz] <STEAM_1:1:558962692>
L 09/28/2026 - 21:57:33: [FF] [chimxanh] <STEAM_1:1:626078671> -> 7 HP bằng (melee) -> [tychuotkg789] <STEAM_1:0:562186389>
L 09/28/2026 - 21:58:01: [HẠ GỤC] Zombie/Witch/Môi trường <N/A> đã hạ gục KeroN <STEAM_1:1:161759963> bằng (môi trường/khác)
L 09/28/2026 - 21:58:01: [HẠ GỤC] Tank <BOT> đã hạ gục [VN✪] BigD <STEAM_1:1:919011537> bằng (môi trường/khác)
L 09/28/2026 - 21:58:18: [HẠ GỤC] Tank <BOT> đã hạ gục Mikasa <STEAM_1:0:522010986> bằng (môi trường/khác)
L 09/28/2026 - 21:58:25: [HẠ GỤC] (1)Tank <BOT> đã hạ gục tychuotkg789 <STEAM_1:0:562186389> bằng (môi trường/khác)
L 09/28/2026 - 21:58:27: [HẠ GỤC] Tank <BOT> đã hạ gục chimxanh <STEAM_1:1:626078671> bằng (môi trường/khác)
L 09/28/2026 - 21:58:29: [HẠ GỤC] Tank <BOT> đã hạ gục Chicoarun <STEAM_1:0:952954061> bằng (môi trường/khác)
L 09/28/2026 - 21:58:30: [HẠ GỤC] (1)Tank <BOT> đã hạ gục （ ͜.人 ͜.）⛇☃ <STEAM_1:1:241852047> bằng (môi trường/khác)
L 09/28/2026 - 21:58:38: [HẠ GỤC] (1)Tank <BOT> đã hạ gục KeroN <STEAM_1:1:161759963> bằng (môi trường/khác)
L 09/28/2026 - 21:58:56: [HẠ GỤC] Tank <BOT> đã hạ gục Mikasa <STEAM_1:0:522010986> bằng (môi trường/khác)
L 09/28/2026 - 21:59:18: [KILL] (1)Tank <BOT> đã giết [VN✪] BigD <STEAM_1:1:919011537> bằng (môi trường/khác)
L 09/28/2026 - 21:59:23: [HẠ GỤC] Tank <BOT> đã hạ gục Francis <BOT> bằng (môi trường/khác)
L 09/28/2026 - 21:59:35: [HẠ GỤC] Tank <BOT> đã hạ gục Francis <BOT> bằng (zombie cào/đấm)
L 09/28/2026 - 21:59:43: [KILL] Tank <BOT> đã giết Francis <BOT> bằng (zombie cào/đấm)
L 09/28/2026 - 21:59:46: [HẠ GỤC] (1)Tank <BOT> đã hạ gục Mikasa <STEAM_1:0:522010986> bằng (môi trường/khác)
L 09/28/2026 - 21:59:49: [HẠ GỤC] (1)Tank <BOT> đã hạ gục Curren Bouquetd'or <STEAM_1:1:524205977> bằng (môi trường/khác)
L 09/28/2026 - 22:00:16: [KILL] Tank <BOT> đã giết KeroN <STEAM_1:1:161759963> bằng (môi trường/khác)
L 09/28/2026 - 22:00:22: [KILL] (1)Tank <BOT> đã giết chimxanh <STEAM_1:1:626078671> bằng (zombie cào/đấm)
L 09/28/2026 - 22:00:27: [KILL] Tank <BOT> đã giết Chicoarun <STEAM_1:0:952954061> bằng (môi trường/khác)
L 09/28/2026 - 22:00:43: [HẠ GỤC] Tank <BOT> đã hạ gục Curren Bouquetd'or <STEAM_1:1:524205977> bằng (môi trường/khác)
L 09/28/2026 - 22:00:43: [KILL] (1)Tank <BOT> đã giết tychuotkg789 <STEAM_1:0:562186389> bằng (môi trường/khác)
L 09/28/2026 - 22:00:45: [FF] [[VN✪] BigD] <STEAM_1:1:919011537> -> 13 HP bằng (môi trường/khác) -> [Curren Bouquetd'or] <STEAM_1:1:524205977>
L 09/28/2026 - 22:00:45: [FF] [[VN✪] BigD] <STEAM_1:1:919011537> -> 1 HP bằng (môi trường/khác) -> [Curren Bouquetd'or] <STEAM_1:1:524205977>
L 09/28/2026 - 22:00:46: [FF] [[VN✪] BigD] <STEAM_1:1:919011537> -> 10 HP bằng (môi trường/khác) -> [Curren Bouquetd'or] <STEAM_1:1:524205977>
L 09/28/2026 - 22:00:46: [FF] [[VN✪] BigD] <STEAM_1:1:919011537> -> 1 HP bằng (môi trường/khác) -> [Curren Bouquetd'or] <STEAM_1:1:524205977>
L 09/28/2026 - 22:00:59: [HẠ GỤC] Tank <BOT> đã hạ gục （ ͜.人 ͜.）⛇☃ <STEAM_1:1:241852047> bằng (môi trường/khác)
L 09/28/2026 - 22:01:06: [HẠ GỤC] (1)Tank <BOT> đã hạ gục [VN✪] BigD <STEAM_1:1:919011537> bằng (zombie cào/đấm)
L 09/28/2026 - 22:01:23: [HẠ GỤC] Tank <BOT> đã hạ gục [VN✪] BigD <STEAM_1:1:919011537> bằng (môi trường/khác)
L 09/28/2026 - 22:01:40: [HẠ GỤC] (1)Tank <BOT> đã hạ gục chimxanh <STEAM_1:1:626078671> bằng (zombie cào/đấm)
L 09/28/2026 - 22:01:41: [FF] [（ ͜.人 ͜.）⛇☃] <STEAM_1:1:241852047> -> 15 HP bằng (súng) -> [KeroN] <STEAM_1:1:161759963>
L 09/28/2026 - 22:01:43: [KILL] (1)Tank <BOT> đã giết （ ͜.人 ͜.）⛇☃ <STEAM_1:1:241852047> bằng (môi trường/khác)
L 09/28/2026 - 22:01:44: [KILL] Tank <BOT> đã giết [VN✪] BigD <STEAM_1:1:919011537> bằng (môi trường/khác)
L 09/28/2026 - 22:02:13: [HẠ GỤC] Tank <BOT> đã hạ gục chimxanh <STEAM_1:1:626078671> bằng (môi trường/khác)
L 09/28/2026 - 22:02:42: [HẠ GỤC] Tank <BOT> đã hạ gục tychuotkg789 <STEAM_1:0:562186389> bằng (zombie cào/đấm)
L 09/28/2026 - 22:02:50: [HẠ GỤC] Tank <BOT> đã hạ gục KeroN <STEAM_1:1:161759963> bằng (môi trường/khác)
L 09/28/2026 - 22:02:52: [FF] [Mikasa] <STEAM_1:0:522010986> -> 15 HP bằng (súng) -> [（ ͜.人 ͜.）⛇☃] <STEAM_1:1:241852047>
L 09/28/2026 - 22:03:03: [HẠ GỤC] Tank <BOT> đã hạ gục Rïçēz <STEAM_1:1:558962692> bằng (zombie cào/đấm)
L 09/28/2026 - 22:03:32: [HẠ GỤC] (1)Tank <BOT> đã hạ gục [VN✪] BigD <STEAM_1:1:919011537> bằng (môi trường/khác)
L 09/28/2026 - 22:03:43: [HẠ GỤC] Tank <BOT> đã hạ gục （ ͜.人 ͜.）⛇☃ <STEAM_1:1:241852047> bằng (môi trường/khác)
L 09/28/2026 - 22:03:47: [HẠ GỤC] Zombie/Witch/Môi trường <N/A> đã hạ gục Chicoarun <STEAM_1:0:952954061> bằng (môi trường/khác)
L 09/28/2026 - 22:03:57: [KILL] Tank <BOT> đã giết chimxanh <STEAM_1:1:626078671> bằng (môi trường/khác)
L 09/28/2026 - 22:04:04: [HẠ GỤC] (1)Tank <BOT> đã hạ gục Mikasa <STEAM_1:0:522010986> bằng (môi trường/khác)
L 09/28/2026 - 22:04:09: [HẠ GỤC] Tank <BOT> đã hạ gục [VN✪] BigD <STEAM_1:1:919011537> bằng (môi trường/khác)
L 09/28/2026 - 22:04:26: [KILL] (1)Tank <BOT> đã giết [VN✪] BigD <STEAM_1:1:919011537> bằng (môi trường/khác)
L 09/28/2026 - 22:04:39: [FF] [tychuotkg789] <STEAM_1:0:562186389> -> 2 HP bằng (súng) -> [Mikasa] <STEAM_1:0:522010986>
L 09/28/2026 - 22:04:39: [FF] [tychuotkg789] <STEAM_1:0:562186389> -> 3 HP bằng (súng) -> [Mikasa] <STEAM_1:0:522010986>
L 09/28/2026 - 22:04:39: [KILL] Tank <BOT> đã giết Mikasa <STEAM_1:0:522010986> bằng (môi trường/khác)
L 09/28/2026 - 22:05:07: [KILL] Tank <BOT> đã giết Curren Bouquetd'or <STEAM_1:1:524205977> bằng (môi trường/khác)
L 09/28/2026 - 22:05:08: [HẠ GỤC] Tank <BOT> đã hạ gục chimxanh <STEAM_1:1:626078671> bằng (zombie cào/đấm)
L 09/28/2026 - 22:05:12: [HẠ GỤC] (1)Tank <BOT> đã hạ gục KeroN <STEAM_1:1:161759963> bằng (môi trường/khác)
L 09/28/2026 - 22:05:35: [FF] [Rïçēz] <STEAM_1:1:558962692> -> 31 HP bằng (súng) -> [[VN✪] BigD] <STEAM_1:1:919011537>
L 09/28/2026 - 22:05:36: [HẠ GỤC] Tank <BOT> đã hạ gục （ ͜.人 ͜.）⛇☃ <STEAM_1:1:241852047> bằng (môi trường/khác)
L 09/28/2026 - 22:05:48: [FF] [KeroN] <STEAM_1:1:161759963> -> 24 HP bằng (súng) -> [Mikasa] <STEAM_1:0:522010986>
L 09/28/2026 - 22:05:48: [FF] [KeroN] <STEAM_1:1:161759963> -> 24 HP bằng (súng) -> [Mikasa] <STEAM_1:0:522010986>
L 09/28/2026 - 22:05:59: [HẠ GỤC] Tank <BOT> đã hạ gục Mikasa <STEAM_1:0:522010986> bằng (môi trường/khác)
L 09/28/2026 - 22:06:05: [HẠ GỤC] Tank <BOT> đã hạ gục Chicoarun <STEAM_1:0:952954061> bằng (môi trường/khác)
L 09/28/2026 - 22:06:17: [HẠ GỤC] Tank <BOT> đã hạ gục chimxanh <STEAM_1:1:626078671> bằng (môi trường/khác)
L 09/28/2026 - 22:06:24: [KILL] (1)Tank <BOT> đã giết chimxanh <STEAM_1:1:626078671> bằng (môi trường/khác)
L 09/28/2026 - 22:06:30: [KILL] (1)Tank <BOT> đã giết （ ͜.人 ͜.）⛇☃ <STEAM_1:1:241852047> bằng (zombie cào/đấm)
L 09/28/2026 - 22:06:34: [HẠ GỤC] Jockey <BOT> đã hạ gục Mikasa <STEAM_1:0:522010986> bằng (zombie cào/đấm)
L 09/28/2026 - 22:06:42: [KILL] Tank <BOT> đã giết KeroN <STEAM_1:1:161759963> bằng (môi trường/khác)
L 09/28/2026 - 22:06:53: [KILL] (1)Tank <BOT> đã giết Chicoarun <STEAM_1:0:952954061> bằng (môi trường/khác)
L 09/28/2026 - 22:06:58: [HẠ GỤC] (1)Tank <BOT> đã hạ gục Rïçēz <STEAM_1:1:558962692> bằng (zombie cào/đấm)
L 09/28/2026 - 22:07:04: [HẠ GỤC] Tank <BOT> đã hạ gục Curren Bouquetd'or <STEAM_1:1:524205977> bằng (zombie cào/đấm)
L 09/28/2026 - 22:07:15: [HẠ GỤC] Zombie/Witch/Môi trường <N/A> đã hạ gục tychuotkg789 <STEAM_1:0:562186389> bằng (môi trường/khác)
L 09/28/2026 - 22:08:04: [HẠ GỤC] Tank <BOT> đã hạ gục Chicoarun <STEAM_1:0:952954061> bằng (zombie cào/đấm)
L 09/28/2026 - 22:08:10: [HẠ GỤC] Tank <BOT> đã hạ gục [VN✪] BigD <STEAM_1:1:919011537> bằng (môi trường/khác)
L 09/28/2026 - 22:08:12: [KILL] Tank <BOT> đã giết Mikasa <STEAM_1:0:522010986> bằng (môi trường/khác)
L 09/28/2026 - 22:08:15: [HẠ GỤC] (1)Tank <BOT> đã hạ gục KeroN <STEAM_1:1:161759963> bằng (zombie cào/đấm)
L 09/28/2026 - 22:08:18: [KILL] (1)Tank <BOT> đã giết tychuotkg789 <STEAM_1:0:562186389> bằng (môi trường/khác)
L 09/28/2026 - 22:08:33: [HẠ GỤC] Tank <BOT> đã hạ gục [VN✪] BigD <STEAM_1:1:919011537> bằng (môi trường/khác)
L 09/28/2026 - 22:08:49: [KILL] Tank <BOT> đã giết Rïçēz <STEAM_1:1:558962692> bằng (môi trường/khác)
L 09/28/2026 - 22:08:50: [HẠ GỤC] (1)Tank <BOT> đã hạ gục KeroN <STEAM_1:1:161759963> bằng (môi trường/khác)
L 09/28/2026 - 22:08:55: [HẠ GỤC] Tank <BOT> đã hạ gục Curren Bouquetd'or <STEAM_1:1:524205977> bằng (môi trường/khác)
L 09/28/2026 - 22:09:07: [HẠ GỤC] (1)Tank <BOT> đã hạ gục （ ͜.人 ͜.）⛇☃ <STEAM_1:1:241852047> bằng (môi trường/khác)
L 09/28/2026 - 22:09:19: [KILL] (1)Tank <BOT> đã giết KeroN <STEAM_1:1:161759963> bằng (môi trường/khác)
L 09/28/2026 - 22:09:30: [HẠ GỤC] (1)Tank <BOT> đã hạ gục Mikasa <STEAM_1:0:522010986> bằng (zombie cào/đấm)
L 09/28/2026 - 22:09:37: [HẠ GỤC] Tank <BOT> đã hạ gục tychuotkg789 <STEAM_1:0:562186389> bằng (zombie cào/đấm)
L 09/28/2026 - 22:09:54: [HẠ GỤC] (1)Tank <BOT> đã hạ gục （ ͜.人 ͜.）⛇☃ <STEAM_1:1:241852047> bằng (môi trường/khác)
L 09/28/2026 - 22:10:28: [HẠ GỤC] Tank <BOT> đã hạ gục Mikasa <STEAM_1:0:522010986> bằng (môi trường/khác)
L 09/28/2026 - 22:10:29: [HẠ GỤC] Tank <BOT> đã hạ gục Rïçēz <STEAM_1:1:558962692> bằng (zombie cào/đấm)
L 09/28/2026 - 22:10:31: [HẠ GỤC] (1)Tank <BOT> đã hạ gục chimxanh <STEAM_1:1:626078671> bằng (môi trường/khác)
L 09/28/2026 - 22:10:54: [FF] [KeroN] <STEAM_1:1:161759963> -> 24 HP bằng (súng) -> [Curren Bouquetd'or] <STEAM_1:1:524205977>
L 09/28/2026 - 22:10:59: [HẠ GỤC] Tank <BOT> đã hạ gục Chicoarun <STEAM_1:0:952954061> bằng (môi trường/khác)
L 09/28/2026 - 22:11:12: [FF] [KeroN] <STEAM_1:1:161759963> -> 13 HP bằng (súng) -> [Chicoarun] <STEAM_1:0:952954061>
L 09/28/2026 - 22:11:29: [FF] [[VN✪] BigD] <STEAM_1:1:919011537> -> 10 HP bằng (súng) -> [Curren Bouquetd'or] <STEAM_1:1:524205977>
L 09/28/2026 - 22:12:17: [FF] [（ ͜.人 ͜.）⛇☃] <STEAM_1:1:241852047> -> 1 HP bằng (môi trường/khác) -> [Mikasa] <STEAM_1:0:522010986>
L 09/28/2026 - 22:12:17: [FF] [（ ͜.人 ͜.）⛇☃] <STEAM_1:1:241852047> -> 4 HP bằng (môi trường/khác) -> [Rïçēz] <STEAM_1:1:558962692>
L 09/28/2026 - 22:12:17: [FF] [（ ͜.人 ͜.）⛇☃] <STEAM_1:1:241852047> -> 1 HP bằng (môi trường/khác) -> [Mikasa] <STEAM_1:0:522010986>
L 09/28/2026 - 22:12:17: [FF] [（ ͜.人 ͜.）⛇☃] <STEAM_1:1:241852047> -> 1 HP bằng (môi trường/khác) -> [Rïçēz] <STEAM_1:1:558962692>
L 09/28/2026 - 22:12:27: [FF] [tychuotkg789] <STEAM_1:0:562186389> -> 1 HP bằng (súng) -> [chimxanh] <STEAM_1:1:626078671>
L 09/28/2026 - 22:12:27: [FF] [tychuotkg789] <STEAM_1:0:562186389> -> 1 HP bằng (súng) -> [chimxanh] <STEAM_1:1:626078671>
L 09/28/2026 - 22:12:30: [FF] [（ ͜.人 ͜.）⛇☃] <STEAM_1:1:241852047> -> 10 HP bằng (môi trường/khác) -> [Rïçēz] <STEAM_1:1:558962692>
L 09/28/2026 - 22:12:30: [FF] [（ ͜.人 ͜.）⛇☃] <STEAM_1:1:241852047> -> 1 HP bằng (môi trường/khác) -> [Rïçēz] <STEAM_1:1:558962692>
L 09/28/2026 - 22:13:09: [HẠ GỤC] Zombie/Witch/Môi trường <N/A> đã hạ gục [VN✪] BigD <STEAM_1:1:919011537> bằng (môi trường/khác)
L 09/28/2026 - 22:13:26: [FF] [（ ͜.人 ͜.）⛇☃] <STEAM_1:1:241852047> -> 3 HP bằng (môi trường/khác) -> [[VN✪] BigD] <STEAM_1:1:919011537>
L 09/28/2026 - 22:13:26: [FF] [（ ͜.人 ͜.）⛇☃] <STEAM_1:1:241852047> -> 1 HP bằng (môi trường/khác) -> [[VN✪] BigD] <STEAM_1:1:919011537>
L 09/28/2026 - 22:13:27: [FF] [Curren Bouquetd'or] <STEAM_1:1:524205977> -> 3 HP bằng (súng) -> [（ ͜.人 ͜.）⛇☃] <STEAM_1:1:241852047>
L 09/28/2026 - 22:13:29: [KILL] Zombie/Witch/Môi trường <N/A> đã giết Curren Bouquetd'or <STEAM_1:1:524205977> bằng (môi trường/khác)
L 09/28/2026 - 22:13:31: [FF] [（ ͜.人 ͜.）⛇☃] <STEAM_1:1:241852047> -> 1 HP bằng (môi trường/khác) -> [KeroN] <STEAM_1:1:161759963>
L 09/28/2026 - 22:13:31: [FF] [（ ͜.人 ͜.）⛇☃] <STEAM_1:1:241852047> -> 1 HP bằng (môi trường/khác) -> [KeroN] <STEAM_1:1:161759963>
