L 10/07/2026 - 19:53:04: [HẠ GỤC] Spitter Bot <BOT> đã hạ gục Rïçēz <STEAM_1:1:558962692> bằng (môi trường/khác)
L 10/07/2026 - 19:53:06: [FF] [TezzyPham] <STEAM_1:1:933338290> -> 7 HP bằng (melee) -> [（ ͜.人 ͜.）⛇☃] <STEAM_1:1:241852047>
L 10/07/2026 - 19:53:06: [FF] [KeroN] <STEAM_1:1:161759963> -> 5 HP bằng (súng) -> [Bảo Nguyên] <STEAM_1:0:218160880>
L 10/07/2026 - 19:53:28: [FF] [Bảo Nguyên] <STEAM_1:0:218160880> -> 5 HP bằng (melee) -> [None :D] <STEAM_1:0:578030381>
L 10/07/2026 - 19:53:28: [FF] [（ ͜.人 ͜.）⛇☃] <STEAM_1:1:241852047> -> 7 HP bằng (melee) -> [Curren Bouquetd'or] <STEAM_1:1:524205977>
L 10/07/2026 - 19:53:30: [FF] [Chicoarun] <STEAM_1:0:952954061> -> 5 HP bằng (súng) -> [TezzyPham] <STEAM_1:1:933338290>
L 10/07/2026 - 19:53:30: [FF] [Chicoarun] <STEAM_1:0:952954061> -> 5 HP bằng (súng) -> [TezzyPham] <STEAM_1:1:933338290>
L 10/07/2026 - 19:53:30: [FF] [Bảo Nguyên] <STEAM_1:0:218160880> -> 7 HP bằng (melee) -> [None :D] <STEAM_1:0:578030381>
L 10/07/2026 - 19:53:30: [FF] [Bảo Nguyên] <STEAM_1:0:218160880> -> 7 HP bằng (melee) -> [Rïçēz] <STEAM_1:1:558962692>
L 10/07/2026 - 19:53:36: [FF] [（ ͜.人 ͜.）⛇☃] <STEAM_1:1:241852047> -> 7 HP bằng (melee) -> [Curren Bouquetd'or] <STEAM_1:1:524205977>
L 10/07/2026 - 19:53:37: [HẠ GỤC] Zombie/Witch/Môi trường <N/A> đã hạ gục Chicoarun <STEAM_1:0:952954061> bằng (môi trường/khác)
L 10/07/2026 - 19:53:39: [HẠ GỤC] Smoker Bot <BOT> đã hạ gục TezzyPham <STEAM_1:1:933338290> bằng (zombie cào/đấm)
L 10/07/2026 - 19:53:45: [FF] [Tuấn Cùi] <STEAM_1:0:534433454> -> 3 HP bằng (súng) -> [Bảo Nguyên] <STEAM_1:0:218160880>
L 10/07/2026 - 19:53:45: [FF] [Tuấn Cùi] <STEAM_1:0:534433454> -> 3 HP bằng (súng) -> [Bảo Nguyên] <STEAM_1:0:218160880>
L 10/07/2026 - 19:53:45: [FF] [Tuấn Cùi] <STEAM_1:0:534433454> -> 3 HP bằng (súng) -> [Bảo Nguyên] <STEAM_1:0:218160880>
L 10/07/2026 - 19:53:45: [FF] [Tuấn Cùi] <STEAM_1:0:534433454> -> 3 HP bằng (súng) -> [Bảo Nguyên] <STEAM_1:0:218160880>
L 10/07/2026 - 19:53:45: [FF] [Tuấn Cùi] <STEAM_1:0:534433454> -> 3 HP bằng (súng) -> [Bảo Nguyên] <STEAM_1:0:218160880>
L 10/07/2026 - 19:53:45: [FF] [Tuấn Cùi] <STEAM_1:0:534433454> -> 3 HP bằng (súng) -> [Bảo Nguyên] <STEAM_1:0:218160880>
L 10/07/2026 - 19:53:45: [FF] [Tuấn Cùi] <STEAM_1:0:534433454> -> 3 HP bằng (súng) -> [Bảo Nguyên] <STEAM_1:0:218160880>
L 10/07/2026 - 19:53:45: [FF] [Tuấn Cùi] <STEAM_1:0:534433454> -> 3 HP bằng (súng) -> [Bảo Nguyên] <STEAM_1:0:218160880>
L 10/07/2026 - 19:53:46: [FF] [Bảo Nguyên] <STEAM_1:0:218160880> -> 7 HP bằng (melee) -> [Tuấn Cùi] <STEAM_1:0:534433454>
L 10/07/2026 - 19:53:47: [FF] [KeroN] <STEAM_1:1:161759963> -> 5 HP bằng (súng) -> [None :D] <STEAM_1:0:578030381>
L 10/07/2026 - 19:53:47: [FF] [KeroN] <STEAM_1:1:161759963> -> 5 HP bằng (súng) -> [None :D] <STEAM_1:0:578030381>
L 10/07/2026 - 19:53:53: [FF] [TezzyPham] <STEAM_1:1:933338290> -> 16 HP bằng (boom/fire) -> [None :D] <STEAM_1:0:578030381>
L 10/07/2026 - 19:53:53: [FF] [TezzyPham] <STEAM_1:1:933338290> -> 16 HP bằng (boom/fire) -> [None :D] <STEAM_1:0:578030381>
L 10/07/2026 - 19:53:53: [FF] [TezzyPham] <STEAM_1:1:933338290> -> 16 HP bằng (boom/fire) -> [None :D] <STEAM_1:0:578030381>
L 10/07/2026 - 19:53:55: [FF] [Bảo Nguyên] <STEAM_1:0:218160880> -> 6 HP bằng (súng) -> [KeroN] <STEAM_1:1:161759963>
L 10/07/2026 - 19:53:57: [KILL] TezzyPham <STEAM_1:1:933338290> đã giết TezzyPham <STEAM_1:1:933338290> bằng (boom/fire)
L 10/07/2026 - 19:53:57: [FF] [TezzyPham] <STEAM_1:1:933338290> -> 16 HP bằng (boom/fire) -> [Curren Bouquetd'or] <STEAM_1:1:524205977>
L 10/07/2026 - 19:53:58: [FF] [TezzyPham] <STEAM_1:1:933338290> -> 16 HP bằng (boom/fire) -> [Curren Bouquetd'or] <STEAM_1:1:524205977>
L 10/07/2026 - 19:53:58: [FF] [TezzyPham] <STEAM_1:1:933338290> -> 16 HP bằng (boom/fire) -> [Curren Bouquetd'or] <STEAM_1:1:524205977>
L 10/07/2026 - 19:53:58: [FF] [TezzyPham] <STEAM_1:1:933338290> -> 16 HP bằng (boom/fire) -> [Curren Bouquetd'or] <STEAM_1:1:524205977>
L 10/07/2026 - 19:53:58: [FF] [TezzyPham] <STEAM_1:1:933338290> -> 16 HP bằng (boom/fire) -> [Curren Bouquetd'or] <STEAM_1:1:524205977>
L 10/07/2026 - 19:53:59: [FF] [TezzyPham] <STEAM_1:1:933338290> -> 16 HP bằng (boom/fire) -> [Curren Bouquetd'or] <STEAM_1:1:524205977>
L 10/07/2026 - 19:53:59: [HẠ GỤC] Zombie/Witch/Môi trường <N/A> đã hạ gục Curren Bouquetd'or <STEAM_1:1:524205977> bằng (boom/fire)
L 10/07/2026 - 19:53:59: [HẠ GỤC] Zombie/Witch/Môi trường <N/A> đã hạ gục None :D <STEAM_1:0:578030381> bằng (boom/fire)
L 10/07/2026 - 19:54:01: [HẠ GỤC] Zombie/Witch/Môi trường <N/A> đã hạ gục Bảo Nguyên <STEAM_1:0:218160880> bằng (boom/fire)
L 10/07/2026 - 19:54:39: [FF] [Curren Bouquetd'or] <STEAM_1:1:524205977> -> 5 HP bằng (súng) -> [Bảo Nguyên] <STEAM_1:0:218160880>
L 10/07/2026 - 19:54:39: [FF] [Curren Bouquetd'or] <STEAM_1:1:524205977> -> 7 HP bằng (súng) -> [Bảo Nguyên] <STEAM_1:0:218160880>
L 10/07/2026 - 19:54:39: [FF] [Curren Bouquetd'or] <STEAM_1:1:524205977> -> 7 HP bằng (súng) -> [Bảo Nguyên] <STEAM_1:0:218160880>
L 10/07/2026 - 19:54:39: [FF] [Curren Bouquetd'or] <STEAM_1:1:524205977> -> 7 HP bằng (súng) -> [Rïçēz] <STEAM_1:1:558962692>
L 10/07/2026 - 19:54:40: [FF] [Curren Bouquetd'or] <STEAM_1:1:524205977> -> 5 HP bằng (súng) -> [Bảo Nguyên] <STEAM_1:0:218160880>
L 10/07/2026 - 19:54:40: [FF] [Curren Bouquetd'or] <STEAM_1:1:524205977> -> 5 HP bằng (súng) -> [Bảo Nguyên] <STEAM_1:0:218160880>
L 10/07/2026 - 19:54:40: [FF] [Curren Bouquetd'or] <STEAM_1:1:524205977> -> 5 HP bằng (súng) -> [Bảo Nguyên] <STEAM_1:0:218160880>
L 10/07/2026 - 19:54:40: [FF] [Curren Bouquetd'or] <STEAM_1:1:524205977> -> 5 HP bằng (súng) -> [Bảo Nguyên] <STEAM_1:0:218160880>
L 10/07/2026 - 19:54:40: [FF] [Curren Bouquetd'or] <STEAM_1:1:524205977> -> 7 HP bằng (súng) -> [Bảo Nguyên] <STEAM_1:0:218160880>
L 10/07/2026 - 19:54:40: [FF] [Curren Bouquetd'or] <STEAM_1:1:524205977> -> 5 HP bằng (súng) -> [Bảo Nguyên] <STEAM_1:0:218160880>
L 10/07/2026 - 19:54:44: [HẠ GỤC] Rïçēz <STEAM_1:1:558962692> đã hạ gục Rïçēz <STEAM_1:1:558962692> bằng (súng)
L 10/07/2026 - 19:55:00: [FF] [Chicoarun] <STEAM_1:0:952954061> -> 5 HP bằng (súng) -> [KeroN] <STEAM_1:1:161759963>
L 10/07/2026 - 19:55:03: [FF] [Curren Bouquetd'or] <STEAM_1:1:524205977> -> 7 HP bằng (súng) -> [KeroN] <STEAM_1:1:161759963>
L 10/07/2026 - 19:55:04: [FF] [Chicoarun] <STEAM_1:0:952954061> -> 6 HP bằng (súng) -> [KeroN] <STEAM_1:1:161759963>
L 10/07/2026 - 19:55:04: [FF] [Tuấn Cùi] <STEAM_1:0:534433454> -> 3 HP bằng (súng) -> [Bảo Nguyên] <STEAM_1:0:218160880>
L 10/07/2026 - 19:55:04: [FF] [Tuấn Cùi] <STEAM_1:0:534433454> -> 3 HP bằng (súng) -> [Bảo Nguyên] <STEAM_1:0:218160880>
L 10/07/2026 - 19:55:04: [FF] [Tuấn Cùi] <STEAM_1:0:534433454> -> 3 HP bằng (súng) -> [Bảo Nguyên] <STEAM_1:0:218160880>
L 10/07/2026 - 19:55:04: [FF] [Tuấn Cùi] <STEAM_1:0:534433454> -> 3 HP bằng (súng) -> [Bảo Nguyên] <STEAM_1:0:218160880>
L 10/07/2026 - 19:55:04: [FF] [Tuấn Cùi] <STEAM_1:0:534433454> -> 3 HP bằng (súng) -> [Bảo Nguyên] <STEAM_1:0:218160880>
L 10/07/2026 - 19:55:04: [FF] [Curren Bouquetd'or] <STEAM_1:1:524205977> -> 7 HP bằng (súng) -> [（ ͜.人 ͜.）⛇☃] <STEAM_1:1:241852047>
L 10/07/2026 - 19:55:04: [FF] [KeroN] <STEAM_1:1:161759963> -> 7 HP bằng (súng) -> [（ ͜.人 ͜.）⛇☃] <STEAM_1:1:241852047>
L 10/07/2026 - 19:55:04: [FF] [Curren Bouquetd'or] <STEAM_1:1:524205977> -> 7 HP bằng (súng) -> [（ ͜.人 ͜.）⛇☃] <STEAM_1:1:241852047>
L 10/07/2026 - 19:55:04: [FF] [Curren Bouquetd'or] <STEAM_1:1:524205977> -> 7 HP bằng (súng) -> [（ ͜.人 ͜.）⛇☃] <STEAM_1:1:241852047>
L 10/07/2026 - 19:55:06: [HẠ GỤC] Spitter Bot <BOT> đã hạ gục （ ͜.人 ͜.）⛇☃ <STEAM_1:1:241852047> bằng (môi trường/khác)
L 10/07/2026 - 19:55:07: [HẠ GỤC] Spitter Bot <BOT> đã hạ gục Bảo Nguyên <STEAM_1:0:218160880> bằng (môi trường/khác)
L 10/07/2026 - 19:55:07: [HẠ GỤC] Spitter Bot <BOT> đã hạ gục None :D <STEAM_1:0:578030381> bằng (môi trường/khác)
L 10/07/2026 - 19:55:07: [HẠ GỤC] Spitter Bot <BOT> đã hạ gục TezzyPham <STEAM_1:1:933338290> bằng (môi trường/khác)
L 10/07/2026 - 19:55:16: [HẠ GỤC] Zombie/Witch/Môi trường <N/A> đã hạ gục Tuấn Cùi <STEAM_1:0:534433454> bằng (môi trường/khác)
L 10/07/2026 - 19:55:19: [HẠ GỤC] Smoker Bot <BOT> đã hạ gục Chicoarun <STEAM_1:0:952954061> bằng (zombie cào/đấm)
L 10/07/2026 - 19:55:21: [FF] [KeroN] <STEAM_1:1:161759963> -> 5 HP bằng (súng) -> [TezzyPham] <STEAM_1:1:933338290>
L 10/07/2026 - 19:55:29: [KILL] Zombie/Witch/Môi trường <N/A> đã giết Chicoarun <STEAM_1:0:952954061> bằng (zombie cào/đấm)
L 10/07/2026 - 19:55:32: [FF] [None :D] <STEAM_1:0:578030381> -> 25 HP bằng (melee) -> [（ ͜.人 ͜.）⛇☃] <STEAM_1:1:241852047>
L 10/07/2026 - 19:55:32: [KILL] Zombie/Witch/Môi trường <N/A> đã giết （ ͜.人 ͜.）⛇☃ <STEAM_1:1:241852047> bằng (zombie cào/đấm)
L 10/07/2026 - 19:55:36: [KILL] Zombie/Witch/Môi trường <N/A> đã giết Rïçēz <STEAM_1:1:558962692> bằng (zombie cào/đấm)
L 10/07/2026 - 19:55:38: [KILL] Zombie/Witch/Môi trường <N/A> đã giết TezzyPham <STEAM_1:1:933338290> bằng (zombie cào/đấm)
L 10/07/2026 - 19:55:38: [HẠ GỤC] Smoker Bot <BOT> đã hạ gục Bảo Nguyên <STEAM_1:0:218160880> bằng (zombie cào/đấm)
L 10/07/2026 - 19:55:44: [KILL] Zombie/Witch/Môi trường <N/A> đã giết Curren Bouquetd'or <STEAM_1:1:524205977> bằng (zombie cào/đấm)
L 10/07/2026 - 19:55:53: [KILL] Zombie/Witch/Môi trường <N/A> đã giết None :D <STEAM_1:0:578030381> bằng (zombie cào/đấm)
L 10/07/2026 - 19:55:58: [KILL] Zombie/Witch/Môi trường <N/A> đã giết KeroN <STEAM_1:1:161759963> bằng (zombie cào/đấm)
L 10/07/2026 - 19:56:01: [KILL] Smoker Bot <BOT> đã giết Bảo Nguyên <STEAM_1:0:218160880> bằng (zombie cào/đấm)
L 10/07/2026 - 19:56:17: [HẠ GỤC] Zombie/Witch/Môi trường <N/A> đã hạ gục Tuấn Cùi <STEAM_1:0:534433454> bằng (môi trường/khác)
L 10/07/2026 - 19:56:49: [FF] [Chicoarun] <STEAM_1:0:952954061> -> 7 HP bằng (melee) -> [Rïçēz] <STEAM_1:1:558962692>
L 10/07/2026 - 19:57:02: [HẠ GỤC] Rïçēz <STEAM_1:1:558962692> đã hạ gục Rïçēz <STEAM_1:1:558962692> bằng (súng)
L 10/07/2026 - 19:57:09: [FF] [Tuấn Cùi] <STEAM_1:0:534433454> -> 7 HP bằng (súng) -> [TezzyPham] <STEAM_1:1:933338290>
L 10/07/2026 - 19:57:17: [FF] [KeroN] <STEAM_1:1:161759963> -> 5 HP bằng (súng) -> [Chicoarun] <STEAM_1:0:952954061>
L 10/07/2026 - 19:57:21: [FF] [None :D] <STEAM_1:0:578030381> -> 5 HP bằng (melee) -> [Curren Bouquetd'or] <STEAM_1:1:524205977>
L 10/07/2026 - 19:57:23: [FF] [Tuấn Cùi] <STEAM_1:0:534433454> -> 5 HP bằng (súng) -> [（ ͜.人 ͜.）⛇☃] <STEAM_1:1:241852047>
L 10/07/2026 - 19:57:23: [FF] [Tuấn Cùi] <STEAM_1:0:534433454> -> 5 HP bằng (súng) -> [（ ͜.人 ͜.）⛇☃] <STEAM_1:1:241852047>
L 10/07/2026 - 19:57:24: [FF] [Tuấn Cùi] <STEAM_1:0:534433454> -> 5 HP bằng (súng) -> [（ ͜.人 ͜.）⛇☃] <STEAM_1:1:241852047>
L 10/07/2026 - 19:57:24: [FF] [Tuấn Cùi] <STEAM_1:0:534433454> -> 7 HP bằng (súng) -> [（ ͜.人 ͜.）⛇☃] <STEAM_1:1:241852047>
L 10/07/2026 - 19:57:24: [FF] [Tuấn Cùi] <STEAM_1:0:534433454> -> 5 HP bằng (súng) -> [（ ͜.人 ͜.）⛇☃] <STEAM_1:1:241852047>
L 10/07/2026 - 19:57:27: [FF] [None :D] <STEAM_1:0:578030381> -> 5 HP bằng (melee) -> [KeroN] <STEAM_1:1:161759963>
L 10/07/2026 - 19:57:33: [FF] [Chicoarun] <STEAM_1:0:952954061> -> 13 HP bằng (súng) -> [None :D] <STEAM_1:0:578030381>
L 10/07/2026 - 19:57:33: [FF] [Bảo Nguyên] <STEAM_1:0:218160880> -> 5 HP bằng (súng) -> [Chicoarun] <STEAM_1:0:952954061>
L 10/07/2026 - 19:57:33: [FF] [Bảo Nguyên] <STEAM_1:0:218160880> -> 6 HP bằng (súng) -> [Chicoarun] <STEAM_1:0:952954061>
L 10/07/2026 - 19:57:34: [FF] [Chicoarun] <STEAM_1:0:952954061> -> 17 HP bằng (súng) -> [Bảo Nguyên] <STEAM_1:0:218160880>
L 10/07/2026 - 19:57:34: [FF] [Chicoarun] <STEAM_1:0:952954061> -> 13 HP bằng (súng) -> [Bảo Nguyên] <STEAM_1:0:218160880>
L 10/07/2026 - 19:57:34: [FF] [Chicoarun] <STEAM_1:0:952954061> -> 11 HP bằng (súng) -> [Bảo Nguyên] <STEAM_1:0:218160880>
L 10/07/2026 - 19:57:35: [FF] [None :D] <STEAM_1:0:578030381> -> 5 HP bằng (melee) -> [Bảo Nguyên] <STEAM_1:0:218160880>
L 10/07/2026 - 19:57:36: [FF] [None :D] <STEAM_1:0:578030381> -> 5 HP bằng (melee) -> [Bảo Nguyên] <STEAM_1:0:218160880>
L 10/07/2026 - 19:57:37: [FF] [None :D] <STEAM_1:0:578030381> -> 5 HP bằng (melee) -> [Bảo Nguyên] <STEAM_1:0:218160880>
L 10/07/2026 - 19:57:42: [FF] [KeroN] <STEAM_1:1:161759963> -> 5 HP bằng (súng) -> [Bảo Nguyên] <STEAM_1:0:218160880>
L 10/07/2026 - 19:57:42: [FF] [Tuấn Cùi] <STEAM_1:0:534433454> -> 5 HP bằng (súng) -> [Bảo Nguyên] <STEAM_1:0:218160880>
L 10/07/2026 - 19:57:42: [FF] [KeroN] <STEAM_1:1:161759963> -> 5 HP bằng (súng) -> [Bảo Nguyên] <STEAM_1:0:218160880>
L 10/07/2026 - 19:57:43: [FF] [Tuấn Cùi] <STEAM_1:0:534433454> -> 7 HP bằng (súng) -> [None :D] <STEAM_1:0:578030381>
L 10/07/2026 - 19:57:43: [FF] [Tuấn Cùi] <STEAM_1:0:534433454> -> 7 HP bằng (súng) -> [None :D] <STEAM_1:0:578030381>
L 10/07/2026 - 19:57:43: [FF] [KeroN] <STEAM_1:1:161759963> -> 5 HP bằng (súng) -> [Chicoarun] <STEAM_1:0:952954061>
L 10/07/2026 - 19:57:43: [FF] [Tuấn Cùi] <STEAM_1:0:534433454> -> 5 HP bằng (súng) -> [None :D] <STEAM_1:0:578030381>
L 10/07/2026 - 19:57:43: [FF] [Tuấn Cùi] <STEAM_1:0:534433454> -> 5 HP bằng (súng) -> [None :D] <STEAM_1:0:578030381>
L 10/07/2026 - 19:57:48: [FF] [Tuấn Cùi] <STEAM_1:0:534433454> -> 7 HP bằng (súng) -> [None :D] <STEAM_1:0:578030381>
L 10/07/2026 - 19:57:48: [FF] [Tuấn Cùi] <STEAM_1:0:534433454> -> 5 HP bằng (súng) -> [（ ͜.人 ͜.）⛇☃] <STEAM_1:1:241852047>
L 10/07/2026 - 19:57:48: [FF] [Tuấn Cùi] <STEAM_1:0:534433454> -> 5 HP bằng (súng) -> [（ ͜.人 ͜.）⛇☃] <STEAM_1:1:241852047>
L 10/07/2026 - 19:57:48: [FF] [Tuấn Cùi] <STEAM_1:0:534433454> -> 5 HP bằng (súng) -> [（ ͜.人 ͜.）⛇☃] <STEAM_1:1:241852047>
L 10/07/2026 - 19:57:48: [FF] [Tuấn Cùi] <STEAM_1:0:534433454> -> 5 HP bằng (súng) -> [（ ͜.人 ͜.）⛇☃] <STEAM_1:1:241852047>
L 10/07/2026 - 19:57:50: [FF] [Tuấn Cùi] <STEAM_1:0:534433454> -> 7 HP bằng (súng) -> [（ ͜.人 ͜.）⛇☃] <STEAM_1:1:241852047>
L 10/07/2026 - 19:57:50: [FF] [Tuấn Cùi] <STEAM_1:0:534433454> -> 5 HP bằng (súng) -> [（ ͜.人 ͜.）⛇☃] <STEAM_1:1:241852047>
L 10/07/2026 - 19:57:50: [FF] [Tuấn Cùi] <STEAM_1:0:534433454> -> 5 HP bằng (súng) -> [（ ͜.人 ͜.）⛇☃] <STEAM_1:1:241852047>
L 10/07/2026 - 19:57:50: [FF] [Tuấn Cùi] <STEAM_1:0:534433454> -> 5 HP bằng (súng) -> [（ ͜.人 ͜.）⛇☃] <STEAM_1:1:241852047>
L 10/07/2026 - 19:57:51: [FF] [Tuấn Cùi] <STEAM_1:0:534433454> -> 5 HP bằng (súng) -> [（ ͜.人 ͜.）⛇☃] <STEAM_1:1:241852047>
L 10/07/2026 - 19:57:51: [HẠ GỤC] Tuấn Cùi <STEAM_1:0:534433454> đã hạ gục （ ͜.人 ͜.）⛇☃ <STEAM_1:1:241852047> bằng (súng)
L 10/07/2026 - 19:57:51: [FF] [Tuấn Cùi] <STEAM_1:0:534433454> -> 7 HP bằng (súng) -> [（ ͜.人 ͜.）⛇☃] <STEAM_1:1:241852047>
L 10/07/2026 - 19:57:53: [FF] [（ ͜.人 ͜.）⛇☃] <STEAM_1:1:241852047> -> 1 HP bằng (boom/fire) -> [Tuấn Cùi] <STEAM_1:0:534433454>
L 10/07/2026 - 19:57:53: [FF] [（ ͜.人 ͜.）⛇☃] <STEAM_1:1:241852047> -> 3 HP bằng (boom/fire) -> [Tuấn Cùi] <STEAM_1:0:534433454>
L 10/07/2026 - 19:57:53: [HẠ GỤC] Zombie/Witch/Môi trường <N/A> đã hạ gục Bảo Nguyên <STEAM_1:0:218160880> bằng (môi trường/khác)
L 10/07/2026 - 19:57:53: [FF] [（ ͜.人 ͜.）⛇☃] <STEAM_1:1:241852047> -> 4 HP bằng (boom/fire) -> [Tuấn Cùi] <STEAM_1:0:534433454>
L 10/07/2026 - 19:57:54: [FF] [（ ͜.人 ͜.）⛇☃] <STEAM_1:1:241852047> -> 6 HP bằng (boom/fire) -> [Tuấn Cùi] <STEAM_1:0:534433454>
L 10/07/2026 - 19:57:54: [FF] [Rïçēz] <STEAM_1:1:558962692> -> 7 HP bằng (melee) -> [Chicoarun] <STEAM_1:0:952954061>
L 10/07/2026 - 19:57:54: [FF] [（ ͜.人 ͜.）⛇☃] <STEAM_1:1:241852047> -> 8 HP bằng (boom/fire) -> [Tuấn Cùi] <STEAM_1:0:534433454>
L 10/07/2026 - 19:57:57: [FF] [（ ͜.人 ͜.）⛇☃] <STEAM_1:1:241852047> -> 16 HP bằng (boom/fire) -> [TezzyPham] <STEAM_1:1:933338290>
L 10/07/2026 - 19:57:57: [FF] [（ ͜.人 ͜.）⛇☃] <STEAM_1:1:241852047> -> 16 HP bằng (boom/fire) -> [TezzyPham] <STEAM_1:1:933338290>
L 10/07/2026 - 19:57:57: [FF] [（ ͜.人 ͜.）⛇☃] <STEAM_1:1:241852047> -> 16 HP bằng (boom/fire) -> [TezzyPham] <STEAM_1:1:933338290>
L 10/07/2026 - 19:57:58: [FF] [（ ͜.人 ͜.）⛇☃] <STEAM_1:1:241852047> -> 16 HP bằng (boom/fire) -> [TezzyPham] <STEAM_1:1:933338290>
L 10/07/2026 - 19:57:58: [FF] [（ ͜.人 ͜.）⛇☃] <STEAM_1:1:241852047> -> 16 HP bằng (boom/fire) -> [TezzyPham] <STEAM_1:1:933338290>
L 10/07/2026 - 19:57:58: [FF] [（ ͜.人 ͜.）⛇☃] <STEAM_1:1:241852047> -> 16 HP bằng (boom/fire) -> [TezzyPham] <STEAM_1:1:933338290>
L 10/07/2026 - 19:57:58: [HẠ GỤC] Spitter Bot <BOT> đã hạ gục Rïçēz <STEAM_1:1:558962692> bằng (môi trường/khác)
L 10/07/2026 - 19:57:58: [HẠ GỤC] （ ͜.人 ͜.）⛇☃ <STEAM_1:1:241852047> đã hạ gục TezzyPham <STEAM_1:1:933338290> bằng (boom/fire)
L 10/07/2026 - 19:57:58: [FF] [（ ͜.人 ͜.）⛇☃] <STEAM_1:1:241852047> -> 16 HP bằng (boom/fire) -> [TezzyPham] <STEAM_1:1:933338290>
L 10/07/2026 - 19:57:59: [FF] [（ ͜.人 ͜.）⛇☃] <STEAM_1:1:241852047> -> 16 HP bằng (boom/fire) -> [TezzyPham] <STEAM_1:1:933338290>
L 10/07/2026 - 19:57:59: [FF] [（ ͜.人 ͜.）⛇☃] <STEAM_1:1:241852047> -> 16 HP bằng (boom/fire) -> [TezzyPham] <STEAM_1:1:933338290>
L 10/07/2026 - 19:57:59: [FF] [（ ͜.人 ͜.）⛇☃] <STEAM_1:1:241852047> -> 16 HP bằng (boom/fire) -> [TezzyPham] <STEAM_1:1:933338290>
L 10/07/2026 - 19:57:59: [FF] [（ ͜.人 ͜.）⛇☃] <STEAM_1:1:241852047> -> 16 HP bằng (boom/fire) -> [TezzyPham] <STEAM_1:1:933338290>
L 10/07/2026 - 19:58:00: [FF] [Tuấn Cùi] <STEAM_1:0:534433454> -> 5 HP bằng (súng) -> [Bảo Nguyên] <STEAM_1:0:218160880>
L 10/07/2026 - 19:58:00: [FF] [Tuấn Cùi] <STEAM_1:0:534433454> -> 5 HP bằng (súng) -> [Bảo Nguyên] <STEAM_1:0:218160880>
L 10/07/2026 - 19:58:06: [FF] [（ ͜.人 ͜.）⛇☃] <STEAM_1:1:241852047> -> 16 HP bằng (boom/fire) -> [Tuấn Cùi] <STEAM_1:0:534433454>
L 10/07/2026 - 19:58:06: [FF] [（ ͜.人 ͜.）⛇☃] <STEAM_1:1:241852047> -> 16 HP bằng (boom/fire) -> [Tuấn Cùi] <STEAM_1:0:534433454>
L 10/07/2026 - 19:58:06: [FF] [（ ͜.人 ͜.）⛇☃] <STEAM_1:1:241852047> -> 16 HP bằng (boom/fire) -> [Tuấn Cùi] <STEAM_1:0:534433454>
L 10/07/2026 - 19:58:07: [FF] [（ ͜.人 ͜.）⛇☃] <STEAM_1:1:241852047> -> 16 HP bằng (boom/fire) -> [Tuấn Cùi] <STEAM_1:0:534433454>
L 10/07/2026 - 19:58:07: [KILL] （ ͜.人 ͜.）⛇☃ <STEAM_1:1:241852047> đã giết Tuấn Cùi <STEAM_1:0:534433454> bằng (boom/fire)
L 10/07/2026 - 19:58:08: [FF] [（ ͜.人 ͜.）⛇☃] <STEAM_1:1:241852047> -> 1 HP bằng (súng) -> [None :D] <STEAM_1:0:578030381>
L 10/07/2026 - 19:58:10: [FF] [Rïçēz] <STEAM_1:1:558962692> -> 7 HP bằng (melee) -> [Bảo Nguyên] <STEAM_1:0:218160880>
L 10/07/2026 - 19:58:10: [FF] [None :D] <STEAM_1:0:578030381> -> 5 HP bằng (melee) -> [Chicoarun] <STEAM_1:0:952954061>
L 10/07/2026 - 19:58:12: [FF] [（ ͜.人 ͜.）⛇☃] <STEAM_1:1:241852047> -> 7 HP bằng (melee) -> [None :D] <STEAM_1:0:578030381>
L 10/07/2026 - 19:58:12: [FF] [Rïçēz] <STEAM_1:1:558962692> -> 7 HP bằng (melee) -> [Bảo Nguyên] <STEAM_1:0:218160880>
L 10/07/2026 - 19:58:12: [HẠ GỤC] Zombie/Witch/Môi trường <N/A> đã hạ gục KeroN <STEAM_1:1:161759963> bằng (môi trường/khác)
L 10/07/2026 - 19:58:14: [FF] [Rïçēz] <STEAM_1:1:558962692> -> 7 HP bằng (melee) -> [（ ͜.人 ͜.）⛇☃] <STEAM_1:1:241852047>
L 10/07/2026 - 19:58:16: [FF] [None :D] <STEAM_1:0:578030381> -> 5 HP bằng (melee) -> [Bảo Nguyên] <STEAM_1:0:218160880>
L 10/07/2026 - 19:58:17: [FF] [（ ͜.人 ͜.）⛇☃] <STEAM_1:1:241852047> -> 7 HP bằng (melee) -> [Bảo Nguyên] <STEAM_1:0:218160880>
L 10/07/2026 - 19:58:23: [KILL] Zombie/Witch/Môi trường <N/A> đã giết Bảo Nguyên <STEAM_1:0:218160880> bằng (zombie cào/đấm)
L 10/07/2026 - 19:58:30: [HẠ GỤC] Jockey Bot <BOT> đã hạ gục None :D <STEAM_1:0:578030381> bằng (zombie cào/đấm)
L 10/07/2026 - 19:58:32: [KILL] Zombie/Witch/Môi trường <N/A> đã giết Rïçēz <STEAM_1:1:558962692> bằng (zombie cào/đấm)
L 10/07/2026 - 19:58:32: [FF] [Curren Bouquetd'or] <STEAM_1:1:524205977> -> 1 HP bằng (môi trường/khác) -> [Chicoarun] <STEAM_1:0:952954061>
L 10/07/2026 - 19:58:32: [FF] [Curren Bouquetd'or] <STEAM_1:1:524205977> -> 1 HP bằng (môi trường/khác) -> [（ ͜.人 ͜.）⛇☃] <STEAM_1:1:241852047>
L 10/07/2026 - 19:58:40: [KILL] Zombie/Witch/Môi trường <N/A> đã giết （ ͜.人 ͜.）⛇☃ <STEAM_1:1:241852047> bằng (zombie cào/đấm)
L 10/07/2026 - 19:58:43: [KILL] Zombie/Witch/Môi trường <N/A> đã giết Chicoarun <STEAM_1:0:952954061> bằng (zombie cào/đấm)
L 10/07/2026 - 19:58:44: [KILL] Zombie/Witch/Môi trường <N/A> đã giết TezzyPham <STEAM_1:1:933338290> bằng (môi trường/khác)
L 10/07/2026 - 19:58:48: [HẠ GỤC] Smoker Bot <BOT> đã hạ gục KeroN <STEAM_1:1:161759963> bằng (zombie cào/đấm)
L 10/07/2026 - 20:02:06: [FF] [KeroN] <STEAM_1:1:161759963> -> 5 HP bằng (melee) -> [Mikasa] <STEAM_1:0:522010986>
L 10/07/2026 - 20:02:06: [FF] [Chicoarun] <STEAM_1:0:952954061> -> 7 HP bằng (súng) -> [（ ͜.人 ͜.）⛇☃] <STEAM_1:1:241852047>
L 10/07/2026 - 20:02:10: [HẠ GỤC] Boomer Bot <BOT> đã hạ gục Bảo Nguyên <STEAM_1:0:218160880> bằng (môi trường/khác)
L 10/07/2026 - 20:02:11: [HẠ GỤC] Spitter Bot <BOT> đã hạ gục Tuấn Cùi <STEAM_1:0:534433454> bằng (môi trường/khác)
L 10/07/2026 - 20:02:14: [HẠ GỤC] Zombie/Witch/Môi trường <N/A> đã hạ gục Mikasa <STEAM_1:0:522010986> bằng (môi trường/khác)
L 10/07/2026 - 20:02:17: [FF] [Curren Bouquetd'or] <STEAM_1:1:524205977> -> 5 HP bằng (súng) -> [None :D] <STEAM_1:0:578030381>
L 10/07/2026 - 20:02:17: [FF] [Curren Bouquetd'or] <STEAM_1:1:524205977> -> 5 HP bằng (súng) -> [None :D] <STEAM_1:0:578030381>
L 10/07/2026 - 20:02:18: [FF] [Curren Bouquetd'or] <STEAM_1:1:524205977> -> 6 HP bằng (súng) -> [KeroN] <STEAM_1:1:161759963>
L 10/07/2026 - 20:02:18: [FF] [Chicoarun] <STEAM_1:0:952954061> -> 7 HP bằng (súng) -> [KeroN] <STEAM_1:1:161759963>
L 10/07/2026 - 20:02:18: [HẠ GỤC] Jockey Bot <BOT> đã hạ gục （ ͜.人 ͜.）⛇☃ <STEAM_1:1:241852047> bằng (zombie cào/đấm)
L 10/07/2026 - 20:02:19: [FF] [Curren Bouquetd'or] <STEAM_1:1:524205977> -> 6 HP bằng (súng) -> [KeroN] <STEAM_1:1:161759963>
L 10/07/2026 - 20:02:19: [FF] [Curren Bouquetd'or] <STEAM_1:1:524205977> -> 6 HP bằng (súng) -> [KeroN] <STEAM_1:1:161759963>
L 10/07/2026 - 20:02:19: [FF] [Curren Bouquetd'or] <STEAM_1:1:524205977> -> 5 HP bằng (súng) -> [KeroN] <STEAM_1:1:161759963>
L 10/07/2026 - 20:02:19: [FF] [Curren Bouquetd'or] <STEAM_1:1:524205977> -> 5 HP bằng (súng) -> [KeroN] <STEAM_1:1:161759963>
L 10/07/2026 - 20:02:19: [FF] [Curren Bouquetd'or] <STEAM_1:1:524205977> -> 6 HP bằng (súng) -> [KeroN] <STEAM_1:1:161759963>
L 10/07/2026 - 20:02:19: [FF] [Curren Bouquetd'or] <STEAM_1:1:524205977> -> 6 HP bằng (súng) -> [Rïçēz] <STEAM_1:1:558962692>
L 10/07/2026 - 20:02:19: [FF] [Rïçēz] <STEAM_1:1:558962692> -> 7 HP bằng (melee) -> [KeroN] <STEAM_1:1:161759963>
L 10/07/2026 - 20:02:19: [FF] [Curren Bouquetd'or] <STEAM_1:1:524205977> -> 6 HP bằng (súng) -> [Rïçēz] <STEAM_1:1:558962692>
L 10/07/2026 - 20:02:19: [FF] [Curren Bouquetd'or] <STEAM_1:1:524205977> -> 6 HP bằng (súng) -> [Rïçēz] <STEAM_1:1:558962692>
L 10/07/2026 - 20:02:19: [FF] [Curren Bouquetd'or] <STEAM_1:1:524205977> -> 6 HP bằng (súng) -> [Rïçēz] <STEAM_1:1:558962692>
L 10/07/2026 - 20:02:19: [FF] [Curren Bouquetd'or] <STEAM_1:1:524205977> -> 6 HP bằng (súng) -> [Rïçēz] <STEAM_1:1:558962692>
L 10/07/2026 - 20:02:19: [FF] [Curren Bouquetd'or] <STEAM_1:1:524205977> -> 6 HP bằng (súng) -> [Rïçēz] <STEAM_1:1:558962692>
L 10/07/2026 - 20:02:19: [HẠ GỤC] Curren Bouquetd'or <STEAM_1:1:524205977> đã hạ gục Rïçēz <STEAM_1:1:558962692> bằng (súng)
L 10/07/2026 - 20:02:20: [FF] [Curren Bouquetd'or] <STEAM_1:1:524205977> -> 5 HP bằng (súng) -> [KeroN] <STEAM_1:1:161759963>
L 10/07/2026 - 20:02:20: [FF] [Curren Bouquetd'or] <STEAM_1:1:524205977> -> 6 HP bằng (súng) -> [Rïçēz] <STEAM_1:1:558962692>
L 10/07/2026 - 20:02:20: [FF] [Curren Bouquetd'or] <STEAM_1:1:524205977> -> 5 HP bằng (súng) -> [KeroN] <STEAM_1:1:161759963>
L 10/07/2026 - 20:02:20: [FF] [Curren Bouquetd'or] <STEAM_1:1:524205977> -> 5 HP bằng (súng) -> [KeroN] <STEAM_1:1:161759963>
L 10/07/2026 - 20:02:20: [FF] [Curren Bouquetd'or] <STEAM_1:1:524205977> -> 5 HP bằng (súng) -> [KeroN] <STEAM_1:1:161759963>
L 10/07/2026 - 20:02:24: [FF] [Curren Bouquetd'or] <STEAM_1:1:524205977> -> 5 HP bằng (súng) -> [Rïçēz] <STEAM_1:1:558962692>
L 10/07/2026 - 20:02:33: [FF] [（ ͜.人 ͜.）⛇☃] <STEAM_1:1:241852047> -> 1 HP bằng (súng) -> [None :D] <STEAM_1:0:578030381>
L 10/07/2026 - 20:02:34: [FF] [（ ͜.人 ͜.）⛇☃] <STEAM_1:1:241852047> -> 1 HP bằng (súng) -> [Chicoarun] <STEAM_1:0:952954061>
L 10/07/2026 - 20:02:37: [FF] [None :D] <STEAM_1:0:578030381> -> 7 HP bằng (melee) -> [TezzyPham] <STEAM_1:1:933338290>
L 10/07/2026 - 20:02:38: [FF] [None :D] <STEAM_1:0:578030381> -> 7 HP bằng (melee) -> [TezzyPham] <STEAM_1:1:933338290>
L 10/07/2026 - 20:02:41: [FF] [Rïçēz] <STEAM_1:1:558962692> -> 7 HP bằng (melee) -> [Tuấn Cùi] <STEAM_1:0:534433454>
L 10/07/2026 - 20:03:08: [KILL] Zombie/Witch/Môi trường <N/A> đã giết Bảo Nguyên <STEAM_1:0:218160880> bằng (zombie cào/đấm)
L 10/07/2026 - 20:03:08: [FF] [（ ͜.人 ͜.）⛇☃] <STEAM_1:1:241852047> -> 1 HP bằng (súng) -> [None :D] <STEAM_1:0:578030381>
L 10/07/2026 - 20:03:11: [HẠ GỤC] Zombie/Witch/Môi trường <N/A> đã hạ gục Chicoarun <STEAM_1:0:952954061> bằng (môi trường/khác)
L 10/07/2026 - 20:03:15: [KILL] Zombie/Witch/Môi trường <N/A> đã giết TezzyPham <STEAM_1:1:933338290> bằng (zombie cào/đấm)
L 10/07/2026 - 20:03:17: [FF] [None :D] <STEAM_1:0:578030381> -> 7 HP bằng (melee) -> [（ ͜.人 ͜.）⛇☃] <STEAM_1:1:241852047>
L 10/07/2026 - 20:03:20: [HẠ GỤC] (1)Charger Bot <BOT> đã hạ gục Tuấn Cùi <STEAM_1:0:534433454> bằng (zombie cào/đấm)
L 10/07/2026 - 20:03:22: [FF] [Mikasa] <STEAM_1:0:522010986> -> 7 HP bằng (melee) -> [KeroN] <STEAM_1:1:161759963>
L 10/07/2026 - 20:03:22: [FF] [KeroN] <STEAM_1:1:161759963> -> 5 HP bằng (melee) -> [Mikasa] <STEAM_1:0:522010986>
L 10/07/2026 - 20:03:37: [FF] [KeroN] <STEAM_1:1:161759963> -> 1 HP bằng (môi trường/khác) -> [Tuấn Cùi] <STEAM_1:0:534433454>
L 10/07/2026 - 20:03:57: [FF] [None :D] <STEAM_1:0:578030381> -> 7 HP bằng (melee) -> [Curren Bouquetd'or] <STEAM_1:1:524205977>
L 10/07/2026 - 20:03:57: [FF] [Curren Bouquetd'or] <STEAM_1:1:524205977> -> 5 HP bằng (melee) -> [None :D] <STEAM_1:0:578030381>
L 10/07/2026 - 20:03:58: [KILL] Zombie/Witch/Môi trường <N/A> đã giết Rïçēz <STEAM_1:1:558962692> bằng (zombie cào/đấm)
L 10/07/2026 - 20:03:58: [FF] [Curren Bouquetd'or] <STEAM_1:1:524205977> -> 5 HP bằng (melee) -> [None :D] <STEAM_1:0:578030381>
L 10/07/2026 - 20:04:00: [HẠ GỤC] Zombie/Witch/Môi trường <N/A> đã hạ gục Mikasa <STEAM_1:0:522010986> bằng (môi trường/khác)
L 10/07/2026 - 20:04:07: [KILL] Zombie/Witch/Môi trường <N/A> đã giết （ ͜.人 ͜.）⛇☃ <STEAM_1:1:241852047> bằng (zombie cào/đấm)
L 10/07/2026 - 20:04:15: [HẠ GỤC] Hunter Bot <BOT> đã hạ gục KeroN <STEAM_1:1:161759963> bằng (zombie cào/đấm)
L 10/07/2026 - 20:04:25: [FF] [Tuấn Cùi] <STEAM_1:0:534433454> -> 7 HP bằng (súng) -> [TezzyPham] <STEAM_1:1:933338290>
L 10/07/2026 - 20:04:45: [HẠ GỤC] Boomer Bot <BOT> đã hạ gục Chicoarun <STEAM_1:0:952954061> bằng (môi trường/khác)
L 10/07/2026 - 20:05:03: [FF] [Curren Bouquetd'or] <STEAM_1:1:524205977> -> 5 HP bằng (súng) -> [TezzyPham] <STEAM_1:1:933338290>
L 10/07/2026 - 20:05:03: [FF] [Curren Bouquetd'or] <STEAM_1:1:524205977> -> 5 HP bằng (súng) -> [TezzyPham] <STEAM_1:1:933338290>
L 10/07/2026 - 20:05:04: [FF] [Bảo Nguyên] <STEAM_1:0:218160880> -> 5 HP bằng (súng) -> [TezzyPham] <STEAM_1:1:933338290>
L 10/07/2026 - 20:05:05: [HẠ GỤC] Tank <BOT> đã hạ gục Tuấn Cùi <STEAM_1:0:534433454> bằng (môi trường/khác)
L 10/07/2026 - 20:05:07: [FF] [Bảo Nguyên] <STEAM_1:0:218160880> -> 5 HP bằng (súng) -> [Rïçēz] <STEAM_1:1:558962692>
L 10/07/2026 - 20:05:07: [FF] [Bảo Nguyên] <STEAM_1:0:218160880> -> 6 HP bằng (súng) -> [Rïçēz] <STEAM_1:1:558962692>
L 10/07/2026 - 20:05:07: [FF] [Bảo Nguyên] <STEAM_1:0:218160880> -> 5 HP bằng (súng) -> [Rïçēz] <STEAM_1:1:558962692>
L 10/07/2026 - 20:05:07: [FF] [Bảo Nguyên] <STEAM_1:0:218160880> -> 5 HP bằng (súng) -> [Rïçēz] <STEAM_1:1:558962692>
L 10/07/2026 - 20:05:09: [FF] [Bảo Nguyên] <STEAM_1:0:218160880> -> 5 HP bằng (súng) -> [Rïçēz] <STEAM_1:1:558962692>
L 10/07/2026 - 20:05:09: [FF] [Bảo Nguyên] <STEAM_1:0:218160880> -> 5 HP bằng (súng) -> [Rïçēz] <STEAM_1:1:558962692>
L 10/07/2026 - 20:05:09: [FF] [Bảo Nguyên] <STEAM_1:0:218160880> -> 5 HP bằng (súng) -> [Rïçēz] <STEAM_1:1:558962692>
L 10/07/2026 - 20:05:09: [FF] [Bảo Nguyên] <STEAM_1:0:218160880> -> 5 HP bằng (súng) -> [Rïçēz] <STEAM_1:1:558962692>
L 10/07/2026 - 20:05:09: [FF] [Bảo Nguyên] <STEAM_1:0:218160880> -> 6 HP bằng (súng) -> [Rïçēz] <STEAM_1:1:558962692>
L 10/07/2026 - 20:05:15: [HẠ GỤC] (1)Spitter Bot <BOT> đã hạ gục Curren Bouquetd'or <STEAM_1:1:524205977> bằng (môi trường/khác)
L 10/07/2026 - 20:05:22: [HẠ GỤC] Tank <BOT> đã hạ gục KeroN <STEAM_1:1:161759963> bằng (môi trường/khác)
L 10/07/2026 - 20:05:23: [FF] [Bảo Nguyên] <STEAM_1:0:218160880> -> 6 HP bằng (súng) -> [KeroN] <STEAM_1:1:161759963>
L 10/07/2026 - 20:05:26: [HẠ GỤC] Tank <BOT> đã hạ gục Bảo Nguyên <STEAM_1:0:218160880> bằng (môi trường/khác)
L 10/07/2026 - 20:05:30: [HẠ GỤC] Tank <BOT> đã hạ gục Mikasa <STEAM_1:0:522010986> bằng (môi trường/khác)
L 10/07/2026 - 20:05:36: [FF] [Curren Bouquetd'or] <STEAM_1:1:524205977> -> 5 HP bằng (súng) -> [TezzyPham] <STEAM_1:1:933338290>
L 10/07/2026 - 20:05:36: [FF] [Curren Bouquetd'or] <STEAM_1:1:524205977> -> 5 HP bằng (súng) -> [TezzyPham] <STEAM_1:1:933338290>
L 10/07/2026 - 20:05:36: [FF] [Curren Bouquetd'or] <STEAM_1:1:524205977> -> 6 HP bằng (súng) -> [TezzyPham] <STEAM_1:1:933338290>
L 10/07/2026 - 20:05:45: [HẠ GỤC] Tank <BOT> đã hạ gục TezzyPham <STEAM_1:1:933338290> bằng (môi trường/khác)
L 10/07/2026 - 20:05:47: [FF] [Rïçēz] <STEAM_1:1:558962692> -> 7 HP bằng (melee) -> [Bảo Nguyên] <STEAM_1:0:218160880>
L 10/07/2026 - 20:05:57: [HẠ GỤC] Tank <BOT> đã hạ gục （ ͜.人 ͜.）⛇☃ <STEAM_1:1:241852047> bằng (môi trường/khác)
L 10/07/2026 - 20:05:59: [HẠ GỤC] Tank <BOT> đã hạ gục Curren Bouquetd'or <STEAM_1:1:524205977> bằng (môi trường/khác)
L 10/07/2026 - 20:06:04: [HẠ GỤC] Tank <BOT> đã hạ gục None :D <STEAM_1:0:578030381> bằng (môi trường/khác)
L 10/07/2026 - 20:06:06: [HẠ GỤC] Tank <BOT> đã hạ gục Chicoarun <STEAM_1:0:952954061> bằng (môi trường/khác)
L 10/07/2026 - 20:06:14: [HẠ GỤC] Tank <BOT> đã hạ gục TezzyPham <STEAM_1:1:933338290> bằng (môi trường/khác)
L 10/07/2026 - 20:06:26: [HẠ GỤC] Tank <BOT> đã hạ gục Rïçēz <STEAM_1:1:558962692> bằng (môi trường/khác)
L 10/07/2026 - 20:06:31: [HẠ GỤC] Tank <BOT> đã hạ gục KeroN <STEAM_1:1:161759963> bằng (môi trường/khác)
L 10/07/2026 - 20:06:36: [HẠ GỤC] Tank <BOT> đã hạ gục Mikasa <STEAM_1:0:522010986> bằng (môi trường/khác)
L 10/07/2026 - 20:06:58: [HẠ GỤC] Tank <BOT> đã hạ gục （ ͜.人 ͜.）⛇☃ <STEAM_1:1:241852047> bằng (môi trường/khác)
L 10/07/2026 - 20:07:01: [KILL] Zombie/Witch/Môi trường <N/A> đã giết TezzyPham <STEAM_1:1:933338290> bằng (môi trường/khác)
L 10/07/2026 - 20:07:06: [HẠ GỤC] Tank <BOT> đã hạ gục Chicoarun <STEAM_1:0:952954061> bằng (môi trường/khác)
L 10/07/2026 - 20:07:11: [HẠ GỤC] Zombie/Witch/Môi trường <N/A> đã hạ gục Curren Bouquetd'or <STEAM_1:1:524205977> bằng (môi trường/khác)
L 10/07/2026 - 20:07:35: [FF] [Tuấn Cùi] <STEAM_1:0:534433454> -> 5 HP bằng (súng) -> [Mikasa] <STEAM_1:0:522010986>
L 10/07/2026 - 20:07:35: [FF] [Tuấn Cùi] <STEAM_1:0:534433454> -> 5 HP bằng (súng) -> [Mikasa] <STEAM_1:0:522010986>
L 10/07/2026 - 20:07:36: [FF] [Tuấn Cùi] <STEAM_1:0:534433454> -> 5 HP bằng (súng) -> [Mikasa] <STEAM_1:0:522010986>
L 10/07/2026 - 20:07:40: [KILL] Tank <BOT> đã giết Mikasa <STEAM_1:0:522010986> bằng (môi trường/khác)
L 10/07/2026 - 20:07:49: [HẠ GỤC] Tank <BOT> đã hạ gục KeroN <STEAM_1:1:161759963> bằng (môi trường/khác)
L 10/07/2026 - 20:07:55: [HẠ GỤC] Tank <BOT> đã hạ gục Bảo Nguyên <STEAM_1:0:218160880> bằng (môi trường/khác)
L 10/07/2026 - 20:07:57: [HẠ GỤC] Zombie/Witch/Môi trường <N/A> đã hạ gục None :D <STEAM_1:0:578030381> bằng (môi trường/khác)
L 10/07/2026 - 20:08:10: [HẠ GỤC] Tank <BOT> đã hạ gục Rïçēz <STEAM_1:1:558962692> bằng (môi trường/khác)
L 10/07/2026 - 20:08:23: [FF] [TezzyPham] <STEAM_1:1:933338290> -> 5 HP bằng (môi trường/khác) -> [Tuấn Cùi] <STEAM_1:0:534433454>
L 10/07/2026 - 20:08:25: [HẠ GỤC] Tank <BOT> đã hạ gục TezzyPham <STEAM_1:1:933338290> bằng (môi trường/khác)
L 10/07/2026 - 20:08:27: [HẠ GỤC] Tank <BOT> đã hạ gục Tuấn Cùi <STEAM_1:0:534433454> bằng (môi trường/khác)
L 10/07/2026 - 20:08:51: [FF] [Bảo Nguyên] <STEAM_1:0:218160880> -> 7 HP bằng (melee) -> [Mikasa] <STEAM_1:0:522010986>
L 10/07/2026 - 20:08:54: [HẠ GỤC] Tank <BOT> đã hạ gục Curren Bouquetd'or <STEAM_1:1:524205977> bằng (môi trường/khác)
L 10/07/2026 - 20:09:01: [HẠ GỤC] Tank <BOT> đã hạ gục Mikasa <STEAM_1:0:522010986> bằng (môi trường/khác)
L 10/07/2026 - 20:09:05: [KILL] Tank <BOT> đã giết Bảo Nguyên <STEAM_1:0:218160880> bằng (môi trường/khác)
L 10/07/2026 - 20:09:07: [KILL] Zombie/Witch/Môi trường <N/A> đã giết Chicoarun <STEAM_1:0:952954061> bằng (môi trường/khác)
L 10/07/2026 - 20:09:31: [KILL] Hunter <BOT> đã giết Tuấn Cùi <STEAM_1:0:534433454> bằng (zombie cào/đấm)
L 10/07/2026 - 20:09:41: [HẠ GỤC] Zombie/Witch/Môi trường <N/A> đã hạ gục TezzyPham <STEAM_1:1:933338290> bằng (môi trường/khác)
L 10/07/2026 - 20:09:53: [KILL] Hunter <BOT> đã giết KeroN <STEAM_1:1:161759963> bằng (zombie cào/đấm)
L 10/07/2026 - 20:10:02: [KILL] Hunter <BOT> đã giết Mikasa <STEAM_1:0:522010986> bằng (zombie cào/đấm)
L 10/07/2026 - 20:10:16: [KILL] Zombie/Witch/Môi trường <N/A> đã giết Rïçēz <STEAM_1:1:558962692> bằng (môi trường/khác)
L 10/07/2026 - 20:10:25: [HẠ GỤC] Tank <BOT> đã hạ gục Bảo Nguyên <STEAM_1:0:218160880> bằng (môi trường/khác)
L 10/07/2026 - 20:10:27: [KILL] Tank <BOT> đã giết TezzyPham <STEAM_1:1:933338290> bằng (môi trường/khác)
L 10/07/2026 - 20:10:36: [KILL] Tank <BOT> đã giết Curren Bouquetd'or <STEAM_1:1:524205977> bằng (môi trường/khác)
L 10/07/2026 - 20:10:50: [HẠ GỤC] Tank <BOT> đã hạ gục （ ͜.人 ͜.）⛇☃ <STEAM_1:1:241852047> bằng (môi trường/khác)
L 10/07/2026 - 20:11:36: [FF] [Tuấn Cùi] <STEAM_1:0:534433454> -> 7 HP bằng (súng) -> [Rïçēz] <STEAM_1:1:558962692>
L 10/07/2026 - 20:11:38: [FF] [None :D] <STEAM_1:0:578030381> -> 7 HP bằng (melee) -> [Chicoarun] <STEAM_1:0:952954061>
L 10/07/2026 - 20:11:41: [FF] [Tuấn Cùi] <STEAM_1:0:534433454> -> 5 HP bằng (súng) -> [Rïçēz] <STEAM_1:1:558962692>
L 10/07/2026 - 20:12:06: [HẠ GỤC] Tank <BOT> đã hạ gục Bảo Nguyên <STEAM_1:0:218160880> bằng (môi trường/khác)
L 10/07/2026 - 20:12:17: [HẠ GỤC] Tank <BOT> đã hạ gục Tuấn Cùi <STEAM_1:0:534433454> bằng (môi trường/khác)
L 10/07/2026 - 20:12:21: [HẠ GỤC] Tank <BOT> đã hạ gục KeroN <STEAM_1:1:161759963> bằng (môi trường/khác)
L 10/07/2026 - 20:12:23: [HẠ GỤC] Tank <BOT> đã hạ gục Chicoarun <STEAM_1:0:952954061> bằng (môi trường/khác)
L 10/07/2026 - 20:12:26: [HẠ GỤC] Tank <BOT> đã hạ gục Mikasa <STEAM_1:0:522010986> bằng (môi trường/khác)
L 10/07/2026 - 20:12:31: [KILL] Tank <BOT> đã giết Bảo Nguyên <STEAM_1:0:218160880> bằng (môi trường/khác)
L 10/07/2026 - 20:12:33: [FF] [Rïçēz] <STEAM_1:1:558962692> -> 1 HP bằng (súng) -> [Tuấn Cùi] <STEAM_1:0:534433454>
L 10/07/2026 - 20:12:44: [HẠ GỤC] Tank <BOT> đã hạ gục None :D <STEAM_1:0:578030381> bằng (môi trường/khác)
L 10/07/2026 - 20:12:51: [HẠ GỤC] Tank <BOT> đã hạ gục TezzyPham <STEAM_1:1:933338290> bằng (môi trường/khác)
L 10/07/2026 - 20:13:12: [KILL] Zombie/Witch/Môi trường <N/A> đã giết TezzyPham <STEAM_1:1:933338290> bằng (môi trường/khác)
L 10/07/2026 - 20:13:17: [HẠ GỤC] Tank <BOT> đã hạ gục Chicoarun <STEAM_1:0:952954061> bằng (môi trường/khác)
L 10/07/2026 - 20:13:19: [FF] [（ ͜.人 ͜.）⛇☃] <STEAM_1:1:241852047> -> 1 HP bằng (súng) -> [Mikasa] <STEAM_1:0:522010986>
L 10/07/2026 - 20:13:20: [HẠ GỤC] Tank <BOT> đã hạ gục KeroN <STEAM_1:1:161759963> bằng (môi trường/khác)
L 10/07/2026 - 20:13:21: [FF] [Tuấn Cùi] <STEAM_1:0:534433454> -> 7 HP bằng (súng) -> [Mikasa] <STEAM_1:0:522010986>
L 10/07/2026 - 20:13:21: [FF] [Tuấn Cùi] <STEAM_1:0:534433454> -> 7 HP bằng (súng) -> [Mikasa] <STEAM_1:0:522010986>
L 10/07/2026 - 20:13:21: [FF] [Tuấn Cùi] <STEAM_1:0:534433454> -> 5 HP bằng (súng) -> [Mikasa] <STEAM_1:0:522010986>
L 10/07/2026 - 20:13:21: [FF] [Tuấn Cùi] <STEAM_1:0:534433454> -> 7 HP bằng (súng) -> [Mikasa] <STEAM_1:0:522010986>
L 10/07/2026 - 20:13:31: [HẠ GỤC] Tank <BOT> đã hạ gục Mikasa <STEAM_1:0:522010986> bằng (môi trường/khác)
L 10/07/2026 - 20:14:02: [HẠ GỤC] Tank <BOT> đã hạ gục （ ͜.人 ͜.）⛇☃ <STEAM_1:1:241852047> bằng (môi trường/khác)
L 10/07/2026 - 20:14:15: [KILL] Tank <BOT> đã giết KeroN <STEAM_1:1:161759963> bằng (môi trường/khác)
L 10/07/2026 - 20:14:22: [HẠ GỤC] Tank <BOT> đã hạ gục Tuấn Cùi <STEAM_1:0:534433454> bằng (môi trường/khác)
L 10/07/2026 - 20:14:24: [KILL] Tank <BOT> đã giết None :D <STEAM_1:0:578030381> bằng (môi trường/khác)
L 10/07/2026 - 20:14:25: [FF] [Bảo Nguyên] <STEAM_1:0:218160880> -> 5 HP bằng (súng) -> [Rïçēz] <STEAM_1:1:558962692>
L 10/07/2026 - 20:14:25: [FF] [Bảo Nguyên] <STEAM_1:0:218160880> -> 7 HP bằng (súng) -> [Rïçēz] <STEAM_1:1:558962692>
L 10/07/2026 - 20:14:26: [FF] [Bảo Nguyên] <STEAM_1:0:218160880> -> 7 HP bằng (súng) -> [Mikasa] <STEAM_1:0:522010986>
L 10/07/2026 - 20:14:31: [FF] [Bảo Nguyên] <STEAM_1:0:218160880> -> 5 HP bằng (súng) -> [Rïçēz] <STEAM_1:1:558962692>
L 10/07/2026 - 20:14:31: [FF] [Bảo Nguyên] <STEAM_1:0:218160880> -> 5 HP bằng (súng) -> [Rïçēz] <STEAM_1:1:558962692>
L 10/07/2026 - 20:14:45: [KILL] Tank <BOT> đã giết Mikasa <STEAM_1:0:522010986> bằng (môi trường/khác)
L 10/07/2026 - 20:14:48: [FF] [Tuấn Cùi] <STEAM_1:0:534433454> -> 5 HP bằng (súng) -> [Bảo Nguyên] <STEAM_1:0:218160880>
L 10/07/2026 - 20:14:48: [FF] [Tuấn Cùi] <STEAM_1:0:534433454> -> 5 HP bằng (súng) -> [Bảo Nguyên] <STEAM_1:0:218160880>
L 10/07/2026 - 20:14:48: [FF] [Tuấn Cùi] <STEAM_1:0:534433454> -> 7 HP bằng (súng) -> [Bảo Nguyên] <STEAM_1:0:218160880>
L 10/07/2026 - 20:14:48: [FF] [Tuấn Cùi] <STEAM_1:0:534433454> -> 7 HP bằng (súng) -> [Bảo Nguyên] <STEAM_1:0:218160880>
L 10/07/2026 - 20:14:48: [FF] [Tuấn Cùi] <STEAM_1:0:534433454> -> 5 HP bằng (súng) -> [Bảo Nguyên] <STEAM_1:0:218160880>
L 10/07/2026 - 20:14:49: [FF] [Tuấn Cùi] <STEAM_1:0:534433454> -> 5 HP bằng (súng) -> [Bảo Nguyên] <STEAM_1:0:218160880>
L 10/07/2026 - 20:14:49: [FF] [Tuấn Cùi] <STEAM_1:0:534433454> -> 5 HP bằng (súng) -> [Bảo Nguyên] <STEAM_1:0:218160880>
L 10/07/2026 - 20:14:49: [FF] [Tuấn Cùi] <STEAM_1:0:534433454> -> 5 HP bằng (súng) -> [Bảo Nguyên] <STEAM_1:0:218160880>
L 10/07/2026 - 20:15:00: [FF] [Bảo Nguyên] <STEAM_1:0:218160880> -> 5 HP bằng (súng) -> [Tuấn Cùi] <STEAM_1:0:534433454>
L 10/07/2026 - 20:15:00: [FF] [Bảo Nguyên] <STEAM_1:0:218160880> -> 6 HP bằng (súng) -> [Tuấn Cùi] <STEAM_1:0:534433454>
L 10/07/2026 - 20:15:00: [FF] [Bảo Nguyên] <STEAM_1:0:218160880> -> 5 HP bằng (súng) -> [Tuấn Cùi] <STEAM_1:0:534433454>
L 10/07/2026 - 20:15:00: [FF] [Bảo Nguyên] <STEAM_1:0:218160880> -> 5 HP bằng (súng) -> [Tuấn Cùi] <STEAM_1:0:534433454>
L 10/07/2026 - 20:15:13: [FF] [Curren Bouquetd'or] <STEAM_1:1:524205977> -> 5 HP bằng (súng) -> [（ ͜.人 ͜.）⛇☃] <STEAM_1:1:241852047>
L 10/07/2026 - 20:15:14: [FF] [Curren Bouquetd'or] <STEAM_1:1:524205977> -> 5 HP bằng (súng) -> [（ ͜.人 ͜.）⛇☃] <STEAM_1:1:241852047>
L 10/07/2026 - 20:15:16: [HẠ GỤC] Tank <BOT> đã hạ gục （ ͜.人 ͜.）⛇☃ <STEAM_1:1:241852047> bằng (môi trường/khác)
L 10/07/2026 - 20:16:02: [FF] [Tuấn Cùi] <STEAM_1:0:534433454> -> 5 HP bằng (súng) -> [Mikasa] <STEAM_1:0:522010986>
L 10/07/2026 - 20:16:03: [FF] [Tuấn Cùi] <STEAM_1:0:534433454> -> 5 HP bằng (súng) -> [KeroN] <STEAM_1:1:161759963>
L 10/07/2026 - 20:16:14: [HẠ GỤC] Tank <BOT> đã hạ gục KeroN <STEAM_1:1:161759963> bằng (môi trường/khác)
L 10/07/2026 - 20:16:16: [FF] [Curren Bouquetd'or] <STEAM_1:1:524205977> -> 6 HP bằng (súng) -> [TezzyPham] <STEAM_1:1:933338290>
L 10/07/2026 - 20:16:16: [FF] [Curren Bouquetd'or] <STEAM_1:1:524205977> -> 5 HP bằng (súng) -> [TezzyPham] <STEAM_1:1:933338290>
L 10/07/2026 - 20:16:30: [FF] [（ ͜.人 ͜.）⛇☃] <STEAM_1:1:241852047> -> 1 HP bằng (súng) -> [Bảo Nguyên] <STEAM_1:0:218160880>
L 10/07/2026 - 20:16:31: [HẠ GỤC] Tank <BOT> đã hạ gục Bảo Nguyên <STEAM_1:0:218160880> bằng (môi trường/khác)
L 10/07/2026 - 20:16:33: [FF] [Curren Bouquetd'or] <STEAM_1:1:524205977> -> 7 HP bằng (súng) -> [None :D] <STEAM_1:0:578030381>
L 10/07/2026 - 20:16:33: [FF] [Curren Bouquetd'or] <STEAM_1:1:524205977> -> 7 HP bằng (súng) -> [None :D] <STEAM_1:0:578030381>
L 10/07/2026 - 20:16:33: [FF] [Curren Bouquetd'or] <STEAM_1:1:524205977> -> 7 HP bằng (súng) -> [None :D] <STEAM_1:0:578030381>
L 10/07/2026 - 20:16:33: [FF] [Curren Bouquetd'or] <STEAM_1:1:524205977> -> 7 HP bằng (súng) -> [None :D] <STEAM_1:0:578030381>
L 10/07/2026 - 20:16:33: [FF] [Curren Bouquetd'or] <STEAM_1:1:524205977> -> 7 HP bằng (súng) -> [None :D] <STEAM_1:0:578030381>
L 10/07/2026 - 20:16:35: [KILL] Tank <BOT> đã giết Tuấn Cùi <STEAM_1:0:534433454> bằng (môi trường/khác)
L 10/07/2026 - 20:16:40: [HẠ GỤC] Tank <BOT> đã hạ gục （ ͜.人 ͜.）⛇☃ <STEAM_1:1:241852047> bằng (môi trường/khác)
L 10/07/2026 - 20:16:49: [HẠ GỤC] Tank <BOT> đã hạ gục KeroN <STEAM_1:1:161759963> bằng (môi trường/khác)
L 10/07/2026 - 20:16:49: [FF] [None :D] <STEAM_1:0:578030381> -> 3 HP bằng (súng) -> [Bảo Nguyên] <STEAM_1:0:218160880>
L 10/07/2026 - 20:16:49: [FF] [None :D] <STEAM_1:0:578030381> -> 3 HP bằng (súng) -> [Bảo Nguyên] <STEAM_1:0:218160880>
L 10/07/2026 - 20:16:49: [FF] [None :D] <STEAM_1:0:578030381> -> 3 HP bằng (súng) -> [Bảo Nguyên] <STEAM_1:0:218160880>
L 10/07/2026 - 20:16:49: [FF] [None :D] <STEAM_1:0:578030381> -> 3 HP bằng (súng) -> [Bảo Nguyên] <STEAM_1:0:218160880>
L 10/07/2026 - 20:16:49: [FF] [None :D] <STEAM_1:0:578030381> -> 3 HP bằng (súng) -> [Bảo Nguyên] <STEAM_1:0:218160880>
L 10/07/2026 - 20:16:52: [FF] [Mikasa] <STEAM_1:0:522010986> -> 5 HP bằng (súng) -> [None :D] <STEAM_1:0:578030381>
L 10/07/2026 - 20:16:59: [FF] [Curren Bouquetd'or] <STEAM_1:1:524205977> -> 7 HP bằng (súng) -> [None :D] <STEAM_1:0:578030381>
L 10/07/2026 - 20:17:00: [FF] [Curren Bouquetd'or] <STEAM_1:1:524205977> -> 7 HP bằng (súng) -> [None :D] <STEAM_1:0:578030381>
L 10/07/2026 - 20:17:00: [FF] [Curren Bouquetd'or] <STEAM_1:1:524205977> -> 7 HP bằng (súng) -> [None :D] <STEAM_1:0:578030381>
L 10/07/2026 - 20:17:04: [FF] [Rïçēz] <STEAM_1:1:558962692> -> 1 HP bằng (súng) -> [Bảo Nguyên] <STEAM_1:0:218160880>
L 10/07/2026 - 20:17:36: [HẠ GỤC] Tank <BOT> đã hạ gục Bảo Nguyên <STEAM_1:0:218160880> bằng (môi trường/khác)
L 10/07/2026 - 20:17:48: [HẠ GỤC] Tank <BOT> đã hạ gục Mikasa <STEAM_1:0:522010986> bằng (môi trường/khác)
L 10/07/2026 - 20:17:51: [FF] [（ ͜.人 ͜.）⛇☃] <STEAM_1:1:241852047> -> 1 HP bằng (súng) -> [Tuấn Cùi] <STEAM_1:0:534433454>
L 10/07/2026 - 20:17:53: [FF] [Tuấn Cùi] <STEAM_1:0:534433454> -> 6 HP bằng (súng) -> [Rïçēz] <STEAM_1:1:558962692>
L 10/07/2026 - 20:18:02: [HẠ GỤC] Tank <BOT> đã hạ gục Tuấn Cùi <STEAM_1:0:534433454> bằng (môi trường/khác)
L 10/07/2026 - 20:18:04: [FF] [Curren Bouquetd'or] <STEAM_1:1:524205977> -> 5 HP bằng (súng) -> [（ ͜.人 ͜.）⛇☃] <STEAM_1:1:241852047>
L 10/07/2026 - 20:18:04: [FF] [Curren Bouquetd'or] <STEAM_1:1:524205977> -> 5 HP bằng (súng) -> [Rïçēz] <STEAM_1:1:558962692>
L 10/07/2026 - 20:18:06: [FF] [KeroN] <STEAM_1:1:161759963> -> 7 HP bằng (súng) -> [Bảo Nguyên] <STEAM_1:0:218160880>
L 10/07/2026 - 20:18:06: [FF] [KeroN] <STEAM_1:1:161759963> -> 7 HP bằng (súng) -> [Bảo Nguyên] <STEAM_1:0:218160880>
L 10/07/2026 - 20:18:08: [FF] [Chicoarun] <STEAM_1:0:952954061> -> 5 HP bằng (súng) -> [Curren Bouquetd'or] <STEAM_1:1:524205977>
L 10/07/2026 - 20:18:09: [FF] [Chicoarun] <STEAM_1:0:952954061> -> 5 HP bằng (súng) -> [Bảo Nguyên] <STEAM_1:0:218160880>
L 10/07/2026 - 20:18:12: [HẠ GỤC] Tank <BOT> đã hạ gục Rïçēz <STEAM_1:1:558962692> bằng (môi trường/khác)
L 10/07/2026 - 20:18:12: [FF] [KeroN] <STEAM_1:1:161759963> -> 5 HP bằng (súng) -> [TezzyPham] <STEAM_1:1:933338290>
L 10/07/2026 - 20:18:16: [FF] [Mikasa] <STEAM_1:0:522010986> -> 7 HP bằng (súng) -> [Curren Bouquetd'or] <STEAM_1:1:524205977>
L 10/07/2026 - 20:18:18: [FF] [Curren Bouquetd'or] <STEAM_1:1:524205977> -> 5 HP bằng (súng) -> [Chicoarun] <STEAM_1:0:952954061>
L 10/07/2026 - 20:18:18: [FF] [Curren Bouquetd'or] <STEAM_1:1:524205977> -> 5 HP bằng (súng) -> [Bảo Nguyên] <STEAM_1:0:218160880>
L 10/07/2026 - 20:18:18: [FF] [Curren Bouquetd'or] <STEAM_1:1:524205977> -> 5 HP bằng (súng) -> [Bảo Nguyên] <STEAM_1:0:218160880>
L 10/07/2026 - 20:18:18: [FF] [Curren Bouquetd'or] <STEAM_1:1:524205977> -> 5 HP bằng (súng) -> [Bảo Nguyên] <STEAM_1:0:218160880>
L 10/07/2026 - 20:18:18: [FF] [Curren Bouquetd'or] <STEAM_1:1:524205977> -> 5 HP bằng (súng) -> [Chicoarun] <STEAM_1:0:952954061>
L 10/07/2026 - 20:18:18: [FF] [Curren Bouquetd'or] <STEAM_1:1:524205977> -> 5 HP bằng (súng) -> [Chicoarun] <STEAM_1:0:952954061>
L 10/07/2026 - 20:18:31: [FF] [Curren Bouquetd'or] <STEAM_1:1:524205977> -> 16 HP bằng (boom/fire) -> [TezzyPham] <STEAM_1:1:933338290>
L 10/07/2026 - 20:18:31: [FF] [Curren Bouquetd'or] <STEAM_1:1:524205977> -> 16 HP bằng (boom/fire) -> [TezzyPham] <STEAM_1:1:933338290>
L 10/07/2026 - 20:18:31: [FF] [Curren Bouquetd'or] <STEAM_1:1:524205977> -> 16 HP bằng (boom/fire) -> [TezzyPham] <STEAM_1:1:933338290>
L 10/07/2026 - 20:18:31: [FF] [Curren Bouquetd'or] <STEAM_1:1:524205977> -> 16 HP bằng (boom/fire) -> [TezzyPham] <STEAM_1:1:933338290>
L 10/07/2026 - 20:18:31: [FF] [Curren Bouquetd'or] <STEAM_1:1:524205977> -> 16 HP bằng (boom/fire) -> [TezzyPham] <STEAM_1:1:933338290>
L 10/07/2026 - 20:18:32: [FF] [Curren Bouquetd'or] <STEAM_1:1:524205977> -> 16 HP bằng (boom/fire) -> [TezzyPham] <STEAM_1:1:933338290>
L 10/07/2026 - 20:18:32: [FF] [Curren Bouquetd'or] <STEAM_1:1:524205977> -> 16 HP bằng (boom/fire) -> [TezzyPham] <STEAM_1:1:933338290>
L 10/07/2026 - 20:18:32: [FF] [Curren Bouquetd'or] <STEAM_1:1:524205977> -> 16 HP bằng (boom/fire) -> [TezzyPham] <STEAM_1:1:933338290>
L 10/07/2026 - 20:18:32: [FF] [Curren Bouquetd'or] <STEAM_1:1:524205977> -> 16 HP bằng (boom/fire) -> [TezzyPham] <STEAM_1:1:933338290>
L 10/07/2026 - 20:18:32: [FF] [Curren Bouquetd'or] <STEAM_1:1:524205977> -> 16 HP bằng (boom/fire) -> [TezzyPham] <STEAM_1:1:933338290>
L 10/07/2026 - 20:18:33: [HẠ GỤC] Curren Bouquetd'or <STEAM_1:1:524205977> đã hạ gục TezzyPham <STEAM_1:1:933338290> bằng (boom/fire)
L 10/07/2026 - 20:18:33: [FF] [Curren Bouquetd'or] <STEAM_1:1:524205977> -> 16 HP bằng (boom/fire) -> [TezzyPham] <STEAM_1:1:933338290>
L 10/07/2026 - 20:18:33: [FF] [Curren Bouquetd'or] <STEAM_1:1:524205977> -> 16 HP bằng (boom/fire) -> [TezzyPham] <STEAM_1:1:933338290>
L 10/07/2026 - 20:18:33: [FF] [Curren Bouquetd'or] <STEAM_1:1:524205977> -> 16 HP bằng (boom/fire) -> [TezzyPham] <STEAM_1:1:933338290>
L 10/07/2026 - 20:18:33: [FF] [Curren Bouquetd'or] <STEAM_1:1:524205977> -> 16 HP bằng (boom/fire) -> [TezzyPham] <STEAM_1:1:933338290>
L 10/07/2026 - 20:18:34: [FF] [Curren Bouquetd'or] <STEAM_1:1:524205977> -> 16 HP bằng (boom/fire) -> [TezzyPham] <STEAM_1:1:933338290>
L 10/07/2026 - 20:18:34: [FF] [Curren Bouquetd'or] <STEAM_1:1:524205977> -> 16 HP bằng (boom/fire) -> [TezzyPham] <STEAM_1:1:933338290>
L 10/07/2026 - 20:18:34: [FF] [Curren Bouquetd'or] <STEAM_1:1:524205977> -> 16 HP bằng (boom/fire) -> [TezzyPham] <STEAM_1:1:933338290>
L 10/07/2026 - 20:18:34: [FF] [Curren Bouquetd'or] <STEAM_1:1:524205977> -> 16 HP bằng (boom/fire) -> [TezzyPham] <STEAM_1:1:933338290>
L 10/07/2026 - 20:18:34: [FF] [Curren Bouquetd'or] <STEAM_1:1:524205977> -> 16 HP bằng (boom/fire) -> [TezzyPham] <STEAM_1:1:933338290>
L 10/07/2026 - 20:18:35: [FF] [Curren Bouquetd'or] <STEAM_1:1:524205977> -> 16 HP bằng (boom/fire) -> [TezzyPham] <STEAM_1:1:933338290>
L 10/07/2026 - 20:18:35: [FF] [Curren Bouquetd'or] <STEAM_1:1:524205977> -> 16 HP bằng (boom/fire) -> [TezzyPham] <STEAM_1:1:933338290>
L 10/07/2026 - 20:18:35: [FF] [Curren Bouquetd'or] <STEAM_1:1:524205977> -> 16 HP bằng (boom/fire) -> [TezzyPham] <STEAM_1:1:933338290>
L 10/07/2026 - 20:18:35: [FF] [Curren Bouquetd'or] <STEAM_1:1:524205977> -> 16 HP bằng (boom/fire) -> [TezzyPham] <STEAM_1:1:933338290>
L 10/07/2026 - 20:18:35: [FF] [Curren Bouquetd'or] <STEAM_1:1:524205977> -> 16 HP bằng (boom/fire) -> [TezzyPham] <STEAM_1:1:933338290>
L 10/07/2026 - 20:18:36: [FF] [Curren Bouquetd'or] <STEAM_1:1:524205977> -> 16 HP bằng (boom/fire) -> [TezzyPham] <STEAM_1:1:933338290>
L 10/07/2026 - 20:18:36: [FF] [Curren Bouquetd'or] <STEAM_1:1:524205977> -> 16 HP bằng (boom/fire) -> [TezzyPham] <STEAM_1:1:933338290>
L 10/07/2026 - 20:18:36: [FF] [Curren Bouquetd'or] <STEAM_1:1:524205977> -> 16 HP bằng (boom/fire) -> [TezzyPham] <STEAM_1:1:933338290>
L 10/07/2026 - 20:18:36: [FF] [Curren Bouquetd'or] <STEAM_1:1:524205977> -> 16 HP bằng (boom/fire) -> [TezzyPham] <STEAM_1:1:933338290>
L 10/07/2026 - 20:18:36: [FF] [Curren Bouquetd'or] <STEAM_1:1:524205977> -> 16 HP bằng (boom/fire) -> [TezzyPham] <STEAM_1:1:933338290>
L 10/07/2026 - 20:18:37: [FF] [Curren Bouquetd'or] <STEAM_1:1:524205977> -> 16 HP bằng (boom/fire) -> [TezzyPham] <STEAM_1:1:933338290>
L 10/07/2026 - 20:18:37: [FF] [Curren Bouquetd'or] <STEAM_1:1:524205977> -> 16 HP bằng (boom/fire) -> [TezzyPham] <STEAM_1:1:933338290>
L 10/07/2026 - 20:18:37: [FF] [Curren Bouquetd'or] <STEAM_1:1:524205977> -> 16 HP bằng (boom/fire) -> [TezzyPham] <STEAM_1:1:933338290>
L 10/07/2026 - 20:18:37: [FF] [Curren Bouquetd'or] <STEAM_1:1:524205977> -> 16 HP bằng (boom/fire) -> [TezzyPham] <STEAM_1:1:933338290>
L 10/07/2026 - 20:18:37: [FF] [Curren Bouquetd'or] <STEAM_1:1:524205977> -> 16 HP bằng (boom/fire) -> [TezzyPham] <STEAM_1:1:933338290>
L 10/07/2026 - 20:18:40: [FF] [Curren Bouquetd'or] <STEAM_1:1:524205977> -> 16 HP bằng (boom/fire) -> [TezzyPham] <STEAM_1:1:933338290>
L 10/07/2026 - 20:18:40: [FF] [Curren Bouquetd'or] <STEAM_1:1:524205977> -> 16 HP bằng (boom/fire) -> [TezzyPham] <STEAM_1:1:933338290>
L 10/07/2026 - 20:18:40: [FF] [Curren Bouquetd'or] <STEAM_1:1:524205977> -> 16 HP bằng (boom/fire) -> [TezzyPham] <STEAM_1:1:933338290>
L 10/07/2026 - 20:18:40: [FF] [Curren Bouquetd'or] <STEAM_1:1:524205977> -> 16 HP bằng (boom/fire) -> [TezzyPham] <STEAM_1:1:933338290>
L 10/07/2026 - 20:18:40: [FF] [Curren Bouquetd'or] <STEAM_1:1:524205977> -> 16 HP bằng (boom/fire) -> [TezzyPham] <STEAM_1:1:933338290>
L 10/07/2026 - 20:18:41: [HẠ GỤC] Curren Bouquetd'or <STEAM_1:1:524205977> đã hạ gục TezzyPham <STEAM_1:1:933338290> bằng (boom/fire)
L 10/07/2026 - 20:18:41: [FF] [Curren Bouquetd'or] <STEAM_1:1:524205977> -> 16 HP bằng (boom/fire) -> [TezzyPham] <STEAM_1:1:933338290>
L 10/07/2026 - 20:18:41: [FF] [Curren Bouquetd'or] <STEAM_1:1:524205977> -> 16 HP bằng (boom/fire) -> [TezzyPham] <STEAM_1:1:933338290>
L 10/07/2026 - 20:18:41: [FF] [Curren Bouquetd'or] <STEAM_1:1:524205977> -> 16 HP bằng (boom/fire) -> [TezzyPham] <STEAM_1:1:933338290>
L 10/07/2026 - 20:18:41: [FF] [Curren Bouquetd'or] <STEAM_1:1:524205977> -> 16 HP bằng (boom/fire) -> [Mikasa] <STEAM_1:0:522010986>
L 10/07/2026 - 20:18:41: [FF] [Curren Bouquetd'or] <STEAM_1:1:524205977> -> 16 HP bằng (boom/fire) -> [TezzyPham] <STEAM_1:1:933338290>
L 10/07/2026 - 20:18:42: [FF] [Curren Bouquetd'or] <STEAM_1:1:524205977> -> 16 HP bằng (boom/fire) -> [Mikasa] <STEAM_1:0:522010986>
L 10/07/2026 - 20:18:42: [FF] [Curren Bouquetd'or] <STEAM_1:1:524205977> -> 16 HP bằng (boom/fire) -> [TezzyPham] <STEAM_1:1:933338290>
L 10/07/2026 - 20:18:42: [FF] [Curren Bouquetd'or] <STEAM_1:1:524205977> -> 16 HP bằng (boom/fire) -> [Mikasa] <STEAM_1:0:522010986>
L 10/07/2026 - 20:18:42: [FF] [Curren Bouquetd'or] <STEAM_1:1:524205977> -> 16 HP bằng (boom/fire) -> [TezzyPham] <STEAM_1:1:933338290>
L 10/07/2026 - 20:18:42: [FF] [Curren Bouquetd'or] <STEAM_1:1:524205977> -> 16 HP bằng (boom/fire) -> [Mikasa] <STEAM_1:0:522010986>
L 10/07/2026 - 20:18:42: [FF] [Curren Bouquetd'or] <STEAM_1:1:524205977> -> 16 HP bằng (boom/fire) -> [TezzyPham] <STEAM_1:1:933338290>
L 10/07/2026 - 20:18:42: [FF] [Curren Bouquetd'or] <STEAM_1:1:524205977> -> 16 HP bằng (boom/fire) -> [Mikasa] <STEAM_1:0:522010986>
L 10/07/2026 - 20:18:42: [FF] [Curren Bouquetd'or] <STEAM_1:1:524205977> -> 16 HP bằng (boom/fire) -> [TezzyPham] <STEAM_1:1:933338290>
L 10/07/2026 - 20:18:42: [FF] [Curren Bouquetd'or] <STEAM_1:1:524205977> -> 16 HP bằng (boom/fire) -> [Mikasa] <STEAM_1:0:522010986>
L 10/07/2026 - 20:18:42: [FF] [Curren Bouquetd'or] <STEAM_1:1:524205977> -> 16 HP bằng (boom/fire) -> [TezzyPham] <STEAM_1:1:933338290>
L 10/07/2026 - 20:18:43: [FF] [Curren Bouquetd'or] <STEAM_1:1:524205977> -> 16 HP bằng (boom/fire) -> [Mikasa] <STEAM_1:0:522010986>
L 10/07/2026 - 20:18:43: [FF] [Curren Bouquetd'or] <STEAM_1:1:524205977> -> 16 HP bằng (boom/fire) -> [TezzyPham] <STEAM_1:1:933338290>
L 10/07/2026 - 20:18:43: [FF] [Curren Bouquetd'or] <STEAM_1:1:524205977> -> 16 HP bằng (boom/fire) -> [Mikasa] <STEAM_1:0:522010986>
L 10/07/2026 - 20:18:43: [FF] [Curren Bouquetd'or] <STEAM_1:1:524205977> -> 16 HP bằng (boom/fire) -> [TezzyPham] <STEAM_1:1:933338290>
L 10/07/2026 - 20:18:43: [HẠ GỤC] Curren Bouquetd'or <STEAM_1:1:524205977> đã hạ gục Mikasa <STEAM_1:0:522010986> bằng (boom/fire)
L 10/07/2026 - 20:18:43: [FF] [Curren Bouquetd'or] <STEAM_1:1:524205977> -> 16 HP bằng (boom/fire) -> [TezzyPham] <STEAM_1:1:933338290>
L 10/07/2026 - 20:18:43: [FF] [Curren Bouquetd'or] <STEAM_1:1:524205977> -> 16 HP bằng (boom/fire) -> [Mikasa] <STEAM_1:0:522010986>
L 10/07/2026 - 20:18:43: [FF] [Curren Bouquetd'or] <STEAM_1:1:524205977> -> 16 HP bằng (boom/fire) -> [TezzyPham] <STEAM_1:1:933338290>
L 10/07/2026 - 20:18:43: [FF] [Curren Bouquetd'or] <STEAM_1:1:524205977> -> 16 HP bằng (boom/fire) -> [Mikasa] <STEAM_1:0:522010986>
L 10/07/2026 - 20:18:43: [FF] [Curren Bouquetd'or] <STEAM_1:1:524205977> -> 16 HP bằng (boom/fire) -> [TezzyPham] <STEAM_1:1:933338290>
L 10/07/2026 - 20:18:52: [FF] [None :D] <STEAM_1:0:578030381> -> 5 HP bằng (melee) -> [Bảo Nguyên] <STEAM_1:0:218160880>
L 10/07/2026 - 20:20:34: [FF] [Chicoarun] <STEAM_1:0:952954061> -> 5 HP bằng (súng) -> [Curren Bouquetd'or] <STEAM_1:1:524205977>
L 10/07/2026 - 20:20:34: [FF] [Chicoarun] <STEAM_1:0:952954061> -> 5 HP bằng (súng) -> [Curren Bouquetd'or] <STEAM_1:1:524205977>
L 10/07/2026 - 20:21:03: [FF] [Tuấn Cùi] <STEAM_1:0:534433454> -> 6 HP bằng (súng) -> [Mikasa] <STEAM_1:0:522010986>
L 10/07/2026 - 20:21:03: [FF] [Tuấn Cùi] <STEAM_1:0:534433454> -> 6 HP bằng (súng) -> [Mikasa] <STEAM_1:0:522010986>
L 10/07/2026 - 20:21:06: [FF] [None :D] <STEAM_1:0:578030381> -> 25 HP bằng (melee) -> [Curren Bouquetd'or] <STEAM_1:1:524205977>
L 10/07/2026 - 20:21:07: [HẠ GỤC] Boomer Bot <BOT> đã hạ gục Mikasa <STEAM_1:0:522010986> bằng (zombie cào/đấm)
L 10/07/2026 - 20:21:13: [FF] [KeroN] <STEAM_1:1:161759963> -> 7 HP bằng (súng) -> [（ ͜.人 ͜.）⛇☃] <STEAM_1:1:241852047>
L 10/07/2026 - 20:21:14: [FF] [Bảo Nguyên] <STEAM_1:0:218160880> -> 5 HP bằng (súng) -> [（ ͜.人 ͜.）⛇☃] <STEAM_1:1:241852047>
L 10/07/2026 - 20:21:14: [FF] [Bảo Nguyên] <STEAM_1:0:218160880> -> 5 HP bằng (súng) -> [（ ͜.人 ͜.）⛇☃] <STEAM_1:1:241852047>
L 10/07/2026 - 20:21:14: [FF] [Bảo Nguyên] <STEAM_1:0:218160880> -> 5 HP bằng (súng) -> [（ ͜.人 ͜.）⛇☃] <STEAM_1:1:241852047>
L 10/07/2026 - 20:21:14: [FF] [Bảo Nguyên] <STEAM_1:0:218160880> -> 5 HP bằng (súng) -> [（ ͜.人 ͜.）⛇☃] <STEAM_1:1:241852047>
L 10/07/2026 - 20:21:14: [FF] [Bảo Nguyên] <STEAM_1:0:218160880> -> 5 HP bằng (súng) -> [（ ͜.人 ͜.）⛇☃] <STEAM_1:1:241852047>
L 10/07/2026 - 20:21:14: [FF] [Bảo Nguyên] <STEAM_1:0:218160880> -> 5 HP bằng (súng) -> [（ ͜.人 ͜.）⛇☃] <STEAM_1:1:241852047>
L 10/07/2026 - 20:21:14: [FF] [Bảo Nguyên] <STEAM_1:0:218160880> -> 4 HP bằng (súng) -> [（ ͜.人 ͜.）⛇☃] <STEAM_1:1:241852047>
L 10/07/2026 - 20:21:14: [FF] [Tuấn Cùi] <STEAM_1:0:534433454> -> 5 HP bằng (súng) -> [（ ͜.人 ͜.）⛇☃] <STEAM_1:1:241852047>
L 10/07/2026 - 20:21:17: [HẠ GỤC] Zombie/Witch/Môi trường <N/A> đã hạ gục Rïçēz <STEAM_1:1:558962692> bằng (môi trường/khác)
L 10/07/2026 - 20:21:18: [FF] [Chicoarun] <STEAM_1:0:952954061> -> 7 HP bằng (súng) -> [Tuấn Cùi] <STEAM_1:0:534433454>
L 10/07/2026 - 20:21:19: [HẠ GỤC] Smoker Bot <BOT> đã hạ gục Curren Bouquetd'or <STEAM_1:1:524205977> bằng (zombie cào/đấm)
L 10/07/2026 - 20:21:21: [FF] [Bảo Nguyên] <STEAM_1:0:218160880> -> 3 HP bằng (súng) -> [Tuấn Cùi] <STEAM_1:0:534433454>
L 10/07/2026 - 20:21:21: [FF] [Bảo Nguyên] <STEAM_1:0:218160880> -> 3 HP bằng (súng) -> [Tuấn Cùi] <STEAM_1:0:534433454>
L 10/07/2026 - 20:21:21: [FF] [Bảo Nguyên] <STEAM_1:0:218160880> -> 3 HP bằng (súng) -> [Tuấn Cùi] <STEAM_1:0:534433454>
L 10/07/2026 - 20:21:21: [FF] [Bảo Nguyên] <STEAM_1:0:218160880> -> 3 HP bằng (súng) -> [Tuấn Cùi] <STEAM_1:0:534433454>
L 10/07/2026 - 20:21:21: [FF] [Bảo Nguyên] <STEAM_1:0:218160880> -> 3 HP bằng (súng) -> [Tuấn Cùi] <STEAM_1:0:534433454>
L 10/07/2026 - 20:21:21: [FF] [Bảo Nguyên] <STEAM_1:0:218160880> -> 3 HP bằng (súng) -> [Tuấn Cùi] <STEAM_1:0:534433454>
L 10/07/2026 - 20:21:21: [FF] [Bảo Nguyên] <STEAM_1:0:218160880> -> 3 HP bằng (súng) -> [Tuấn Cùi] <STEAM_1:0:534433454>
L 10/07/2026 - 20:21:21: [FF] [Bảo Nguyên] <STEAM_1:0:218160880> -> 3 HP bằng (súng) -> [Tuấn Cùi] <STEAM_1:0:534433454>
L 10/07/2026 - 20:21:27: [FF] [Chicoarun] <STEAM_1:0:952954061> -> 5 HP bằng (súng) -> [Curren Bouquetd'or] <STEAM_1:1:524205977>
L 10/07/2026 - 20:21:27: [FF] [Chicoarun] <STEAM_1:0:952954061> -> 5 HP bằng (súng) -> [Curren Bouquetd'or] <STEAM_1:1:524205977>
L 10/07/2026 - 20:22:21: [FF] [Bảo Nguyên] <STEAM_1:0:218160880> -> 4 HP bằng (súng) -> [Rïçēz] <STEAM_1:1:558962692>
L 10/07/2026 - 20:22:21: [FF] [Bảo Nguyên] <STEAM_1:0:218160880> -> 4 HP bằng (súng) -> [Rïçēz] <STEAM_1:1:558962692>
L 10/07/2026 - 20:22:21: [FF] [Bảo Nguyên] <STEAM_1:0:218160880> -> 5 HP bằng (súng) -> [Rïçēz] <STEAM_1:1:558962692>
L 10/07/2026 - 20:22:21: [FF] [Bảo Nguyên] <STEAM_1:0:218160880> -> 5 HP bằng (súng) -> [Rïçēz] <STEAM_1:1:558962692>
L 10/07/2026 - 20:22:21: [FF] [Bảo Nguyên] <STEAM_1:0:218160880> -> 4 HP bằng (súng) -> [Rïçēz] <STEAM_1:1:558962692>
L 10/07/2026 - 20:23:03: [HẠ GỤC] Jockey <BOT> đã hạ gục Bảo Nguyên <STEAM_1:0:218160880> bằng (zombie cào/đấm)
L 10/07/2026 - 20:23:29: [FF] [Mikasa] <STEAM_1:0:522010986> -> 11 HP bằng (súng) -> [（ ͜.人 ͜.）⛇☃] <STEAM_1:1:241852047>
L 10/07/2026 - 20:23:29: [FF] [Mikasa] <STEAM_1:0:522010986> -> 8 HP bằng (súng) -> [（ ͜.人 ͜.）⛇☃] <STEAM_1:1:241852047>
L 10/07/2026 - 20:23:29: [FF] [Mikasa] <STEAM_1:0:522010986> -> 8 HP bằng (súng) -> [（ ͜.人 ͜.）⛇☃] <STEAM_1:1:241852047>
L 10/07/2026 - 20:23:30: [FF] [KeroN] <STEAM_1:1:161759963> -> 11 HP bằng (súng) -> [Chicoarun] <STEAM_1:0:952954061>
L 10/07/2026 - 20:23:32: [FF] [Rïçēz] <STEAM_1:1:558962692> -> 1 HP bằng (súng) -> [Curren Bouquetd'or] <STEAM_1:1:524205977>
L 10/07/2026 - 20:23:32: [FF] [Rïçēz] <STEAM_1:1:558962692> -> 1 HP bằng (súng) -> [Curren Bouquetd'or] <STEAM_1:1:524205977>
L 10/07/2026 - 20:23:32: [FF] [Rïçēz] <STEAM_1:1:558962692> -> 1 HP bằng (súng) -> [Curren Bouquetd'or] <STEAM_1:1:524205977>
L 10/07/2026 - 20:23:33: [FF] [Tuấn Cùi] <STEAM_1:0:534433454> -> 5 HP bằng (súng) -> [Chicoarun] <STEAM_1:0:952954061>
L 10/07/2026 - 20:23:33: [FF] [Tuấn Cùi] <STEAM_1:0:534433454> -> 5 HP bằng (súng) -> [Chicoarun] <STEAM_1:0:952954061>
L 10/07/2026 - 20:23:33: [FF] [Curren Bouquetd'or] <STEAM_1:1:524205977> -> 6 HP bằng (súng) -> [Chicoarun] <STEAM_1:0:952954061>
L 10/07/2026 - 20:23:33: [FF] [Curren Bouquetd'or] <STEAM_1:1:524205977> -> 7 HP bằng (súng) -> [Chicoarun] <STEAM_1:0:952954061>
L 10/07/2026 - 20:23:34: [FF] [Tuấn Cùi] <STEAM_1:0:534433454> -> 5 HP bằng (súng) -> [Chicoarun] <STEAM_1:0:952954061>
L 10/07/2026 - 20:23:34: [FF] [Tuấn Cùi] <STEAM_1:0:534433454> -> 5 HP bằng (súng) -> [Chicoarun] <STEAM_1:0:952954061>
L 10/07/2026 - 20:23:35: [FF] [None :D] <STEAM_1:0:578030381> -> 7 HP bằng (súng) -> [Rïçēz] <STEAM_1:1:558962692>
L 10/07/2026 - 20:23:35: [FF] [None :D] <STEAM_1:0:578030381> -> 7 HP bằng (súng) -> [Rïçēz] <STEAM_1:1:558962692>
L 10/07/2026 - 20:23:35: [FF] [None :D] <STEAM_1:0:578030381> -> 7 HP bằng (súng) -> [Rïçēz] <STEAM_1:1:558962692>
L 10/07/2026 - 20:23:35: [FF] [None :D] <STEAM_1:0:578030381> -> 7 HP bằng (súng) -> [Rïçēz] <STEAM_1:1:558962692>
L 10/07/2026 - 20:23:42: [FF] [None :D] <STEAM_1:0:578030381> -> 7 HP bằng (súng) -> [Chicoarun] <STEAM_1:0:952954061>
L 10/07/2026 - 20:23:42: [FF] [Curren Bouquetd'or] <STEAM_1:1:524205977> -> 6 HP bằng (súng) -> [Chicoarun] <STEAM_1:0:952954061>
L 10/07/2026 - 20:23:44: [FF] [Curren Bouquetd'or] <STEAM_1:1:524205977> -> 11 HP bằng (súng) -> [Rïçēz] <STEAM_1:1:558962692>
L 10/07/2026 - 20:23:47: [HẠ GỤC] Zombie/Witch/Môi trường <N/A> đã hạ gục Rïçēz <STEAM_1:1:558962692> bằng (môi trường/khác)
L 10/07/2026 - 20:23:57: [FF] [Tuấn Cùi] <STEAM_1:0:534433454> -> 5 HP bằng (súng) -> [TezzyPham] <STEAM_1:1:933338290>
L 10/07/2026 - 20:24:02: [FF] [Bảo Nguyên] <STEAM_1:0:218160880> -> 5 HP bằng (melee) -> [None :D] <STEAM_1:0:578030381>
L 10/07/2026 - 20:24:10: [FF] [Tuấn Cùi] <STEAM_1:0:534433454> -> 5 HP bằng (súng) -> [TezzyPham] <STEAM_1:1:933338290>
L 10/07/2026 - 20:24:23: [FF] [Curren Bouquetd'or] <STEAM_1:1:524205977> -> 1 HP bằng (súng) -> [Rïçēz] <STEAM_1:1:558962692>
L 10/07/2026 - 20:24:23: [FF] [Curren Bouquetd'or] <STEAM_1:1:524205977> -> 1 HP bằng (súng) -> [Rïçēz] <STEAM_1:1:558962692>
L 10/07/2026 - 20:24:23: [FF] [Curren Bouquetd'or] <STEAM_1:1:524205977> -> 1 HP bằng (súng) -> [Rïçēz] <STEAM_1:1:558962692>
L 10/07/2026 - 20:24:23: [FF] [Curren Bouquetd'or] <STEAM_1:1:524205977> -> 7 HP bằng (súng) -> [Rïçēz] <STEAM_1:1:558962692>
L 10/07/2026 - 20:24:23: [FF] [Curren Bouquetd'or] <STEAM_1:1:524205977> -> 7 HP bằng (súng) -> [Rïçēz] <STEAM_1:1:558962692>
L 10/07/2026 - 20:24:23: [FF] [Curren Bouquetd'or] <STEAM_1:1:524205977> -> 7 HP bằng (súng) -> [Rïçēz] <STEAM_1:1:558962692>
L 10/07/2026 - 20:24:23: [FF] [Curren Bouquetd'or] <STEAM_1:1:524205977> -> 7 HP bằng (súng) -> [Rïçēz] <STEAM_1:1:558962692>
L 10/07/2026 - 20:24:25: [FF] [Curren Bouquetd'or] <STEAM_1:1:524205977> -> 8 HP bằng (súng) -> [Chicoarun] <STEAM_1:0:952954061>
L 10/07/2026 - 20:24:25: [FF] [Curren Bouquetd'or] <STEAM_1:1:524205977> -> 8 HP bằng (súng) -> [Rïçēz] <STEAM_1:1:558962692>
L 10/07/2026 - 20:24:25: [FF] [Curren Bouquetd'or] <STEAM_1:1:524205977> -> 7 HP bằng (súng) -> [Chicoarun] <STEAM_1:0:952954061>
L 10/07/2026 - 20:24:25: [FF] [Curren Bouquetd'or] <STEAM_1:1:524205977> -> 8 HP bằng (súng) -> [Chicoarun] <STEAM_1:0:952954061>
L 10/07/2026 - 20:24:25: [FF] [Curren Bouquetd'or] <STEAM_1:1:524205977> -> 7 HP bằng (súng) -> [Chicoarun] <STEAM_1:0:952954061>
L 10/07/2026 - 20:24:25: [FF] [Curren Bouquetd'or] <STEAM_1:1:524205977> -> 8 HP bằng (súng) -> [Chicoarun] <STEAM_1:0:952954061>
L 10/07/2026 - 20:24:25: [FF] [Curren Bouquetd'or] <STEAM_1:1:524205977> -> 8 HP bằng (súng) -> [Chicoarun] <STEAM_1:0:952954061>
L 10/07/2026 - 20:24:25: [FF] [Curren Bouquetd'or] <STEAM_1:1:524205977> -> 7 HP bằng (súng) -> [Chicoarun] <STEAM_1:0:952954061>
L 10/07/2026 - 20:24:25: [FF] [Curren Bouquetd'or] <STEAM_1:1:524205977> -> 11 HP bằng (súng) -> [Mikasa] <STEAM_1:0:522010986>
L 10/07/2026 - 20:24:26: [FF] [Curren Bouquetd'or] <STEAM_1:1:524205977> -> 8 HP bằng (súng) -> [Mikasa] <STEAM_1:0:522010986>
L 10/07/2026 - 20:24:26: [HẠ GỤC] Boomer Bot <BOT> đã hạ gục Mikasa <STEAM_1:0:522010986> bằng (môi trường/khác)
L 10/07/2026 - 20:24:30: [FF] [None :D] <STEAM_1:0:578030381> -> 25 HP bằng (melee) -> [KeroN] <STEAM_1:1:161759963>
L 10/07/2026 - 20:24:31: [FF] [Bảo Nguyên] <STEAM_1:0:218160880> -> 3 HP bằng (súng) -> [Chicoarun] <STEAM_1:0:952954061>
L 10/07/2026 - 20:24:32: [FF] [Bảo Nguyên] <STEAM_1:0:218160880> -> 3 HP bằng (súng) -> [Chicoarun] <STEAM_1:0:952954061>
L 10/07/2026 - 20:24:32: [FF] [Bảo Nguyên] <STEAM_1:0:218160880> -> 3 HP bằng (súng) -> [Chicoarun] <STEAM_1:0:952954061>
L 10/07/2026 - 20:24:32: [FF] [Bảo Nguyên] <STEAM_1:0:218160880> -> 3 HP bằng (súng) -> [Rïçēz] <STEAM_1:1:558962692>
L 10/07/2026 - 20:24:32: [FF] [Bảo Nguyên] <STEAM_1:0:218160880> -> 3 HP bằng (súng) -> [Rïçēz] <STEAM_1:1:558962692>
L 10/07/2026 - 20:24:32: [FF] [Bảo Nguyên] <STEAM_1:0:218160880> -> 3 HP bằng (súng) -> [Rïçēz] <STEAM_1:1:558962692>
L 10/07/2026 - 20:24:32: [FF] [Bảo Nguyên] <STEAM_1:0:218160880> -> 3 HP bằng (súng) -> [Rïçēz] <STEAM_1:1:558962692>
L 10/07/2026 - 20:24:32: [FF] [Bảo Nguyên] <STEAM_1:0:218160880> -> 3 HP bằng (súng) -> [Chicoarun] <STEAM_1:0:952954061>
L 10/07/2026 - 20:24:32: [FF] [Bảo Nguyên] <STEAM_1:0:218160880> -> 3 HP bằng (súng) -> [Rïçēz] <STEAM_1:1:558962692>
L 10/07/2026 - 20:24:32: [FF] [Bảo Nguyên] <STEAM_1:0:218160880> -> 3 HP bằng (súng) -> [KeroN] <STEAM_1:1:161759963>
L 10/07/2026 - 20:24:32: [FF] [Bảo Nguyên] <STEAM_1:0:218160880> -> 3 HP bằng (súng) -> [KeroN] <STEAM_1:1:161759963>
L 10/07/2026 - 20:24:32: [FF] [Bảo Nguyên] <STEAM_1:0:218160880> -> 3 HP bằng (súng) -> [KeroN] <STEAM_1:1:161759963>
L 10/07/2026 - 20:24:32: [FF] [Bảo Nguyên] <STEAM_1:0:218160880> -> 3 HP bằng (súng) -> [KeroN] <STEAM_1:1:161759963>
L 10/07/2026 - 20:24:32: [FF] [Bảo Nguyên] <STEAM_1:0:218160880> -> 3 HP bằng (súng) -> [Chicoarun] <STEAM_1:0:952954061>
L 10/07/2026 - 20:24:32: [FF] [Bảo Nguyên] <STEAM_1:0:218160880> -> 3 HP bằng (súng) -> [KeroN] <STEAM_1:1:161759963>
L 10/07/2026 - 20:24:32: [FF] [Bảo Nguyên] <STEAM_1:0:218160880> -> 3 HP bằng (súng) -> [KeroN] <STEAM_1:1:161759963>
L 10/07/2026 - 20:24:34: [HẠ GỤC] Smoker Bot <BOT> đã hạ gục （ ͜.人 ͜.）⛇☃ <STEAM_1:1:241852047> bằng (zombie cào/đấm)
L 10/07/2026 - 20:24:35: [FF] [Tuấn Cùi] <STEAM_1:0:534433454> -> 5 HP bằng (súng) -> [Curren Bouquetd'or] <STEAM_1:1:524205977>
L 10/07/2026 - 20:24:36: [FF] [Curren Bouquetd'or] <STEAM_1:1:524205977> -> 7 HP bằng (súng) -> [Mikasa] <STEAM_1:0:522010986>
L 10/07/2026 - 20:24:37: [FF] [Curren Bouquetd'or] <STEAM_1:1:524205977> -> 6 HP bằng (súng) -> [Mikasa] <STEAM_1:0:522010986>
L 10/07/2026 - 20:24:38: [HẠ GỤC] Tuấn Cùi <STEAM_1:0:534433454> đã hạ gục Curren Bouquetd'or <STEAM_1:1:524205977> bằng (súng)
L 10/07/2026 - 20:24:38: [FF] [Tuấn Cùi] <STEAM_1:0:534433454> -> 5 HP bằng (súng) -> [（ ͜.人 ͜.）⛇☃] <STEAM_1:1:241852047>
L 10/07/2026 - 20:24:38: [FF] [Tuấn Cùi] <STEAM_1:0:534433454> -> 5 HP bằng (súng) -> [（ ͜.人 ͜.）⛇☃] <STEAM_1:1:241852047>
L 10/07/2026 - 20:24:38: [FF] [Tuấn Cùi] <STEAM_1:0:534433454> -> 5 HP bằng (súng) -> [（ ͜.人 ͜.）⛇☃] <STEAM_1:1:241852047>
L 10/07/2026 - 20:24:51: [HẠ GỤC] Jockey Bot <BOT> đã hạ gục Bảo Nguyên <STEAM_1:0:218160880> bằng (zombie cào/đấm)
L 10/07/2026 - 20:24:52: [FF] [Curren Bouquetd'or] <STEAM_1:1:524205977> -> 1 HP bằng (môi trường/khác) -> [Rïçēz] <STEAM_1:1:558962692>
L 10/07/2026 - 20:24:52: [FF] [Curren Bouquetd'or] <STEAM_1:1:524205977> -> 1 HP bằng (môi trường/khác) -> [（ ͜.人 ͜.）⛇☃] <STEAM_1:1:241852047>
L 10/07/2026 - 20:25:14: [FF] [KeroN] <STEAM_1:1:161759963> -> 11 HP bằng (súng) -> [Bảo Nguyên] <STEAM_1:0:218160880>
L 10/07/2026 - 20:25:31: [HẠ GỤC] Tank <BOT> đã hạ gục Mikasa <STEAM_1:0:522010986> bằng (môi trường/khác)
L 10/07/2026 - 20:25:34: [FF] [Tuấn Cùi] <STEAM_1:0:534433454> -> 5 HP bằng (súng) -> [None :D] <STEAM_1:0:578030381>
L 10/07/2026 - 20:25:35: [HẠ GỤC] Tank <BOT> đã hạ gục Tuấn Cùi <STEAM_1:0:534433454> bằng (môi trường/khác)
L 10/07/2026 - 20:25:39: [HẠ GỤC] (1)Tank <BOT> đã hạ gục None :D <STEAM_1:0:578030381> bằng (zombie cào/đấm)
L 10/07/2026 - 20:25:41: [FF] [Curren Bouquetd'or] <STEAM_1:1:524205977> -> 11 HP bằng (súng) -> [（ ͜.人 ͜.）⛇☃] <STEAM_1:1:241852047>
L 10/07/2026 - 20:25:43: [HẠ GỤC] (1)Tank <BOT> đã hạ gục KeroN <STEAM_1:1:161759963> bằng (môi trường/khác)
L 10/07/2026 - 20:25:46: [HẠ GỤC] Zombie/Witch/Môi trường <N/A> đã hạ gục Curren Bouquetd'or <STEAM_1:1:524205977> bằng (môi trường/khác)
L 10/07/2026 - 20:25:46: [KILL] Zombie/Witch/Môi trường <N/A> đã giết Curren Bouquetd'or <STEAM_1:1:524205977> bằng (môi trường/khác)
L 10/07/2026 - 20:25:52: [HẠ GỤC] (1)Tank <BOT> đã hạ gục Bảo Nguyên <STEAM_1:0:218160880> bằng (zombie cào/đấm)
L 10/07/2026 - 20:25:56: [HẠ GỤC] Tank <BOT> đã hạ gục （ ͜.人 ͜.）⛇☃ <STEAM_1:1:241852047> bằng (môi trường/khác)
L 10/07/2026 - 20:25:57: [HẠ GỤC] (1)Tank <BOT> đã hạ gục Rïçēz <STEAM_1:1:558962692> bằng (môi trường/khác)
L 10/07/2026 - 20:26:12: [HẠ GỤC] Tank <BOT> đã hạ gục Chicoarun <STEAM_1:0:952954061> bằng (môi trường/khác)
L 10/07/2026 - 20:26:40: [HẠ GỤC] (1)Tank <BOT> đã hạ gục TezzyPham <STEAM_1:1:933338290> bằng (môi trường/khác)
L 10/07/2026 - 20:26:40: [HẠ GỤC] Tank <BOT> đã hạ gục Tuấn Cùi <STEAM_1:0:534433454> bằng (môi trường/khác)
L 10/07/2026 - 20:26:48: [HẠ GỤC] Tank <BOT> đã hạ gục （ ͜.人 ͜.）⛇☃ <STEAM_1:1:241852047> bằng (zombie cào/đấm)
L 10/07/2026 - 20:26:53: [HẠ GỤC] Jockey <BOT> đã hạ gục None :D <STEAM_1:0:578030381> bằng (zombie cào/đấm)
L 10/07/2026 - 20:26:57: [HẠ GỤC] Spitter <BOT> đã hạ gục Curren Bouquetd'or <STEAM_1:1:524205977> bằng (môi trường/khác)
L 10/07/2026 - 20:26:57: [FF] [Chicoarun] <STEAM_1:0:952954061> -> 11 HP bằng (súng) -> [Curren Bouquetd'or] <STEAM_1:1:524205977>
L 10/07/2026 - 20:26:57: [FF] [Chicoarun] <STEAM_1:0:952954061> -> 16 HP bằng (súng) -> [Curren Bouquetd'or] <STEAM_1:1:524205977>
L 10/07/2026 - 20:26:57: [FF] [Chicoarun] <STEAM_1:0:952954061> -> 11 HP bằng (súng) -> [Curren Bouquetd'or] <STEAM_1:1:524205977>
L 10/07/2026 - 20:26:57: [FF] [Chicoarun] <STEAM_1:0:952954061> -> 9 HP bằng (súng) -> [Curren Bouquetd'or] <STEAM_1:1:524205977>
L 10/07/2026 - 20:27:00: [HẠ GỤC] (1)Tank <BOT> đã hạ gục Rïçēz <STEAM_1:1:558962692> bằng (môi trường/khác)
L 10/07/2026 - 20:27:00: [FF] [Bảo Nguyên] <STEAM_1:0:218160880> -> 1 HP bằng (boom/fire) -> [Tuấn Cùi] <STEAM_1:0:534433454>
L 10/07/2026 - 20:27:10: [HẠ GỤC] （ ͜.人 ͜.）⛇☃ <STEAM_1:1:241852047> đã hạ gục （ ͜.人 ͜.）⛇☃ <STEAM_1:1:241852047> bằng (súng)
L 10/07/2026 - 20:27:14: [FF] [Bảo Nguyên] <STEAM_1:0:218160880> -> 27 HP bằng (súng) -> [KeroN] <STEAM_1:1:161759963>
L 10/07/2026 - 20:27:15: [FF] [Bảo Nguyên] <STEAM_1:0:218160880> -> 27 HP bằng (súng) -> [Mikasa] <STEAM_1:0:522010986>
L 10/07/2026 - 20:27:47: [KILL] Tuấn Cùi <STEAM_1:0:534433454> đã giết Tuấn Cùi <STEAM_1:0:534433454> bằng (boom/fire)
L 10/07/2026 - 20:27:53: [KILL] （ ͜.人 ͜.）⛇☃ <STEAM_1:1:241852047> đã giết （ ͜.人 ͜.）⛇☃ <STEAM_1:1:241852047> bằng (môi trường/khác)
L 10/07/2026 - 20:28:17: [FF] [Bảo Nguyên] <STEAM_1:0:218160880> -> 12 HP bằng (súng) -> [Curren Bouquetd'or] <STEAM_1:1:524205977>
L 10/07/2026 - 20:28:21: [FF] [None :D] <STEAM_1:0:578030381> -> 6 HP bằng (súng) -> [Chicoarun] <STEAM_1:0:952954061>
L 10/07/2026 - 20:28:26: [HẠ GỤC] Jockey Bot <BOT> đã hạ gục Chicoarun <STEAM_1:0:952954061> bằng (zombie cào/đấm)
L 10/07/2026 - 20:28:31: [FF] [Curren Bouquetd'or] <STEAM_1:1:524205977> -> 5 HP bằng (melee) -> [KeroN] <STEAM_1:1:161759963>
L 10/07/2026 - 20:28:37: [HẠ GỤC] Zombie/Witch/Môi trường <N/A> đã hạ gục TezzyPham <STEAM_1:1:933338290> bằng (môi trường/khác)
L 10/07/2026 - 20:28:37: [KILL] Zombie/Witch/Môi trường <N/A> đã giết TezzyPham <STEAM_1:1:933338290> bằng (môi trường/khác)
L 10/07/2026 - 20:28:57: [FF] [Rïçēz] <STEAM_1:1:558962692> -> 2 HP bằng (súng) -> [Tuấn Cùi] <STEAM_1:0:534433454>
L 10/07/2026 - 20:29:04: [HẠ GỤC] Zombie/Witch/Môi trường <N/A> đã hạ gục Bảo Nguyên <STEAM_1:0:218160880> bằng (môi trường/khác)
L 10/07/2026 - 20:29:05: [FF] [Chicoarun] <STEAM_1:0:952954061> -> 7 HP bằng (súng) -> [Rïçēz] <STEAM_1:1:558962692>
L 10/07/2026 - 20:29:06: [FF] [Chicoarun] <STEAM_1:0:952954061> -> 6 HP bằng (súng) -> [Rïçēz] <STEAM_1:1:558962692>
L 10/07/2026 - 20:29:06: [FF] [Chicoarun] <STEAM_1:0:952954061> -> 8 HP bằng (súng) -> [Rïçēz] <STEAM_1:1:558962692>
L 10/07/2026 - 20:29:06: [FF] [Chicoarun] <STEAM_1:0:952954061> -> 7 HP bằng (súng) -> [Rïçēz] <STEAM_1:1:558962692>
L 10/07/2026 - 20:29:11: [HẠ GỤC] Spitter Bot <BOT> đã hạ gục Chicoarun <STEAM_1:0:952954061> bằng (môi trường/khác)
L 10/07/2026 - 20:29:12: [HẠ GỤC] (1)Boomer <BOT> đã hạ gục （ ͜.人 ͜.）⛇☃ <STEAM_1:1:241852047> bằng (zombie cào/đấm)
L 10/07/2026 - 20:29:13: [HẠ GỤC] Boomer <BOT> đã hạ gục Tuấn Cùi <STEAM_1:0:534433454> bằng (zombie cào/đấm)
L 10/07/2026 - 20:29:14: [HẠ GỤC] Boomer <BOT> đã hạ gục manhvippro <STEAM_1:1:960298889> bằng (zombie cào/đấm)
L 10/07/2026 - 20:29:17: [HẠ GỤC] Charger <BOT> đã hạ gục KeroN <STEAM_1:1:161759963> bằng (zombie cào/đấm)
L 10/07/2026 - 20:29:19: [HẠ GỤC] (1)Boomer <BOT> đã hạ gục Mikasa <STEAM_1:0:522010986> bằng (zombie cào/đấm)
L 10/07/2026 - 20:29:19: [KILL] Zombie/Witch/Môi trường <N/A> đã giết KeroN <STEAM_1:1:161759963> bằng (môi trường/khác)
L 10/07/2026 - 20:29:35: [FF] [Bảo Nguyên] <STEAM_1:0:218160880> -> 11 HP bằng (súng) -> [manhvippro] <STEAM_1:1:960298889>
L 10/07/2026 - 20:29:36: [HẠ GỤC] Spitter <BOT> đã hạ gục （ ͜.人 ͜.）⛇☃ <STEAM_1:1:241852047> bằng (môi trường/khác)
L 10/07/2026 - 20:29:36: [KILL] Spitter <BOT> đã giết Bảo Nguyên <STEAM_1:0:218160880> bằng (môi trường/khác)
L 10/07/2026 - 20:29:37: [HẠ GỤC] Rïçēz <STEAM_1:1:558962692> đã hạ gục Rïçēz <STEAM_1:1:558962692> bằng (súng)
L 10/07/2026 - 20:29:49: [HẠ GỤC] Hunter Bot <BOT> đã hạ gục Curren Bouquetd'or <STEAM_1:1:524205977> bằng (zombie cào/đấm)
L 10/07/2026 - 20:29:51: [HẠ GỤC] Jockey Bot <BOT> đã hạ gục Rïçēz <STEAM_1:1:558962692> bằng (zombie cào/đấm)
L 10/07/2026 - 20:30:12: [HẠ GỤC] (2)Spitter <BOT> đã hạ gục manhvippro <STEAM_1:1:960298889> bằng (môi trường/khác)
L 10/07/2026 - 20:30:15: [HẠ GỤC] Jockey <BOT> đã hạ gục Tuấn Cùi <STEAM_1:0:534433454> bằng (zombie cào/đấm)
L 10/07/2026 - 20:30:17: [FF] [Curren Bouquetd'or] <STEAM_1:1:524205977> -> 15 HP bằng (súng) -> [manhvippro] <STEAM_1:1:960298889>
L 10/07/2026 - 20:30:25: [HẠ GỤC] Jockey <BOT> đã hạ gục Chicoarun <STEAM_1:0:952954061> bằng (zombie cào/đấm)
L 10/07/2026 - 20:30:44: [KILL] Smoker <BOT> đã giết Chicoarun <STEAM_1:0:952954061> bằng (zombie cào/đấm)
L 10/07/2026 - 20:30:49: [FF] [Curren Bouquetd'or] <STEAM_1:1:524205977> -> 7 HP bằng (súng) -> [Bảo Nguyên] <STEAM_1:0:218160880>
L 10/07/2026 - 20:30:49: [FF] [Curren Bouquetd'or] <STEAM_1:1:524205977> -> 7 HP bằng (súng) -> [Bảo Nguyên] <STEAM_1:0:218160880>
L 10/07/2026 - 20:30:50: [FF] [Bảo Nguyên] <STEAM_1:0:218160880> -> 5 HP bằng (súng) -> [Curren Bouquetd'or] <STEAM_1:1:524205977>
L 10/07/2026 - 20:30:50: [FF] [Bảo Nguyên] <STEAM_1:0:218160880> -> 5 HP bằng (súng) -> [Curren Bouquetd'or] <STEAM_1:1:524205977>
L 10/07/2026 - 20:30:50: [FF] [Bảo Nguyên] <STEAM_1:0:218160880> -> 5 HP bằng (súng) -> [Curren Bouquetd'or] <STEAM_1:1:524205977>
L 10/07/2026 - 20:30:50: [FF] [Bảo Nguyên] <STEAM_1:0:218160880> -> 5 HP bằng (súng) -> [Curren Bouquetd'or] <STEAM_1:1:524205977>
L 10/07/2026 - 20:30:51: [HẠ GỤC] Tank <BOT> đã hạ gục KeroN <STEAM_1:1:161759963> bằng (môi trường/khác)
L 10/07/2026 - 20:30:55: [HẠ GỤC] Hunter <BOT> đã hạ gục None :D <STEAM_1:0:578030381> bằng (zombie cào/đấm)
L 10/07/2026 - 20:30:56: [HẠ GỤC] (1)Boomer <BOT> đã hạ gục Curren Bouquetd'or <STEAM_1:1:524205977> bằng (môi trường/khác)
L 10/07/2026 - 20:30:59: [KILL] Zombie/Witch/Môi trường <N/A> đã giết Mikasa <STEAM_1:0:522010986> bằng (môi trường/khác)
L 10/07/2026 - 20:31:03: [HẠ GỤC] Zombie/Witch/Môi trường <N/A> đã hạ gục Bảo Nguyên <STEAM_1:0:218160880> bằng (môi trường/khác)
L 10/07/2026 - 20:31:05: [KILL] Tank <BOT> đã giết （ ͜.人 ͜.）⛇☃ <STEAM_1:1:241852047> bằng (môi trường/khác)
L 10/07/2026 - 20:31:16: [KILL] Zombie/Witch/Môi trường <N/A> đã giết Curren Bouquetd'or <STEAM_1:1:524205977> bằng (môi trường/khác)
L 10/07/2026 - 20:31:17: [FF] [Curren Bouquetd'or] <STEAM_1:1:524205977> -> 1 HP bằng (môi trường/khác) -> [Bảo Nguyên] <STEAM_1:0:218160880>
L 10/07/2026 - 20:31:35: [HẠ GỤC] TezzyPham <STEAM_1:1:933338290> đã hạ gục TezzyPham <STEAM_1:1:933338290> bằng (súng)
L 10/07/2026 - 20:31:42: [KILL] Zombie/Witch/Môi trường <N/A> đã giết Rïçēz <STEAM_1:1:558962692> bằng (môi trường/khác)
L 10/07/2026 - 20:31:47: [HẠ GỤC] Hunter <BOT> đã hạ gục None :D <STEAM_1:0:578030381> bằng (zombie cào/đấm)
L 10/07/2026 - 20:31:56: [KILL] Hunter <BOT> đã giết None :D <STEAM_1:0:578030381> bằng (zombie cào/đấm)
L 10/07/2026 - 20:32:06: [KILL] Zombie/Witch/Môi trường <N/A> đã giết manhvippro <STEAM_1:1:960298889> bằng (môi trường/khác)
L 10/07/2026 - 20:32:08: [FF] [Bảo Nguyên] <STEAM_1:0:218160880> -> 7 HP bằng (melee) -> [Mikasa] <STEAM_1:0:522010986>
L 10/07/2026 - 20:32:09: [FF] [Bảo Nguyên] <STEAM_1:0:218160880> -> 7 HP bằng (melee) -> [Mikasa] <STEAM_1:0:522010986>
L 10/07/2026 - 20:32:13: [KILL] Zombie/Witch/Môi trường <N/A> đã giết Tuấn Cùi <STEAM_1:0:534433454> bằng (môi trường/khác)
L 10/07/2026 - 20:32:32: [HẠ GỤC] Tank <BOT> đã hạ gục Bảo Nguyên <STEAM_1:0:218160880> bằng (môi trường/khác)
L 10/07/2026 - 20:32:36: [HẠ GỤC] Tank <BOT> đã hạ gục Mikasa <STEAM_1:0:522010986> bằng (môi trường/khác)
L 10/07/2026 - 20:32:46: [HẠ GỤC] Tank <BOT> đã hạ gục Mikasa <STEAM_1:0:522010986> bằng (môi trường/khác)
L 10/07/2026 - 20:32:52: [FF] [Bảo Nguyên] <STEAM_1:0:218160880> -> 7 HP bằng (súng) -> [Rïçēz] <STEAM_1:1:558962692>
L 10/07/2026 - 20:32:52: [FF] [Bảo Nguyên] <STEAM_1:0:218160880> -> 7 HP bằng (súng) -> [Rïçēz] <STEAM_1:1:558962692>
L 10/07/2026 - 20:32:52: [FF] [Bảo Nguyên] <STEAM_1:0:218160880> -> 7 HP bằng (súng) -> [Rïçēz] <STEAM_1:1:558962692>
L 10/07/2026 - 20:32:58: [HẠ GỤC] Tank <BOT> đã hạ gục Bảo Nguyên <STEAM_1:0:218160880> bằng (môi trường/khác)
L 10/07/2026 - 20:32:59: [FF] [Chicoarun] <STEAM_1:0:952954061> -> 16 HP bằng (boom/fire) -> [TezzyPham] <STEAM_1:1:933338290>
L 10/07/2026 - 20:33:00: [FF] [Chicoarun] <STEAM_1:0:952954061> -> 16 HP bằng (boom/fire) -> [TezzyPham] <STEAM_1:1:933338290>
L 10/07/2026 - 20:33:00: [FF] [Chicoarun] <STEAM_1:0:952954061> -> 16 HP bằng (boom/fire) -> [TezzyPham] <STEAM_1:1:933338290>
L 10/07/2026 - 20:33:00: [FF] [Chicoarun] <STEAM_1:0:952954061> -> 16 HP bằng (boom/fire) -> [TezzyPham] <STEAM_1:1:933338290>
L 10/07/2026 - 20:33:00: [FF] [Chicoarun] <STEAM_1:0:952954061> -> 16 HP bằng (boom/fire) -> [TezzyPham] <STEAM_1:1:933338290>
L 10/07/2026 - 20:33:01: [FF] [Chicoarun] <STEAM_1:0:952954061> -> 16 HP bằng (boom/fire) -> [TezzyPham] <STEAM_1:1:933338290>
L 10/07/2026 - 20:33:01: [FF] [Chicoarun] <STEAM_1:0:952954061> -> 16 HP bằng (boom/fire) -> [TezzyPham] <STEAM_1:1:933338290>
L 10/07/2026 - 20:33:01: [FF] [Chicoarun] <STEAM_1:0:952954061> -> 16 HP bằng (boom/fire) -> [TezzyPham] <STEAM_1:1:933338290>
L 10/07/2026 - 20:33:01: [FF] [Chicoarun] <STEAM_1:0:952954061> -> 16 HP bằng (boom/fire) -> [TezzyPham] <STEAM_1:1:933338290>
L 10/07/2026 - 20:33:02: [HẠ GỤC] Chicoarun <STEAM_1:0:952954061> đã hạ gục TezzyPham <STEAM_1:1:933338290> bằng (boom/fire)
L 10/07/2026 - 20:33:02: [FF] [Chicoarun] <STEAM_1:0:952954061> -> 16 HP bằng (boom/fire) -> [TezzyPham] <STEAM_1:1:933338290>
L 10/07/2026 - 20:33:02: [FF] [Chicoarun] <STEAM_1:0:952954061> -> 16 HP bằng (boom/fire) -> [TezzyPham] <STEAM_1:1:933338290>
L 10/07/2026 - 20:33:02: [FF] [Chicoarun] <STEAM_1:0:952954061> -> 16 HP bằng (boom/fire) -> [TezzyPham] <STEAM_1:1:933338290>
L 10/07/2026 - 20:33:03: [FF] [Chicoarun] <STEAM_1:0:952954061> -> 16 HP bằng (boom/fire) -> [TezzyPham] <STEAM_1:1:933338290>
L 10/07/2026 - 20:33:10: [FF] [Bảo Nguyên] <STEAM_1:0:218160880> -> 5 HP bằng (súng) -> [Rïçēz] <STEAM_1:1:558962692>
L 10/07/2026 - 20:33:10: [FF] [Bảo Nguyên] <STEAM_1:0:218160880> -> 7 HP bằng (súng) -> [Rïçēz] <STEAM_1:1:558962692>
L 10/07/2026 - 20:33:10: [FF] [Bảo Nguyên] <STEAM_1:0:218160880> -> 7 HP bằng (súng) -> [Rïçēz] <STEAM_1:1:558962692>
L 10/07/2026 - 20:33:10: [FF] [Bảo Nguyên] <STEAM_1:0:218160880> -> 5 HP bằng (súng) -> [Rïçēz] <STEAM_1:1:558962692>
L 10/07/2026 - 20:33:15: [FF] [Bảo Nguyên] <STEAM_1:0:218160880> -> 7 HP bằng (súng) -> [Rïçēz] <STEAM_1:1:558962692>
L 10/07/2026 - 20:33:17: [HẠ GỤC] Tank <BOT> đã hạ gục KeroN <STEAM_1:1:161759963> bằng (môi trường/khác)
L 10/07/2026 - 20:33:18: [FF] [Bảo Nguyên] <STEAM_1:0:218160880> -> 6 HP bằng (súng) -> [Mikasa] <STEAM_1:0:522010986>
L 10/07/2026 - 20:33:19: [KILL] Tank <BOT> đã giết TezzyPham <STEAM_1:1:933338290> bằng (môi trường/khác)
L 10/07/2026 - 20:33:24: [FF] [Curren Bouquetd'or] <STEAM_1:1:524205977> -> 3 HP bằng (boom/fire) -> [Mikasa] <STEAM_1:0:522010986>
L 10/07/2026 - 20:33:24: [FF] [Curren Bouquetd'or] <STEAM_1:1:524205977> -> 3 HP bằng (boom/fire) -> [Mikasa] <STEAM_1:0:522010986>
L 10/07/2026 - 20:33:24: [FF] [Curren Bouquetd'or] <STEAM_1:1:524205977> -> 3 HP bằng (boom/fire) -> [Mikasa] <STEAM_1:0:522010986>
L 10/07/2026 - 20:33:24: [FF] [Curren Bouquetd'or] <STEAM_1:1:524205977> -> 3 HP bằng (boom/fire) -> [Mikasa] <STEAM_1:0:522010986>
L 10/07/2026 - 20:33:34: [HẠ GỤC] Tank <BOT> đã hạ gục manhvippro <STEAM_1:1:960298889> bằng (môi trường/khác)
L 10/07/2026 - 20:33:41: [FF] [Bảo Nguyên] <STEAM_1:0:218160880> -> 7 HP bằng (súng) -> [KeroN] <STEAM_1:1:161759963>
L 10/07/2026 - 20:33:41: [FF] [Bảo Nguyên] <STEAM_1:0:218160880> -> 7 HP bằng (súng) -> [KeroN] <STEAM_1:1:161759963>
L 10/07/2026 - 20:33:42: [FF] [Tuấn Cùi] <STEAM_1:0:534433454> -> 5 HP bằng (boom/fire) -> [KeroN] <STEAM_1:1:161759963>
L 10/07/2026 - 20:33:42: [FF] [Tuấn Cùi] <STEAM_1:0:534433454> -> 6 HP bằng (boom/fire) -> [Mikasa] <STEAM_1:0:522010986>
L 10/07/2026 - 20:33:53: [FF] [Bảo Nguyên] <STEAM_1:0:218160880> -> 7 HP bằng (súng) -> [Rïçēz] <STEAM_1:1:558962692>
L 10/07/2026 - 20:33:53: [FF] [（ ͜.人 ͜.）⛇☃] <STEAM_1:1:241852047> -> 1 HP bằng (súng) -> [Rïçēz] <STEAM_1:1:558962692>
L 10/07/2026 - 20:34:04: [FF] [Bảo Nguyên] <STEAM_1:0:218160880> -> 7 HP bằng (súng) -> [KeroN] <STEAM_1:1:161759963>
L 10/07/2026 - 20:34:08: [KILL] Tank <BOT> đã giết Mikasa <STEAM_1:0:522010986> bằng (môi trường/khác)
L 10/07/2026 - 20:34:09: [FF] [Bảo Nguyên] <STEAM_1:0:218160880> -> 7 HP bằng (súng) -> [Tuấn Cùi] <STEAM_1:0:534433454>
L 10/07/2026 - 20:34:09: [FF] [Bảo Nguyên] <STEAM_1:0:218160880> -> 7 HP bằng (súng) -> [Tuấn Cùi] <STEAM_1:0:534433454>
L 10/07/2026 - 20:34:09: [FF] [KeroN] <STEAM_1:1:161759963> -> 7 HP bằng (súng) -> [Tuấn Cùi] <STEAM_1:0:534433454>
L 10/07/2026 - 20:34:09: [HẠ GỤC] Tank <BOT> đã hạ gục （ ͜.人 ͜.）⛇☃ <STEAM_1:1:241852047> bằng (môi trường/khác)
L 10/07/2026 - 20:34:11: [FF] [Bảo Nguyên] <STEAM_1:0:218160880> -> 7 HP bằng (súng) -> [Tuấn Cùi] <STEAM_1:0:534433454>
L 10/07/2026 - 20:34:26: [FF] [（ ͜.人 ͜.）⛇☃] <STEAM_1:1:241852047> -> 1 HP bằng (súng) -> [Rïçēz] <STEAM_1:1:558962692>
L 10/07/2026 - 20:34:30: [FF] [（ ͜.人 ͜.）⛇☃] <STEAM_1:1:241852047> -> 16 HP bằng (boom/fire) -> [manhvippro] <STEAM_1:1:960298889>
L 10/07/2026 - 20:34:30: [FF] [（ ͜.人 ͜.）⛇☃] <STEAM_1:1:241852047> -> 16 HP bằng (boom/fire) -> [manhvippro] <STEAM_1:1:960298889>
L 10/07/2026 - 20:34:38: [FF] [（ ͜.人 ͜.）⛇☃] <STEAM_1:1:241852047> -> 16 HP bằng (boom/fire) -> [manhvippro] <STEAM_1:1:960298889>
L 10/07/2026 - 20:34:38: [FF] [（ ͜.人 ͜.）⛇☃] <STEAM_1:1:241852047> -> 16 HP bằng (boom/fire) -> [manhvippro] <STEAM_1:1:960298889>
L 10/07/2026 - 20:34:38: [FF] [（ ͜.人 ͜.）⛇☃] <STEAM_1:1:241852047> -> 16 HP bằng (boom/fire) -> [manhvippro] <STEAM_1:1:960298889>
L 10/07/2026 - 20:34:39: [FF] [（ ͜.人 ͜.）⛇☃] <STEAM_1:1:241852047> -> 16 HP bằng (boom/fire) -> [manhvippro] <STEAM_1:1:960298889>
L 10/07/2026 - 20:35:09: [FF] [Bảo Nguyên] <STEAM_1:0:218160880> -> 15 HP bằng (súng) -> [None :D] <STEAM_1:0:578030381>
L 10/07/2026 - 20:35:09: [FF] [Bảo Nguyên] <STEAM_1:0:218160880> -> 15 HP bằng (súng) -> [None :D] <STEAM_1:0:578030381>
L 10/07/2026 - 20:35:20: [HẠ GỤC] Spitter Bot <BOT> đã hạ gục Bảo Nguyên <STEAM_1:0:218160880> bằng (môi trường/khác)
L 10/07/2026 - 20:35:21: [FF] [KeroN] <STEAM_1:1:161759963> -> 5 HP bằng (súng) -> [Curren Bouquetd'or] <STEAM_1:1:524205977>
L 10/07/2026 - 20:35:33: [HẠ GỤC] Zombie/Witch/Môi trường <N/A> đã hạ gục manhvippro <STEAM_1:1:960298889> bằng (môi trường/khác)
L 10/07/2026 - 20:35:43: [HẠ GỤC] Jockey <BOT> đã hạ gục Bảo Nguyên <STEAM_1:0:218160880> bằng (zombie cào/đấm)
L 10/07/2026 - 20:35:45: [FF] [Tuấn Cùi] <STEAM_1:0:534433454> -> 5 HP bằng (súng) -> [Curren Bouquetd'or] <STEAM_1:1:524205977>
L 10/07/2026 - 20:35:45: [FF] [Tuấn Cùi] <STEAM_1:0:534433454> -> 5 HP bằng (súng) -> [Curren Bouquetd'or] <STEAM_1:1:524205977>
L 10/07/2026 - 20:35:45: [FF] [Tuấn Cùi] <STEAM_1:0:534433454> -> 5 HP bằng (súng) -> [Curren Bouquetd'or] <STEAM_1:1:524205977>
L 10/07/2026 - 20:35:45: [FF] [Tuấn Cùi] <STEAM_1:0:534433454> -> 5 HP bằng (súng) -> [Curren Bouquetd'or] <STEAM_1:1:524205977>
L 10/07/2026 - 20:35:45: [FF] [Tuấn Cùi] <STEAM_1:0:534433454> -> 5 HP bằng (súng) -> [Curren Bouquetd'or] <STEAM_1:1:524205977>
L 10/07/2026 - 20:35:45: [FF] [Tuấn Cùi] <STEAM_1:0:534433454> -> 5 HP bằng (súng) -> [Curren Bouquetd'or] <STEAM_1:1:524205977>
L 10/07/2026 - 20:35:45: [FF] [Tuấn Cùi] <STEAM_1:0:534433454> -> 5 HP bằng (súng) -> [Curren Bouquetd'or] <STEAM_1:1:524205977>
L 10/07/2026 - 20:35:45: [FF] [Tuấn Cùi] <STEAM_1:0:534433454> -> 5 HP bằng (súng) -> [Curren Bouquetd'or] <STEAM_1:1:524205977>
L 10/07/2026 - 20:35:45: [FF] [Tuấn Cùi] <STEAM_1:0:534433454> -> 5 HP bằng (súng) -> [Curren Bouquetd'or] <STEAM_1:1:524205977>
L 10/07/2026 - 20:38:28: [FF] [manhvippro] <STEAM_1:1:960298889> -> 5 HP bằng (súng) -> [Mikasa] <STEAM_1:0:522010986>
L 10/07/2026 - 20:38:28: [FF] [manhvippro] <STEAM_1:1:960298889> -> 7 HP bằng (súng) -> [TezzyPham] <STEAM_1:1:933338290>
L 10/07/2026 - 20:38:29: [FF] [manhvippro] <STEAM_1:1:960298889> -> 7 HP bằng (súng) -> [TezzyPham] <STEAM_1:1:933338290>
L 10/07/2026 - 20:38:34: [FF] [Chicoarun] <STEAM_1:0:952954061> -> 8 HP bằng (súng) -> [（ ͜.人 ͜.）⛇☃] <STEAM_1:1:241852047>
L 10/07/2026 - 20:38:34: [FF] [Chicoarun] <STEAM_1:0:952954061> -> 7 HP bằng (súng) -> [（ ͜.人 ͜.）⛇☃] <STEAM_1:1:241852047>
L 10/07/2026 - 20:38:34: [FF] [Chicoarun] <STEAM_1:0:952954061> -> 6 HP bằng (súng) -> [（ ͜.人 ͜.）⛇☃] <STEAM_1:1:241852047>
L 10/07/2026 - 20:38:35: [FF] [manhvippro] <STEAM_1:1:960298889> -> 5 HP bằng (súng) -> [Curren Bouquetd'or] <STEAM_1:1:524205977>
L 10/07/2026 - 20:38:41: [FF] [manhvippro] <STEAM_1:1:960298889> -> 6 HP bằng (súng) -> [Curren Bouquetd'or] <STEAM_1:1:524205977>
L 10/07/2026 - 20:38:46: [FF] [Curren Bouquetd'or] <STEAM_1:1:524205977> -> 5 HP bằng (súng) -> [Rïçēz] <STEAM_1:1:558962692>
L 10/07/2026 - 20:38:53: [FF] [Tuấn Cùi] <STEAM_1:0:534433454> -> 5 HP bằng (súng) -> [Bảo Nguyên] <STEAM_1:0:218160880>
L 10/07/2026 - 20:38:53: [FF] [Tuấn Cùi] <STEAM_1:0:534433454> -> 5 HP bằng (súng) -> [Bảo Nguyên] <STEAM_1:0:218160880>
L 10/07/2026 - 20:39:16: [FF] [Chicoarun] <STEAM_1:0:952954061> -> 11 HP bằng (súng) -> [KeroN] <STEAM_1:1:161759963>
L 10/07/2026 - 20:39:20: [FF] [KeroN] <STEAM_1:1:161759963> -> 27 HP bằng (súng) -> [Curren Bouquetd'or] <STEAM_1:1:524205977>
L 10/07/2026 - 20:39:44: [FF] [Bảo Nguyên] <STEAM_1:0:218160880> -> 8 HP bằng (súng) -> [KeroN] <STEAM_1:1:161759963>
L 10/07/2026 - 20:39:44: [FF] [Bảo Nguyên] <STEAM_1:0:218160880> -> 8 HP bằng (súng) -> [KeroN] <STEAM_1:1:161759963>
L 10/07/2026 - 20:39:44: [FF] [Tuấn Cùi] <STEAM_1:0:534433454> -> 8 HP bằng (súng) -> [KeroN] <STEAM_1:1:161759963>
L 10/07/2026 - 20:39:45: [FF] [Tuấn Cùi] <STEAM_1:0:534433454> -> 7 HP bằng (súng) -> [KeroN] <STEAM_1:1:161759963>
L 10/07/2026 - 20:39:45: [FF] [Tuấn Cùi] <STEAM_1:0:534433454> -> 7 HP bằng (súng) -> [KeroN] <STEAM_1:1:161759963>
L 10/07/2026 - 20:39:45: [FF] [Tuấn Cùi] <STEAM_1:0:534433454> -> 8 HP bằng (súng) -> [KeroN] <STEAM_1:1:161759963>
L 10/07/2026 - 20:39:45: [FF] [Tuấn Cùi] <STEAM_1:0:534433454> -> 7 HP bằng (súng) -> [KeroN] <STEAM_1:1:161759963>
L 10/07/2026 - 20:39:45: [FF] [Tuấn Cùi] <STEAM_1:0:534433454> -> 7 HP bằng (súng) -> [KeroN] <STEAM_1:1:161759963>
L 10/07/2026 - 20:39:45: [FF] [Tuấn Cùi] <STEAM_1:0:534433454> -> 7 HP bằng (súng) -> [Bảo Nguyên] <STEAM_1:0:218160880>
L 10/07/2026 - 20:39:46: [FF] [Tuấn Cùi] <STEAM_1:0:534433454> -> 7 HP bằng (súng) -> [Bảo Nguyên] <STEAM_1:0:218160880>
L 10/07/2026 - 20:39:55: [HẠ GỤC] Zombie/Witch/Môi trường <N/A> đã hạ gục Tuấn Cùi <STEAM_1:0:534433454> bằng (môi trường/khác)
L 10/07/2026 - 20:40:01: [HẠ GỤC] Zombie/Witch/Môi trường <N/A> đã hạ gục manhvippro <STEAM_1:1:960298889> bằng (môi trường/khác)
L 10/07/2026 - 20:40:09: [FF] [Chicoarun] <STEAM_1:0:952954061> -> 7 HP bằng (melee) -> [None :D] <STEAM_1:0:578030381>
L 10/07/2026 - 20:40:11: [HẠ GỤC] Jockey Bot <BOT> đã hạ gục TezzyPham <STEAM_1:1:933338290> bằng (zombie cào/đấm)
L 10/07/2026 - 20:40:23: [FF] [manhvippro] <STEAM_1:1:960298889> -> 1 HP bằng (boom/fire) -> [TezzyPham] <STEAM_1:1:933338290>
L 10/07/2026 - 20:40:23: [FF] [manhvippro] <STEAM_1:1:960298889> -> 3 HP bằng (boom/fire) -> [TezzyPham] <STEAM_1:1:933338290>
L 10/07/2026 - 20:40:23: [FF] [manhvippro] <STEAM_1:1:960298889> -> 4 HP bằng (boom/fire) -> [TezzyPham] <STEAM_1:1:933338290>
L 10/07/2026 - 20:40:23: [FF] [manhvippro] <STEAM_1:1:960298889> -> 6 HP bằng (boom/fire) -> [TezzyPham] <STEAM_1:1:933338290>
L 10/07/2026 - 20:40:24: [FF] [manhvippro] <STEAM_1:1:960298889> -> 8 HP bằng (boom/fire) -> [TezzyPham] <STEAM_1:1:933338290>
L 10/07/2026 - 20:40:24: [FF] [manhvippro] <STEAM_1:1:960298889> -> 9 HP bằng (boom/fire) -> [TezzyPham] <STEAM_1:1:933338290>
L 10/07/2026 - 20:40:24: [FF] [manhvippro] <STEAM_1:1:960298889> -> 11 HP bằng (boom/fire) -> [TezzyPham] <STEAM_1:1:933338290>
L 10/07/2026 - 20:40:24: [FF] [manhvippro] <STEAM_1:1:960298889> -> 12 HP bằng (boom/fire) -> [TezzyPham] <STEAM_1:1:933338290>
L 10/07/2026 - 20:40:24: [FF] [manhvippro] <STEAM_1:1:960298889> -> 14 HP bằng (boom/fire) -> [TezzyPham] <STEAM_1:1:933338290>
L 10/07/2026 - 20:40:25: [FF] [manhvippro] <STEAM_1:1:960298889> -> 16 HP bằng (boom/fire) -> [TezzyPham] <STEAM_1:1:933338290>
L 10/07/2026 - 20:40:25: [HẠ GỤC] manhvippro <STEAM_1:1:960298889> đã hạ gục TezzyPham <STEAM_1:1:933338290> bằng (boom/fire)
L 10/07/2026 - 20:40:25: [FF] [manhvippro] <STEAM_1:1:960298889> -> 16 HP bằng (boom/fire) -> [TezzyPham] <STEAM_1:1:933338290>
L 10/07/2026 - 20:40:25: [FF] [manhvippro] <STEAM_1:1:960298889> -> 16 HP bằng (boom/fire) -> [TezzyPham] <STEAM_1:1:933338290>
L 10/07/2026 - 20:40:25: [FF] [manhvippro] <STEAM_1:1:960298889> -> 16 HP bằng (boom/fire) -> [TezzyPham] <STEAM_1:1:933338290>
L 10/07/2026 - 20:40:26: [FF] [manhvippro] <STEAM_1:1:960298889> -> 16 HP bằng (boom/fire) -> [TezzyPham] <STEAM_1:1:933338290>
L 10/07/2026 - 20:40:26: [FF] [manhvippro] <STEAM_1:1:960298889> -> 16 HP bằng (boom/fire) -> [TezzyPham] <STEAM_1:1:933338290>
L 10/07/2026 - 20:40:26: [FF] [manhvippro] <STEAM_1:1:960298889> -> 16 HP bằng (boom/fire) -> [TezzyPham] <STEAM_1:1:933338290>
L 10/07/2026 - 20:40:26: [FF] [manhvippro] <STEAM_1:1:960298889> -> 16 HP bằng (boom/fire) -> [TezzyPham] <STEAM_1:1:933338290>
L 10/07/2026 - 20:40:26: [FF] [manhvippro] <STEAM_1:1:960298889> -> 16 HP bằng (boom/fire) -> [TezzyPham] <STEAM_1:1:933338290>
L 10/07/2026 - 20:40:27: [FF] [manhvippro] <STEAM_1:1:960298889> -> 16 HP bằng (boom/fire) -> [TezzyPham] <STEAM_1:1:933338290>
L 10/07/2026 - 20:40:27: [FF] [manhvippro] <STEAM_1:1:960298889> -> 16 HP bằng (boom/fire) -> [TezzyPham] <STEAM_1:1:933338290>
L 10/07/2026 - 20:40:27: [FF] [manhvippro] <STEAM_1:1:960298889> -> 16 HP bằng (boom/fire) -> [TezzyPham] <STEAM_1:1:933338290>
L 10/07/2026 - 20:40:27: [FF] [manhvippro] <STEAM_1:1:960298889> -> 16 HP bằng (boom/fire) -> [TezzyPham] <STEAM_1:1:933338290>
L 10/07/2026 - 20:40:27: [FF] [manhvippro] <STEAM_1:1:960298889> -> 16 HP bằng (boom/fire) -> [TezzyPham] <STEAM_1:1:933338290>
L 10/07/2026 - 20:40:28: [FF] [manhvippro] <STEAM_1:1:960298889> -> 16 HP bằng (boom/fire) -> [TezzyPham] <STEAM_1:1:933338290>
L 10/07/2026 - 20:40:28: [FF] [manhvippro] <STEAM_1:1:960298889> -> 16 HP bằng (boom/fire) -> [TezzyPham] <STEAM_1:1:933338290>
L 10/07/2026 - 20:40:28: [FF] [manhvippro] <STEAM_1:1:960298889> -> 16 HP bằng (boom/fire) -> [TezzyPham] <STEAM_1:1:933338290>
L 10/07/2026 - 20:40:28: [FF] [manhvippro] <STEAM_1:1:960298889> -> 16 HP bằng (boom/fire) -> [TezzyPham] <STEAM_1:1:933338290>
L 10/07/2026 - 20:40:28: [FF] [manhvippro] <STEAM_1:1:960298889> -> 16 HP bằng (boom/fire) -> [TezzyPham] <STEAM_1:1:933338290>
L 10/07/2026 - 20:40:29: [FF] [manhvippro] <STEAM_1:1:960298889> -> 16 HP bằng (boom/fire) -> [TezzyPham] <STEAM_1:1:933338290>
L 10/07/2026 - 20:40:29: [FF] [manhvippro] <STEAM_1:1:960298889> -> 16 HP bằng (boom/fire) -> [TezzyPham] <STEAM_1:1:933338290>
L 10/07/2026 - 20:40:30: [HẠ GỤC] (1)Spitter <BOT> đã hạ gục Chicoarun <STEAM_1:0:952954061> bằng (môi trường/khác)
L 10/07/2026 - 20:40:40: [FF] [Rïçēz] <STEAM_1:1:558962692> -> 2 HP bằng (súng) -> [manhvippro] <STEAM_1:1:960298889>
L 10/07/2026 - 20:41:16: [FF] [Chicoarun] <STEAM_1:0:952954061> -> 7 HP bằng (melee) -> [Mikasa] <STEAM_1:0:522010986>
L 10/07/2026 - 20:41:40: [HẠ GỤC] Spitter Bot <BOT> đã hạ gục Chicoarun <STEAM_1:0:952954061> bằng (môi trường/khác)
L 10/07/2026 - 20:42:23: [HẠ GỤC] Zombie/Witch/Môi trường <N/A> đã hạ gục TezzyPham <STEAM_1:1:933338290> bằng (môi trường/khác)
L 10/07/2026 - 20:42:24: [FF] [Bảo Nguyên] <STEAM_1:0:218160880> -> 7 HP bằng (melee) -> [KeroN] <STEAM_1:1:161759963>
L 10/07/2026 - 20:42:32: [KILL] Zombie/Witch/Môi trường <N/A> đã giết TezzyPham <STEAM_1:1:933338290> bằng (zombie cào/đấm)
L 10/07/2026 - 20:42:39: [KILL] Zombie/Witch/Môi trường <N/A> đã giết Mikasa <STEAM_1:0:522010986> bằng (zombie cào/đấm)
L 10/07/2026 - 20:42:45: [KILL] Zombie/Witch/Môi trường <N/A> đã giết （ ͜.人 ͜.）⛇☃ <STEAM_1:1:241852047> bằng (zombie cào/đấm)
L 10/07/2026 - 20:42:50: [HẠ GỤC] Mikasa <STEAM_1:0:522010986> đã hạ gục manhvippro <STEAM_1:1:960298889> bằng (boom/fire)
L 10/07/2026 - 20:42:51: [FF] [Mikasa] <STEAM_1:0:522010986> -> 16 HP bằng (boom/fire) -> [manhvippro] <STEAM_1:1:960298889>
L 10/07/2026 - 20:42:57: [HẠ GỤC] Zombie/Witch/Môi trường <N/A> đã hạ gục Chicoarun <STEAM_1:0:952954061> bằng (môi trường/khác)
L 10/07/2026 - 20:43:02: [HẠ GỤC] Jockey Bot <BOT> đã hạ gục TezzyPham <STEAM_1:1:933338290> bằng (zombie cào/đấm)
L 10/07/2026 - 20:43:02: [HẠ GỤC] Spitter Bot <BOT> đã hạ gục Bảo Nguyên <STEAM_1:0:218160880> bằng (môi trường/khác)
L 10/07/2026 - 20:43:10: [FF] [Rïçēz] <STEAM_1:1:558962692> -> 3 HP bằng (súng) -> [None :D] <STEAM_1:0:578030381>
L 10/07/2026 - 20:43:11: [FF] [manhvippro] <STEAM_1:1:960298889> -> 4 HP bằng (súng) -> [Tuấn Cùi] <STEAM_1:0:534433454>
L 10/07/2026 - 20:43:11: [FF] [manhvippro] <STEAM_1:1:960298889> -> 4 HP bằng (súng) -> [Tuấn Cùi] <STEAM_1:0:534433454>
L 10/07/2026 - 20:43:11: [FF] [manhvippro] <STEAM_1:1:960298889> -> 4 HP bằng (súng) -> [Tuấn Cùi] <STEAM_1:0:534433454>
L 10/07/2026 - 20:43:11: [FF] [manhvippro] <STEAM_1:1:960298889> -> 4 HP bằng (súng) -> [Tuấn Cùi] <STEAM_1:0:534433454>
L 10/07/2026 - 20:43:11: [FF] [manhvippro] <STEAM_1:1:960298889> -> 4 HP bằng (súng) -> [Tuấn Cùi] <STEAM_1:0:534433454>
L 10/07/2026 - 20:43:11: [FF] [manhvippro] <STEAM_1:1:960298889> -> 4 HP bằng (súng) -> [Tuấn Cùi] <STEAM_1:0:534433454>
L 10/07/2026 - 20:43:11: [FF] [manhvippro] <STEAM_1:1:960298889> -> 4 HP bằng (súng) -> [Tuấn Cùi] <STEAM_1:0:534433454>
L 10/07/2026 - 20:43:11: [FF] [manhvippro] <STEAM_1:1:960298889> -> 4 HP bằng (súng) -> [Tuấn Cùi] <STEAM_1:0:534433454>
L 10/07/2026 - 20:43:11: [FF] [manhvippro] <STEAM_1:1:960298889> -> 4 HP bằng (súng) -> [Tuấn Cùi] <STEAM_1:0:534433454>
L 10/07/2026 - 20:43:11: [FF] [manhvippro] <STEAM_1:1:960298889> -> 4 HP bằng (súng) -> [Tuấn Cùi] <STEAM_1:0:534433454>
L 10/07/2026 - 20:43:13: [FF] [None :D] <STEAM_1:0:578030381> -> 25 HP bằng (súng) -> [TezzyPham] <STEAM_1:1:933338290>
L 10/07/2026 - 20:43:32: [FF] [Tuấn Cùi] <STEAM_1:0:534433454> -> 3 HP bằng (súng) -> [Bảo Nguyên] <STEAM_1:0:218160880>
L 10/07/2026 - 20:43:32: [FF] [Tuấn Cùi] <STEAM_1:0:534433454> -> 3 HP bằng (súng) -> [Bảo Nguyên] <STEAM_1:0:218160880>
L 10/07/2026 - 20:43:32: [FF] [Tuấn Cùi] <STEAM_1:0:534433454> -> 3 HP bằng (súng) -> [Bảo Nguyên] <STEAM_1:0:218160880>
L 10/07/2026 - 20:43:32: [FF] [Tuấn Cùi] <STEAM_1:0:534433454> -> 3 HP bằng (súng) -> [Bảo Nguyên] <STEAM_1:0:218160880>
L 10/07/2026 - 20:43:32: [FF] [Tuấn Cùi] <STEAM_1:0:534433454> -> 3 HP bằng (súng) -> [Bảo Nguyên] <STEAM_1:0:218160880>
L 10/07/2026 - 20:43:32: [FF] [Tuấn Cùi] <STEAM_1:0:534433454> -> 3 HP bằng (súng) -> [Bảo Nguyên] <STEAM_1:0:218160880>
L 10/07/2026 - 20:43:32: [FF] [Tuấn Cùi] <STEAM_1:0:534433454> -> 3 HP bằng (súng) -> [Bảo Nguyên] <STEAM_1:0:218160880>
L 10/07/2026 - 20:43:32: [FF] [Tuấn Cùi] <STEAM_1:0:534433454> -> 3 HP bằng (súng) -> [Bảo Nguyên] <STEAM_1:0:218160880>
L 10/07/2026 - 20:43:32: [FF] [Tuấn Cùi] <STEAM_1:0:534433454> -> 3 HP bằng (súng) -> [Bảo Nguyên] <STEAM_1:0:218160880>
L 10/07/2026 - 20:43:35: [HẠ GỤC] Spitter Bot <BOT> đã hạ gục KeroN <STEAM_1:1:161759963> bằng (môi trường/khác)
L 10/07/2026 - 20:43:35: [HẠ GỤC] Zombie/Witch/Môi trường <N/A> đã hạ gục TezzyPham <STEAM_1:1:933338290> bằng (môi trường/khác)
L 10/07/2026 - 20:43:35: [HẠ GỤC] Spitter Bot <BOT> đã hạ gục Chicoarun <STEAM_1:0:952954061> bằng (môi trường/khác)
L 10/07/2026 - 20:43:37: [HẠ GỤC] Zombie/Witch/Môi trường <N/A> đã hạ gục Tuấn Cùi <STEAM_1:0:534433454> bằng (môi trường/khác)
L 10/07/2026 - 20:44:19: [KILL] Zombie/Witch/Môi trường <N/A> đã giết Chicoarun <STEAM_1:0:952954061> bằng (zombie cào/đấm)
L 10/07/2026 - 20:44:28: [HẠ GỤC] Tank <BOT> đã hạ gục Bảo Nguyên <STEAM_1:0:218160880> bằng (môi trường/khác)
L 10/07/2026 - 20:44:36: [HẠ GỤC] Smoker <BOT> đã hạ gục KeroN <STEAM_1:1:161759963> bằng (zombie cào/đấm)
L 10/07/2026 - 20:44:39: [HẠ GỤC] Tank <BOT> đã hạ gục Mikasa <STEAM_1:0:522010986> bằng (môi trường/khác)
L 10/07/2026 - 20:44:41: [KILL] Tank <BOT> đã giết Bảo Nguyên <STEAM_1:0:218160880> bằng (môi trường/khác)
L 10/07/2026 - 20:44:43: [FF] [None :D] <STEAM_1:0:578030381> -> 6 HP bằng (súng) -> [Curren Bouquetd'or] <STEAM_1:1:524205977>
L 10/07/2026 - 20:44:43: [FF] [None :D] <STEAM_1:0:578030381> -> 6 HP bằng (súng) -> [Curren Bouquetd'or] <STEAM_1:1:524205977>
L 10/07/2026 - 20:44:43: [FF] [None :D] <STEAM_1:0:578030381> -> 6 HP bằng (súng) -> [Curren Bouquetd'or] <STEAM_1:1:524205977>
L 10/07/2026 - 20:44:43: [FF] [None :D] <STEAM_1:0:578030381> -> 6 HP bằng (súng) -> [Curren Bouquetd'or] <STEAM_1:1:524205977>
L 10/07/2026 - 20:44:43: [FF] [None :D] <STEAM_1:0:578030381> -> 7 HP bằng (súng) -> [Curren Bouquetd'or] <STEAM_1:1:524205977>
L 10/07/2026 - 20:44:43: [FF] [None :D] <STEAM_1:0:578030381> -> 7 HP bằng (súng) -> [Curren Bouquetd'or] <STEAM_1:1:524205977>
L 10/07/2026 - 20:44:43: [FF] [None :D] <STEAM_1:0:578030381> -> 7 HP bằng (súng) -> [Curren Bouquetd'or] <STEAM_1:1:524205977>
L 10/07/2026 - 20:44:44: [FF] [None :D] <STEAM_1:0:578030381> -> 7 HP bằng (súng) -> [Curren Bouquetd'or] <STEAM_1:1:524205977>
L 10/07/2026 - 20:44:44: [FF] [None :D] <STEAM_1:0:578030381> -> 6 HP bằng (súng) -> [Curren Bouquetd'or] <STEAM_1:1:524205977>
L 10/07/2026 - 20:44:44: [FF] [None :D] <STEAM_1:0:578030381> -> 6 HP bằng (súng) -> [Curren Bouquetd'or] <STEAM_1:1:524205977>
L 10/07/2026 - 20:44:44: [HẠ GỤC] Tank <BOT> đã hạ gục （ ͜.人 ͜.）⛇☃ <STEAM_1:1:241852047> bằng (môi trường/khác)
L 10/07/2026 - 20:44:44: [KILL] Zombie/Witch/Môi trường <N/A> đã giết TezzyPham <STEAM_1:1:933338290> bằng (zombie cào/đấm)
L 10/07/2026 - 20:45:00: [FF] [None :D] <STEAM_1:0:578030381> -> 7 HP bằng (súng) -> [Curren Bouquetd'or] <STEAM_1:1:524205977>
L 10/07/2026 - 20:45:14: [HẠ GỤC] Zombie/Witch/Môi trường <N/A> đã hạ gục KeroN <STEAM_1:1:161759963> bằng (môi trường/khác)
L 10/07/2026 - 20:45:14: [KILL] Zombie/Witch/Môi trường <N/A> đã giết manhvippro <STEAM_1:1:960298889> bằng (môi trường/khác)
L 10/07/2026 - 20:45:15: [KILL] Zombie/Witch/Môi trường <N/A> đã giết Rïçēz <STEAM_1:1:558962692> bằng (zombie cào/đấm)
L 10/07/2026 - 20:45:20: [HẠ GỤC] Tank <BOT> đã hạ gục Mikasa <STEAM_1:0:522010986> bằng (môi trường/khác)
L 10/07/2026 - 20:45:29: [HẠ GỤC] Tank <BOT> đã hạ gục Chicoarun <STEAM_1:0:952954061> bằng (môi trường/khác)
L 10/07/2026 - 20:45:57: [HẠ GỤC] Tank <BOT> đã hạ gục （ ͜.人 ͜.）⛇☃ <STEAM_1:1:241852047> bằng (môi trường/khác)
L 10/07/2026 - 20:46:08: [FF] [None :D] <STEAM_1:0:578030381> -> 6 HP bằng (súng) -> [Curren Bouquetd'or] <STEAM_1:1:524205977>
L 10/07/2026 - 20:46:12: [HẠ GỤC] Smoker <BOT> đã hạ gục TezzyPham <STEAM_1:1:933338290> bằng (zombie cào/đấm)
L 10/07/2026 - 20:46:13: [HẠ GỤC] Tank <BOT> đã hạ gục Curren Bouquetd'or <STEAM_1:1:524205977> bằng (môi trường/khác)
L 10/07/2026 - 20:46:23: [HẠ GỤC] Tank <BOT> đã hạ gục Curren Bouquetd'or <STEAM_1:1:524205977> bằng (môi trường/khác)
L 10/07/2026 - 20:46:41: [HẠ GỤC] Tank <BOT> đã hạ gục KeroN <STEAM_1:1:161759963> bằng (môi trường/khác)
L 10/07/2026 - 20:47:18: [HẠ GỤC] Tank <BOT> đã hạ gục None :D <STEAM_1:0:578030381> bằng (môi trường/khác)
L 10/07/2026 - 20:47:23: [HẠ GỤC] Tank <BOT> đã hạ gục Mikasa <STEAM_1:0:522010986> bằng (môi trường/khác)
L 10/07/2026 - 20:47:30: [FF] [Bảo Nguyên] <STEAM_1:0:218160880> -> 1 HP bằng (boom/fire) -> [Mikasa] <STEAM_1:0:522010986>
L 10/07/2026 - 20:47:34: [KILL] (1)Tank <BOT> đã giết KeroN <STEAM_1:1:161759963> bằng (môi trường/khác)
L 10/07/2026 - 20:47:35: [HẠ GỤC] (1)Tank <BOT> đã hạ gục Chicoarun <STEAM_1:0:952954061> bằng (môi trường/khác)
L 10/07/2026 - 20:47:46: [HẠ GỤC] (1)Tank <BOT> đã hạ gục None :D <STEAM_1:0:578030381> bằng (môi trường/khác)
L 10/07/2026 - 20:48:03: [FF] [manhvippro] <STEAM_1:1:960298889> -> 3 HP bằng (súng) -> [TezzyPham] <STEAM_1:1:933338290>
L 10/07/2026 - 20:48:03: [FF] [manhvippro] <STEAM_1:1:960298889> -> 4 HP bằng (súng) -> [TezzyPham] <STEAM_1:1:933338290>
L 10/07/2026 - 20:48:03: [FF] [manhvippro] <STEAM_1:1:960298889> -> 3 HP bằng (súng) -> [TezzyPham] <STEAM_1:1:933338290>
L 10/07/2026 - 20:48:03: [FF] [manhvippro] <STEAM_1:1:960298889> -> 4 HP bằng (súng) -> [TezzyPham] <STEAM_1:1:933338290>
L 10/07/2026 - 20:48:03: [FF] [manhvippro] <STEAM_1:1:960298889> -> 3 HP bằng (súng) -> [TezzyPham] <STEAM_1:1:933338290>
L 10/07/2026 - 20:48:03: [FF] [manhvippro] <STEAM_1:1:960298889> -> 4 HP bằng (súng) -> [TezzyPham] <STEAM_1:1:933338290>
L 10/07/2026 - 20:48:21: [HẠ GỤC] (1)Tank <BOT> đã hạ gục Nick <BOT> bằng (môi trường/khác)
L 10/07/2026 - 20:48:29: [HẠ GỤC] Zombie/Witch/Môi trường <N/A> đã hạ gục TezzyPham <STEAM_1:1:933338290> bằng (môi trường/khác)
L 10/07/2026 - 20:48:30: [HẠ GỤC] Zombie/Witch/Môi trường <N/A> đã hạ gục manhvippro <STEAM_1:1:960298889> bằng (môi trường/khác)
L 10/07/2026 - 20:48:33: [HẠ GỤC] (1)Tank <BOT> đã hạ gục Nick <BOT> bằng (môi trường/khác)
L 10/07/2026 - 20:48:39: [FF] [Bảo Nguyên] <STEAM_1:0:218160880> -> 1 HP bằng (môi trường/khác) -> [TezzyPham] <STEAM_1:1:933338290>
L 10/07/2026 - 20:48:43: [HẠ GỤC] (1)Tank <BOT> đã hạ gục Curren Bouquetd'or <STEAM_1:1:524205977> bằng (môi trường/khác)
L 10/07/2026 - 20:48:45: [FF] [Rïçēz] <STEAM_1:1:558962692> -> 2 HP bằng (súng) -> [TezzyPham] <STEAM_1:1:933338290>
L 10/07/2026 - 20:48:45: [FF] [Rïçēz] <STEAM_1:1:558962692> -> 2 HP bằng (súng) -> [TezzyPham] <STEAM_1:1:933338290>
L 10/07/2026 - 20:48:50: [HẠ GỤC] Zombie/Witch/Môi trường <N/A> đã hạ gục Rïçēz <STEAM_1:1:558962692> bằng (môi trường/khác)
L 10/07/2026 - 20:48:52: [KILL] (1)Tank <BOT> đã giết Chicoarun <STEAM_1:0:952954061> bằng (môi trường/khác)
L 10/07/2026 - 20:48:52: [HẠ GỤC] Zombie/Witch/Môi trường <N/A> đã hạ gục TezzyPham <STEAM_1:1:933338290> bằng (boom/fire)
L 10/07/2026 - 20:48:53: [HẠ GỤC] (1)Tank <BOT> đã hạ gục Mikasa <STEAM_1:0:522010986> bằng (môi trường/khác)
L 10/07/2026 - 20:48:55: [KILL] Zombie/Witch/Môi trường <N/A> đã giết manhvippro <STEAM_1:1:960298889> bằng (zombie cào/đấm)
L 10/07/2026 - 20:49:09: [HẠ GỤC] Charger <BOT> đã hạ gục None :D <STEAM_1:0:578030381> bằng (zombie cào/đấm)
L 10/07/2026 - 20:49:12: [KILL] Zombie/Witch/Môi trường <N/A> đã giết KeroN <STEAM_1:1:161759963> bằng (zombie cào/đấm)
L 10/07/2026 - 20:49:13: [KILL] Tank <BOT> đã giết （ ͜.人 ͜.）⛇☃ <STEAM_1:1:241852047> bằng (môi trường/khác)
L 10/07/2026 - 20:49:28: [HẠ GỤC] (1)Tank <BOT> đã hạ gục Bảo Nguyên <STEAM_1:0:218160880> bằng (môi trường/khác)
L 10/07/2026 - 20:49:51: [HẠ GỤC] Rïçēz <STEAM_1:1:558962692> đã hạ gục Rïçēz <STEAM_1:1:558962692> bằng (súng)
L 10/07/2026 - 20:49:53: [HẠ GỤC] TezzyPham <STEAM_1:1:933338290> đã hạ gục TezzyPham <STEAM_1:1:933338290> bằng (súng)
L 10/07/2026 - 20:50:17: [HẠ GỤC] Zombie/Witch/Môi trường <N/A> đã hạ gục manhvippro <STEAM_1:1:960298889> bằng (môi trường/khác)
L 10/07/2026 - 20:50:24: [FF] [manhvippro] <STEAM_1:1:960298889> -> 16 HP bằng (boom/fire) -> [Rïçēz] <STEAM_1:1:558962692>
L 10/07/2026 - 20:50:24: [FF] [manhvippro] <STEAM_1:1:960298889> -> 16 HP bằng (boom/fire) -> [（ ͜.人 ͜.）⛇☃] <STEAM_1:1:241852047>
L 10/07/2026 - 20:50:24: [FF] [manhvippro] <STEAM_1:1:960298889> -> 16 HP bằng (boom/fire) -> [Rïçēz] <STEAM_1:1:558962692>
L 10/07/2026 - 20:50:24: [FF] [manhvippro] <STEAM_1:1:960298889> -> 16 HP bằng (boom/fire) -> [（ ͜.人 ͜.）⛇☃] <STEAM_1:1:241852047>
L 10/07/2026 - 20:50:25: [FF] [manhvippro] <STEAM_1:1:960298889> -> 16 HP bằng (boom/fire) -> [Rïçēz] <STEAM_1:1:558962692>
L 10/07/2026 - 20:50:25: [FF] [manhvippro] <STEAM_1:1:960298889> -> 16 HP bằng (boom/fire) -> [Rïçēz] <STEAM_1:1:558962692>
L 10/07/2026 - 20:50:25: [KILL] manhvippro <STEAM_1:1:960298889> đã giết Rïçēz <STEAM_1:1:558962692> bằng (boom/fire)
L 10/07/2026 - 20:50:26: [KILL] manhvippro <STEAM_1:1:960298889> đã giết manhvippro <STEAM_1:1:960298889> bằng (boom/fire)
L 10/07/2026 - 20:50:41: [KILL] Tank <BOT> đã giết Curren Bouquetd'or <STEAM_1:1:524205977> bằng (môi trường/khác)
L 10/07/2026 - 20:51:06: [HẠ GỤC] Jockey <BOT> đã hạ gục Chicoarun <STEAM_1:0:952954061> bằng (zombie cào/đấm)
L 10/07/2026 - 20:51:09: [FF] [Mikasa] <STEAM_1:0:522010986> -> 6 HP bằng (súng) -> [None :D] <STEAM_1:0:578030381>
L 10/07/2026 - 20:51:12: [FF] [Mikasa] <STEAM_1:0:522010986> -> 8 HP bằng (súng) -> [None :D] <STEAM_1:0:578030381>
L 10/07/2026 - 20:51:12: [HẠ GỤC] None :D <STEAM_1:0:578030381> đã hạ gục None :D <STEAM_1:0:578030381> bằng (boom/fire)
L 10/07/2026 - 20:51:12: [FF] [Mikasa] <STEAM_1:0:522010986> -> 6 HP bằng (súng) -> [None :D] <STEAM_1:0:578030381>
L 10/07/2026 - 20:51:12: [FF] [KeroN] <STEAM_1:1:161759963> -> 1 HP bằng (môi trường/khác) -> [Chicoarun] <STEAM_1:0:952954061>
L 10/07/2026 - 20:51:13: [FF] [Mikasa] <STEAM_1:0:522010986> -> 6 HP bằng (súng) -> [Chicoarun] <STEAM_1:0:952954061>
L 10/07/2026 - 20:51:33: [HẠ GỤC] Tank <BOT> đã hạ gục （ ͜.人 ͜.）⛇☃ <STEAM_1:1:241852047> bằng (môi trường/khác)
L 10/07/2026 - 20:51:36: [HẠ GỤC] Tank <BOT> đã hạ gục Chicoarun <STEAM_1:0:952954061> bằng (môi trường/khác)
L 10/07/2026 - 20:51:42: [HẠ GỤC] Tank <BOT> đã hạ gục None :D <STEAM_1:0:578030381> bằng (môi trường/khác)
L 10/07/2026 - 20:51:42: [FF] [KeroN] <STEAM_1:1:161759963> -> 12 HP bằng (môi trường/khác) -> [（ ͜.人 ͜.）⛇☃] <STEAM_1:1:241852047>
L 10/07/2026 - 20:51:42: [FF] [KeroN] <STEAM_1:1:161759963> -> 12 HP bằng (môi trường/khác) -> [Rïçēz] <STEAM_1:1:558962692>
L 10/07/2026 - 20:51:42: [FF] [KeroN] <STEAM_1:1:161759963> -> 1 HP bằng (môi trường/khác) -> [（ ͜.人 ͜.）⛇☃] <STEAM_1:1:241852047>
L 10/07/2026 - 20:51:42: [FF] [KeroN] <STEAM_1:1:161759963> -> 1 HP bằng (môi trường/khác) -> [Rïçēz] <STEAM_1:1:558962692>
L 10/07/2026 - 20:51:43: [FF] [KeroN] <STEAM_1:1:161759963> -> 1 HP bằng (môi trường/khác) -> [（ ͜.人 ͜.）⛇☃] <STEAM_1:1:241852047>
L 10/07/2026 - 20:51:43: [FF] [KeroN] <STEAM_1:1:161759963> -> 1 HP bằng (môi trường/khác) -> [（ ͜.人 ͜.）⛇☃] <STEAM_1:1:241852047>
L 10/07/2026 - 20:51:43: [FF] [KeroN] <STEAM_1:1:161759963> -> 1 HP bằng (môi trường/khác) -> [Rïçēz] <STEAM_1:1:558962692>
L 10/07/2026 - 20:51:45: [KILL] Zombie/Witch/Môi trường <N/A> đã giết Mikasa <STEAM_1:0:522010986> bằng (môi trường/khác)
L 10/07/2026 - 20:51:47: [HẠ GỤC] (1)Tank <BOT> đã hạ gục Rïçēz <STEAM_1:1:558962692> bằng (môi trường/khác)
L 10/07/2026 - 20:51:48: [FF] [KeroN] <STEAM_1:1:161759963> -> 1 HP bằng (môi trường/khác) -> [Rïçēz] <STEAM_1:1:558962692>
L 10/07/2026 - 20:51:48: [FF] [KeroN] <STEAM_1:1:161759963> -> 2 HP bằng (môi trường/khác) -> [（ ͜.人 ͜.）⛇☃] <STEAM_1:1:241852047>
L 10/07/2026 - 20:51:48: [HẠ GỤC] KeroN <STEAM_1:1:161759963> đã hạ gục KeroN <STEAM_1:1:161759963> bằng (môi trường/khác)
L 10/07/2026 - 20:51:48: [FF] [KeroN] <STEAM_1:1:161759963> -> 1 HP bằng (môi trường/khác) -> [（ ͜.人 ͜.）⛇☃] <STEAM_1:1:241852047>
L 10/07/2026 - 20:52:00: [FF] [Tuấn Cùi] <STEAM_1:0:534433454> -> 5 HP bằng (súng) -> [Bảo Nguyên] <STEAM_1:0:218160880>
L 10/07/2026 - 20:52:01: [FF] [Tuấn Cùi] <STEAM_1:0:534433454> -> 5 HP bằng (súng) -> [Bảo Nguyên] <STEAM_1:0:218160880>
L 10/07/2026 - 20:52:01: [FF] [Tuấn Cùi] <STEAM_1:0:534433454> -> 5 HP bằng (súng) -> [Bảo Nguyên] <STEAM_1:0:218160880>
L 10/07/2026 - 20:52:08: [HẠ GỤC] (1)Jockey <BOT> đã hạ gục Rïçēz <STEAM_1:1:558962692> bằng (zombie cào/đấm)
L 10/07/2026 - 20:52:37: [FF] [Bảo Nguyên] <STEAM_1:0:218160880> -> 11 HP bằng (súng) -> [manhvippro] <STEAM_1:1:960298889>
L 10/07/2026 - 20:52:40: [HẠ GỤC] Tank <BOT> đã hạ gục Tuấn Cùi <STEAM_1:0:534433454> bằng (môi trường/khác)
L 10/07/2026 - 20:52:51: [HẠ GỤC] (1)Hunter <BOT> đã hạ gục TezzyPham <STEAM_1:1:933338290> bằng (zombie cào/đấm)
L 10/07/2026 - 20:52:56: [HẠ GỤC] Zombie/Witch/Môi trường <N/A> đã hạ gục manhvippro <STEAM_1:1:960298889> bằng (môi trường/khác)
L 10/07/2026 - 20:52:58: [KILL] Zombie/Witch/Môi trường <N/A> đã giết （ ͜.人 ͜.）⛇☃ <STEAM_1:1:241852047> bằng (môi trường/khác)
L 10/07/2026 - 20:53:01: [HẠ GỤC] Tank <BOT> đã hạ gục Bảo Nguyên <STEAM_1:0:218160880> bằng (môi trường/khác)
L 10/07/2026 - 20:53:01: [KILL] (1)Hunter <BOT> đã giết TezzyPham <STEAM_1:1:933338290> bằng (zombie cào/đấm)
L 10/07/2026 - 20:53:03: [FF] [Chicoarun] <STEAM_1:0:952954061> -> 1 HP bằng (boom/fire) -> [KeroN] <STEAM_1:1:161759963>
L 10/07/2026 - 20:53:03: [FF] [Chicoarun] <STEAM_1:0:952954061> -> 3 HP bằng (boom/fire) -> [KeroN] <STEAM_1:1:161759963>
L 10/07/2026 - 20:53:03: [FF] [Chicoarun] <STEAM_1:0:952954061> -> 5 HP bằng (boom/fire) -> [KeroN] <STEAM_1:1:161759963>
L 10/07/2026 - 20:53:04: [FF] [Chicoarun] <STEAM_1:0:952954061> -> 7 HP bằng (boom/fire) -> [KeroN] <STEAM_1:1:161759963>
L 10/07/2026 - 20:53:04: [FF] [Chicoarun] <STEAM_1:0:952954061> -> 9 HP bằng (boom/fire) -> [KeroN] <STEAM_1:1:161759963>
L 10/07/2026 - 20:53:04: [FF] [Chicoarun] <STEAM_1:0:952954061> -> 11 HP bằng (boom/fire) -> [KeroN] <STEAM_1:1:161759963>
L 10/07/2026 - 20:53:04: [FF] [Chicoarun] <STEAM_1:0:952954061> -> 13 HP bằng (boom/fire) -> [KeroN] <STEAM_1:1:161759963>
L 10/07/2026 - 20:53:11: [HẠ GỤC] (1)Tank <BOT> đã hạ gục manhvippro <STEAM_1:1:960298889> bằng (môi trường/khác)
L 10/07/2026 - 20:53:14: [KILL] Smoker <BOT> đã giết Rïçēz <STEAM_1:1:558962692> bằng (zombie cào/đấm)
L 10/07/2026 - 20:53:15: [HẠ GỤC] Zombie/Witch/Môi trường <N/A> đã hạ gục Mikasa <STEAM_1:0:522010986> bằng (môi trường/khác)
L 10/07/2026 - 20:55:00: [FF] [Chicoarun] <STEAM_1:0:952954061> -> 1 HP bằng (môi trường/khác) -> [TezzyPham] <STEAM_1:1:933338290>
L 10/07/2026 - 20:55:12: [FF] [KeroN] <STEAM_1:1:161759963> -> 8 HP bằng (súng) -> [Mikasa] <STEAM_1:0:522010986>
L 10/07/2026 - 20:55:45: [FF] [Bảo Nguyên] <STEAM_1:0:218160880> -> 8 HP bằng (súng) -> [TezzyPham] <STEAM_1:1:933338290>
L 10/07/2026 - 20:55:49: [FF] [Chicoarun] <STEAM_1:0:952954061> -> 1 HP bằng (môi trường/khác) -> [（ ͜.人 ͜.）⛇☃] <STEAM_1:1:241852047>
L 10/07/2026 - 20:56:04: [FF] [（ ͜.人 ͜.）⛇☃] <STEAM_1:1:241852047> -> 1 HP bằng (môi trường/khác) -> [None :D] <STEAM_1:0:578030381>
L 10/07/2026 - 20:56:04: [FF] [（ ͜.人 ͜.）⛇☃] <STEAM_1:1:241852047> -> 1 HP bằng (môi trường/khác) -> [None :D] <STEAM_1:0:578030381>
L 10/07/2026 - 20:56:10: [FF] [（ ͜.人 ͜.）⛇☃] <STEAM_1:1:241852047> -> 1 HP bằng (môi trường/khác) -> [TezzyPham] <STEAM_1:1:933338290>
L 10/07/2026 - 20:56:22: [FF] [Bảo Nguyên] <STEAM_1:0:218160880> -> 7 HP bằng (melee) -> [KeroN] <STEAM_1:1:161759963>
L 10/07/2026 - 20:56:23: [HẠ GỤC] Zombie/Witch/Môi trường <N/A> đã hạ gục Tuấn Cùi <STEAM_1:0:534433454> bằng (boom/fire)
L 10/07/2026 - 20:56:33: [FF] [（ ͜.人 ͜.）⛇☃] <STEAM_1:1:241852047> -> 1 HP bằng (môi trường/khác) -> [Chicoarun] <STEAM_1:0:952954061>
L 10/07/2026 - 20:56:57: [FF] [Chicoarun] <STEAM_1:0:952954061> -> 3 HP bằng (súng) -> [KeroN] <STEAM_1:1:161759963>
L 10/07/2026 - 20:56:57: [FF] [Chicoarun] <STEAM_1:0:952954061> -> 3 HP bằng (súng) -> [KeroN] <STEAM_1:1:161759963>
L 10/07/2026 - 20:56:57: [FF] [Chicoarun] <STEAM_1:0:952954061> -> 3 HP bằng (súng) -> [KeroN] <STEAM_1:1:161759963>
L 10/07/2026 - 20:56:57: [FF] [Chicoarun] <STEAM_1:0:952954061> -> 3 HP bằng (súng) -> [KeroN] <STEAM_1:1:161759963>
L 10/07/2026 - 20:57:03: [FF] [TezzyPham] <STEAM_1:1:933338290> -> 7 HP bằng (melee) -> [Mikasa] <STEAM_1:0:522010986>
L 10/07/2026 - 20:57:06: [KILL] (2)Tank <BOT> đã giết Bảo Nguyên <STEAM_1:0:218160880> bằng (zombie cào/đấm)
L 10/07/2026 - 20:57:07: [HẠ GỤC] Mikasa <STEAM_1:0:522010986> đã hạ gục TezzyPham <STEAM_1:1:933338290> bằng (melee)
L 10/07/2026 - 20:57:10: [FF] [（ ͜.人 ͜.）⛇☃] <STEAM_1:1:241852047> -> 7 HP bằng (môi trường/khác) -> [Mikasa] <STEAM_1:0:522010986>
L 10/07/2026 - 20:57:10: [FF] [（ ͜.人 ͜.）⛇☃] <STEAM_1:1:241852047> -> 4 HP bằng (môi trường/khác) -> [TezzyPham] <STEAM_1:1:933338290>
L 10/07/2026 - 20:57:10: [FF] [（ ͜.人 ͜.）⛇☃] <STEAM_1:1:241852047> -> 1 HP bằng (môi trường/khác) -> [Mikasa] <STEAM_1:0:522010986>
L 10/07/2026 - 20:57:10: [FF] [（ ͜.人 ͜.）⛇☃] <STEAM_1:1:241852047> -> 1 HP bằng (môi trường/khác) -> [TezzyPham] <STEAM_1:1:933338290>
L 10/07/2026 - 20:57:11: [FF] [（ ͜.人 ͜.）⛇☃] <STEAM_1:1:241852047> -> 10 HP bằng (môi trường/khác) -> [Mikasa] <STEAM_1:0:522010986>
L 10/07/2026 - 20:57:11: [FF] [（ ͜.人 ͜.）⛇☃] <STEAM_1:1:241852047> -> 4 HP bằng (môi trường/khác) -> [TezzyPham] <STEAM_1:1:933338290>
L 10/07/2026 - 20:57:11: [FF] [（ ͜.人 ͜.）⛇☃] <STEAM_1:1:241852047> -> 1 HP bằng (môi trường/khác) -> [Mikasa] <STEAM_1:0:522010986>
L 10/07/2026 - 20:57:11: [FF] [（ ͜.人 ͜.）⛇☃] <STEAM_1:1:241852047> -> 1 HP bằng (môi trường/khác) -> [TezzyPham] <STEAM_1:1:933338290>
L 10/07/2026 - 20:57:11: [HẠ GỤC] (2)Tank <BOT> đã hạ gục Mikasa <STEAM_1:0:522010986> bằng (môi trường/khác)
L 10/07/2026 - 20:57:37: [HẠ GỤC] Spitter <BOT> đã hạ gục None :D <STEAM_1:0:578030381> bằng (môi trường/khác)
L 10/07/2026 - 20:57:38: [HẠ GỤC] Spitter <BOT> đã hạ gục Curren Bouquetd'or <STEAM_1:1:524205977> bằng (môi trường/khác)
L 10/07/2026 - 20:57:47: [HẠ GỤC] Jockey <BOT> đã hạ gục Chicoarun <STEAM_1:0:952954061> bằng (zombie cào/đấm)
L 10/07/2026 - 20:58:17: [HẠ GỤC] （ ͜.人 ͜.）⛇☃ <STEAM_1:1:241852047> đã hạ gục （ ͜.人 ͜.）⛇☃ <STEAM_1:1:241852047> bằng (súng)
L 10/07/2026 - 20:58:26: [KILL] (2)Tank <BOT> đã giết Vịt-hút-thuốc-lá <STEAM_1:1:176443622> bằng (môi trường/khác)
L 10/07/2026 - 20:58:34: [HẠ GỤC] (1)Tank <BOT> đã hạ gục Rïçēz <STEAM_1:1:558962692> bằng (môi trường/khác)
L 10/07/2026 - 21:00:42: [FF] [（ ͜.人 ͜.）⛇☃] <STEAM_1:1:241852047> -> 5 HP bằng (môi trường/khác) -> [Rïçēz] <STEAM_1:1:558962692>
L 10/07/2026 - 21:00:42: [FF] [（ ͜.人 ͜.）⛇☃] <STEAM_1:1:241852047> -> 1 HP bằng (môi trường/khác) -> [Rïçēz] <STEAM_1:1:558962692>
L 10/07/2026 - 21:00:49: [FF] [Curren Bouquetd'or] <STEAM_1:1:524205977> -> 7 HP bằng (súng) -> [Rïçēz] <STEAM_1:1:558962692>
L 10/07/2026 - 21:00:49: [FF] [（ ͜.人 ͜.）⛇☃] <STEAM_1:1:241852047> -> 5 HP bằng (môi trường/khác) -> [KeroN] <STEAM_1:1:161759963>
L 10/07/2026 - 21:00:49: [FF] [（ ͜.人 ͜.）⛇☃] <STEAM_1:1:241852047> -> 5 HP bằng (môi trường/khác) -> [Bảo Nguyên] <STEAM_1:0:218160880>
L 10/07/2026 - 21:00:49: [FF] [（ ͜.人 ͜.）⛇☃] <STEAM_1:1:241852047> -> 11 HP bằng (môi trường/khác) -> [Tuấn Cùi] <STEAM_1:0:534433454>
L 10/07/2026 - 21:00:49: [FF] [（ ͜.人 ͜.）⛇☃] <STEAM_1:1:241852047> -> 1 HP bằng (môi trường/khác) -> [Curren Bouquetd'or] <STEAM_1:1:524205977>
L 10/07/2026 - 21:00:49: [FF] [（ ͜.人 ͜.）⛇☃] <STEAM_1:1:241852047> -> 1 HP bằng (môi trường/khác) -> [KeroN] <STEAM_1:1:161759963>
L 10/07/2026 - 21:00:49: [FF] [（ ͜.人 ͜.）⛇☃] <STEAM_1:1:241852047> -> 1 HP bằng (môi trường/khác) -> [Bảo Nguyên] <STEAM_1:0:218160880>
L 10/07/2026 - 21:00:49: [FF] [（ ͜.人 ͜.）⛇☃] <STEAM_1:1:241852047> -> 1 HP bằng (môi trường/khác) -> [Tuấn Cùi] <STEAM_1:0:534433454>
L 10/07/2026 - 21:00:49: [FF] [Curren Bouquetd'or] <STEAM_1:1:524205977> -> 7 HP bằng (súng) -> [Rïçēz] <STEAM_1:1:558962692>
L 10/07/2026 - 21:00:53: [FF] [Curren Bouquetd'or] <STEAM_1:1:524205977> -> 8 HP bằng (súng) -> [Rïçēz] <STEAM_1:1:558962692>
L 10/07/2026 - 21:00:53: [FF] [Curren Bouquetd'or] <STEAM_1:1:524205977> -> 11 HP bằng (súng) -> [Rïçēz] <STEAM_1:1:558962692>
L 10/07/2026 - 21:00:53: [FF] [Curren Bouquetd'or] <STEAM_1:1:524205977> -> 11 HP bằng (súng) -> [Rïçēz] <STEAM_1:1:558962692>
L 10/07/2026 - 21:00:59: [FF] [KeroN] <STEAM_1:1:161759963> -> 27 HP bằng (súng) -> [Curren Bouquetd'or] <STEAM_1:1:524205977>
L 10/07/2026 - 21:00:59: [FF] [KeroN] <STEAM_1:1:161759963> -> 27 HP bằng (súng) -> [Curren Bouquetd'or] <STEAM_1:1:524205977>
L 10/07/2026 - 21:01:01: [HẠ GỤC] Hunter Bot <BOT> đã hạ gục Curren Bouquetd'or <STEAM_1:1:524205977> bằng (zombie cào/đấm)
L 10/07/2026 - 21:01:06: [FF] [（ ͜.人 ͜.）⛇☃] <STEAM_1:1:241852047> -> 2 HP bằng (môi trường/khác) -> [KeroN] <STEAM_1:1:161759963>
L 10/07/2026 - 21:01:06: [FF] [（ ͜.人 ͜.）⛇☃] <STEAM_1:1:241852047> -> 1 HP bằng (môi trường/khác) -> [Bảo Nguyên] <STEAM_1:0:218160880>
L 10/07/2026 - 21:01:06: [FF] [（ ͜.人 ͜.）⛇☃] <STEAM_1:1:241852047> -> 1 HP bằng (môi trường/khác) -> [KeroN] <STEAM_1:1:161759963>
L 10/07/2026 - 21:01:06: [FF] [（ ͜.人 ͜.）⛇☃] <STEAM_1:1:241852047> -> 1 HP bằng (môi trường/khác) -> [Rïçēz] <STEAM_1:1:558962692>
L 10/07/2026 - 21:01:17: [HẠ GỤC] Zombie/Witch/Môi trường <N/A> đã hạ gục Bảo Nguyên <STEAM_1:0:218160880> bằng (môi trường/khác)
L 10/07/2026 - 21:01:19: [FF] [Tuấn Cùi] <STEAM_1:0:534433454> -> 8 HP bằng (súng) -> [Rïçēz] <STEAM_1:1:558962692>
L 10/07/2026 - 21:01:20: [HẠ GỤC] Tank <BOT> đã hạ gục Rïçēz <STEAM_1:1:558962692> bằng (môi trường/khác)
L 10/07/2026 - 21:01:20: [FF] [（ ͜.人 ͜.）⛇☃] <STEAM_1:1:241852047> -> 1 HP bằng (súng) -> [Tuấn Cùi] <STEAM_1:0:534433454>
L 10/07/2026 - 21:01:20: [FF] [（ ͜.人 ͜.）⛇☃] <STEAM_1:1:241852047> -> 1 HP bằng (súng) -> [Tuấn Cùi] <STEAM_1:0:534433454>
L 10/07/2026 - 21:01:20: [FF] [（ ͜.人 ͜.）⛇☃] <STEAM_1:1:241852047> -> 1 HP bằng (súng) -> [Tuấn Cùi] <STEAM_1:0:534433454>
L 10/07/2026 - 21:01:25: [FF] [Tuấn Cùi] <STEAM_1:0:534433454> -> 9 HP bằng (súng) -> [Curren Bouquetd'or] <STEAM_1:1:524205977>
L 10/07/2026 - 21:01:25: [FF] [Tuấn Cùi] <STEAM_1:0:534433454> -> 13 HP bằng (súng) -> [Curren Bouquetd'or] <STEAM_1:1:524205977>
L 10/07/2026 - 21:01:26: [FF] [Tuấn Cùi] <STEAM_1:0:534433454> -> 13 HP bằng (súng) -> [（ ͜.人 ͜.）⛇☃] <STEAM_1:1:241852047>
L 10/07/2026 - 21:01:26: [FF] [Tuấn Cùi] <STEAM_1:0:534433454> -> 13 HP bằng (súng) -> [（ ͜.人 ͜.）⛇☃] <STEAM_1:1:241852047>
L 10/07/2026 - 21:01:28: [FF] [KeroN] <STEAM_1:1:161759963> -> 27 HP bằng (súng) -> [Tuấn Cùi] <STEAM_1:0:534433454>
L 10/07/2026 - 21:01:30: [FF] [KeroN] <STEAM_1:1:161759963> -> 20 HP bằng (súng) -> [Vịt-hút-thuốc-lá] <STEAM_1:1:176443622>
L 10/07/2026 - 21:01:34: [HẠ GỤC] Tank <BOT> đã hạ gục Vịt-hút-thuốc-lá <STEAM_1:1:176443622> bằng (môi trường/khác)
L 10/07/2026 - 21:01:38: [FF] [Tuấn Cùi] <STEAM_1:0:534433454> -> 9 HP bằng (súng) -> [None :D] <STEAM_1:0:578030381>
L 10/07/2026 - 21:01:39: [FF] [Tuấn Cùi] <STEAM_1:0:534433454> -> 7 HP bằng (súng) -> [None :D] <STEAM_1:0:578030381>
L 10/07/2026 - 21:01:39: [FF] [None :D] <STEAM_1:0:578030381> -> 20 HP bằng (súng) -> [Vịt-hút-thuốc-lá] <STEAM_1:1:176443622>
L 10/07/2026 - 21:01:39: [FF] [Tuấn Cùi] <STEAM_1:0:534433454> -> 9 HP bằng (súng) -> [None :D] <STEAM_1:0:578030381>
L 10/07/2026 - 21:01:39: [FF] [Tuấn Cùi] <STEAM_1:0:534433454> -> 7 HP bằng (súng) -> [Vịt-hút-thuốc-lá] <STEAM_1:1:176443622>
L 10/07/2026 - 21:01:39: [FF] [Tuấn Cùi] <STEAM_1:0:534433454> -> 8 HP bằng (súng) -> [Vịt-hút-thuốc-lá] <STEAM_1:1:176443622>
L 10/07/2026 - 21:01:40: [FF] [Tuấn Cùi] <STEAM_1:0:534433454> -> 12 HP bằng (súng) -> [Vịt-hút-thuốc-lá] <STEAM_1:1:176443622>
L 10/07/2026 - 21:01:43: [HẠ GỤC] KeroN <STEAM_1:1:161759963> đã hạ gục None :D <STEAM_1:0:578030381> bằng (súng)
L 10/07/2026 - 21:01:49: [FF] [Rïçēz] <STEAM_1:1:558962692> -> 1 HP bằng (súng) -> [Bảo Nguyên] <STEAM_1:0:218160880>
L 10/07/2026 - 21:02:12: [FF] [（ ͜.人 ͜.）⛇☃] <STEAM_1:1:241852047> -> 1 HP bằng (súng) -> [Curren Bouquetd'or] <STEAM_1:1:524205977>
L 10/07/2026 - 21:02:12: [FF] [（ ͜.人 ͜.）⛇☃] <STEAM_1:1:241852047> -> 1 HP bằng (súng) -> [Curren Bouquetd'or] <STEAM_1:1:524205977>
L 10/07/2026 - 21:02:12: [FF] [（ ͜.人 ͜.）⛇☃] <STEAM_1:1:241852047> -> 1 HP bằng (súng) -> [Curren Bouquetd'or] <STEAM_1:1:524205977>
L 10/07/2026 - 21:02:12: [HẠ GỤC] Zombie/Witch/Môi trường <N/A> đã hạ gục Mikasa <STEAM_1:0:522010986> bằng (môi trường/khác)
L 10/07/2026 - 21:02:20: [HẠ GỤC] Zombie/Witch/Môi trường <N/A> đã hạ gục Tuấn Cùi <STEAM_1:0:534433454> bằng (môi trường/khác)
L 10/07/2026 - 21:02:47: [FF] [Bảo Nguyên] <STEAM_1:0:218160880> -> 1 HP bằng (môi trường/khác) -> [（ ͜.人 ͜.）⛇☃] <STEAM_1:1:241852047>
L 10/07/2026 - 21:02:59: [HẠ GỤC] Tank <BOT> đã hạ gục TezzyPham <STEAM_1:1:933338290> bằng (môi trường/khác)
L 10/07/2026 - 21:03:04: [HẠ GỤC] Zombie/Witch/Môi trường <N/A> đã hạ gục Tuấn Cùi <STEAM_1:0:534433454> bằng (môi trường/khác)
L 10/07/2026 - 21:03:09: [HẠ GỤC] Tank <BOT> đã hạ gục KeroN <STEAM_1:1:161759963> bằng (môi trường/khác)
L 10/07/2026 - 21:03:09: [HẠ GỤC] Tank <BOT> đã hạ gục Vịt-hút-thuốc-lá <STEAM_1:1:176443622> bằng (môi trường/khác)
L 10/07/2026 - 21:03:09: [KILL] Tank <BOT> đã giết KeroN <STEAM_1:1:161759963> bằng (môi trường/khác)
L 10/07/2026 - 21:03:20: [KILL] Zombie/Witch/Môi trường <N/A> đã giết TezzyPham <STEAM_1:1:933338290> bằng (zombie cào/đấm)
L 10/07/2026 - 21:03:21: [HẠ GỤC] Zombie/Witch/Môi trường <N/A> đã hạ gục Rïçēz <STEAM_1:1:558962692> bằng (môi trường/khác)
L 10/07/2026 - 21:03:34: [HẠ GỤC] Tank <BOT> đã hạ gục None :D <STEAM_1:0:578030381> bằng (môi trường/khác)
L 10/07/2026 - 21:03:38: [HẠ GỤC] Zombie/Witch/Môi trường <N/A> đã hạ gục （ ͜.人 ͜.）⛇☃ <STEAM_1:1:241852047> bằng (môi trường/khác)
L 10/07/2026 - 21:04:02: [KILL] Zombie/Witch/Môi trường <N/A> đã giết Vịt-hút-thuốc-lá <STEAM_1:1:176443622> bằng (môi trường/khác)
L 10/07/2026 - 21:05:05: [HẠ GỤC] Zombie/Witch/Môi trường <N/A> đã hạ gục Mikasa <STEAM_1:0:522010986> bằng (môi trường/khác)
L 10/07/2026 - 21:05:10: [HẠ GỤC] Zombie/Witch/Môi trường <N/A> đã hạ gục Chicoarun <STEAM_1:0:952954061> bằng (môi trường/khác)
L 10/07/2026 - 21:05:11: [FF] [Rïçēz] <STEAM_1:1:558962692> -> 1 HP bằng (súng) -> [Vịt-hút-thuốc-lá] <STEAM_1:1:176443622>
L 10/07/2026 - 21:05:17: [FF] [Bảo Nguyên] <STEAM_1:0:218160880> -> 3 HP bằng (súng) -> [KeroN] <STEAM_1:1:161759963>
L 10/07/2026 - 21:05:17: [FF] [Bảo Nguyên] <STEAM_1:0:218160880> -> 3 HP bằng (súng) -> [KeroN] <STEAM_1:1:161759963>
L 10/07/2026 - 21:05:17: [FF] [Bảo Nguyên] <STEAM_1:0:218160880> -> 3 HP bằng (súng) -> [KeroN] <STEAM_1:1:161759963>
L 10/07/2026 - 21:05:17: [FF] [Bảo Nguyên] <STEAM_1:0:218160880> -> 3 HP bằng (súng) -> [KeroN] <STEAM_1:1:161759963>
L 10/07/2026 - 21:05:17: [FF] [Bảo Nguyên] <STEAM_1:0:218160880> -> 3 HP bằng (súng) -> [KeroN] <STEAM_1:1:161759963>
L 10/07/2026 - 21:05:18: [FF] [（ ͜.人 ͜.）⛇☃] <STEAM_1:1:241852047> -> 1 HP bằng (súng) -> [Curren Bouquetd'or] <STEAM_1:1:524205977>
L 10/07/2026 - 21:05:19: [FF] [（ ͜.人 ͜.）⛇☃] <STEAM_1:1:241852047> -> 1 HP bằng (súng) -> [Curren Bouquetd'or] <STEAM_1:1:524205977>
L 10/07/2026 - 21:05:19: [FF] [Curren Bouquetd'or] <STEAM_1:1:524205977> -> 11 HP bằng (súng) -> [（ ͜.人 ͜.）⛇☃] <STEAM_1:1:241852047>
L 10/07/2026 - 21:05:19: [FF] [Curren Bouquetd'or] <STEAM_1:1:524205977> -> 11 HP bằng (súng) -> [（ ͜.人 ͜.）⛇☃] <STEAM_1:1:241852047>
L 10/07/2026 - 21:05:19: [FF] [Curren Bouquetd'or] <STEAM_1:1:524205977> -> 11 HP bằng (súng) -> [（ ͜.人 ͜.）⛇☃] <STEAM_1:1:241852047>
L 10/07/2026 - 21:05:19: [FF] [Curren Bouquetd'or] <STEAM_1:1:524205977> -> 11 HP bằng (súng) -> [（ ͜.人 ͜.）⛇☃] <STEAM_1:1:241852047>
L 10/07/2026 - 21:05:21: [HẠ GỤC] Rïçēz <STEAM_1:1:558962692> đã hạ gục Rïçēz <STEAM_1:1:558962692> bằng (súng)
L 10/07/2026 - 21:05:35: [FF] [（ ͜.人 ͜.）⛇☃] <STEAM_1:1:241852047> -> 1 HP bằng (súng) -> [Rïçēz] <STEAM_1:1:558962692>
L 10/07/2026 - 21:05:42: [FF] [（ ͜.人 ͜.）⛇☃] <STEAM_1:1:241852047> -> 7 HP bằng (melee) -> [Bảo Nguyên] <STEAM_1:0:218160880>
L 10/07/2026 - 21:05:43: [FF] [Curren Bouquetd'or] <STEAM_1:1:524205977> -> 4 HP bằng (súng) -> [Vịt-hút-thuốc-lá] <STEAM_1:1:176443622>
L 10/07/2026 - 21:05:43: [HẠ GỤC] (1)Tank <BOT> đã hạ gục Bảo Nguyên <STEAM_1:0:218160880> bằng (môi trường/khác)
L 10/07/2026 - 21:05:44: [FF] [（ ͜.人 ͜.）⛇☃] <STEAM_1:1:241852047> -> 7 HP bằng (melee) -> [KeroN] <STEAM_1:1:161759963>
L 10/07/2026 - 21:05:44: [FF] [Vịt-hút-thuốc-lá] <STEAM_1:1:176443622> -> 6 HP bằng (súng) -> [KeroN] <STEAM_1:1:161759963>
L 10/07/2026 - 21:05:45: [FF] [Vịt-hút-thuốc-lá] <STEAM_1:1:176443622> -> 6 HP bằng (súng) -> [（ ͜.人 ͜.）⛇☃] <STEAM_1:1:241852047>
L 10/07/2026 - 21:05:46: [HẠ GỤC] (1)Tank <BOT> đã hạ gục （ ͜.人 ͜.）⛇☃ <STEAM_1:1:241852047> bằng (môi trường/khác)
L 10/07/2026 - 21:05:53: [HẠ GỤC] (1)Tank <BOT> đã hạ gục KeroN <STEAM_1:1:161759963> bằng (môi trường/khác)
L 10/07/2026 - 21:06:00: [FF] [Curren Bouquetd'or] <STEAM_1:1:524205977> -> 3 HP bằng (súng) -> [Chicoarun] <STEAM_1:0:952954061>
L 10/07/2026 - 21:06:01: [HẠ GỤC] Zombie/Witch/Môi trường <N/A> đã hạ gục TezzyPham <STEAM_1:1:933338290> bằng (môi trường/khác)
L 10/07/2026 - 21:06:03: [HẠ GỤC] (1)Tank <BOT> đã hạ gục Vịt-hút-thuốc-lá <STEAM_1:1:176443622> bằng (môi trường/khác)
L 10/07/2026 - 21:06:04: [FF] [Chicoarun] <STEAM_1:0:952954061> -> 7 HP bằng (melee) -> [（ ͜.人 ͜.）⛇☃] <STEAM_1:1:241852047>
L 10/07/2026 - 21:06:17: [FF] [Chicoarun] <STEAM_1:0:952954061> -> 1 HP bằng (môi trường/khác) -> [Vịt-hút-thuốc-lá] <STEAM_1:1:176443622>
L 10/07/2026 - 21:06:29: [FF] [KeroN] <STEAM_1:1:161759963> -> 6 HP bằng (súng) -> [Tuấn Cùi] <STEAM_1:0:534433454>
L 10/07/2026 - 21:06:29: [FF] [KeroN] <STEAM_1:1:161759963> -> 11 HP bằng (súng) -> [Tuấn Cùi] <STEAM_1:0:534433454>
L 10/07/2026 - 21:06:36: [HẠ GỤC] (1)Tank <BOT> đã hạ gục Tuấn Cùi <STEAM_1:0:534433454> bằng (môi trường/khác)
L 10/07/2026 - 21:06:41: [HẠ GỤC] (1)Tank <BOT> đã hạ gục KeroN <STEAM_1:1:161759963> bằng (môi trường/khác)
L 10/07/2026 - 21:06:43: [HẠ GỤC] (1)Tank <BOT> đã hạ gục Tuấn Cùi <STEAM_1:0:534433454> bằng (môi trường/khác)
L 10/07/2026 - 21:07:03: [HẠ GỤC] Zombie/Witch/Môi trường <N/A> đã hạ gục Chicoarun <STEAM_1:0:952954061> bằng (môi trường/khác)
L 10/07/2026 - 21:07:05: [KILL] Zombie/Witch/Môi trường <N/A> đã giết None :D <STEAM_1:0:578030381> bằng (zombie cào/đấm)
L 10/07/2026 - 21:07:08: [FF] [Rïçēz] <STEAM_1:1:558962692> -> 1 HP bằng (súng) -> [Vịt-hút-thuốc-lá] <STEAM_1:1:176443622>
L 10/07/2026 - 21:07:08: [FF] [Rïçēz] <STEAM_1:1:558962692> -> 1 HP bằng (súng) -> [Mikasa] <STEAM_1:0:522010986>
L 10/07/2026 - 21:07:09: [FF] [Mikasa] <STEAM_1:0:522010986> -> 7 HP bằng (melee) -> [Rïçēz] <STEAM_1:1:558962692>
L 10/07/2026 - 21:07:09: [HẠ GỤC] (1)Tank <BOT> đã hạ gục Bảo Nguyên <STEAM_1:0:218160880> bằng (môi trường/khác)
L 10/07/2026 - 21:07:13: [KILL] Zombie/Witch/Môi trường <N/A> đã giết Bảo Nguyên <STEAM_1:0:218160880> bằng (zombie cào/đấm)
L 10/07/2026 - 21:07:14: [FF] [（ ͜.人 ͜.）⛇☃] <STEAM_1:1:241852047> -> 1 HP bằng (súng) -> [Curren Bouquetd'or] <STEAM_1:1:524205977>
L 10/07/2026 - 21:07:14: [FF] [（ ͜.人 ͜.）⛇☃] <STEAM_1:1:241852047> -> 1 HP bằng (súng) -> [Rïçēz] <STEAM_1:1:558962692>
L 10/07/2026 - 21:07:14: [HẠ GỤC] (1)Tank <BOT> đã hạ gục TezzyPham <STEAM_1:1:933338290> bằng (môi trường/khác)
L 10/07/2026 - 21:07:23: [KILL] Zombie/Witch/Môi trường <N/A> đã giết TezzyPham <STEAM_1:1:933338290> bằng (zombie cào/đấm)
L 10/07/2026 - 21:07:27: [HẠ GỤC] (1)Tank <BOT> đã hạ gục Mikasa <STEAM_1:0:522010986> bằng (môi trường/khác)
L 10/07/2026 - 21:07:33: [FF] [Rïçēz] <STEAM_1:1:558962692> -> 1 HP bằng (súng) -> [Chicoarun] <STEAM_1:0:952954061>
L 10/07/2026 - 21:07:33: [FF] [Rïçēz] <STEAM_1:1:558962692> -> 1 HP bằng (súng) -> [Chicoarun] <STEAM_1:0:952954061>
L 10/07/2026 - 21:07:33: [FF] [Rïçēz] <STEAM_1:1:558962692> -> 1 HP bằng (súng) -> [Chicoarun] <STEAM_1:0:952954061>
L 10/07/2026 - 21:07:36: [HẠ GỤC] (1)Tank <BOT> đã hạ gục Curren Bouquetd'or <STEAM_1:1:524205977> bằng (môi trường/khác)
L 10/07/2026 - 21:07:40: [KILL] Zombie/Witch/Môi trường <N/A> đã giết （ ͜.人 ͜.）⛇☃ <STEAM_1:1:241852047> bằng (zombie cào/đấm)
L 10/07/2026 - 21:07:44: [HẠ GỤC] Zombie/Witch/Môi trường <N/A> đã hạ gục Rïçēz <STEAM_1:1:558962692> bằng (môi trường/khác)
L 10/07/2026 - 21:07:47: [KILL] Zombie/Witch/Môi trường <N/A> đã giết Rïçēz <STEAM_1:1:558962692> bằng (zombie cào/đấm)
L 10/07/2026 - 21:07:58: [KILL] Zombie/Witch/Môi trường <N/A> đã giết Mikasa <STEAM_1:0:522010986> bằng (zombie cào/đấm)
L 10/07/2026 - 21:08:10: [KILL] Zombie/Witch/Môi trường <N/A> đã giết Chicoarun <STEAM_1:0:952954061> bằng (môi trường/khác)
L 10/07/2026 - 21:08:13: [HẠ GỤC] Zombie/Witch/Môi trường <N/A> đã hạ gục Curren Bouquetd'or <STEAM_1:1:524205977> bằng (môi trường/khác)
L 10/07/2026 - 21:08:14: [HẠ GỤC] (1)Tank <BOT> đã hạ gục Vịt-hút-thuốc-lá <STEAM_1:1:176443622> bằng (môi trường/khác)
L 10/07/2026 - 21:08:25: [HẠ GỤC] Zombie/Witch/Môi trường <N/A> đã hạ gục None :D <STEAM_1:0:578030381> bằng (môi trường/khác)
L 10/07/2026 - 21:08:48: [HẠ GỤC] (1)Tank <BOT> đã hạ gục Curren Bouquetd'or <STEAM_1:1:524205977> bằng (môi trường/khác)
L 10/07/2026 - 21:09:00: [HẠ GỤC] (1)Tank <BOT> đã hạ gục Rïçēz <STEAM_1:1:558962692> bằng (môi trường/khác)
L 10/07/2026 - 21:09:05: [FF] [Tuấn Cùi] <STEAM_1:0:534433454> -> 7 HP bằng (melee) -> [TezzyPham] <STEAM_1:1:933338290>
L 10/07/2026 - 21:09:35: [FF] [None :D] <STEAM_1:0:578030381> -> 7 HP bằng (melee) -> [Tuấn Cùi] <STEAM_1:0:534433454>
L 10/07/2026 - 21:09:53: [HẠ GỤC] (1)Tank <BOT> đã hạ gục （ ͜.人 ͜.）⛇☃ <STEAM_1:1:241852047> bằng (môi trường/khác)
L 10/07/2026 - 21:09:59: [FF] [Mikasa] <STEAM_1:0:522010986> -> 6 HP bằng (súng) -> [None :D] <STEAM_1:0:578030381>
L 10/07/2026 - 21:09:59: [FF] [Mikasa] <STEAM_1:0:522010986> -> 6 HP bằng (súng) -> [None :D] <STEAM_1:0:578030381>
L 10/07/2026 - 21:09:59: [FF] [Mikasa] <STEAM_1:0:522010986> -> 6 HP bằng (súng) -> [None :D] <STEAM_1:0:578030381>
L 10/07/2026 - 21:09:59: [FF] [Mikasa] <STEAM_1:0:522010986> -> 6 HP bằng (súng) -> [None :D] <STEAM_1:0:578030381>
L 10/07/2026 - 21:09:59: [FF] [Mikasa] <STEAM_1:0:522010986> -> 6 HP bằng (súng) -> [None :D] <STEAM_1:0:578030381>
L 10/07/2026 - 21:09:59: [FF] [Mikasa] <STEAM_1:0:522010986> -> 6 HP bằng (súng) -> [None :D] <STEAM_1:0:578030381>
L 10/07/2026 - 21:10:00: [FF] [Mikasa] <STEAM_1:0:522010986> -> 6 HP bằng (súng) -> [None :D] <STEAM_1:0:578030381>
L 10/07/2026 - 21:10:00: [FF] [Mikasa] <STEAM_1:0:522010986> -> 6 HP bằng (súng) -> [None :D] <STEAM_1:0:578030381>
L 10/07/2026 - 21:10:00: [FF] [Mikasa] <STEAM_1:0:522010986> -> 6 HP bằng (súng) -> [None :D] <STEAM_1:0:578030381>
L 10/07/2026 - 21:10:00: [FF] [Mikasa] <STEAM_1:0:522010986> -> 6 HP bằng (súng) -> [None :D] <STEAM_1:0:578030381>
L 10/07/2026 - 21:10:00: [FF] [Mikasa] <STEAM_1:0:522010986> -> 6 HP bằng (súng) -> [None :D] <STEAM_1:0:578030381>
L 10/07/2026 - 21:10:00: [FF] [Mikasa] <STEAM_1:0:522010986> -> 6 HP bằng (súng) -> [None :D] <STEAM_1:0:578030381>
L 10/07/2026 - 21:10:00: [FF] [Mikasa] <STEAM_1:0:522010986> -> 6 HP bằng (súng) -> [None :D] <STEAM_1:0:578030381>
L 10/07/2026 - 21:10:00: [FF] [Mikasa] <STEAM_1:0:522010986> -> 6 HP bằng (súng) -> [None :D] <STEAM_1:0:578030381>
L 10/07/2026 - 21:10:00: [FF] [Mikasa] <STEAM_1:0:522010986> -> 6 HP bằng (súng) -> [None :D] <STEAM_1:0:578030381>
L 10/07/2026 - 21:10:00: [FF] [Mikasa] <STEAM_1:0:522010986> -> 6 HP bằng (súng) -> [None :D] <STEAM_1:0:578030381>
L 10/07/2026 - 21:10:01: [HẠ GỤC] (1)Tank <BOT> đã hạ gục Tuấn Cùi <STEAM_1:0:534433454> bằng (môi trường/khác)
L 10/07/2026 - 21:10:02: [FF] [Mikasa] <STEAM_1:0:522010986> -> 8 HP bằng (súng) -> [TezzyPham] <STEAM_1:1:933338290>
L 10/07/2026 - 21:10:02: [FF] [Mikasa] <STEAM_1:0:522010986> -> 8 HP bằng (súng) -> [TezzyPham] <STEAM_1:1:933338290>
L 10/07/2026 - 21:10:03: [HẠ GỤC] (1)Tank <BOT> đã hạ gục Bảo Nguyên <STEAM_1:0:218160880> bằng (môi trường/khác)
L 10/07/2026 - 21:10:04: [FF] [Vịt-hút-thuốc-lá] <STEAM_1:1:176443622> -> 6 HP bằng (súng) -> [Tuấn Cùi] <STEAM_1:0:534433454>
L 10/07/2026 - 21:10:04: [FF] [Vịt-hút-thuốc-lá] <STEAM_1:1:176443622> -> 6 HP bằng (súng) -> [Tuấn Cùi] <STEAM_1:0:534433454>
L 10/07/2026 - 21:10:04: [FF] [Vịt-hút-thuốc-lá] <STEAM_1:1:176443622> -> 6 HP bằng (súng) -> [Tuấn Cùi] <STEAM_1:0:534433454>
L 10/07/2026 - 21:10:05: [KILL] (1)Tank <BOT> đã giết Vịt-hút-thuốc-lá <STEAM_1:1:176443622> bằng (môi trường/khác)
L 10/07/2026 - 21:10:10: [HẠ GỤC] Zombie/Witch/Môi trường <N/A> đã hạ gục Chicoarun <STEAM_1:0:952954061> bằng (môi trường/khác)
L 10/07/2026 - 21:10:30: [FF] [None :D] <STEAM_1:0:578030381> -> 7 HP bằng (súng) -> [Bảo Nguyên] <STEAM_1:0:218160880>
L 10/07/2026 - 21:10:42: [KILL] (1)Tank <BOT> đã giết Curren Bouquetd'or <STEAM_1:1:524205977> bằng (môi trường/khác)
L 10/07/2026 - 21:10:47: [HẠ GỤC] Zombie/Witch/Môi trường <N/A> đã hạ gục Mikasa <STEAM_1:0:522010986> bằng (môi trường/khác)
L 10/07/2026 - 21:11:00: [HẠ GỤC] KeroN <STEAM_1:1:161759963> đã hạ gục Tuấn Cùi <STEAM_1:0:534433454> bằng (súng)
L 10/07/2026 - 21:11:28: [HẠ GỤC] (1)Tank <BOT> đã hạ gục None :D <STEAM_1:0:578030381> bằng (môi trường/khác)
L 10/07/2026 - 21:11:50: [HẠ GỤC] (1)Tank <BOT> đã hạ gục Mikasa <STEAM_1:0:522010986> bằng (môi trường/khác)
L 10/07/2026 - 21:12:06: [KILL] (1)Tank <BOT> đã giết Tuấn Cùi <STEAM_1:0:534433454> bằng (môi trường/khác)
L 10/07/2026 - 21:12:09: [KILL] (1)Tank <BOT> đã giết None :D <STEAM_1:0:578030381> bằng (môi trường/khác)
L 10/07/2026 - 21:12:11: [KILL] (1)Tank <BOT> đã giết Mikasa <STEAM_1:0:522010986> bằng (môi trường/khác)
L 10/07/2026 - 21:12:13: [HẠ GỤC] (1)Tank <BOT> đã hạ gục Rïçēz <STEAM_1:1:558962692> bằng (môi trường/khác)
L 10/07/2026 - 21:12:18: [HẠ GỤC] (1)Tank <BOT> đã hạ gục （ ͜.人 ͜.）⛇☃ <STEAM_1:1:241852047> bằng (môi trường/khác)
L 10/07/2026 - 21:12:20: [HẠ GỤC] (1)Tank <BOT> đã hạ gục Chicoarun <STEAM_1:0:952954061> bằng (môi trường/khác)
L 10/07/2026 - 21:12:21: [FF] [TezzyPham] <STEAM_1:1:933338290> -> 1 HP bằng (súng) -> [（ ͜.人 ͜.）⛇☃] <STEAM_1:1:241852047>
L 10/07/2026 - 21:12:35: [HẠ GỤC] (1)Tank <BOT> đã hạ gục Bảo Nguyên <STEAM_1:0:218160880> bằng (môi trường/khác)
L 10/07/2026 - 21:12:45: [FF] [Chicoarun] <STEAM_1:0:952954061> -> 5 HP bằng (súng) -> [Curren Bouquetd'or] <STEAM_1:1:524205977>
L 10/07/2026 - 21:12:46: [FF] [Chicoarun] <STEAM_1:0:952954061> -> 7 HP bằng (súng) -> [Curren Bouquetd'or] <STEAM_1:1:524205977>
L 10/07/2026 - 21:12:46: [FF] [Chicoarun] <STEAM_1:0:952954061> -> 5 HP bằng (súng) -> [Curren Bouquetd'or] <STEAM_1:1:524205977>
L 10/07/2026 - 21:12:54: [KILL] (1)Tank <BOT> đã giết Bảo Nguyên <STEAM_1:0:218160880> bằng (môi trường/khác)
L 10/07/2026 - 21:12:58: [KILL] (1)Tank <BOT> đã giết （ ͜.人 ͜.）⛇☃ <STEAM_1:1:241852047> bằng (môi trường/khác)
L 10/07/2026 - 21:13:00: [HẠ GỤC] (1)Tank <BOT> đã hạ gục Curren Bouquetd'or <STEAM_1:1:524205977> bằng (môi trường/khác)
L 10/07/2026 - 21:13:04: [HẠ GỤC] (1)Tank <BOT> đã hạ gục Vịt-hút-thuốc-lá <STEAM_1:1:176443622> bằng (môi trường/khác)
L 10/07/2026 - 21:13:11: [HẠ GỤC] Zombie/Witch/Môi trường <N/A> đã hạ gục KeroN <STEAM_1:1:161759963> bằng (môi trường/khác)
L 10/07/2026 - 21:13:22: [FF] [Tuấn Cùi] <STEAM_1:0:534433454> -> 5 HP bằng (súng) -> [None :D] <STEAM_1:0:578030381>
L 10/07/2026 - 21:13:22: [FF] [Tuấn Cùi] <STEAM_1:0:534433454> -> 5 HP bằng (súng) -> [None :D] <STEAM_1:0:578030381>
L 10/07/2026 - 21:13:22: [FF] [Tuấn Cùi] <STEAM_1:0:534433454> -> 5 HP bằng (súng) -> [None :D] <STEAM_1:0:578030381>
L 10/07/2026 - 21:13:22: [FF] [Tuấn Cùi] <STEAM_1:0:534433454> -> 5 HP bằng (súng) -> [None :D] <STEAM_1:0:578030381>
L 10/07/2026 - 21:13:22: [FF] [Tuấn Cùi] <STEAM_1:0:534433454> -> 5 HP bằng (súng) -> [None :D] <STEAM_1:0:578030381>
L 10/07/2026 - 21:13:22: [FF] [Tuấn Cùi] <STEAM_1:0:534433454> -> 5 HP bằng (súng) -> [None :D] <STEAM_1:0:578030381>
L 10/07/2026 - 21:13:22: [FF] [Tuấn Cùi] <STEAM_1:0:534433454> -> 5 HP bằng (súng) -> [None :D] <STEAM_1:0:578030381>
L 10/07/2026 - 21:13:22: [FF] [Tuấn Cùi] <STEAM_1:0:534433454> -> 5 HP bằng (súng) -> [None :D] <STEAM_1:0:578030381>
L 10/07/2026 - 21:13:22: [FF] [Tuấn Cùi] <STEAM_1:0:534433454> -> 5 HP bằng (súng) -> [None :D] <STEAM_1:0:578030381>
L 10/07/2026 - 21:13:22: [FF] [Tuấn Cùi] <STEAM_1:0:534433454> -> 5 HP bằng (súng) -> [None :D] <STEAM_1:0:578030381>
L 10/07/2026 - 21:13:22: [FF] [Tuấn Cùi] <STEAM_1:0:534433454> -> 5 HP bằng (súng) -> [None :D] <STEAM_1:0:578030381>
L 10/07/2026 - 21:13:26: [FF] [Chicoarun] <STEAM_1:0:952954061> -> 7 HP bằng (súng) -> [None :D] <STEAM_1:0:578030381>
L 10/07/2026 - 21:13:34: [FF] [KeroN] <STEAM_1:1:161759963> -> 11 HP bằng (súng) -> [None :D] <STEAM_1:0:578030381>
L 10/07/2026 - 21:13:34: [FF] [KeroN] <STEAM_1:1:161759963> -> 11 HP bằng (súng) -> [None :D] <STEAM_1:0:578030381>
L 10/07/2026 - 21:13:37: [FF] [Chicoarun] <STEAM_1:0:952954061> -> 7 HP bằng (súng) -> [None :D] <STEAM_1:0:578030381>
L 10/07/2026 - 21:13:37: [FF] [Chicoarun] <STEAM_1:0:952954061> -> 7 HP bằng (súng) -> [None :D] <STEAM_1:0:578030381>
L 10/07/2026 - 21:13:39: [FF] [None :D] <STEAM_1:0:578030381> -> 13 HP bằng (súng) -> [TezzyPham] <STEAM_1:1:933338290>
L 10/07/2026 - 21:13:39: [FF] [None :D] <STEAM_1:0:578030381> -> 13 HP bằng (súng) -> [TezzyPham] <STEAM_1:1:933338290>
L 10/07/2026 - 21:13:39: [FF] [None :D] <STEAM_1:0:578030381> -> 13 HP bằng (súng) -> [TezzyPham] <STEAM_1:1:933338290>
L 10/07/2026 - 21:13:43: [HẠ GỤC] (1)Tank <BOT> đã hạ gục Mikasa <STEAM_1:0:522010986> bằng (môi trường/khác)
L 10/07/2026 - 21:13:46: [HẠ GỤC] Zombie/Witch/Môi trường <N/A> đã hạ gục TezzyPham <STEAM_1:1:933338290> bằng (môi trường/khác)
L 10/07/2026 - 21:13:53: [FF] [Tuấn Cùi] <STEAM_1:0:534433454> -> 5 HP bằng (súng) -> [TezzyPham] <STEAM_1:1:933338290>
L 10/07/2026 - 21:13:53: [FF] [Tuấn Cùi] <STEAM_1:0:534433454> -> 5 HP bằng (súng) -> [TezzyPham] <STEAM_1:1:933338290>
L 10/07/2026 - 21:13:53: [FF] [Tuấn Cùi] <STEAM_1:0:534433454> -> 5 HP bằng (súng) -> [TezzyPham] <STEAM_1:1:933338290>
L 10/07/2026 - 21:13:53: [FF] [Tuấn Cùi] <STEAM_1:0:534433454> -> 5 HP bằng (súng) -> [TezzyPham] <STEAM_1:1:933338290>
L 10/07/2026 - 21:13:53: [FF] [Tuấn Cùi] <STEAM_1:0:534433454> -> 5 HP bằng (súng) -> [TezzyPham] <STEAM_1:1:933338290>
L 10/07/2026 - 21:13:53: [FF] [Tuấn Cùi] <STEAM_1:0:534433454> -> 5 HP bằng (súng) -> [TezzyPham] <STEAM_1:1:933338290>
L 10/07/2026 - 21:13:53: [FF] [Vịt-hút-thuốc-lá] <STEAM_1:1:176443622> -> 5 HP bằng (súng) -> [KeroN] <STEAM_1:1:161759963>
L 10/07/2026 - 21:13:53: [FF] [Tuấn Cùi] <STEAM_1:0:534433454> -> 5 HP bằng (súng) -> [TezzyPham] <STEAM_1:1:933338290>
L 10/07/2026 - 21:13:53: [FF] [Vịt-hút-thuốc-lá] <STEAM_1:1:176443622> -> 5 HP bằng (súng) -> [KeroN] <STEAM_1:1:161759963>
L 10/07/2026 - 21:13:54: [FF] [Tuấn Cùi] <STEAM_1:0:534433454> -> 5 HP bằng (súng) -> [TezzyPham] <STEAM_1:1:933338290>
L 10/07/2026 - 21:13:54: [FF] [Tuấn Cùi] <STEAM_1:0:534433454> -> 5 HP bằng (súng) -> [TezzyPham] <STEAM_1:1:933338290>
L 10/07/2026 - 21:13:54: [FF] [Tuấn Cùi] <STEAM_1:0:534433454> -> 5 HP bằng (súng) -> [TezzyPham] <STEAM_1:1:933338290>
L 10/07/2026 - 21:13:54: [FF] [Tuấn Cùi] <STEAM_1:0:534433454> -> 5 HP bằng (súng) -> [TezzyPham] <STEAM_1:1:933338290>
L 10/07/2026 - 21:13:54: [FF] [Tuấn Cùi] <STEAM_1:0:534433454> -> 5 HP bằng (súng) -> [TezzyPham] <STEAM_1:1:933338290>
L 10/07/2026 - 21:13:54: [FF] [Tuấn Cùi] <STEAM_1:0:534433454> -> 5 HP bằng (súng) -> [TezzyPham] <STEAM_1:1:933338290>
L 10/07/2026 - 21:13:54: [FF] [Tuấn Cùi] <STEAM_1:0:534433454> -> 5 HP bằng (súng) -> [TezzyPham] <STEAM_1:1:933338290>
L 10/07/2026 - 21:13:55: [FF] [Vịt-hút-thuốc-lá] <STEAM_1:1:176443622> -> 5 HP bằng (súng) -> [KeroN] <STEAM_1:1:161759963>
L 10/07/2026 - 21:13:55: [FF] [Vịt-hút-thuốc-lá] <STEAM_1:1:176443622> -> 5 HP bằng (súng) -> [KeroN] <STEAM_1:1:161759963>
L 10/07/2026 - 21:13:55: [FF] [Vịt-hút-thuốc-lá] <STEAM_1:1:176443622> -> 5 HP bằng (súng) -> [KeroN] <STEAM_1:1:161759963>
L 10/07/2026 - 21:13:58: [FF] [Tuấn Cùi] <STEAM_1:0:534433454> -> 5 HP bằng (súng) -> [TezzyPham] <STEAM_1:1:933338290>
L 10/07/2026 - 21:13:58: [FF] [Tuấn Cùi] <STEAM_1:0:534433454> -> 5 HP bằng (súng) -> [TezzyPham] <STEAM_1:1:933338290>
L 10/07/2026 - 21:14:03: [FF] [Tuấn Cùi] <STEAM_1:0:534433454> -> 5 HP bằng (súng) -> [TezzyPham] <STEAM_1:1:933338290>
L 10/07/2026 - 21:14:04: [HẠ GỤC] Tuấn Cùi <STEAM_1:0:534433454> đã hạ gục TezzyPham <STEAM_1:1:933338290> bằng (súng)
L 10/07/2026 - 21:14:07: [FF] [KeroN] <STEAM_1:1:161759963> -> 11 HP bằng (súng) -> [Curren Bouquetd'or] <STEAM_1:1:524205977>
L 10/07/2026 - 21:14:07: [FF] [None :D] <STEAM_1:0:578030381> -> 9 HP bằng (súng) -> [Curren Bouquetd'or] <STEAM_1:1:524205977>
L 10/07/2026 - 21:14:07: [FF] [Chicoarun] <STEAM_1:0:952954061> -> 7 HP bằng (súng) -> [Curren Bouquetd'or] <STEAM_1:1:524205977>
L 10/07/2026 - 21:14:07: [FF] [Chicoarun] <STEAM_1:0:952954061> -> 7 HP bằng (súng) -> [Curren Bouquetd'or] <STEAM_1:1:524205977>
L 10/07/2026 - 21:14:07: [FF] [None :D] <STEAM_1:0:578030381> -> 8 HP bằng (súng) -> [（ ͜.人 ͜.）⛇☃] <STEAM_1:1:241852047>
L 10/07/2026 - 21:14:07: [FF] [None :D] <STEAM_1:0:578030381> -> 8 HP bằng (súng) -> [（ ͜.人 ͜.）⛇☃] <STEAM_1:1:241852047>
L 10/07/2026 - 21:14:08: [FF] [None :D] <STEAM_1:0:578030381> -> 8 HP bằng (súng) -> [（ ͜.人 ͜.）⛇☃] <STEAM_1:1:241852047>
L 10/07/2026 - 21:14:08: [FF] [None :D] <STEAM_1:0:578030381> -> 8 HP bằng (súng) -> [（ ͜.人 ͜.）⛇☃] <STEAM_1:1:241852047>
L 10/07/2026 - 21:14:08: [FF] [KeroN] <STEAM_1:1:161759963> -> 11 HP bằng (súng) -> [Curren Bouquetd'or] <STEAM_1:1:524205977>
L 10/07/2026 - 21:14:08: [FF] [None :D] <STEAM_1:0:578030381> -> 8 HP bằng (súng) -> [（ ͜.人 ͜.）⛇☃] <STEAM_1:1:241852047>
L 10/07/2026 - 21:14:08: [HẠ GỤC] Vịt-hút-thuốc-lá <STEAM_1:1:176443622> đã hạ gục Curren Bouquetd'or <STEAM_1:1:524205977> bằng (súng)
L 10/07/2026 - 21:14:08: [FF] [None :D] <STEAM_1:0:578030381> -> 8 HP bằng (súng) -> [（ ͜.人 ͜.）⛇☃] <STEAM_1:1:241852047>
L 10/07/2026 - 21:14:08: [FF] [Vịt-hút-thuốc-lá] <STEAM_1:1:176443622> -> 5 HP bằng (súng) -> [Curren Bouquetd'or] <STEAM_1:1:524205977>
L 10/07/2026 - 21:14:08: [FF] [None :D] <STEAM_1:0:578030381> -> 8 HP bằng (súng) -> [（ ͜.人 ͜.）⛇☃] <STEAM_1:1:241852047>
L 10/07/2026 - 21:14:08: [FF] [None :D] <STEAM_1:0:578030381> -> 8 HP bằng (súng) -> [（ ͜.人 ͜.）⛇☃] <STEAM_1:1:241852047>
L 10/07/2026 - 21:14:08: [FF] [None :D] <STEAM_1:0:578030381> -> 8 HP bằng (súng) -> [（ ͜.人 ͜.）⛇☃] <STEAM_1:1:241852047>
L 10/07/2026 - 21:14:08: [FF] [None :D] <STEAM_1:0:578030381> -> 8 HP bằng (súng) -> [（ ͜.人 ͜.）⛇☃] <STEAM_1:1:241852047>
L 10/07/2026 - 21:14:09: [FF] [None :D] <STEAM_1:0:578030381> -> 8 HP bằng (súng) -> [（ ͜.人 ͜.）⛇☃] <STEAM_1:1:241852047>
L 10/07/2026 - 21:14:09: [FF] [None :D] <STEAM_1:0:578030381> -> 8 HP bằng (súng) -> [（ ͜.人 ͜.）⛇☃] <STEAM_1:1:241852047>
L 10/07/2026 - 21:14:09: [FF] [None :D] <STEAM_1:0:578030381> -> 9 HP bằng (súng) -> [（ ͜.人 ͜.）⛇☃] <STEAM_1:1:241852047>
L 10/07/2026 - 21:14:09: [FF] [None :D] <STEAM_1:0:578030381> -> 9 HP bằng (súng) -> [（ ͜.人 ͜.）⛇☃] <STEAM_1:1:241852047>
L 10/07/2026 - 21:14:09: [FF] [None :D] <STEAM_1:0:578030381> -> 9 HP bằng (súng) -> [（ ͜.人 ͜.）⛇☃] <STEAM_1:1:241852047>
L 10/07/2026 - 21:14:09: [HẠ GỤC] None :D <STEAM_1:0:578030381> đã hạ gục （ ͜.人 ͜.）⛇☃ <STEAM_1:1:241852047> bằng (súng)
L 10/07/2026 - 21:14:09: [FF] [None :D] <STEAM_1:0:578030381> -> 8 HP bằng (súng) -> [（ ͜.人 ͜.）⛇☃] <STEAM_1:1:241852047>
L 10/07/2026 - 21:14:09: [FF] [None :D] <STEAM_1:0:578030381> -> 7 HP bằng (súng) -> [（ ͜.人 ͜.）⛇☃] <STEAM_1:1:241852047>
L 10/07/2026 - 21:14:10: [FF] [None :D] <STEAM_1:0:578030381> -> 7 HP bằng (súng) -> [（ ͜.人 ͜.）⛇☃] <STEAM_1:1:241852047>
L 10/07/2026 - 21:14:10: [FF] [None :D] <STEAM_1:0:578030381> -> 13 HP bằng (súng) -> [（ ͜.人 ͜.）⛇☃] <STEAM_1:1:241852047>
L 10/07/2026 - 21:14:13: [FF] [Bảo Nguyên] <STEAM_1:0:218160880> -> 4 HP bằng (súng) -> [TezzyPham] <STEAM_1:1:933338290>
L 10/07/2026 - 21:14:13: [FF] [Bảo Nguyên] <STEAM_1:0:218160880> -> 4 HP bằng (súng) -> [TezzyPham] <STEAM_1:1:933338290>
L 10/07/2026 - 21:14:13: [FF] [Bảo Nguyên] <STEAM_1:0:218160880> -> 4 HP bằng (súng) -> [TezzyPham] <STEAM_1:1:933338290>
L 10/07/2026 - 21:14:13: [FF] [Bảo Nguyên] <STEAM_1:0:218160880> -> 4 HP bằng (súng) -> [TezzyPham] <STEAM_1:1:933338290>
L 10/07/2026 - 21:14:13: [FF] [Bảo Nguyên] <STEAM_1:0:218160880> -> 4 HP bằng (súng) -> [TezzyPham] <STEAM_1:1:933338290>
L 10/07/2026 - 21:14:13: [FF] [Bảo Nguyên] <STEAM_1:0:218160880> -> 4 HP bằng (súng) -> [TezzyPham] <STEAM_1:1:933338290>
L 10/07/2026 - 21:14:13: [FF] [Bảo Nguyên] <STEAM_1:0:218160880> -> 4 HP bằng (súng) -> [TezzyPham] <STEAM_1:1:933338290>
L 10/07/2026 - 21:14:13: [FF] [Bảo Nguyên] <STEAM_1:0:218160880> -> 4 HP bằng (súng) -> [TezzyPham] <STEAM_1:1:933338290>
L 10/07/2026 - 21:14:14: [FF] [Bảo Nguyên] <STEAM_1:0:218160880> -> 4 HP bằng (súng) -> [TezzyPham] <STEAM_1:1:933338290>
L 10/07/2026 - 21:14:14: [FF] [Bảo Nguyên] <STEAM_1:0:218160880> -> 4 HP bằng (súng) -> [TezzyPham] <STEAM_1:1:933338290>
L 10/07/2026 - 21:14:14: [FF] [Bảo Nguyên] <STEAM_1:0:218160880> -> 4 HP bằng (súng) -> [TezzyPham] <STEAM_1:1:933338290>
L 10/07/2026 - 21:14:14: [FF] [Bảo Nguyên] <STEAM_1:0:218160880> -> 4 HP bằng (súng) -> [TezzyPham] <STEAM_1:1:933338290>
L 10/07/2026 - 21:14:14: [FF] [Bảo Nguyên] <STEAM_1:0:218160880> -> 4 HP bằng (súng) -> [TezzyPham] <STEAM_1:1:933338290>
L 10/07/2026 - 21:14:14: [FF] [Bảo Nguyên] <STEAM_1:0:218160880> -> 4 HP bằng (súng) -> [TezzyPham] <STEAM_1:1:933338290>
L 10/07/2026 - 21:14:14: [FF] [Bảo Nguyên] <STEAM_1:0:218160880> -> 4 HP bằng (súng) -> [TezzyPham] <STEAM_1:1:933338290>
L 10/07/2026 - 21:14:14: [FF] [Bảo Nguyên] <STEAM_1:0:218160880> -> 4 HP bằng (súng) -> [TezzyPham] <STEAM_1:1:933338290>
L 10/07/2026 - 21:14:23: [HẠ GỤC] (1)Tank <BOT> đã hạ gục （ ͜.人 ͜.）⛇☃ <STEAM_1:1:241852047> bằng (môi trường/khác)
L 10/07/2026 - 21:14:25: [HẠ GỤC] (1)Tank <BOT> đã hạ gục Vịt-hút-thuốc-lá <STEAM_1:1:176443622> bằng (môi trường/khác)
L 10/07/2026 - 21:14:26: [HẠ GỤC] Curren Bouquetd'or <STEAM_1:1:524205977> đã hạ gục Bảo Nguyên <STEAM_1:0:218160880> bằng (súng)
L 10/07/2026 - 21:14:29: [HẠ GỤC] (1)Tank <BOT> đã hạ gục None :D <STEAM_1:0:578030381> bằng (môi trường/khác)
L 10/07/2026 - 21:14:29: [FF] [Chicoarun] <STEAM_1:0:952954061> -> 7 HP bằng (súng) -> [Tuấn Cùi] <STEAM_1:0:534433454>
L 10/07/2026 - 21:14:31: [FF] [Chicoarun] <STEAM_1:0:952954061> -> 11 HP bằng (súng) -> [Bảo Nguyên] <STEAM_1:0:218160880>
L 10/07/2026 - 21:14:36: [FF] [Chicoarun] <STEAM_1:0:952954061> -> 11 HP bằng (súng) -> [TezzyPham] <STEAM_1:1:933338290>
L 10/07/2026 - 21:14:36: [KILL] Chicoarun <STEAM_1:0:952954061> đã giết TezzyPham <STEAM_1:1:933338290> bằng (súng)
L 10/07/2026 - 21:14:41: [FF] [Tuấn Cùi] <STEAM_1:0:534433454> -> 6 HP bằng (súng) -> [Vịt-hút-thuốc-lá] <STEAM_1:1:176443622>
L 10/07/2026 - 21:14:41: [FF] [Tuấn Cùi] <STEAM_1:0:534433454> -> 6 HP bằng (súng) -> [Vịt-hút-thuốc-lá] <STEAM_1:1:176443622>
L 10/07/2026 - 21:14:41: [KILL] Tuấn Cùi <STEAM_1:0:534433454> đã giết Vịt-hút-thuốc-lá <STEAM_1:1:176443622> bằng (súng)
L 10/07/2026 - 21:14:45: [KILL] (1)Tank <BOT> đã giết （ ͜.人 ͜.）⛇☃ <STEAM_1:1:241852047> bằng (môi trường/khác)
L 10/07/2026 - 21:14:47: [FF] [Tuấn Cùi] <STEAM_1:0:534433454> -> 5 HP bằng (súng) -> [Bảo Nguyên] <STEAM_1:0:218160880>
L 10/07/2026 - 21:14:47: [FF] [Tuấn Cùi] <STEAM_1:0:534433454> -> 5 HP bằng (súng) -> [Bảo Nguyên] <STEAM_1:0:218160880>
L 10/07/2026 - 21:14:47: [FF] [Tuấn Cùi] <STEAM_1:0:534433454> -> 5 HP bằng (súng) -> [Bảo Nguyên] <STEAM_1:0:218160880>
L 10/07/2026 - 21:14:47: [FF] [Tuấn Cùi] <STEAM_1:0:534433454> -> 5 HP bằng (súng) -> [Bảo Nguyên] <STEAM_1:0:218160880>
L 10/07/2026 - 21:14:47: [FF] [Tuấn Cùi] <STEAM_1:0:534433454> -> 5 HP bằng (súng) -> [Bảo Nguyên] <STEAM_1:0:218160880>
L 10/07/2026 - 21:14:48: [FF] [Mikasa] <STEAM_1:0:522010986> -> 7 HP bằng (súng) -> [Bảo Nguyên] <STEAM_1:0:218160880>
L 10/07/2026 - 21:14:48: [FF] [Mikasa] <STEAM_1:0:522010986> -> 6 HP bằng (súng) -> [Bảo Nguyên] <STEAM_1:0:218160880>
L 10/07/2026 - 21:14:56: [KILL] Zombie/Witch/Môi trường <N/A> đã giết Curren Bouquetd'or <STEAM_1:1:524205977> bằng (môi trường/khác)
L 10/07/2026 - 21:15:47: [KILL] Zombie/Witch/Môi trường <N/A> đã giết TezzyPham <STEAM_1:1:933338290> bằng (môi trường/khác)
L 10/07/2026 - 21:16:01: [FF] [Mikasa] <STEAM_1:0:522010986> -> 4 HP bằng (súng) -> [Rïçēz] <STEAM_1:1:558962692>
L 10/07/2026 - 21:16:09: [FF] [Rïçēz] <STEAM_1:1:558962692> -> 1 HP bằng (súng) -> [KeroN] <STEAM_1:1:161759963>
L 10/07/2026 - 21:16:17: [HẠ GỤC] (1)Tank <BOT> đã hạ gục Tuấn Cùi <STEAM_1:0:534433454> bằng (môi trường/khác)
L 10/07/2026 - 21:16:22: [HẠ GỤC] (1)Tank <BOT> đã hạ gục Rïçēz <STEAM_1:1:558962692> bằng (môi trường/khác)
L 10/07/2026 - 21:16:27: [HẠ GỤC] (1)Tank <BOT> đã hạ gục Vịt-hút-thuốc-lá <STEAM_1:1:176443622> bằng (môi trường/khác)
L 10/07/2026 - 21:16:30: [HẠ GỤC] Spitter <BOT> đã hạ gục Bảo Nguyên <STEAM_1:0:218160880> bằng (môi trường/khác)
L 10/07/2026 - 21:16:30: [HẠ GỤC] Spitter <BOT> đã hạ gục Curren Bouquetd'or <STEAM_1:1:524205977> bằng (môi trường/khác)
L 10/07/2026 - 21:16:40: [FF] [Tuấn Cùi] <STEAM_1:0:534433454> -> 7 HP bằng (súng) -> [Rïçēz] <STEAM_1:1:558962692>
L 10/07/2026 - 21:16:40: [FF] [Tuấn Cùi] <STEAM_1:0:534433454> -> 7 HP bằng (súng) -> [KeroN] <STEAM_1:1:161759963>
L 10/07/2026 - 21:16:40: [FF] [Tuấn Cùi] <STEAM_1:0:534433454> -> 7 HP bằng (súng) -> [KeroN] <STEAM_1:1:161759963>
L 10/07/2026 - 21:16:40: [FF] [Tuấn Cùi] <STEAM_1:0:534433454> -> 7 HP bằng (súng) -> [KeroN] <STEAM_1:1:161759963>
L 10/07/2026 - 21:16:40: [FF] [Tuấn Cùi] <STEAM_1:0:534433454> -> 7 HP bằng (súng) -> [KeroN] <STEAM_1:1:161759963>
L 10/07/2026 - 21:16:40: [FF] [Tuấn Cùi] <STEAM_1:0:534433454> -> 7 HP bằng (súng) -> [KeroN] <STEAM_1:1:161759963>
L 10/07/2026 - 21:16:42: [FF] [Tuấn Cùi] <STEAM_1:0:534433454> -> 7 HP bằng (súng) -> [Rïçēz] <STEAM_1:1:558962692>
L 10/07/2026 - 21:16:44: [FF] [Bảo Nguyên] <STEAM_1:0:218160880> -> 7 HP bằng (melee) -> [Mikasa] <STEAM_1:0:522010986>
L 10/07/2026 - 21:16:45: [FF] [Curren Bouquetd'or] <STEAM_1:1:524205977> -> 3 HP bằng (súng) -> [Tuấn Cùi] <STEAM_1:0:534433454>
L 10/07/2026 - 21:16:45: [FF] [Curren Bouquetd'or] <STEAM_1:1:524205977> -> 3 HP bằng (súng) -> [Tuấn Cùi] <STEAM_1:0:534433454>
L 10/07/2026 - 21:16:45: [FF] [Curren Bouquetd'or] <STEAM_1:1:524205977> -> 3 HP bằng (súng) -> [Tuấn Cùi] <STEAM_1:0:534433454>
L 10/07/2026 - 21:16:45: [FF] [Curren Bouquetd'or] <STEAM_1:1:524205977> -> 3 HP bằng (súng) -> [Tuấn Cùi] <STEAM_1:0:534433454>
L 10/07/2026 - 21:16:45: [FF] [Curren Bouquetd'or] <STEAM_1:1:524205977> -> 3 HP bằng (súng) -> [Tuấn Cùi] <STEAM_1:0:534433454>
L 10/07/2026 - 21:16:45: [FF] [Curren Bouquetd'or] <STEAM_1:1:524205977> -> 3 HP bằng (súng) -> [Tuấn Cùi] <STEAM_1:0:534433454>
L 10/07/2026 - 21:16:45: [FF] [Curren Bouquetd'or] <STEAM_1:1:524205977> -> 3 HP bằng (súng) -> [Tuấn Cùi] <STEAM_1:0:534433454>
L 10/07/2026 - 21:16:45: [FF] [Curren Bouquetd'or] <STEAM_1:1:524205977> -> 3 HP bằng (súng) -> [Tuấn Cùi] <STEAM_1:0:534433454>
L 10/07/2026 - 21:16:46: [HẠ GỤC] (1)Tank <BOT> đã hạ gục Bảo Nguyên <STEAM_1:0:218160880> bằng (môi trường/khác)
L 10/07/2026 - 21:16:51: [FF] [Rïçēz] <STEAM_1:1:558962692> -> 7 HP bằng (melee) -> [Tuấn Cùi] <STEAM_1:0:534433454>
L 10/07/2026 - 21:16:52: [FF] [Tuấn Cùi] <STEAM_1:0:534433454> -> 5 HP bằng (súng) -> [（ ͜.人 ͜.）⛇☃] <STEAM_1:1:241852047>
L 10/07/2026 - 21:16:59: [HẠ GỤC] (1)Tank <BOT> đã hạ gục KeroN <STEAM_1:1:161759963> bằng (môi trường/khác)
L 10/07/2026 - 21:17:00: [FF] [Rïçēz] <STEAM_1:1:558962692> -> 7 HP bằng (melee) -> [KeroN] <STEAM_1:1:161759963>
L 10/07/2026 - 21:17:50: [HẠ GỤC] Zombie/Witch/Môi trường <N/A> đã hạ gục Tuấn Cùi <STEAM_1:0:534433454> bằng (môi trường/khác)
L 10/07/2026 - 21:18:02: [FF] [Bảo Nguyên] <STEAM_1:0:218160880> -> 6 HP bằng (súng) -> [Mikasa] <STEAM_1:0:522010986>
L 10/07/2026 - 21:18:29: [FF] [None :D] <STEAM_1:0:578030381> -> 11 HP bằng (súng) -> [KeroN] <STEAM_1:1:161759963>
L 10/07/2026 - 21:18:32: [HẠ GỤC] Zombie/Witch/Môi trường <N/A> đã hạ gục Mikasa <STEAM_1:0:522010986> bằng (môi trường/khác)
L 10/07/2026 - 21:18:38: [FF] [Rïçēz] <STEAM_1:1:558962692> -> 7 HP bằng (melee) -> [（ ͜.人 ͜.）⛇☃] <STEAM_1:1:241852047>
L 10/07/2026 - 21:18:55: [FF] [KeroN] <STEAM_1:1:161759963> -> 1 HP bằng (môi trường/khác) -> [Tuấn Cùi] <STEAM_1:0:534433454>
L 10/07/2026 - 21:19:03: [KILL] Zombie/Witch/Môi trường <N/A> đã giết None :D <STEAM_1:0:578030381> bằng (zombie cào/đấm)
L 10/07/2026 - 21:19:07: [KILL] Zombie/Witch/Môi trường <N/A> đã giết TezzyPham <STEAM_1:1:933338290> bằng (zombie cào/đấm)
L 10/07/2026 - 21:19:07: [FF] [Bảo Nguyên] <STEAM_1:0:218160880> -> 1 HP bằng (môi trường/khác) -> [（ ͜.人 ͜.）⛇☃] <STEAM_1:1:241852047>
L 10/07/2026 - 21:19:07: [FF] [Bảo Nguyên] <STEAM_1:0:218160880> -> 1 HP bằng (môi trường/khác) -> [KeroN] <STEAM_1:1:161759963>
L 10/07/2026 - 21:19:21: [FF] [Mikasa] <STEAM_1:0:522010986> -> 4 HP bằng (súng) -> [Bảo Nguyên] <STEAM_1:0:218160880>
L 10/07/2026 - 21:19:23: [HẠ GỤC] Zombie/Witch/Môi trường <N/A> đã hạ gục Mikasa <STEAM_1:0:522010986> bằng (môi trường/khác)
L 10/07/2026 - 21:19:23: [HẠ GỤC] Zombie/Witch/Môi trường <N/A> đã hạ gục Tuấn Cùi <STEAM_1:0:534433454> bằng (môi trường/khác)
L 10/07/2026 - 21:19:25: [HẠ GỤC] （ ͜.人 ͜.）⛇☃ <STEAM_1:1:241852047> đã hạ gục （ ͜.人 ͜.）⛇☃ <STEAM_1:1:241852047> bằng (súng)
L 10/07/2026 - 21:19:31: [HẠ GỤC] (2)Tank <BOT> đã hạ gục Bảo Nguyên <STEAM_1:0:218160880> bằng (môi trường/khác)
L 10/07/2026 - 21:19:36: [KILL] Zombie/Witch/Môi trường <N/A> đã giết Mikasa <STEAM_1:0:522010986> bằng (zombie cào/đấm)
L 10/07/2026 - 21:19:37: [HẠ GỤC] (2)Tank <BOT> đã hạ gục Rïçēz <STEAM_1:1:558962692> bằng (môi trường/khác)
L 10/07/2026 - 21:19:38: [FF] [（ ͜.人 ͜.）⛇☃] <STEAM_1:1:241852047> -> 1 HP bằng (boom/fire) -> [Vịt-hút-thuốc-lá] <STEAM_1:1:176443622>
L 10/07/2026 - 21:19:38: [FF] [（ ͜.人 ͜.）⛇☃] <STEAM_1:1:241852047> -> 3 HP bằng (boom/fire) -> [Vịt-hút-thuốc-lá] <STEAM_1:1:176443622>
L 10/07/2026 - 21:19:38: [FF] [（ ͜.人 ͜.）⛇☃] <STEAM_1:1:241852047> -> 5 HP bằng (boom/fire) -> [Vịt-hút-thuốc-lá] <STEAM_1:1:176443622>
L 10/07/2026 - 21:19:38: [FF] [（ ͜.人 ͜.）⛇☃] <STEAM_1:1:241852047> -> 6 HP bằng (boom/fire) -> [Vịt-hút-thuốc-lá] <STEAM_1:1:176443622>
L 10/07/2026 - 21:19:39: [FF] [（ ͜.人 ͜.）⛇☃] <STEAM_1:1:241852047> -> 8 HP bằng (boom/fire) -> [Vịt-hút-thuốc-lá] <STEAM_1:1:176443622>
L 10/07/2026 - 21:19:39: [FF] [（ ͜.人 ͜.）⛇☃] <STEAM_1:1:241852047> -> 9 HP bằng (boom/fire) -> [Vịt-hút-thuốc-lá] <STEAM_1:1:176443622>
L 10/07/2026 - 21:19:39: [FF] [（ ͜.人 ͜.）⛇☃] <STEAM_1:1:241852047> -> 11 HP bằng (boom/fire) -> [Vịt-hút-thuốc-lá] <STEAM_1:1:176443622>
L 10/07/2026 - 21:19:39: [FF] [（ ͜.人 ͜.）⛇☃] <STEAM_1:1:241852047> -> 13 HP bằng (boom/fire) -> [Vịt-hút-thuốc-lá] <STEAM_1:1:176443622>
L 10/07/2026 - 21:19:39: [HẠ GỤC] （ ͜.人 ͜.）⛇☃ <STEAM_1:1:241852047> đã hạ gục Vịt-hút-thuốc-lá <STEAM_1:1:176443622> bằng (boom/fire)
L 10/07/2026 - 21:19:40: [FF] [（ ͜.人 ͜.）⛇☃] <STEAM_1:1:241852047> -> 16 HP bằng (boom/fire) -> [Vịt-hút-thuốc-lá] <STEAM_1:1:176443622>
L 10/07/2026 - 21:19:40: [FF] [（ ͜.人 ͜.）⛇☃] <STEAM_1:1:241852047> -> 16 HP bằng (boom/fire) -> [Vịt-hút-thuốc-lá] <STEAM_1:1:176443622>
L 10/07/2026 - 21:19:40: [FF] [（ ͜.人 ͜.）⛇☃] <STEAM_1:1:241852047> -> 16 HP bằng (boom/fire) -> [Vịt-hút-thuốc-lá] <STEAM_1:1:176443622>
L 10/07/2026 - 21:19:40: [FF] [（ ͜.人 ͜.）⛇☃] <STEAM_1:1:241852047> -> 16 HP bằng (boom/fire) -> [Vịt-hút-thuốc-lá] <STEAM_1:1:176443622>
L 10/07/2026 - 21:19:45: [KILL] Zombie/Witch/Môi trường <N/A> đã giết Rïçēz <STEAM_1:1:558962692> bằng (zombie cào/đấm)
L 10/07/2026 - 21:19:48: [KILL] (2)Tank <BOT> đã giết Vịt-hút-thuốc-lá <STEAM_1:1:176443622> bằng (môi trường/khác)
L 10/07/2026 - 21:19:52: [KILL] Zombie/Witch/Môi trường <N/A> đã giết （ ͜.人 ͜.）⛇☃ <STEAM_1:1:241852047> bằng (zombie cào/đấm)
L 10/07/2026 - 21:19:59: [KILL] Zombie/Witch/Môi trường <N/A> đã giết KeroN <STEAM_1:1:161759963> bằng (zombie cào/đấm)
L 10/07/2026 - 21:20:12: [KILL] Zombie/Witch/Môi trường <N/A> đã giết Chicoarun <STEAM_1:0:952954061> bằng (zombie cào/đấm)
L 10/07/2026 - 21:20:16: [FF] [Curren Bouquetd'or] <STEAM_1:1:524205977> -> 3 HP bằng (súng) -> [TezzyPham] <STEAM_1:1:933338290>
L 10/07/2026 - 21:20:16: [FF] [Curren Bouquetd'or] <STEAM_1:1:524205977> -> 3 HP bằng (súng) -> [TezzyPham] <STEAM_1:1:933338290>
L 10/07/2026 - 21:20:16: [FF] [Curren Bouquetd'or] <STEAM_1:1:524205977> -> 3 HP bằng (súng) -> [TezzyPham] <STEAM_1:1:933338290>
L 10/07/2026 - 21:20:16: [FF] [Curren Bouquetd'or] <STEAM_1:1:524205977> -> 3 HP bằng (súng) -> [TezzyPham] <STEAM_1:1:933338290>
L 10/07/2026 - 21:20:16: [FF] [Curren Bouquetd'or] <STEAM_1:1:524205977> -> 3 HP bằng (súng) -> [TezzyPham] <STEAM_1:1:933338290>
L 10/07/2026 - 21:20:16: [FF] [Curren Bouquetd'or] <STEAM_1:1:524205977> -> 3 HP bằng (súng) -> [TezzyPham] <STEAM_1:1:933338290>
L 10/07/2026 - 21:20:16: [FF] [Curren Bouquetd'or] <STEAM_1:1:524205977> -> 3 HP bằng (súng) -> [TezzyPham] <STEAM_1:1:933338290>
L 10/07/2026 - 21:20:16: [FF] [Curren Bouquetd'or] <STEAM_1:1:524205977> -> 3 HP bằng (súng) -> [TezzyPham] <STEAM_1:1:933338290>
L 10/07/2026 - 21:20:16: [FF] [Curren Bouquetd'or] <STEAM_1:1:524205977> -> 3 HP bằng (súng) -> [TezzyPham] <STEAM_1:1:933338290>
L 10/07/2026 - 21:20:30: [HẠ GỤC] TezzyPham <STEAM_1:1:933338290> đã hạ gục Curren Bouquetd'or <STEAM_1:1:524205977> bằng (boom/fire)
L 10/07/2026 - 21:20:30: [FF] [TezzyPham] <STEAM_1:1:933338290> -> 16 HP bằng (boom/fire) -> [Curren Bouquetd'or] <STEAM_1:1:524205977>
L 10/07/2026 - 21:20:30: [FF] [TezzyPham] <STEAM_1:1:933338290> -> 16 HP bằng (boom/fire) -> [Curren Bouquetd'or] <STEAM_1:1:524205977>
L 10/07/2026 - 21:20:30: [FF] [TezzyPham] <STEAM_1:1:933338290> -> 16 HP bằng (boom/fire) -> [Curren Bouquetd'or] <STEAM_1:1:524205977>
L 10/07/2026 - 21:20:30: [FF] [TezzyPham] <STEAM_1:1:933338290> -> 16 HP bằng (boom/fire) -> [Curren Bouquetd'or] <STEAM_1:1:524205977>
L 10/07/2026 - 21:20:30: [FF] [TezzyPham] <STEAM_1:1:933338290> -> 16 HP bằng (boom/fire) -> [Curren Bouquetd'or] <STEAM_1:1:524205977>
L 10/07/2026 - 21:20:31: [FF] [TezzyPham] <STEAM_1:1:933338290> -> 16 HP bằng (boom/fire) -> [Curren Bouquetd'or] <STEAM_1:1:524205977>
L 10/07/2026 - 21:20:31: [FF] [TezzyPham] <STEAM_1:1:933338290> -> 16 HP bằng (boom/fire) -> [Curren Bouquetd'or] <STEAM_1:1:524205977>
L 10/07/2026 - 21:20:31: [FF] [TezzyPham] <STEAM_1:1:933338290> -> 16 HP bằng (boom/fire) -> [Curren Bouquetd'or] <STEAM_1:1:524205977>
L 10/07/2026 - 21:20:31: [FF] [TezzyPham] <STEAM_1:1:933338290> -> 16 HP bằng (boom/fire) -> [Curren Bouquetd'or] <STEAM_1:1:524205977>
L 10/07/2026 - 21:20:31: [FF] [TezzyPham] <STEAM_1:1:933338290> -> 16 HP bằng (boom/fire) -> [Curren Bouquetd'or] <STEAM_1:1:524205977>
L 10/07/2026 - 21:20:32: [FF] [TezzyPham] <STEAM_1:1:933338290> -> 16 HP bằng (boom/fire) -> [Curren Bouquetd'or] <STEAM_1:1:524205977>
L 10/07/2026 - 21:20:32: [FF] [TezzyPham] <STEAM_1:1:933338290> -> 16 HP bằng (boom/fire) -> [Curren Bouquetd'or] <STEAM_1:1:524205977>
L 10/07/2026 - 21:20:32: [FF] [TezzyPham] <STEAM_1:1:933338290> -> 16 HP bằng (boom/fire) -> [Curren Bouquetd'or] <STEAM_1:1:524205977>
L 10/07/2026 - 21:20:32: [FF] [TezzyPham] <STEAM_1:1:933338290> -> 16 HP bằng (boom/fire) -> [Curren Bouquetd'or] <STEAM_1:1:524205977>
L 10/07/2026 - 21:20:32: [FF] [TezzyPham] <STEAM_1:1:933338290> -> 16 HP bằng (boom/fire) -> [Curren Bouquetd'or] <STEAM_1:1:524205977>
L 10/07/2026 - 21:20:33: [FF] [TezzyPham] <STEAM_1:1:933338290> -> 16 HP bằng (boom/fire) -> [Curren Bouquetd'or] <STEAM_1:1:524205977>
L 10/07/2026 - 21:20:33: [FF] [TezzyPham] <STEAM_1:1:933338290> -> 16 HP bằng (boom/fire) -> [Curren Bouquetd'or] <STEAM_1:1:524205977>
L 10/07/2026 - 21:20:33: [FF] [TezzyPham] <STEAM_1:1:933338290> -> 16 HP bằng (boom/fire) -> [Curren Bouquetd'or] <STEAM_1:1:524205977>
L 10/07/2026 - 21:20:33: [FF] [TezzyPham] <STEAM_1:1:933338290> -> 16 HP bằng (boom/fire) -> [Curren Bouquetd'or] <STEAM_1:1:524205977>
L 10/07/2026 - 21:20:33: [HẠ GỤC] (2)Tank <BOT> đã hạ gục Bảo Nguyên <STEAM_1:0:218160880> bằng (môi trường/khác)
L 10/07/2026 - 21:20:34: [FF] [TezzyPham] <STEAM_1:1:933338290> -> 16 HP bằng (boom/fire) -> [Curren Bouquetd'or] <STEAM_1:1:524205977>
L 10/07/2026 - 21:20:34: [FF] [TezzyPham] <STEAM_1:1:933338290> -> 16 HP bằng (boom/fire) -> [Curren Bouquetd'or] <STEAM_1:1:524205977>
L 10/07/2026 - 21:20:47: [HẠ GỤC] (2)Tank <BOT> đã hạ gục TezzyPham <STEAM_1:1:933338290> bằng (môi trường/khác)
L 10/07/2026 - 21:21:13: [HẠ GỤC] (2)Tank <BOT> đã hạ gục Rïçēz <STEAM_1:1:558962692> bằng (zombie cào/đấm)
L 10/07/2026 - 21:21:20: [HẠ GỤC] (2)Tank <BOT> đã hạ gục Vịt-hút-thuốc-lá <STEAM_1:1:176443622> bằng (môi trường/khác)
L 10/07/2026 - 21:21:21: [KILL] Zombie/Witch/Môi trường <N/A> đã giết Rïçēz <STEAM_1:1:558962692> bằng (zombie cào/đấm)
L 10/07/2026 - 21:21:24: [FF] [Mikasa] <STEAM_1:0:522010986> -> 5 HP bằng (súng) -> [Chicoarun] <STEAM_1:0:952954061>
L 10/07/2026 - 21:21:24: [FF] [Mikasa] <STEAM_1:0:522010986> -> 5 HP bằng (súng) -> [Chicoarun] <STEAM_1:0:952954061>
L 10/07/2026 - 21:21:24: [FF] [Mikasa] <STEAM_1:0:522010986> -> 5 HP bằng (súng) -> [Chicoarun] <STEAM_1:0:952954061>
L 10/07/2026 - 21:21:24: [FF] [Mikasa] <STEAM_1:0:522010986> -> 5 HP bằng (súng) -> [Chicoarun] <STEAM_1:0:952954061>
L 10/07/2026 - 21:21:24: [FF] [Mikasa] <STEAM_1:0:522010986> -> 5 HP bằng (súng) -> [Chicoarun] <STEAM_1:0:952954061>
L 10/07/2026 - 21:21:24: [FF] [Mikasa] <STEAM_1:0:522010986> -> 5 HP bằng (súng) -> [Chicoarun] <STEAM_1:0:952954061>
L 10/07/2026 - 21:21:24: [FF] [Mikasa] <STEAM_1:0:522010986> -> 5 HP bằng (súng) -> [Chicoarun] <STEAM_1:0:952954061>
L 10/07/2026 - 21:21:24: [FF] [Mikasa] <STEAM_1:0:522010986> -> 5 HP bằng (súng) -> [Chicoarun] <STEAM_1:0:952954061>
L 10/07/2026 - 21:21:31: [FF] [None :D] <STEAM_1:0:578030381> -> 7 HP bằng (melee) -> [（ ͜.人 ͜.）⛇☃] <STEAM_1:1:241852047>
L 10/07/2026 - 21:21:55: [KILL] Bảo Nguyên <STEAM_1:0:218160880> đã giết Bảo Nguyên <STEAM_1:0:218160880> bằng (boom/fire)
L 10/07/2026 - 21:21:57: [FF] [Curren Bouquetd'or] <STEAM_1:1:524205977> -> 3 HP bằng (súng) -> [TezzyPham] <STEAM_1:1:933338290>
L 10/07/2026 - 21:21:57: [FF] [Curren Bouquetd'or] <STEAM_1:1:524205977> -> 3 HP bằng (súng) -> [TezzyPham] <STEAM_1:1:933338290>
L 10/07/2026 - 21:21:57: [FF] [Tuấn Cùi] <STEAM_1:0:534433454> -> 1 HP bằng (boom/fire) -> [TezzyPham] <STEAM_1:1:933338290>
L 10/07/2026 - 21:22:04: [FF] [Bảo Nguyên] <STEAM_1:0:218160880> -> 16 HP bằng (boom/fire) -> [（ ͜.人 ͜.）⛇☃] <STEAM_1:1:241852047>
L 10/07/2026 - 21:22:04: [FF] [Bảo Nguyên] <STEAM_1:0:218160880> -> 16 HP bằng (boom/fire) -> [（ ͜.人 ͜.）⛇☃] <STEAM_1:1:241852047>
L 10/07/2026 - 21:22:04: [FF] [Bảo Nguyên] <STEAM_1:0:218160880> -> 16 HP bằng (boom/fire) -> [（ ͜.人 ͜.）⛇☃] <STEAM_1:1:241852047>
L 10/07/2026 - 21:22:04: [FF] [Bảo Nguyên] <STEAM_1:0:218160880> -> 16 HP bằng (boom/fire) -> [（ ͜.人 ͜.）⛇☃] <STEAM_1:1:241852047>
L 10/07/2026 - 21:22:07: [KILL] (2)Tank <BOT> đã giết Tuấn Cùi <STEAM_1:0:534433454> bằng (môi trường/khác)
L 10/07/2026 - 21:22:18: [HẠ GỤC] Zombie/Witch/Môi trường <N/A> đã hạ gục TezzyPham <STEAM_1:1:933338290> bằng (môi trường/khác)
L 10/07/2026 - 21:22:22: [KILL] Zombie/Witch/Môi trường <N/A> đã giết TezzyPham <STEAM_1:1:933338290> bằng (môi trường/khác)
L 10/07/2026 - 21:22:44: [FF] [Vịt-hút-thuốc-lá] <STEAM_1:1:176443622> -> 5 HP bằng (súng) -> [KeroN] <STEAM_1:1:161759963>
L 10/07/2026 - 21:22:44: [FF] [Vịt-hút-thuốc-lá] <STEAM_1:1:176443622> -> 5 HP bằng (súng) -> [KeroN] <STEAM_1:1:161759963>
L 10/07/2026 - 21:24:12: [FF] [KeroN] <STEAM_1:1:161759963> -> 8 HP bằng (súng) -> [Tuấn Cùi] <STEAM_1:0:534433454>
L 10/07/2026 - 21:24:14: [FF] [Tuấn Cùi] <STEAM_1:0:534433454> -> 10 HP bằng (súng) -> [Curren Bouquetd'or] <STEAM_1:1:524205977>
L 10/07/2026 - 21:24:14: [FF] [Tuấn Cùi] <STEAM_1:0:534433454> -> 11 HP bằng (súng) -> [Curren Bouquetd'or] <STEAM_1:1:524205977>
L 10/07/2026 - 21:24:15: [FF] [Rïçēz] <STEAM_1:1:558962692> -> 8 HP bằng (boom/fire) -> [Curren Bouquetd'or] <STEAM_1:1:524205977>
L 10/07/2026 - 21:24:15: [FF] [Rïçēz] <STEAM_1:1:558962692> -> 9 HP bằng (boom/fire) -> [Curren Bouquetd'or] <STEAM_1:1:524205977>
L 10/07/2026 - 21:24:15: [FF] [Rïçēz] <STEAM_1:1:558962692> -> 11 HP bằng (boom/fire) -> [Curren Bouquetd'or] <STEAM_1:1:524205977>
L 10/07/2026 - 21:24:15: [FF] [Rïçēz] <STEAM_1:1:558962692> -> 12 HP bằng (boom/fire) -> [Curren Bouquetd'or] <STEAM_1:1:524205977>
L 10/07/2026 - 21:24:16: [FF] [Rïçēz] <STEAM_1:1:558962692> -> 14 HP bằng (boom/fire) -> [Curren Bouquetd'or] <STEAM_1:1:524205977>
L 10/07/2026 - 21:24:16: [FF] [Rïçēz] <STEAM_1:1:558962692> -> 16 HP bằng (boom/fire) -> [Curren Bouquetd'or] <STEAM_1:1:524205977>
L 10/07/2026 - 21:24:16: [FF] [Rïçēz] <STEAM_1:1:558962692> -> 16 HP bằng (boom/fire) -> [Curren Bouquetd'or] <STEAM_1:1:524205977>
L 10/07/2026 - 21:24:16: [HẠ GỤC] Rïçēz <STEAM_1:1:558962692> đã hạ gục Curren Bouquetd'or <STEAM_1:1:524205977> bằng (boom/fire)
L 10/07/2026 - 21:24:16: [FF] [Rïçēz] <STEAM_1:1:558962692> -> 16 HP bằng (boom/fire) -> [Curren Bouquetd'or] <STEAM_1:1:524205977>
L 10/07/2026 - 21:24:17: [FF] [Rïçēz] <STEAM_1:1:558962692> -> 16 HP bằng (boom/fire) -> [Curren Bouquetd'or] <STEAM_1:1:524205977>
L 10/07/2026 - 21:24:17: [FF] [Rïçēz] <STEAM_1:1:558962692> -> 16 HP bằng (boom/fire) -> [Curren Bouquetd'or] <STEAM_1:1:524205977>
L 10/07/2026 - 21:24:17: [FF] [Rïçēz] <STEAM_1:1:558962692> -> 16 HP bằng (boom/fire) -> [Curren Bouquetd'or] <STEAM_1:1:524205977>
L 10/07/2026 - 21:24:17: [FF] [Rïçēz] <STEAM_1:1:558962692> -> 16 HP bằng (boom/fire) -> [Curren Bouquetd'or] <STEAM_1:1:524205977>
L 10/07/2026 - 21:24:17: [FF] [Rïçēz] <STEAM_1:1:558962692> -> 16 HP bằng (boom/fire) -> [Curren Bouquetd'or] <STEAM_1:1:524205977>
L 10/07/2026 - 21:24:21: [FF] [Rïçēz] <STEAM_1:1:558962692> -> 16 HP bằng (boom/fire) -> [Chicoarun] <STEAM_1:0:952954061>
L 10/07/2026 - 21:24:21: [FF] [Rïçēz] <STEAM_1:1:558962692> -> 16 HP bằng (boom/fire) -> [Chicoarun] <STEAM_1:0:952954061>
L 10/07/2026 - 21:24:21: [FF] [Rïçēz] <STEAM_1:1:558962692> -> 16 HP bằng (boom/fire) -> [Chicoarun] <STEAM_1:0:952954061>
L 10/07/2026 - 21:24:21: [FF] [Rïçēz] <STEAM_1:1:558962692> -> 16 HP bằng (boom/fire) -> [Chicoarun] <STEAM_1:0:952954061>
L 10/07/2026 - 21:24:21: [FF] [Rïçēz] <STEAM_1:1:558962692> -> 16 HP bằng (boom/fire) -> [None :D] <STEAM_1:0:578030381>
L 10/07/2026 - 21:24:22: [FF] [Rïçēz] <STEAM_1:1:558962692> -> 16 HP bằng (boom/fire) -> [None :D] <STEAM_1:0:578030381>
L 10/07/2026 - 21:24:22: [FF] [Rïçēz] <STEAM_1:1:558962692> -> 16 HP bằng (boom/fire) -> [None :D] <STEAM_1:0:578030381>
L 10/07/2026 - 21:24:22: [FF] [Rïçēz] <STEAM_1:1:558962692> -> 16 HP bằng (boom/fire) -> [None :D] <STEAM_1:0:578030381>
L 10/07/2026 - 21:24:22: [FF] [Rïçēz] <STEAM_1:1:558962692> -> 16 HP bằng (boom/fire) -> [None :D] <STEAM_1:0:578030381>
L 10/07/2026 - 21:24:23: [FF] [Vịt-hút-thuốc-lá] <STEAM_1:1:176443622> -> 7 HP bằng (súng) -> [None :D] <STEAM_1:0:578030381>
L 10/07/2026 - 21:24:28: [FF] [Rïçēz] <STEAM_1:1:558962692> -> 16 HP bằng (boom/fire) -> [None :D] <STEAM_1:0:578030381>
L 10/07/2026 - 21:24:29: [FF] [Rïçēz] <STEAM_1:1:558962692> -> 16 HP bằng (boom/fire) -> [None :D] <STEAM_1:0:578030381>
L 10/07/2026 - 21:24:33: [HẠ GỤC] Zombie/Witch/Môi trường <N/A> đã hạ gục Mikasa <STEAM_1:0:522010986> bằng (môi trường/khác)
L 10/07/2026 - 21:25:32: [FF] [KeroN] <STEAM_1:1:161759963> -> 1 HP bằng (môi trường/khác) -> [Tuấn Cùi] <STEAM_1:0:534433454>
L 10/07/2026 - 21:25:32: [FF] [KeroN] <STEAM_1:1:161759963> -> 1 HP bằng (môi trường/khác) -> [Vịt-hút-thuốc-lá] <STEAM_1:1:176443622>
L 10/07/2026 - 21:25:32: [FF] [KeroN] <STEAM_1:1:161759963> -> 1 HP bằng (môi trường/khác) -> [None :D] <STEAM_1:0:578030381>
L 10/07/2026 - 21:26:59: [HẠ GỤC] Zombie/Witch/Môi trường <N/A> đã hạ gục TezzyPham <STEAM_1:1:933338290> bằng (boom/fire)
L 10/07/2026 - 21:27:20: [HẠ GỤC] Zombie/Witch/Môi trường <N/A> đã hạ gục TezzyPham <STEAM_1:1:933338290> bằng (boom/fire)
L 10/07/2026 - 21:27:25: [KILL] TezzyPham <STEAM_1:1:933338290> đã giết TezzyPham <STEAM_1:1:933338290> bằng (môi trường/khác)
L 10/07/2026 - 21:27:46: [HẠ GỤC] Zombie/Witch/Môi trường <N/A> đã hạ gục （ ͜.人 ͜.）⛇☃ <STEAM_1:1:241852047> bằng (boom/fire)
