L 08/31/2026 - 20:03:53: [FF] [Curren Bouquetd'or] <STEAM_1:1:524205977> -> 1 HP bằng (súng) -> [KeroN] <STEAM_1:1:161759963>
L 08/31/2026 - 20:03:55: [FF] [Curren Bouquetd'or] <STEAM_1:1:524205977> -> 1 HP bằng (súng) -> [Holo 40k] <STEAM_1:1:925049770>
L 08/31/2026 - 20:03:57: [FF] [Mikasa] <STEAM_1:0:522010986> -> 1 HP bằng (súng) -> [Chicoarun] <STEAM_1:0:952954061>
L 08/31/2026 - 20:03:58: [FF] [Lê Hải] <STEAM_1:0:471595906> -> 7 HP bằng (melee) -> [Chicoarun] <STEAM_1:0:952954061>
L 08/31/2026 - 20:03:59: [FF] [Curren Bouquetd'or] <STEAM_1:1:524205977> -> 1 HP bằng (súng) -> [Lê Hải] <STEAM_1:0:471595906>
L 08/31/2026 - 20:03:59: [FF] [Curren Bouquetd'or] <STEAM_1:1:524205977> -> 1 HP bằng (súng) -> [Holo 40k] <STEAM_1:1:925049770>
L 08/31/2026 - 20:03:59: [FF] [Curren Bouquetd'or] <STEAM_1:1:524205977> -> 1 HP bằng (súng) -> [Holo 40k] <STEAM_1:1:925049770>
L 08/31/2026 - 20:04:11: [FF] [Lê Hải] <STEAM_1:0:471595906> -> 7 HP bằng (melee) -> [Holo 40k] <STEAM_1:1:925049770>
L 08/31/2026 - 20:04:15: [FF] [KeroN] <STEAM_1:1:161759963> -> 1 HP bằng (súng) -> [Lê Hải] <STEAM_1:0:471595906>
L 08/31/2026 - 20:04:39: [FF] [Mikasa] <STEAM_1:0:522010986> -> 4 HP bằng (súng) -> [Chicoarun] <STEAM_1:0:952954061>
L 08/31/2026 - 20:04:39: [FF] [Mikasa] <STEAM_1:0:522010986> -> 4 HP bằng (súng) -> [Chicoarun] <STEAM_1:0:952954061>
L 08/31/2026 - 20:04:40: [HẠ GỤC] Hunter Bot <BOT> đã hạ gục Holo 40k <STEAM_1:1:925049770> bằng (zombie cào/đấm)
L 08/31/2026 - 20:04:50: [HẠ GỤC] Zombie/Witch/Môi trường <N/A> đã hạ gục Lê Hải <STEAM_1:0:471595906> bằng (môi trường/khác)
L 08/31/2026 - 20:05:04: [HẠ GỤC] Zombie/Witch/Môi trường <N/A> đã hạ gục chimxanh <STEAM_1:1:626078671> bằng (môi trường/khác)
L 08/31/2026 - 20:05:21: [HẠ GỤC] (1)Charger Bot <BOT> đã hạ gục Lê Hải <STEAM_1:0:471595906> bằng (zombie cào/đấm)
L 08/31/2026 - 20:05:22: [HẠ GỤC] Charger Bot <BOT> đã hạ gục Curren Bouquetd'or <STEAM_1:1:524205977> bằng (zombie cào/đấm)
L 08/31/2026 - 20:05:29: [HẠ GỤC] Hunter Bot <BOT> đã hạ gục Mikasa <STEAM_1:0:522010986> bằng (zombie cào/đấm)
L 08/31/2026 - 20:05:31: [HẠ GỤC] (1)Hunter Bot <BOT> đã hạ gục Chicoarun <STEAM_1:0:952954061> bằng (zombie cào/đấm)
L 08/31/2026 - 20:05:37: [FF] [chimxanh] <STEAM_1:1:626078671> -> 1 HP bằng (súng) -> [Mikasa] <STEAM_1:0:522010986>
L 08/31/2026 - 20:05:37: [FF] [chimxanh] <STEAM_1:1:626078671> -> 1 HP bằng (súng) -> [Mikasa] <STEAM_1:0:522010986>
L 08/31/2026 - 20:05:38: [FF] [chimxanh] <STEAM_1:1:626078671> -> 1 HP bằng (súng) -> [Mikasa] <STEAM_1:0:522010986>
L 08/31/2026 - 20:05:45: [FF] [chimxanh] <STEAM_1:1:626078671> -> 1 HP bằng (súng) -> [Lê Hải] <STEAM_1:0:471595906>
L 08/31/2026 - 20:06:15: [FF] [Curren Bouquetd'or] <STEAM_1:1:524205977> -> 4 HP bằng (súng) -> [Mikasa] <STEAM_1:0:522010986>
L 08/31/2026 - 20:06:15: [FF] [Curren Bouquetd'or] <STEAM_1:1:524205977> -> 4 HP bằng (súng) -> [Mikasa] <STEAM_1:0:522010986>
L 08/31/2026 - 20:06:15: [FF] [Curren Bouquetd'or] <STEAM_1:1:524205977> -> 4 HP bằng (súng) -> [Mikasa] <STEAM_1:0:522010986>
L 08/31/2026 - 20:06:15: [FF] [Curren Bouquetd'or] <STEAM_1:1:524205977> -> 4 HP bằng (súng) -> [Mikasa] <STEAM_1:0:522010986>
L 08/31/2026 - 20:06:15: [FF] [Curren Bouquetd'or] <STEAM_1:1:524205977> -> 4 HP bằng (súng) -> [Mikasa] <STEAM_1:0:522010986>
L 08/31/2026 - 20:06:15: [FF] [Curren Bouquetd'or] <STEAM_1:1:524205977> -> 4 HP bằng (súng) -> [Mikasa] <STEAM_1:0:522010986>
L 08/31/2026 - 20:06:15: [FF] [Curren Bouquetd'or] <STEAM_1:1:524205977> -> 4 HP bằng (súng) -> [Mikasa] <STEAM_1:0:522010986>
L 08/31/2026 - 20:06:15: [FF] [Curren Bouquetd'or] <STEAM_1:1:524205977> -> 4 HP bằng (súng) -> [Mikasa] <STEAM_1:0:522010986>
L 08/31/2026 - 20:06:16: [KILL] Boomer Bot <BOT> đã giết Lê Hải <STEAM_1:0:471595906> bằng (zombie cào/đấm)
L 08/31/2026 - 20:06:23: [FF] [Curren Bouquetd'or] <STEAM_1:1:524205977> -> 4 HP bằng (súng) -> [Holo 40k] <STEAM_1:1:925049770>
L 08/31/2026 - 20:06:24: [FF] [Curren Bouquetd'or] <STEAM_1:1:524205977> -> 4 HP bằng (súng) -> [Holo 40k] <STEAM_1:1:925049770>
L 08/31/2026 - 20:07:02: [HẠ GỤC] Zombie/Witch/Môi trường <N/A> đã hạ gục chimxanh <STEAM_1:1:626078671> bằng (môi trường/khác)
L 08/31/2026 - 20:07:05: [HẠ GỤC] Hunter Bot <BOT> đã hạ gục Chicoarun <STEAM_1:0:952954061> bằng (zombie cào/đấm)
L 08/31/2026 - 20:07:07: [FF] [Mikasa] <STEAM_1:0:522010986> -> 8 HP bằng (súng) -> [Curren Bouquetd'or] <STEAM_1:1:524205977>
L 08/31/2026 - 20:07:07: [FF] [Mikasa] <STEAM_1:0:522010986> -> 8 HP bằng (súng) -> [Curren Bouquetd'or] <STEAM_1:1:524205977>
L 08/31/2026 - 20:07:07: [FF] [Mikasa] <STEAM_1:0:522010986> -> 8 HP bằng (súng) -> [Curren Bouquetd'or] <STEAM_1:1:524205977>
L 08/31/2026 - 20:07:07: [FF] [Mikasa] <STEAM_1:0:522010986> -> 8 HP bằng (súng) -> [Curren Bouquetd'or] <STEAM_1:1:524205977>
L 08/31/2026 - 20:07:22: [HẠ GỤC] Zombie/Witch/Môi trường <N/A> đã hạ gục Mikasa <STEAM_1:0:522010986> bằng (môi trường/khác)
L 08/31/2026 - 20:07:30: [FF] [Curren Bouquetd'or] <STEAM_1:1:524205977> -> 8 HP bằng (súng) -> [KeroN] <STEAM_1:1:161759963>
L 08/31/2026 - 20:07:31: [FF] [Curren Bouquetd'or] <STEAM_1:1:524205977> -> 8 HP bằng (súng) -> [Mikasa] <STEAM_1:0:522010986>
L 08/31/2026 - 20:07:36: [FF] [KeroN] <STEAM_1:1:161759963> -> 8 HP bằng (súng) -> [Holo 40k] <STEAM_1:1:925049770>
L 08/31/2026 - 20:07:38: [HẠ GỤC] Zombie/Witch/Môi trường <N/A> đã hạ gục Chicoarun <STEAM_1:0:952954061> bằng (môi trường/khác)
L 08/31/2026 - 20:07:43: [FF] [Mikasa] <STEAM_1:0:522010986> -> 8 HP bằng (súng) -> [Curren Bouquetd'or] <STEAM_1:1:524205977>
L 08/31/2026 - 20:07:43: [FF] [Mikasa] <STEAM_1:0:522010986> -> 8 HP bằng (súng) -> [Curren Bouquetd'or] <STEAM_1:1:524205977>
L 08/31/2026 - 20:08:00: [FF] [KeroN] <STEAM_1:1:161759963> -> 1 HP bằng (boom/fire) -> [Holo 40k] <STEAM_1:1:925049770>
L 08/31/2026 - 20:08:01: [FF] [KeroN] <STEAM_1:1:161759963> -> 4 HP bằng (boom/fire) -> [Holo 40k] <STEAM_1:1:925049770>
L 08/31/2026 - 20:08:01: [FF] [KeroN] <STEAM_1:1:161759963> -> 5 HP bằng (boom/fire) -> [Holo 40k] <STEAM_1:1:925049770>
L 08/31/2026 - 20:08:01: [HẠ GỤC] (1)Spitter Bot <BOT> đã hạ gục Holo 40k <STEAM_1:1:925049770> bằng (môi trường/khác)
L 08/31/2026 - 20:08:01: [FF] [KeroN] <STEAM_1:1:161759963> -> 8 HP bằng (boom/fire) -> [Holo 40k] <STEAM_1:1:925049770>
L 08/31/2026 - 20:08:01: [HẠ GỤC] (1)Spitter Bot <BOT> đã hạ gục Curren Bouquetd'or <STEAM_1:1:524205977> bằng (môi trường/khác)
L 08/31/2026 - 20:08:01: [FF] [KeroN] <STEAM_1:1:161759963> -> 9 HP bằng (boom/fire) -> [Holo 40k] <STEAM_1:1:925049770>
L 08/31/2026 - 20:08:02: [FF] [KeroN] <STEAM_1:1:161759963> -> 12 HP bằng (boom/fire) -> [Holo 40k] <STEAM_1:1:925049770>
L 08/31/2026 - 20:08:02: [FF] [KeroN] <STEAM_1:1:161759963> -> 13 HP bằng (boom/fire) -> [Holo 40k] <STEAM_1:1:925049770>
L 08/31/2026 - 20:08:02: [FF] [KeroN] <STEAM_1:1:161759963> -> 16 HP bằng (boom/fire) -> [Holo 40k] <STEAM_1:1:925049770>
L 08/31/2026 - 20:08:02: [FF] [KeroN] <STEAM_1:1:161759963> -> 16 HP bằng (boom/fire) -> [Holo 40k] <STEAM_1:1:925049770>
L 08/31/2026 - 20:08:03: [FF] [KeroN] <STEAM_1:1:161759963> -> 16 HP bằng (boom/fire) -> [Holo 40k] <STEAM_1:1:925049770>
L 08/31/2026 - 20:08:03: [FF] [KeroN] <STEAM_1:1:161759963> -> 16 HP bằng (boom/fire) -> [Holo 40k] <STEAM_1:1:925049770>
L 08/31/2026 - 20:08:03: [FF] [KeroN] <STEAM_1:1:161759963> -> 16 HP bằng (boom/fire) -> [Holo 40k] <STEAM_1:1:925049770>
L 08/31/2026 - 20:08:03: [FF] [KeroN] <STEAM_1:1:161759963> -> 16 HP bằng (boom/fire) -> [Holo 40k] <STEAM_1:1:925049770>
L 08/31/2026 - 20:08:04: [FF] [KeroN] <STEAM_1:1:161759963> -> 16 HP bằng (boom/fire) -> [Holo 40k] <STEAM_1:1:925049770>
L 08/31/2026 - 20:08:04: [FF] [KeroN] <STEAM_1:1:161759963> -> 16 HP bằng (boom/fire) -> [Holo 40k] <STEAM_1:1:925049770>
L 08/31/2026 - 20:08:04: [FF] [KeroN] <STEAM_1:1:161759963> -> 16 HP bằng (boom/fire) -> [Holo 40k] <STEAM_1:1:925049770>
L 08/31/2026 - 20:08:04: [FF] [KeroN] <STEAM_1:1:161759963> -> 16 HP bằng (boom/fire) -> [Holo 40k] <STEAM_1:1:925049770>
L 08/31/2026 - 20:08:05: [FF] [KeroN] <STEAM_1:1:161759963> -> 16 HP bằng (boom/fire) -> [Holo 40k] <STEAM_1:1:925049770>
L 08/31/2026 - 20:08:05: [FF] [KeroN] <STEAM_1:1:161759963> -> 16 HP bằng (boom/fire) -> [Holo 40k] <STEAM_1:1:925049770>
L 08/31/2026 - 20:08:05: [FF] [KeroN] <STEAM_1:1:161759963> -> 16 HP bằng (boom/fire) -> [Holo 40k] <STEAM_1:1:925049770>
L 08/31/2026 - 20:08:05: [FF] [KeroN] <STEAM_1:1:161759963> -> 16 HP bằng (boom/fire) -> [Holo 40k] <STEAM_1:1:925049770>
L 08/31/2026 - 20:08:06: [FF] [KeroN] <STEAM_1:1:161759963> -> 16 HP bằng (boom/fire) -> [Holo 40k] <STEAM_1:1:925049770>
L 08/31/2026 - 20:08:06: [FF] [KeroN] <STEAM_1:1:161759963> -> 16 HP bằng (boom/fire) -> [Holo 40k] <STEAM_1:1:925049770>
L 08/31/2026 - 20:08:06: [FF] [KeroN] <STEAM_1:1:161759963> -> 16 HP bằng (boom/fire) -> [Holo 40k] <STEAM_1:1:925049770>
L 08/31/2026 - 20:08:06: [FF] [KeroN] <STEAM_1:1:161759963> -> 16 HP bằng (boom/fire) -> [Holo 40k] <STEAM_1:1:925049770>
L 08/31/2026 - 20:08:07: [FF] [KeroN] <STEAM_1:1:161759963> -> 16 HP bằng (boom/fire) -> [Holo 40k] <STEAM_1:1:925049770>
L 08/31/2026 - 20:08:07: [FF] [KeroN] <STEAM_1:1:161759963> -> 16 HP bằng (boom/fire) -> [Holo 40k] <STEAM_1:1:925049770>
L 08/31/2026 - 20:08:07: [FF] [KeroN] <STEAM_1:1:161759963> -> 16 HP bằng (boom/fire) -> [Holo 40k] <STEAM_1:1:925049770>
L 08/31/2026 - 20:08:07: [FF] [KeroN] <STEAM_1:1:161759963> -> 16 HP bằng (boom/fire) -> [Holo 40k] <STEAM_1:1:925049770>
L 08/31/2026 - 20:08:09: [FF] [KeroN] <STEAM_1:1:161759963> -> 16 HP bằng (boom/fire) -> [Lê Hải] <STEAM_1:0:471595906>
L 08/31/2026 - 20:08:09: [FF] [KeroN] <STEAM_1:1:161759963> -> 16 HP bằng (boom/fire) -> [Lê Hải] <STEAM_1:0:471595906>
L 08/31/2026 - 20:08:10: [HẠ GỤC] KeroN <STEAM_1:1:161759963> đã hạ gục Lê Hải <STEAM_1:0:471595906> bằng (boom/fire)
L 08/31/2026 - 20:08:10: [FF] [KeroN] <STEAM_1:1:161759963> -> 16 HP bằng (boom/fire) -> [Holo 40k] <STEAM_1:1:925049770>
L 08/31/2026 - 20:08:10: [FF] [KeroN] <STEAM_1:1:161759963> -> 16 HP bằng (boom/fire) -> [chimxanh] <STEAM_1:1:626078671>
L 08/31/2026 - 20:08:10: [FF] [KeroN] <STEAM_1:1:161759963> -> 16 HP bằng (boom/fire) -> [Holo 40k] <STEAM_1:1:925049770>
L 08/31/2026 - 20:08:10: [FF] [KeroN] <STEAM_1:1:161759963> -> 16 HP bằng (boom/fire) -> [chimxanh] <STEAM_1:1:626078671>
L 08/31/2026 - 20:08:10: [FF] [KeroN] <STEAM_1:1:161759963> -> 16 HP bằng (boom/fire) -> [Holo 40k] <STEAM_1:1:925049770>
L 08/31/2026 - 20:08:10: [FF] [KeroN] <STEAM_1:1:161759963> -> 16 HP bằng (boom/fire) -> [chimxanh] <STEAM_1:1:626078671>
L 08/31/2026 - 20:08:10: [FF] [KeroN] <STEAM_1:1:161759963> -> 16 HP bằng (boom/fire) -> [Holo 40k] <STEAM_1:1:925049770>
L 08/31/2026 - 20:08:11: [FF] [KeroN] <STEAM_1:1:161759963> -> 16 HP bằng (boom/fire) -> [Holo 40k] <STEAM_1:1:925049770>
L 08/31/2026 - 20:08:11: [HẠ GỤC] KeroN <STEAM_1:1:161759963> đã hạ gục Holo 40k <STEAM_1:1:925049770> bằng (boom/fire)
L 08/31/2026 - 20:08:11: [FF] [KeroN] <STEAM_1:1:161759963> -> 16 HP bằng (boom/fire) -> [Lê Hải] <STEAM_1:0:471595906>
L 08/31/2026 - 20:08:11: [FF] [KeroN] <STEAM_1:1:161759963> -> 16 HP bằng (boom/fire) -> [Holo 40k] <STEAM_1:1:925049770>
L 08/31/2026 - 20:08:11: [FF] [KeroN] <STEAM_1:1:161759963> -> 16 HP bằng (boom/fire) -> [Lê Hải] <STEAM_1:0:471595906>
L 08/31/2026 - 20:08:11: [FF] [KeroN] <STEAM_1:1:161759963> -> 16 HP bằng (boom/fire) -> [Holo 40k] <STEAM_1:1:925049770>
L 08/31/2026 - 20:08:12: [FF] [KeroN] <STEAM_1:1:161759963> -> 16 HP bằng (boom/fire) -> [Lê Hải] <STEAM_1:0:471595906>
L 08/31/2026 - 20:08:12: [FF] [KeroN] <STEAM_1:1:161759963> -> 16 HP bằng (boom/fire) -> [Holo 40k] <STEAM_1:1:925049770>
L 08/31/2026 - 20:08:12: [FF] [KeroN] <STEAM_1:1:161759963> -> 16 HP bằng (boom/fire) -> [Lê Hải] <STEAM_1:0:471595906>
L 08/31/2026 - 20:08:12: [FF] [KeroN] <STEAM_1:1:161759963> -> 16 HP bằng (boom/fire) -> [Holo 40k] <STEAM_1:1:925049770>
L 08/31/2026 - 20:08:12: [FF] [KeroN] <STEAM_1:1:161759963> -> 16 HP bằng (boom/fire) -> [Lê Hải] <STEAM_1:0:471595906>
L 08/31/2026 - 20:08:12: [FF] [KeroN] <STEAM_1:1:161759963> -> 16 HP bằng (boom/fire) -> [Holo 40k] <STEAM_1:1:925049770>
L 08/31/2026 - 20:08:12: [FF] [KeroN] <STEAM_1:1:161759963> -> 16 HP bằng (boom/fire) -> [Lê Hải] <STEAM_1:0:471595906>
L 08/31/2026 - 20:08:12: [FF] [KeroN] <STEAM_1:1:161759963> -> 16 HP bằng (boom/fire) -> [Holo 40k] <STEAM_1:1:925049770>
L 08/31/2026 - 20:08:13: [FF] [KeroN] <STEAM_1:1:161759963> -> 16 HP bằng (boom/fire) -> [Lê Hải] <STEAM_1:0:471595906>
L 08/31/2026 - 20:08:13: [FF] [KeroN] <STEAM_1:1:161759963> -> 16 HP bằng (boom/fire) -> [Holo 40k] <STEAM_1:1:925049770>
L 08/31/2026 - 20:08:13: [FF] [KeroN] <STEAM_1:1:161759963> -> 16 HP bằng (boom/fire) -> [Lê Hải] <STEAM_1:0:471595906>
L 08/31/2026 - 20:08:13: [FF] [KeroN] <STEAM_1:1:161759963> -> 16 HP bằng (boom/fire) -> [Holo 40k] <STEAM_1:1:925049770>
L 08/31/2026 - 20:08:13: [FF] [KeroN] <STEAM_1:1:161759963> -> 16 HP bằng (boom/fire) -> [Lê Hải] <STEAM_1:0:471595906>
L 08/31/2026 - 20:08:13: [FF] [KeroN] <STEAM_1:1:161759963> -> 16 HP bằng (boom/fire) -> [Holo 40k] <STEAM_1:1:925049770>
L 08/31/2026 - 20:08:13: [FF] [KeroN] <STEAM_1:1:161759963> -> 16 HP bằng (boom/fire) -> [Curren Bouquetd'or] <STEAM_1:1:524205977>
L 08/31/2026 - 20:08:13: [FF] [KeroN] <STEAM_1:1:161759963> -> 16 HP bằng (boom/fire) -> [Lê Hải] <STEAM_1:0:471595906>
L 08/31/2026 - 20:08:14: [FF] [KeroN] <STEAM_1:1:161759963> -> 16 HP bằng (boom/fire) -> [Curren Bouquetd'or] <STEAM_1:1:524205977>
L 08/31/2026 - 20:08:14: [FF] [KeroN] <STEAM_1:1:161759963> -> 16 HP bằng (boom/fire) -> [Lê Hải] <STEAM_1:0:471595906>
L 08/31/2026 - 20:08:14: [FF] [KeroN] <STEAM_1:1:161759963> -> 16 HP bằng (boom/fire) -> [Curren Bouquetd'or] <STEAM_1:1:524205977>
L 08/31/2026 - 20:08:14: [FF] [KeroN] <STEAM_1:1:161759963> -> 16 HP bằng (boom/fire) -> [Curren Bouquetd'or] <STEAM_1:1:524205977>
L 08/31/2026 - 20:08:14: [FF] [KeroN] <STEAM_1:1:161759963> -> 16 HP bằng (boom/fire) -> [Curren Bouquetd'or] <STEAM_1:1:524205977>
L 08/31/2026 - 20:08:15: [FF] [KeroN] <STEAM_1:1:161759963> -> 16 HP bằng (boom/fire) -> [Curren Bouquetd'or] <STEAM_1:1:524205977>
L 08/31/2026 - 20:08:15: [KILL] KeroN <STEAM_1:1:161759963> đã giết Curren Bouquetd'or <STEAM_1:1:524205977> bằng (boom/fire)
L 08/31/2026 - 20:08:15: [FF] [KeroN] <STEAM_1:1:161759963> -> 16 HP bằng (boom/fire) -> [Chicoarun] <STEAM_1:0:952954061>
L 08/31/2026 - 20:08:15: [FF] [KeroN] <STEAM_1:1:161759963> -> 16 HP bằng (boom/fire) -> [Chicoarun] <STEAM_1:0:952954061>
L 08/31/2026 - 20:08:27: [FF] [KeroN] <STEAM_1:1:161759963> -> 8 HP bằng (súng) -> [Chicoarun] <STEAM_1:0:952954061>
L 08/31/2026 - 20:08:27: [FF] [KeroN] <STEAM_1:1:161759963> -> 8 HP bằng (súng) -> [Chicoarun] <STEAM_1:0:952954061>
L 08/31/2026 - 20:08:27: [HẠ GỤC] KeroN <STEAM_1:1:161759963> đã hạ gục Chicoarun <STEAM_1:0:952954061> bằng (súng)
L 08/31/2026 - 20:08:27: [FF] [KeroN] <STEAM_1:1:161759963> -> 8 HP bằng (súng) -> [Chicoarun] <STEAM_1:0:952954061>
L 08/31/2026 - 20:08:39: [FF] [Lê Hải] <STEAM_1:0:471595906> -> 4 HP bằng (súng) -> [Holo 40k] <STEAM_1:1:925049770>
L 08/31/2026 - 20:08:39: [FF] [Lê Hải] <STEAM_1:0:471595906> -> 4 HP bằng (súng) -> [Holo 40k] <STEAM_1:1:925049770>
L 08/31/2026 - 20:08:39: [FF] [Lê Hải] <STEAM_1:0:471595906> -> 4 HP bằng (súng) -> [Holo 40k] <STEAM_1:1:925049770>
L 08/31/2026 - 20:08:39: [FF] [Lê Hải] <STEAM_1:0:471595906> -> 4 HP bằng (súng) -> [Holo 40k] <STEAM_1:1:925049770>
L 08/31/2026 - 20:08:39: [FF] [Lê Hải] <STEAM_1:0:471595906> -> 4 HP bằng (súng) -> [Holo 40k] <STEAM_1:1:925049770>
L 08/31/2026 - 20:08:39: [FF] [Lê Hải] <STEAM_1:0:471595906> -> 4 HP bằng (súng) -> [Holo 40k] <STEAM_1:1:925049770>
L 08/31/2026 - 20:08:39: [FF] [Lê Hải] <STEAM_1:0:471595906> -> 4 HP bằng (súng) -> [Holo 40k] <STEAM_1:1:925049770>
L 08/31/2026 - 20:08:39: [FF] [Lê Hải] <STEAM_1:0:471595906> -> 4 HP bằng (súng) -> [Holo 40k] <STEAM_1:1:925049770>
L 08/31/2026 - 20:08:42: [FF] [KeroN] <STEAM_1:1:161759963> -> 7 HP bằng (melee) -> [Holo 40k] <STEAM_1:1:925049770>
L 08/31/2026 - 20:08:44: [FF] [Mikasa] <STEAM_1:0:522010986> -> 5 HP bằng (melee) -> [KeroN] <STEAM_1:1:161759963>
L 08/31/2026 - 20:08:44: [FF] [Chicoarun] <STEAM_1:0:952954061> -> 8 HP bằng (súng) -> [Holo 40k] <STEAM_1:1:925049770>
L 08/31/2026 - 20:08:45: [FF] [KeroN] <STEAM_1:1:161759963> -> 7 HP bằng (melee) -> [Holo 40k] <STEAM_1:1:925049770>
L 08/31/2026 - 20:08:50: [FF] [Holo 40k] <STEAM_1:1:925049770> -> 7 HP bằng (melee) -> [Mikasa] <STEAM_1:0:522010986>
L 08/31/2026 - 20:08:50: [FF] [Holo 40k] <STEAM_1:1:925049770> -> 7 HP bằng (melee) -> [Chicoarun] <STEAM_1:0:952954061>
L 08/31/2026 - 20:08:53: [FF] [KeroN] <STEAM_1:1:161759963> -> 8 HP bằng (súng) -> [chimxanh] <STEAM_1:1:626078671>
L 08/31/2026 - 20:08:53: [FF] [KeroN] <STEAM_1:1:161759963> -> 8 HP bằng (súng) -> [chimxanh] <STEAM_1:1:626078671>
L 08/31/2026 - 20:08:53: [FF] [KeroN] <STEAM_1:1:161759963> -> 8 HP bằng (súng) -> [chimxanh] <STEAM_1:1:626078671>
L 08/31/2026 - 20:08:53: [FF] [KeroN] <STEAM_1:1:161759963> -> 8 HP bằng (súng) -> [chimxanh] <STEAM_1:1:626078671>
L 08/31/2026 - 20:08:53: [FF] [KeroN] <STEAM_1:1:161759963> -> 8 HP bằng (súng) -> [chimxanh] <STEAM_1:1:626078671>
L 08/31/2026 - 20:08:53: [HẠ GỤC] KeroN <STEAM_1:1:161759963> đã hạ gục chimxanh <STEAM_1:1:626078671> bằng (súng)
L 08/31/2026 - 20:09:05: [FF] [Lê Hải] <STEAM_1:0:471595906> -> 4 HP bằng (súng) -> [chimxanh] <STEAM_1:1:626078671>
L 08/31/2026 - 20:09:05: [FF] [Lê Hải] <STEAM_1:0:471595906> -> 4 HP bằng (súng) -> [chimxanh] <STEAM_1:1:626078671>
L 08/31/2026 - 20:09:05: [FF] [Lê Hải] <STEAM_1:0:471595906> -> 4 HP bằng (súng) -> [chimxanh] <STEAM_1:1:626078671>
L 08/31/2026 - 20:09:05: [FF] [Lê Hải] <STEAM_1:0:471595906> -> 4 HP bằng (súng) -> [chimxanh] <STEAM_1:1:626078671>
L 08/31/2026 - 20:09:05: [FF] [Lê Hải] <STEAM_1:0:471595906> -> 4 HP bằng (súng) -> [chimxanh] <STEAM_1:1:626078671>
L 08/31/2026 - 20:09:05: [FF] [Lê Hải] <STEAM_1:0:471595906> -> 4 HP bằng (súng) -> [chimxanh] <STEAM_1:1:626078671>
L 08/31/2026 - 20:09:05: [FF] [Lê Hải] <STEAM_1:0:471595906> -> 4 HP bằng (súng) -> [chimxanh] <STEAM_1:1:626078671>
L 08/31/2026 - 20:09:05: [FF] [Lê Hải] <STEAM_1:0:471595906> -> 4 HP bằng (súng) -> [chimxanh] <STEAM_1:1:626078671>
L 08/31/2026 - 20:09:07: [FF] [Chicoarun] <STEAM_1:0:952954061> -> 8 HP bằng (súng) -> [Holo 40k] <STEAM_1:1:925049770>
L 08/31/2026 - 20:09:08: [FF] [Chicoarun] <STEAM_1:0:952954061> -> 8 HP bằng (súng) -> [Holo 40k] <STEAM_1:1:925049770>
L 08/31/2026 - 20:09:08: [FF] [chimxanh] <STEAM_1:1:626078671> -> 8 HP bằng (súng) -> [Holo 40k] <STEAM_1:1:925049770>
L 08/31/2026 - 20:09:08: [FF] [chimxanh] <STEAM_1:1:626078671> -> 8 HP bằng (súng) -> [Holo 40k] <STEAM_1:1:925049770>
L 08/31/2026 - 20:09:12: [FF] [Mikasa] <STEAM_1:0:522010986> -> 8 HP bằng (súng) -> [KeroN] <STEAM_1:1:161759963>
L 08/31/2026 - 20:09:15: [HẠ GỤC] Zombie/Witch/Môi trường <N/A> đã hạ gục Holo 40k <STEAM_1:1:925049770> bằng (môi trường/khác)
L 08/31/2026 - 20:09:18: [HẠ GỤC] Hunter Bot <BOT> đã hạ gục KeroN <STEAM_1:1:161759963> bằng (zombie cào/đấm)
L 08/31/2026 - 20:09:24: [FF] [KeroN] <STEAM_1:1:161759963> -> 8 HP bằng (súng) -> [Mikasa] <STEAM_1:0:522010986>
L 08/31/2026 - 20:09:24: [FF] [KeroN] <STEAM_1:1:161759963> -> 8 HP bằng (súng) -> [Mikasa] <STEAM_1:0:522010986>
L 08/31/2026 - 20:09:41: [FF] [Lê Hải] <STEAM_1:0:471595906> -> 4 HP bằng (súng) -> [Mikasa] <STEAM_1:0:522010986>
L 08/31/2026 - 20:09:58: [FF] [Curren Bouquetd'or] <STEAM_1:1:524205977> -> 4 HP bằng (súng) -> [Coach] <BOT>
L 08/31/2026 - 20:09:58: [FF] [Curren Bouquetd'or] <STEAM_1:1:524205977> -> 4 HP bằng (súng) -> [Coach] <BOT>
L 08/31/2026 - 20:09:58: [FF] [Curren Bouquetd'or] <STEAM_1:1:524205977> -> 4 HP bằng (súng) -> [Coach] <BOT>
L 08/31/2026 - 20:09:58: [FF] [Curren Bouquetd'or] <STEAM_1:1:524205977> -> 4 HP bằng (súng) -> [Coach] <BOT>
L 08/31/2026 - 20:09:58: [FF] [Curren Bouquetd'or] <STEAM_1:1:524205977> -> 4 HP bằng (súng) -> [Coach] <BOT>
L 08/31/2026 - 20:09:58: [FF] [Curren Bouquetd'or] <STEAM_1:1:524205977> -> 4 HP bằng (súng) -> [Coach] <BOT>
L 08/31/2026 - 20:09:58: [FF] [Curren Bouquetd'or] <STEAM_1:1:524205977> -> 4 HP bằng (súng) -> [Coach] <BOT>
L 08/31/2026 - 20:09:58: [FF] [Curren Bouquetd'or] <STEAM_1:1:524205977> -> 4 HP bằng (súng) -> [Coach] <BOT>
L 08/31/2026 - 20:10:02: [FF] [Holo 40k] <STEAM_1:1:925049770> -> 7 HP bằng (melee) -> [Lê Hải] <STEAM_1:0:471595906>
L 08/31/2026 - 20:10:04: [KILL] Zombie/Witch/Môi trường <N/A> đã giết Chicoarun <STEAM_1:0:952954061> bằng (môi trường/khác)
L 08/31/2026 - 20:10:07: [HẠ GỤC] Zombie/Witch/Môi trường <N/A> đã hạ gục Curren Bouquetd'or <STEAM_1:1:524205977> bằng (môi trường/khác)
L 08/31/2026 - 20:10:07: [HẠ GỤC] Zombie/Witch/Môi trường <N/A> đã hạ gục Holo 40k <STEAM_1:1:925049770> bằng (môi trường/khác)
L 08/31/2026 - 20:10:15: [FF] [KeroN] <STEAM_1:1:161759963> -> 8 HP bằng (súng) -> [Vịt-hút-thuốc-lá] <STEAM_1:1:176443622>
L 08/31/2026 - 20:10:15: [FF] [KeroN] <STEAM_1:1:161759963> -> 8 HP bằng (súng) -> [Vịt-hút-thuốc-lá] <STEAM_1:1:176443622>
L 08/31/2026 - 20:10:16: [FF] [KeroN] <STEAM_1:1:161759963> -> 8 HP bằng (súng) -> [Vịt-hút-thuốc-lá] <STEAM_1:1:176443622>
L 08/31/2026 - 20:10:19: [HẠ GỤC] Spitter Bot <BOT> đã hạ gục Vịt-hút-thuốc-lá <STEAM_1:1:176443622> bằng (môi trường/khác)
L 08/31/2026 - 20:10:21: [HẠ GỤC] Spitter Bot <BOT> đã hạ gục KeroN <STEAM_1:1:161759963> bằng (môi trường/khác)
L 08/31/2026 - 20:10:24: [FF] [Lê Hải] <STEAM_1:0:471595906> -> 4 HP bằng (súng) -> [Vịt-hút-thuốc-lá] <STEAM_1:1:176443622>
L 08/31/2026 - 20:10:24: [KILL] Jockey Bot <BOT> đã giết Holo 40k <STEAM_1:1:925049770> bằng (zombie cào/đấm)
L 08/31/2026 - 20:10:26: [FF] [Curren Bouquetd'or] <STEAM_1:1:524205977> -> 1 HP bằng (boom/fire) -> [Vịt-hút-thuốc-lá] <STEAM_1:1:176443622>
L 08/31/2026 - 20:10:26: [HẠ GỤC] Zombie/Witch/Môi trường <N/A> đã hạ gục Lê Hải <STEAM_1:0:471595906> bằng (môi trường/khác)
L 08/31/2026 - 20:10:26: [FF] [Curren Bouquetd'or] <STEAM_1:1:524205977> -> 3 HP bằng (boom/fire) -> [Vịt-hút-thuốc-lá] <STEAM_1:1:176443622>
L 08/31/2026 - 20:10:26: [FF] [Curren Bouquetd'or] <STEAM_1:1:524205977> -> 4 HP bằng (boom/fire) -> [Vịt-hút-thuốc-lá] <STEAM_1:1:176443622>
L 08/31/2026 - 20:10:26: [FF] [Curren Bouquetd'or] <STEAM_1:1:524205977> -> 7 HP bằng (boom/fire) -> [Vịt-hút-thuốc-lá] <STEAM_1:1:176443622>
L 08/31/2026 - 20:10:26: [FF] [Curren Bouquetd'or] <STEAM_1:1:524205977> -> 8 HP bằng (boom/fire) -> [Vịt-hút-thuốc-lá] <STEAM_1:1:176443622>
L 08/31/2026 - 20:10:27: [FF] [Curren Bouquetd'or] <STEAM_1:1:524205977> -> 11 HP bằng (boom/fire) -> [Vịt-hút-thuốc-lá] <STEAM_1:1:176443622>
L 08/31/2026 - 20:10:27: [FF] [Curren Bouquetd'or] <STEAM_1:1:524205977> -> 12 HP bằng (boom/fire) -> [Vịt-hút-thuốc-lá] <STEAM_1:1:176443622>
L 08/31/2026 - 20:10:27: [FF] [Curren Bouquetd'or] <STEAM_1:1:524205977> -> 15 HP bằng (boom/fire) -> [Vịt-hút-thuốc-lá] <STEAM_1:1:176443622>
L 08/31/2026 - 20:10:27: [FF] [Curren Bouquetd'or] <STEAM_1:1:524205977> -> 16 HP bằng (boom/fire) -> [Vịt-hút-thuốc-lá] <STEAM_1:1:176443622>
L 08/31/2026 - 20:10:28: [FF] [Curren Bouquetd'or] <STEAM_1:1:524205977> -> 16 HP bằng (boom/fire) -> [Vịt-hút-thuốc-lá] <STEAM_1:1:176443622>
L 08/31/2026 - 20:10:29: [HẠ GỤC] Zombie/Witch/Môi trường <N/A> đã hạ gục Mikasa <STEAM_1:0:522010986> bằng (môi trường/khác)
L 08/31/2026 - 20:10:32: [HẠ GỤC] Zombie/Witch/Môi trường <N/A> đã hạ gục Curren Bouquetd'or <STEAM_1:1:524205977> bằng (môi trường/khác)
L 08/31/2026 - 20:10:44: [HẠ GỤC] Zombie/Witch/Môi trường <N/A> đã hạ gục chimxanh <STEAM_1:1:626078671> bằng (môi trường/khác)
L 08/31/2026 - 20:10:47: [HẠ GỤC] Zombie/Witch/Môi trường <N/A> đã hạ gục Vịt-hút-thuốc-lá <STEAM_1:1:176443622> bằng (môi trường/khác)
L 08/31/2026 - 20:10:49: [FF] [Mikasa] <STEAM_1:0:522010986> -> 8 HP bằng (súng) -> [chimxanh] <STEAM_1:1:626078671>
L 08/31/2026 - 20:10:59: [FF] [Lê Hải] <STEAM_1:0:471595906> -> 1 HP bằng (boom/fire) -> [Vịt-hút-thuốc-lá] <STEAM_1:1:176443622>
L 08/31/2026 - 20:10:59: [FF] [Lê Hải] <STEAM_1:0:471595906> -> 4 HP bằng (boom/fire) -> [Vịt-hút-thuốc-lá] <STEAM_1:1:176443622>
L 08/31/2026 - 20:10:59: [FF] [Lê Hải] <STEAM_1:0:471595906> -> 5 HP bằng (boom/fire) -> [Vịt-hút-thuốc-lá] <STEAM_1:1:176443622>
L 08/31/2026 - 20:11:00: [FF] [Lê Hải] <STEAM_1:0:471595906> -> 8 HP bằng (boom/fire) -> [Vịt-hút-thuốc-lá] <STEAM_1:1:176443622>
L 08/31/2026 - 20:11:00: [FF] [Lê Hải] <STEAM_1:0:471595906> -> 9 HP bằng (boom/fire) -> [Vịt-hút-thuốc-lá] <STEAM_1:1:176443622>
L 08/31/2026 - 20:11:00: [FF] [Lê Hải] <STEAM_1:0:471595906> -> 12 HP bằng (boom/fire) -> [Vịt-hút-thuốc-lá] <STEAM_1:1:176443622>
L 08/31/2026 - 20:11:00: [FF] [Lê Hải] <STEAM_1:0:471595906> -> 13 HP bằng (boom/fire) -> [Vịt-hút-thuốc-lá] <STEAM_1:1:176443622>
L 08/31/2026 - 20:11:01: [FF] [Lê Hải] <STEAM_1:0:471595906> -> 16 HP bằng (boom/fire) -> [Vịt-hút-thuốc-lá] <STEAM_1:1:176443622>
L 08/31/2026 - 20:11:01: [FF] [Lê Hải] <STEAM_1:0:471595906> -> 16 HP bằng (boom/fire) -> [Vịt-hút-thuốc-lá] <STEAM_1:1:176443622>
L 08/31/2026 - 20:11:01: [FF] [Lê Hải] <STEAM_1:0:471595906> -> 16 HP bằng (boom/fire) -> [Vịt-hút-thuốc-lá] <STEAM_1:1:176443622>
L 08/31/2026 - 20:11:01: [FF] [Lê Hải] <STEAM_1:0:471595906> -> 16 HP bằng (boom/fire) -> [Vịt-hút-thuốc-lá] <STEAM_1:1:176443622>
L 08/31/2026 - 20:11:02: [FF] [Lê Hải] <STEAM_1:0:471595906> -> 16 HP bằng (boom/fire) -> [Vịt-hút-thuốc-lá] <STEAM_1:1:176443622>
L 08/31/2026 - 20:11:02: [FF] [Lê Hải] <STEAM_1:0:471595906> -> 16 HP bằng (boom/fire) -> [Vịt-hút-thuốc-lá] <STEAM_1:1:176443622>
L 08/31/2026 - 20:11:13: [FF] [Curren Bouquetd'or] <STEAM_1:1:524205977> -> 8 HP bằng (súng) -> [Chicoarun] <STEAM_1:0:952954061>
L 08/31/2026 - 20:11:13: [FF] [Curren Bouquetd'or] <STEAM_1:1:524205977> -> 8 HP bằng (súng) -> [Chicoarun] <STEAM_1:0:952954061>
L 08/31/2026 - 20:11:14: [FF] [Curren Bouquetd'or] <STEAM_1:1:524205977> -> 8 HP bằng (súng) -> [Chicoarun] <STEAM_1:0:952954061>
L 08/31/2026 - 20:11:14: [FF] [Curren Bouquetd'or] <STEAM_1:1:524205977> -> 8 HP bằng (súng) -> [Chicoarun] <STEAM_1:0:952954061>
L 08/31/2026 - 20:11:29: [KILL] Zombie/Witch/Môi trường <N/A> đã giết chimxanh <STEAM_1:1:626078671> bằng (môi trường/khác)
L 08/31/2026 - 20:11:33: [HẠ GỤC] Curren Bouquetd'or <STEAM_1:1:524205977> đã hạ gục Chicoarun <STEAM_1:0:952954061> bằng (súng)
L 08/31/2026 - 20:11:33: [FF] [Curren Bouquetd'or] <STEAM_1:1:524205977> -> 8 HP bằng (súng) -> [Chicoarun] <STEAM_1:0:952954061>
L 08/31/2026 - 20:11:33: [FF] [Curren Bouquetd'or] <STEAM_1:1:524205977> -> 8 HP bằng (súng) -> [Chicoarun] <STEAM_1:0:952954061>
L 08/31/2026 - 20:11:33: [FF] [Curren Bouquetd'or] <STEAM_1:1:524205977> -> 8 HP bằng (súng) -> [Chicoarun] <STEAM_1:0:952954061>
L 08/31/2026 - 20:13:46: [FF] [Mikasa] <STEAM_1:0:522010986> -> 14 HP bằng (súng) -> [KeroN] <STEAM_1:1:161759963>
L 08/31/2026 - 20:14:07: [FF] [chimxanh] <STEAM_1:1:626078671> -> 8 HP bằng (súng) -> [Chicoarun] <STEAM_1:0:952954061>
L 08/31/2026 - 20:14:07: [FF] [chimxanh] <STEAM_1:1:626078671> -> 8 HP bằng (súng) -> [Chicoarun] <STEAM_1:0:952954061>
L 08/31/2026 - 20:14:07: [FF] [chimxanh] <STEAM_1:1:626078671> -> 8 HP bằng (súng) -> [Chicoarun] <STEAM_1:0:952954061>
L 08/31/2026 - 20:14:07: [FF] [chimxanh] <STEAM_1:1:626078671> -> 8 HP bằng (súng) -> [Chicoarun] <STEAM_1:0:952954061>
L 08/31/2026 - 20:14:07: [FF] [TezzyPham] <STEAM_1:1:933338290> -> 1 HP bằng (súng) -> [KeroN] <STEAM_1:1:161759963>
L 08/31/2026 - 20:14:10: [HẠ GỤC] Zombie/Witch/Môi trường <N/A> đã hạ gục Curren Bouquetd'or <STEAM_1:1:524205977> bằng (môi trường/khác)
L 08/31/2026 - 20:14:11: [HẠ GỤC] Lê Hải <STEAM_1:0:471595906> đã hạ gục Chicoarun <STEAM_1:0:952954061> bằng (súng)
L 08/31/2026 - 20:14:11: [FF] [Mikasa] <STEAM_1:0:522010986> -> 14 HP bằng (súng) -> [Chicoarun] <STEAM_1:0:952954061>
L 08/31/2026 - 20:14:11: [HẠ GỤC] Hunter Bot <BOT> đã hạ gục Holo 40k <STEAM_1:1:925049770> bằng (zombie cào/đấm)
L 08/31/2026 - 20:14:27: [FF] [Chicoarun] <STEAM_1:0:952954061> -> 4 HP bằng (súng) -> [KeroN] <STEAM_1:1:161759963>
L 08/31/2026 - 20:14:27: [FF] [Chicoarun] <STEAM_1:0:952954061> -> 4 HP bằng (súng) -> [KeroN] <STEAM_1:1:161759963>
L 08/31/2026 - 20:14:27: [FF] [Chicoarun] <STEAM_1:0:952954061> -> 4 HP bằng (súng) -> [KeroN] <STEAM_1:1:161759963>
L 08/31/2026 - 20:14:27: [FF] [Chicoarun] <STEAM_1:0:952954061> -> 4 HP bằng (súng) -> [KeroN] <STEAM_1:1:161759963>
L 08/31/2026 - 20:14:27: [FF] [Chicoarun] <STEAM_1:0:952954061> -> 4 HP bằng (súng) -> [KeroN] <STEAM_1:1:161759963>
L 08/31/2026 - 20:14:27: [FF] [Chicoarun] <STEAM_1:0:952954061> -> 4 HP bằng (súng) -> [KeroN] <STEAM_1:1:161759963>
L 08/31/2026 - 20:14:27: [FF] [Chicoarun] <STEAM_1:0:952954061> -> 4 HP bằng (súng) -> [KeroN] <STEAM_1:1:161759963>
L 08/31/2026 - 20:14:27: [FF] [Chicoarun] <STEAM_1:0:952954061> -> 4 HP bằng (súng) -> [KeroN] <STEAM_1:1:161759963>
L 08/31/2026 - 20:14:27: [FF] [Chicoarun] <STEAM_1:0:952954061> -> 4 HP bằng (súng) -> [KeroN] <STEAM_1:1:161759963>
L 08/31/2026 - 20:14:27: [FF] [Chicoarun] <STEAM_1:0:952954061> -> 4 HP bằng (súng) -> [KeroN] <STEAM_1:1:161759963>
L 08/31/2026 - 20:14:27: [FF] [Chicoarun] <STEAM_1:0:952954061> -> 4 HP bằng (súng) -> [KeroN] <STEAM_1:1:161759963>
L 08/31/2026 - 20:14:27: [FF] [Chicoarun] <STEAM_1:0:952954061> -> 4 HP bằng (súng) -> [KeroN] <STEAM_1:1:161759963>
L 08/31/2026 - 20:14:27: [FF] [Chicoarun] <STEAM_1:0:952954061> -> 4 HP bằng (súng) -> [KeroN] <STEAM_1:1:161759963>
L 08/31/2026 - 20:14:27: [FF] [Chicoarun] <STEAM_1:0:952954061> -> 4 HP bằng (súng) -> [KeroN] <STEAM_1:1:161759963>
L 08/31/2026 - 20:14:27: [FF] [Chicoarun] <STEAM_1:0:952954061> -> 4 HP bằng (súng) -> [KeroN] <STEAM_1:1:161759963>
L 08/31/2026 - 20:14:27: [FF] [Chicoarun] <STEAM_1:0:952954061> -> 4 HP bằng (súng) -> [KeroN] <STEAM_1:1:161759963>
L 08/31/2026 - 20:14:38: [FF] [TezzyPham] <STEAM_1:1:933338290> -> 14 HP bằng (súng) -> [Curren Bouquetd'or] <STEAM_1:1:524205977>
L 08/31/2026 - 20:14:45: [FF] [Lê Hải] <STEAM_1:0:471595906> -> 14 HP bằng (súng) -> [Holo 40k] <STEAM_1:1:925049770>
L 08/31/2026 - 20:14:46: [FF] [Lê Hải] <STEAM_1:0:471595906> -> 14 HP bằng (súng) -> [Holo 40k] <STEAM_1:1:925049770>
L 08/31/2026 - 20:14:46: [FF] [Lê Hải] <STEAM_1:0:471595906> -> 14 HP bằng (súng) -> [Holo 40k] <STEAM_1:1:925049770>
L 08/31/2026 - 20:14:46: [KILL] Zombie/Witch/Môi trường <N/A> đã giết Holo 40k <STEAM_1:1:925049770> bằng (zombie cào/đấm)
L 08/31/2026 - 20:14:49: [FF] [Chicoarun] <STEAM_1:0:952954061> -> 5 HP bằng (môi trường/khác) -> [chimxanh] <STEAM_1:1:626078671>
L 08/31/2026 - 20:14:49: [HẠ GỤC] Spitter Bot <BOT> đã hạ gục TezzyPham <STEAM_1:1:933338290> bằng (môi trường/khác)
L 08/31/2026 - 20:14:49: [FF] [Chicoarun] <STEAM_1:0:952954061> -> 20 HP bằng (súng) -> [Mikasa] <STEAM_1:0:522010986>
L 08/31/2026 - 20:14:50: [KILL] Zombie/Witch/Môi trường <N/A> đã giết TezzyPham <STEAM_1:1:933338290> bằng (zombie cào/đấm)
L 08/31/2026 - 20:14:50: [HẠ GỤC] Spitter Bot <BOT> đã hạ gục Chicoarun <STEAM_1:0:952954061> bằng (môi trường/khác)
L 08/31/2026 - 20:14:50: [HẠ GỤC] Spitter Bot <BOT> đã hạ gục chimxanh <STEAM_1:1:626078671> bằng (môi trường/khác)
L 08/31/2026 - 20:14:51: [HẠ GỤC] Spitter Bot <BOT> đã hạ gục Lê Hải <STEAM_1:0:471595906> bằng (môi trường/khác)
L 08/31/2026 - 20:14:52: [HẠ GỤC] Curren Bouquetd'or <STEAM_1:1:524205977> đã hạ gục KeroN <STEAM_1:1:161759963> bằng (súng)
L 08/31/2026 - 20:14:52: [FF] [Curren Bouquetd'or] <STEAM_1:1:524205977> -> 8 HP bằng (súng) -> [KeroN] <STEAM_1:1:161759963>
L 08/31/2026 - 20:14:52: [FF] [Curren Bouquetd'or] <STEAM_1:1:524205977> -> 8 HP bằng (súng) -> [Chicoarun] <STEAM_1:0:952954061>
L 08/31/2026 - 20:14:53: [KILL] Zombie/Witch/Môi trường <N/A> đã giết Curren Bouquetd'or <STEAM_1:1:524205977> bằng (zombie cào/đấm)
L 08/31/2026 - 20:14:53: [FF] [Curren Bouquetd'or] <STEAM_1:1:524205977> -> 1 HP bằng (môi trường/khác) -> [chimxanh] <STEAM_1:1:626078671>
L 08/31/2026 - 20:14:53: [FF] [Curren Bouquetd'or] <STEAM_1:1:524205977> -> 1 HP bằng (môi trường/khác) -> [Lê Hải] <STEAM_1:0:471595906>
L 08/31/2026 - 20:14:53: [FF] [Curren Bouquetd'or] <STEAM_1:1:524205977> -> 1 HP bằng (môi trường/khác) -> [Chicoarun] <STEAM_1:0:952954061>
L 08/31/2026 - 20:14:53: [FF] [Curren Bouquetd'or] <STEAM_1:1:524205977> -> 1 HP bằng (môi trường/khác) -> [KeroN] <STEAM_1:1:161759963>
L 08/31/2026 - 20:14:53: [HẠ GỤC] Spitter Bot <BOT> đã hạ gục Mikasa <STEAM_1:0:522010986> bằng (zombie cào/đấm)
L 08/31/2026 - 20:14:56: [KILL] Zombie/Witch/Môi trường <N/A> đã giết Vịt-hút-thuốc-lá <STEAM_1:1:176443622> bằng (zombie cào/đấm)
L 08/31/2026 - 20:14:56: [FF] [TezzyPham] <STEAM_1:1:933338290> -> 1 HP bằng (môi trường/khác) -> [Mikasa] <STEAM_1:0:522010986>
L 08/31/2026 - 20:14:56: [FF] [TezzyPham] <STEAM_1:1:933338290> -> 1 HP bằng (môi trường/khác) -> [Chicoarun] <STEAM_1:0:952954061>
L 08/31/2026 - 20:14:56: [FF] [TezzyPham] <STEAM_1:1:933338290> -> 1 HP bằng (môi trường/khác) -> [Lê Hải] <STEAM_1:0:471595906>
L 08/31/2026 - 20:15:30: [FF] [chimxanh] <STEAM_1:1:626078671> -> 5 HP bằng (melee) -> [Mikasa] <STEAM_1:0:522010986>
L 08/31/2026 - 20:15:45: [HẠ GỤC] Zombie/Witch/Môi trường <N/A> đã hạ gục Lê Hải <STEAM_1:0:471595906> bằng (môi trường/khác)
L 08/31/2026 - 20:15:52: [HẠ GỤC] Zombie/Witch/Môi trường <N/A> đã hạ gục KeroN <STEAM_1:1:161759963> bằng (môi trường/khác)
L 08/31/2026 - 20:15:59: [FF] [Chicoarun] <STEAM_1:0:952954061> -> 4 HP bằng (súng) -> [TezzyPham] <STEAM_1:1:933338290>
L 08/31/2026 - 20:15:59: [FF] [Chicoarun] <STEAM_1:0:952954061> -> 4 HP bằng (súng) -> [TezzyPham] <STEAM_1:1:933338290>
L 08/31/2026 - 20:15:59: [FF] [Chicoarun] <STEAM_1:0:952954061> -> 4 HP bằng (súng) -> [TezzyPham] <STEAM_1:1:933338290>
L 08/31/2026 - 20:15:59: [FF] [Chicoarun] <STEAM_1:0:952954061> -> 4 HP bằng (súng) -> [TezzyPham] <STEAM_1:1:933338290>
L 08/31/2026 - 20:15:59: [FF] [Chicoarun] <STEAM_1:0:952954061> -> 4 HP bằng (súng) -> [TezzyPham] <STEAM_1:1:933338290>
L 08/31/2026 - 20:16:34: [FF] [Curren Bouquetd'or] <STEAM_1:1:524205977> -> 4 HP bằng (súng) -> [Holo 40k] <STEAM_1:1:925049770>
L 08/31/2026 - 20:16:34: [FF] [Curren Bouquetd'or] <STEAM_1:1:524205977> -> 4 HP bằng (súng) -> [Holo 40k] <STEAM_1:1:925049770>
L 08/31/2026 - 20:16:34: [FF] [Curren Bouquetd'or] <STEAM_1:1:524205977> -> 4 HP bằng (súng) -> [Holo 40k] <STEAM_1:1:925049770>
L 08/31/2026 - 20:16:34: [FF] [Curren Bouquetd'or] <STEAM_1:1:524205977> -> 4 HP bằng (súng) -> [Holo 40k] <STEAM_1:1:925049770>
L 08/31/2026 - 20:16:34: [FF] [Curren Bouquetd'or] <STEAM_1:1:524205977> -> 4 HP bằng (súng) -> [Holo 40k] <STEAM_1:1:925049770>
L 08/31/2026 - 20:16:34: [FF] [Curren Bouquetd'or] <STEAM_1:1:524205977> -> 4 HP bằng (súng) -> [Holo 40k] <STEAM_1:1:925049770>
L 08/31/2026 - 20:16:36: [FF] [Lê Hải] <STEAM_1:0:471595906> -> 14 HP bằng (súng) -> [Chicoarun] <STEAM_1:0:952954061>
L 08/31/2026 - 20:16:36: [FF] [KeroN] <STEAM_1:1:161759963> -> 23 HP bằng (súng) -> [Chicoarun] <STEAM_1:0:952954061>
L 08/31/2026 - 20:16:36: [FF] [Mikasa] <STEAM_1:0:522010986> -> 14 HP bằng (súng) -> [Chicoarun] <STEAM_1:0:952954061>
L 08/31/2026 - 20:16:38: [FF] [Lê Hải] <STEAM_1:0:471595906> -> 14 HP bằng (súng) -> [Curren Bouquetd'or] <STEAM_1:1:524205977>
L 08/31/2026 - 20:16:38: [FF] [Lê Hải] <STEAM_1:0:471595906> -> 14 HP bằng (súng) -> [Curren Bouquetd'or] <STEAM_1:1:524205977>
L 08/31/2026 - 20:16:40: [FF] [chimxanh] <STEAM_1:1:626078671> -> 8 HP bằng (súng) -> [KeroN] <STEAM_1:1:161759963>
L 08/31/2026 - 20:16:55: [HẠ GỤC] Spitter Bot <BOT> đã hạ gục chimxanh <STEAM_1:1:626078671> bằng (môi trường/khác)
L 08/31/2026 - 20:16:57: [HẠ GỤC] Spitter Bot <BOT> đã hạ gục Mikasa <STEAM_1:0:522010986> bằng (môi trường/khác)
L 08/31/2026 - 20:16:57: [FF] [Curren Bouquetd'or] <STEAM_1:1:524205977> -> 4 HP bằng (súng) -> [Lê Hải] <STEAM_1:0:471595906>
L 08/31/2026 - 20:17:11: [FF] [Vịt-hút-thuốc-lá] <STEAM_1:1:176443622> -> 8 HP bằng (súng) -> [Nick] <BOT>
L 08/31/2026 - 20:17:28: [FF] [Mikasa] <STEAM_1:0:522010986> -> 14 HP bằng (súng) -> [Curren Bouquetd'or] <STEAM_1:1:524205977>
L 08/31/2026 - 20:17:29: [FF] [Holo 40k] <STEAM_1:1:925049770> -> 7 HP bằng (melee) -> [Curren Bouquetd'or] <STEAM_1:1:524205977>
L 08/31/2026 - 20:17:32: [HẠ GỤC] Zombie/Witch/Môi trường <N/A> đã hạ gục Curren Bouquetd'or <STEAM_1:1:524205977> bằng (môi trường/khác)
L 08/31/2026 - 20:17:51: [FF] [TezzyPham] <BOT_OR_UNKNOWN> -> 7 HP bằng (melee) -> [Holo 40k] <STEAM_1:1:925049770>
L 08/31/2026 - 20:17:53: [FF] [Vịt-hút-thuốc-lá] <STEAM_1:1:176443622> -> 8 HP bằng (súng) -> [KeroN] <STEAM_1:1:161759963>
L 08/31/2026 - 20:17:53: [FF] [Vịt-hút-thuốc-lá] <STEAM_1:1:176443622> -> 8 HP bằng (súng) -> [KeroN] <STEAM_1:1:161759963>
L 08/31/2026 - 20:17:56: [FF] [Chicoarun] <STEAM_1:0:952954061> -> 4 HP bằng (súng) -> [Mikasa] <STEAM_1:0:522010986>
L 08/31/2026 - 20:17:56: [FF] [Chicoarun] <STEAM_1:0:952954061> -> 4 HP bằng (súng) -> [Mikasa] <STEAM_1:0:522010986>
L 08/31/2026 - 20:17:56: [FF] [Chicoarun] <STEAM_1:0:952954061> -> 4 HP bằng (súng) -> [Mikasa] <STEAM_1:0:522010986>
L 08/31/2026 - 20:17:56: [FF] [Chicoarun] <STEAM_1:0:952954061> -> 4 HP bằng (súng) -> [Mikasa] <STEAM_1:0:522010986>
L 08/31/2026 - 20:17:56: [FF] [Chicoarun] <STEAM_1:0:952954061> -> 4 HP bằng (súng) -> [Mikasa] <STEAM_1:0:522010986>
L 08/31/2026 - 20:17:56: [FF] [Chicoarun] <STEAM_1:0:952954061> -> 4 HP bằng (súng) -> [Mikasa] <STEAM_1:0:522010986>
L 08/31/2026 - 20:17:56: [FF] [Chicoarun] <STEAM_1:0:952954061> -> 4 HP bằng (súng) -> [Mikasa] <STEAM_1:0:522010986>
L 08/31/2026 - 20:17:56: [FF] [Chicoarun] <STEAM_1:0:952954061> -> 4 HP bằng (súng) -> [Mikasa] <STEAM_1:0:522010986>
L 08/31/2026 - 20:17:56: [FF] [Chicoarun] <STEAM_1:0:952954061> -> 4 HP bằng (súng) -> [Mikasa] <STEAM_1:0:522010986>
L 08/31/2026 - 20:17:56: [FF] [Chicoarun] <STEAM_1:0:952954061> -> 4 HP bằng (súng) -> [Mikasa] <STEAM_1:0:522010986>
L 08/31/2026 - 20:17:56: [FF] [Chicoarun] <STEAM_1:0:952954061> -> 4 HP bằng (súng) -> [Mikasa] <STEAM_1:0:522010986>
L 08/31/2026 - 20:17:56: [FF] [Chicoarun] <STEAM_1:0:952954061> -> 4 HP bằng (súng) -> [Mikasa] <STEAM_1:0:522010986>
L 08/31/2026 - 20:17:56: [FF] [Chicoarun] <STEAM_1:0:952954061> -> 4 HP bằng (súng) -> [Mikasa] <STEAM_1:0:522010986>
L 08/31/2026 - 20:17:56: [FF] [Chicoarun] <STEAM_1:0:952954061> -> 4 HP bằng (súng) -> [Mikasa] <STEAM_1:0:522010986>
L 08/31/2026 - 20:17:56: [FF] [Chicoarun] <STEAM_1:0:952954061> -> 4 HP bằng (súng) -> [Mikasa] <STEAM_1:0:522010986>
L 08/31/2026 - 20:17:56: [FF] [Chicoarun] <STEAM_1:0:952954061> -> 4 HP bằng (súng) -> [Mikasa] <STEAM_1:0:522010986>
L 08/31/2026 - 20:18:11: [HẠ GỤC] Hunter Bot <BOT> đã hạ gục Chicoarun <STEAM_1:0:952954061> bằng (zombie cào/đấm)
L 08/31/2026 - 20:18:13: [FF] [Holo 40k] <STEAM_1:1:925049770> -> 7 HP bằng (melee) -> [KeroN] <STEAM_1:1:161759963>
L 08/31/2026 - 20:18:14: [HẠ GỤC] Lê Hải <STEAM_1:0:471595906> đã hạ gục KeroN <STEAM_1:1:161759963> bằng (súng)
L 08/31/2026 - 20:18:16: [HẠ GỤC] Boomer Bot <BOT> đã hạ gục Holo 40k <STEAM_1:1:925049770> bằng (môi trường/khác)
L 08/31/2026 - 20:18:27: [HẠ GỤC] Lê Hải <STEAM_1:0:471595906> đã hạ gục Mikasa <STEAM_1:0:522010986> bằng (súng)
L 08/31/2026 - 20:18:29: [FF] [Chicoarun] <STEAM_1:0:952954061> -> 4 HP bằng (súng) -> [KeroN] <STEAM_1:1:161759963>
L 08/31/2026 - 20:18:29: [FF] [Chicoarun] <STEAM_1:0:952954061> -> 4 HP bằng (súng) -> [KeroN] <STEAM_1:1:161759963>
L 08/31/2026 - 20:18:29: [FF] [Chicoarun] <STEAM_1:0:952954061> -> 4 HP bằng (súng) -> [KeroN] <STEAM_1:1:161759963>
L 08/31/2026 - 20:18:29: [FF] [Chicoarun] <STEAM_1:0:952954061> -> 4 HP bằng (súng) -> [KeroN] <STEAM_1:1:161759963>
L 08/31/2026 - 20:18:29: [FF] [Chicoarun] <STEAM_1:0:952954061> -> 4 HP bằng (súng) -> [KeroN] <STEAM_1:1:161759963>
L 08/31/2026 - 20:18:29: [FF] [Chicoarun] <STEAM_1:0:952954061> -> 4 HP bằng (súng) -> [KeroN] <STEAM_1:1:161759963>
L 08/31/2026 - 20:18:29: [FF] [Chicoarun] <STEAM_1:0:952954061> -> 4 HP bằng (súng) -> [KeroN] <STEAM_1:1:161759963>
L 08/31/2026 - 20:18:29: [FF] [Chicoarun] <STEAM_1:0:952954061> -> 4 HP bằng (súng) -> [KeroN] <STEAM_1:1:161759963>
L 08/31/2026 - 20:18:29: [FF] [Chicoarun] <STEAM_1:0:952954061> -> 4 HP bằng (súng) -> [KeroN] <STEAM_1:1:161759963>
L 08/31/2026 - 20:18:31: [HẠ GỤC] Zombie/Witch/Môi trường <N/A> đã hạ gục TezzyPham <BOT_OR_UNKNOWN> bằng (môi trường/khác)
L 08/31/2026 - 20:18:57: [HẠ GỤC] Zombie/Witch/Môi trường <N/A> đã hạ gục Holo 40k <STEAM_1:1:925049770> bằng (môi trường/khác)
L 08/31/2026 - 20:19:06: [FF] [chimxanh] <STEAM_1:1:626078671> -> 7 HP bằng (melee) -> [TezzyPham] <BOT_OR_UNKNOWN>
L 08/31/2026 - 20:19:06: [FF] [Mikasa] <STEAM_1:0:522010986> -> 5 HP bằng (melee) -> [chimxanh] <STEAM_1:1:626078671>
L 08/31/2026 - 20:19:06: [FF] [Mikasa] <STEAM_1:0:522010986> -> 5 HP bằng (melee) -> [TezzyPham] <BOT_OR_UNKNOWN>
L 08/31/2026 - 20:19:19: [FF] [Lê Hải] <STEAM_1:0:471595906> -> 14 HP bằng (súng) -> [KeroN] <STEAM_1:1:161759963>
L 08/31/2026 - 20:19:20: [FF] [Curren Bouquetd'or] <STEAM_1:1:524205977> -> 1 HP bằng (súng) -> [TezzyPham] <BOT_OR_UNKNOWN>
L 08/31/2026 - 20:19:20: [FF] [Holo 40k] <STEAM_1:1:925049770> -> 7 HP bằng (melee) -> [TezzyPham] <BOT_OR_UNKNOWN>
L 08/31/2026 - 20:19:21: [FF] [TezzyPham] <BOT_OR_UNKNOWN> -> 7 HP bằng (melee) -> [Curren Bouquetd'or] <STEAM_1:1:524205977>
L 08/31/2026 - 20:19:27: [FF] [TezzyPham] <BOT_OR_UNKNOWN> -> 14 HP bằng (súng) -> [Holo 40k] <STEAM_1:1:925049770>
L 08/31/2026 - 20:19:29: [HẠ GỤC] Zombie/Witch/Môi trường <N/A> đã hạ gục Vịt-hút-thuốc-lá <STEAM_1:1:176443622> bằng (môi trường/khác)
L 08/31/2026 - 20:19:31: [HẠ GỤC] Zombie/Witch/Môi trường <N/A> đã hạ gục chimxanh <STEAM_1:1:626078671> bằng (môi trường/khác)
L 08/31/2026 - 20:19:31: [FF] [Lê Hải] <STEAM_1:0:471595906> -> 14 HP bằng (súng) -> [Chicoarun] <STEAM_1:0:952954061>
L 08/31/2026 - 20:19:36: [HẠ GỤC] Hunter Bot <BOT> đã hạ gục Curren Bouquetd'or <STEAM_1:1:524205977> bằng (zombie cào/đấm)
L 08/31/2026 - 20:19:38: [FF] [Holo 40k] <STEAM_1:1:925049770> -> 4 HP bằng (boom/fire) -> [chimxanh] <STEAM_1:1:626078671>
L 08/31/2026 - 20:19:38: [FF] [Holo 40k] <STEAM_1:1:925049770> -> 5 HP bằng (boom/fire) -> [chimxanh] <STEAM_1:1:626078671>
L 08/31/2026 - 20:19:39: [FF] [Holo 40k] <STEAM_1:1:925049770> -> 8 HP bằng (boom/fire) -> [chimxanh] <STEAM_1:1:626078671>
L 08/31/2026 - 20:19:39: [FF] [Holo 40k] <STEAM_1:1:925049770> -> 9 HP bằng (boom/fire) -> [chimxanh] <STEAM_1:1:626078671>
L 08/31/2026 - 20:19:39: [FF] [Holo 40k] <STEAM_1:1:925049770> -> 12 HP bằng (boom/fire) -> [chimxanh] <STEAM_1:1:626078671>
L 08/31/2026 - 20:19:39: [FF] [Holo 40k] <STEAM_1:1:925049770> -> 13 HP bằng (boom/fire) -> [chimxanh] <STEAM_1:1:626078671>
L 08/31/2026 - 20:19:40: [FF] [Holo 40k] <STEAM_1:1:925049770> -> 16 HP bằng (boom/fire) -> [chimxanh] <STEAM_1:1:626078671>
L 08/31/2026 - 20:19:40: [FF] [Holo 40k] <STEAM_1:1:925049770> -> 16 HP bằng (boom/fire) -> [chimxanh] <STEAM_1:1:626078671>
L 08/31/2026 - 20:19:40: [FF] [Holo 40k] <STEAM_1:1:925049770> -> 16 HP bằng (boom/fire) -> [chimxanh] <STEAM_1:1:626078671>
L 08/31/2026 - 20:19:46: [FF] [Lê Hải] <STEAM_1:0:471595906> -> 14 HP bằng (súng) -> [KeroN] <STEAM_1:1:161759963>
L 08/31/2026 - 20:19:47: [FF] [Lê Hải] <STEAM_1:0:471595906> -> 14 HP bằng (súng) -> [KeroN] <STEAM_1:1:161759963>
L 08/31/2026 - 20:19:57: [FF] [Lê Hải] <STEAM_1:0:471595906> -> 1 HP bằng (súng) -> [TezzyPham] <BOT_OR_UNKNOWN>
L 08/31/2026 - 20:19:57: [FF] [Curren Bouquetd'or] <STEAM_1:1:524205977> -> 8 HP bằng (súng) -> [KeroN] <STEAM_1:1:161759963>
L 08/31/2026 - 20:19:58: [FF] [Curren Bouquetd'or] <STEAM_1:1:524205977> -> 8 HP bằng (súng) -> [KeroN] <STEAM_1:1:161759963>
L 08/31/2026 - 20:19:59: [FF] [Curren Bouquetd'or] <STEAM_1:1:524205977> -> 8 HP bằng (súng) -> [Holo 40k] <STEAM_1:1:925049770>
L 08/31/2026 - 20:19:59: [FF] [Curren Bouquetd'or] <STEAM_1:1:524205977> -> 8 HP bằng (súng) -> [Holo 40k] <STEAM_1:1:925049770>
L 08/31/2026 - 20:19:59: [FF] [Curren Bouquetd'or] <STEAM_1:1:524205977> -> 8 HP bằng (súng) -> [Holo 40k] <STEAM_1:1:925049770>
L 08/31/2026 - 20:19:59: [FF] [Curren Bouquetd'or] <STEAM_1:1:524205977> -> 8 HP bằng (súng) -> [Mikasa] <STEAM_1:0:522010986>
L 08/31/2026 - 20:19:59: [FF] [Curren Bouquetd'or] <STEAM_1:1:524205977> -> 8 HP bằng (súng) -> [Mikasa] <STEAM_1:0:522010986>
L 08/31/2026 - 20:20:00: [FF] [Curren Bouquetd'or] <STEAM_1:1:524205977> -> 8 HP bằng (súng) -> [Holo 40k] <STEAM_1:1:925049770>
L 08/31/2026 - 20:20:09: [HẠ GỤC] Tank <BOT> đã hạ gục TezzyPham <BOT_OR_UNKNOWN> bằng (môi trường/khác)
L 08/31/2026 - 20:20:10: [FF] [Mikasa] <STEAM_1:0:522010986> -> 5 HP bằng (melee) -> [Chicoarun] <STEAM_1:0:952954061>
L 08/31/2026 - 20:20:14: [FF] [Holo 40k] <STEAM_1:1:925049770> -> 7 HP bằng (melee) -> [Vịt-hút-thuốc-lá] <STEAM_1:1:176443622>
L 08/31/2026 - 20:20:15: [FF] [Holo 40k] <STEAM_1:1:925049770> -> 7 HP bằng (melee) -> [Curren Bouquetd'or] <STEAM_1:1:524205977>
L 08/31/2026 - 20:20:15: [FF] [Mikasa] <STEAM_1:0:522010986> -> 1 HP bằng (boom/fire) -> [TezzyPham] <BOT_OR_UNKNOWN>
L 08/31/2026 - 20:20:16: [FF] [Mikasa] <STEAM_1:0:522010986> -> 3 HP bằng (boom/fire) -> [TezzyPham] <BOT_OR_UNKNOWN>
L 08/31/2026 - 20:20:16: [FF] [Mikasa] <STEAM_1:0:522010986> -> 5 HP bằng (boom/fire) -> [TezzyPham] <BOT_OR_UNKNOWN>
L 08/31/2026 - 20:20:16: [FF] [Mikasa] <STEAM_1:0:522010986> -> 7 HP bằng (boom/fire) -> [TezzyPham] <BOT_OR_UNKNOWN>
L 08/31/2026 - 20:20:16: [FF] [Mikasa] <STEAM_1:0:522010986> -> 9 HP bằng (boom/fire) -> [TezzyPham] <BOT_OR_UNKNOWN>
L 08/31/2026 - 20:20:17: [FF] [Mikasa] <STEAM_1:0:522010986> -> 11 HP bằng (boom/fire) -> [TezzyPham] <BOT_OR_UNKNOWN>
L 08/31/2026 - 20:20:17: [FF] [Chicoarun] <STEAM_1:0:952954061> -> 1 HP bằng (boom/fire) -> [TezzyPham] <BOT_OR_UNKNOWN>
L 08/31/2026 - 20:20:17: [FF] [Chicoarun] <STEAM_1:0:952954061> -> 4 HP bằng (boom/fire) -> [TezzyPham] <BOT_OR_UNKNOWN>
L 08/31/2026 - 20:20:17: [FF] [Chicoarun] <STEAM_1:0:952954061> -> 5 HP bằng (boom/fire) -> [TezzyPham] <BOT_OR_UNKNOWN>
L 08/31/2026 - 20:20:18: [FF] [Chicoarun] <STEAM_1:0:952954061> -> 8 HP bằng (boom/fire) -> [TezzyPham] <BOT_OR_UNKNOWN>
L 08/31/2026 - 20:20:18: [FF] [Chicoarun] <STEAM_1:0:952954061> -> 9 HP bằng (boom/fire) -> [TezzyPham] <BOT_OR_UNKNOWN>
L 08/31/2026 - 20:20:18: [FF] [Chicoarun] <STEAM_1:0:952954061> -> 12 HP bằng (boom/fire) -> [TezzyPham] <BOT_OR_UNKNOWN>
L 08/31/2026 - 20:20:18: [FF] [Chicoarun] <STEAM_1:0:952954061> -> 13 HP bằng (boom/fire) -> [TezzyPham] <BOT_OR_UNKNOWN>
L 08/31/2026 - 20:20:19: [FF] [Chicoarun] <STEAM_1:0:952954061> -> 16 HP bằng (boom/fire) -> [TezzyPham] <BOT_OR_UNKNOWN>
L 08/31/2026 - 20:20:19: [FF] [Chicoarun] <STEAM_1:0:952954061> -> 16 HP bằng (boom/fire) -> [TezzyPham] <BOT_OR_UNKNOWN>
L 08/31/2026 - 20:20:19: [FF] [Mikasa] <STEAM_1:0:522010986> -> 16 HP bằng (boom/fire) -> [TezzyPham] <BOT_OR_UNKNOWN>
L 08/31/2026 - 20:20:19: [FF] [Chicoarun] <STEAM_1:0:952954061> -> 16 HP bằng (boom/fire) -> [TezzyPham] <BOT_OR_UNKNOWN>
L 08/31/2026 - 20:20:19: [FF] [Mikasa] <STEAM_1:0:522010986> -> 16 HP bằng (boom/fire) -> [TezzyPham] <BOT_OR_UNKNOWN>
L 08/31/2026 - 20:20:19: [FF] [Chicoarun] <STEAM_1:0:952954061> -> 16 HP bằng (boom/fire) -> [TezzyPham] <BOT_OR_UNKNOWN>
L 08/31/2026 - 20:20:20: [FF] [Chicoarun] <STEAM_1:0:952954061> -> 16 HP bằng (boom/fire) -> [TezzyPham] <BOT_OR_UNKNOWN>
L 08/31/2026 - 20:20:20: [FF] [Mikasa] <STEAM_1:0:522010986> -> 16 HP bằng (boom/fire) -> [TezzyPham] <BOT_OR_UNKNOWN>
L 08/31/2026 - 20:20:20: [FF] [Chicoarun] <STEAM_1:0:952954061> -> 16 HP bằng (boom/fire) -> [TezzyPham] <BOT_OR_UNKNOWN>
L 08/31/2026 - 20:20:20: [FF] [Lê Hải] <STEAM_1:0:471595906> -> 7 HP bằng (melee) -> [chimxanh] <STEAM_1:1:626078671>
L 08/31/2026 - 20:20:20: [FF] [Chicoarun] <STEAM_1:0:952954061> -> 16 HP bằng (boom/fire) -> [TezzyPham] <BOT_OR_UNKNOWN>
L 08/31/2026 - 20:20:20: [FF] [Chicoarun] <STEAM_1:0:952954061> -> 16 HP bằng (boom/fire) -> [TezzyPham] <BOT_OR_UNKNOWN>
L 08/31/2026 - 20:20:20: [FF] [Mikasa] <STEAM_1:0:522010986> -> 16 HP bằng (boom/fire) -> [TezzyPham] <BOT_OR_UNKNOWN>
L 08/31/2026 - 20:20:21: [FF] [Chicoarun] <STEAM_1:0:952954061> -> 16 HP bằng (boom/fire) -> [TezzyPham] <BOT_OR_UNKNOWN>
L 08/31/2026 - 20:20:21: [FF] [Curren Bouquetd'or] <STEAM_1:1:524205977> -> 8 HP bằng (súng) -> [KeroN] <STEAM_1:1:161759963>
L 08/31/2026 - 20:20:21: [FF] [Chicoarun] <STEAM_1:0:952954061> -> 16 HP bằng (boom/fire) -> [TezzyPham] <BOT_OR_UNKNOWN>
L 08/31/2026 - 20:20:21: [FF] [Lê Hải] <STEAM_1:0:471595906> -> 7 HP bằng (melee) -> [Mikasa] <STEAM_1:0:522010986>
L 08/31/2026 - 20:20:21: [FF] [Curren Bouquetd'or] <STEAM_1:1:524205977> -> 8 HP bằng (súng) -> [Lê Hải] <STEAM_1:0:471595906>
L 08/31/2026 - 20:20:21: [FF] [Lê Hải] <STEAM_1:0:471595906> -> 7 HP bằng (melee) -> [chimxanh] <STEAM_1:1:626078671>
L 08/31/2026 - 20:20:21: [FF] [Holo 40k] <STEAM_1:1:925049770> -> 7 HP bằng (melee) -> [Chicoarun] <STEAM_1:0:952954061>
L 08/31/2026 - 20:20:21: [FF] [Chicoarun] <STEAM_1:0:952954061> -> 16 HP bằng (boom/fire) -> [TezzyPham] <BOT_OR_UNKNOWN>
L 08/31/2026 - 20:20:21: [FF] [Curren Bouquetd'or] <STEAM_1:1:524205977> -> 8 HP bằng (súng) -> [Chicoarun] <STEAM_1:0:952954061>
L 08/31/2026 - 20:20:21: [FF] [Chicoarun] <STEAM_1:0:952954061> -> 16 HP bằng (boom/fire) -> [TezzyPham] <BOT_OR_UNKNOWN>
L 08/31/2026 - 20:20:21: [FF] [Curren Bouquetd'or] <STEAM_1:1:524205977> -> 1 HP bằng (súng) -> [Holo 40k] <STEAM_1:1:925049770>
L 08/31/2026 - 20:20:22: [FF] [Chicoarun] <STEAM_1:0:952954061> -> 16 HP bằng (boom/fire) -> [TezzyPham] <BOT_OR_UNKNOWN>
L 08/31/2026 - 20:20:22: [FF] [chimxanh] <STEAM_1:1:626078671> -> 7 HP bằng (melee) -> [Lê Hải] <STEAM_1:0:471595906>
L 08/31/2026 - 20:20:22: [FF] [Chicoarun] <STEAM_1:0:952954061> -> 16 HP bằng (boom/fire) -> [TezzyPham] <BOT_OR_UNKNOWN>
L 08/31/2026 - 20:20:22: [FF] [Chicoarun] <STEAM_1:0:952954061> -> 16 HP bằng (boom/fire) -> [TezzyPham] <BOT_OR_UNKNOWN>
L 08/31/2026 - 20:20:22: [FF] [Chicoarun] <STEAM_1:0:952954061> -> 16 HP bằng (boom/fire) -> [TezzyPham] <BOT_OR_UNKNOWN>
L 08/31/2026 - 20:20:22: [FF] [Lê Hải] <STEAM_1:0:471595906> -> 7 HP bằng (melee) -> [Holo 40k] <STEAM_1:1:925049770>
L 08/31/2026 - 20:20:23: [FF] [Chicoarun] <STEAM_1:0:952954061> -> 16 HP bằng (boom/fire) -> [TezzyPham] <BOT_OR_UNKNOWN>
L 08/31/2026 - 20:20:23: [FF] [Chicoarun] <STEAM_1:0:952954061> -> 16 HP bằng (boom/fire) -> [TezzyPham] <BOT_OR_UNKNOWN>
L 08/31/2026 - 20:20:23: [FF] [Holo 40k] <STEAM_1:1:925049770> -> 7 HP bằng (melee) -> [chimxanh] <STEAM_1:1:626078671>
L 08/31/2026 - 20:20:23: [FF] [Holo 40k] <STEAM_1:1:925049770> -> 7 HP bằng (melee) -> [Lê Hải] <STEAM_1:0:471595906>
L 08/31/2026 - 20:20:23: [FF] [Chicoarun] <STEAM_1:0:952954061> -> 16 HP bằng (boom/fire) -> [TezzyPham] <BOT_OR_UNKNOWN>
L 08/31/2026 - 20:20:23: [FF] [Chicoarun] <STEAM_1:0:952954061> -> 16 HP bằng (boom/fire) -> [TezzyPham] <BOT_OR_UNKNOWN>
L 08/31/2026 - 20:20:23: [FF] [Chicoarun] <STEAM_1:0:952954061> -> 4 HP bằng (súng) -> [KeroN] <STEAM_1:1:161759963>
L 08/31/2026 - 20:20:23: [FF] [Chicoarun] <STEAM_1:0:952954061> -> 4 HP bằng (súng) -> [KeroN] <STEAM_1:1:161759963>
L 08/31/2026 - 20:20:23: [FF] [Chicoarun] <STEAM_1:0:952954061> -> 4 HP bằng (súng) -> [KeroN] <STEAM_1:1:161759963>
L 08/31/2026 - 20:20:23: [FF] [Chicoarun] <STEAM_1:0:952954061> -> 4 HP bằng (súng) -> [KeroN] <STEAM_1:1:161759963>
L 08/31/2026 - 20:20:23: [FF] [Chicoarun] <STEAM_1:0:952954061> -> 4 HP bằng (súng) -> [KeroN] <STEAM_1:1:161759963>
L 08/31/2026 - 20:20:23: [FF] [Chicoarun] <STEAM_1:0:952954061> -> 4 HP bằng (súng) -> [KeroN] <STEAM_1:1:161759963>
L 08/31/2026 - 20:20:23: [FF] [Chicoarun] <STEAM_1:0:952954061> -> 4 HP bằng (súng) -> [KeroN] <STEAM_1:1:161759963>
L 08/31/2026 - 20:20:23: [FF] [Chicoarun] <STEAM_1:0:952954061> -> 4 HP bằng (súng) -> [KeroN] <STEAM_1:1:161759963>
L 08/31/2026 - 20:20:24: [FF] [Chicoarun] <STEAM_1:0:952954061> -> 16 HP bằng (boom/fire) -> [TezzyPham] <BOT_OR_UNKNOWN>
L 08/31/2026 - 20:20:24: [FF] [Chicoarun] <STEAM_1:0:952954061> -> 16 HP bằng (boom/fire) -> [TezzyPham] <BOT_OR_UNKNOWN>
L 08/31/2026 - 20:20:24: [FF] [Chicoarun] <STEAM_1:0:952954061> -> 16 HP bằng (boom/fire) -> [TezzyPham] <BOT_OR_UNKNOWN>
L 08/31/2026 - 20:20:27: [FF] [chimxanh] <STEAM_1:1:626078671> -> 8 HP bằng (boom/fire) -> [Lê Hải] <STEAM_1:0:471595906>
L 08/31/2026 - 20:20:27: [FF] [chimxanh] <STEAM_1:1:626078671> -> 8 HP bằng (boom/fire) -> [Lê Hải] <STEAM_1:0:471595906>
L 08/31/2026 - 20:20:27: [FF] [chimxanh] <STEAM_1:1:626078671> -> 8 HP bằng (boom/fire) -> [Lê Hải] <STEAM_1:0:471595906>
L 08/31/2026 - 20:20:28: [FF] [chimxanh] <STEAM_1:1:626078671> -> 8 HP bằng (boom/fire) -> [Vịt-hút-thuốc-lá] <STEAM_1:1:176443622>
L 08/31/2026 - 20:20:28: [FF] [chimxanh] <STEAM_1:1:626078671> -> 8 HP bằng (boom/fire) -> [Vịt-hút-thuốc-lá] <STEAM_1:1:176443622>
L 08/31/2026 - 20:20:29: [KILL] Tank <BOT> đã giết TezzyPham <BOT_OR_UNKNOWN> bằng (môi trường/khác)
L 08/31/2026 - 20:20:32: [FF] [chimxanh] <STEAM_1:1:626078671> -> 8 HP bằng (boom/fire) -> [Lê Hải] <STEAM_1:0:471595906>
L 08/31/2026 - 20:20:35: [HẠ GỤC] Tank <BOT> đã hạ gục Lê Hải <STEAM_1:0:471595906> bằng (môi trường/khác)
L 08/31/2026 - 20:20:37: [HẠ GỤC] Tank <BOT> đã hạ gục KeroN <STEAM_1:1:161759963> bằng (môi trường/khác)
L 08/31/2026 - 20:20:40: [FF] [Curren Bouquetd'or] <STEAM_1:1:524205977> -> 8 HP bằng (súng) -> [Holo 40k] <STEAM_1:1:925049770>
L 08/31/2026 - 20:20:59: [HẠ GỤC] Tank <BOT> đã hạ gục Chicoarun <STEAM_1:0:952954061> bằng (môi trường/khác)
L 08/31/2026 - 20:21:02: [FF] [Vịt-hút-thuốc-lá] <STEAM_1:1:176443622> -> 8 HP bằng (boom/fire) -> [Curren Bouquetd'or] <STEAM_1:1:524205977>
L 08/31/2026 - 20:21:05: [HẠ GỤC] Zombie/Witch/Môi trường <N/A> đã hạ gục chimxanh <STEAM_1:1:626078671> bằng (môi trường/khác)
L 08/31/2026 - 20:21:06: [FF] [Mikasa] <STEAM_1:0:522010986> -> 1 HP bằng (súng) -> [Holo 40k] <STEAM_1:1:925049770>
L 08/31/2026 - 20:21:06: [FF] [Mikasa] <STEAM_1:0:522010986> -> 1 HP bằng (súng) -> [Holo 40k] <STEAM_1:1:925049770>
L 08/31/2026 - 20:21:06: [FF] [Mikasa] <STEAM_1:0:522010986> -> 1 HP bằng (súng) -> [Holo 40k] <STEAM_1:1:925049770>
L 08/31/2026 - 20:21:06: [HẠ GỤC] Tank <BOT> đã hạ gục KeroN <STEAM_1:1:161759963> bằng (môi trường/khác)
L 08/31/2026 - 20:21:07: [FF] [Mikasa] <STEAM_1:0:522010986> -> 8 HP bằng (súng) -> [Holo 40k] <STEAM_1:1:925049770>
L 08/31/2026 - 20:21:07: [FF] [Mikasa] <STEAM_1:0:522010986> -> 1 HP bằng (súng) -> [Holo 40k] <STEAM_1:1:925049770>
L 08/31/2026 - 20:21:10: [HẠ GỤC] Tank <BOT> đã hạ gục Curren Bouquetd'or <STEAM_1:1:524205977> bằng (môi trường/khác)
L 08/31/2026 - 20:21:15: [HẠ GỤC] Zombie/Witch/Môi trường <N/A> đã hạ gục Vịt-hút-thuốc-lá <STEAM_1:1:176443622> bằng (môi trường/khác)
L 08/31/2026 - 20:21:27: [FF] [Mikasa] <STEAM_1:0:522010986> -> 5 HP bằng (melee) -> [Holo 40k] <STEAM_1:1:925049770>
L 08/31/2026 - 20:21:38: [FF] [chimxanh] <STEAM_1:1:626078671> -> 7 HP bằng (melee) -> [TezzyPham] <BOT_OR_UNKNOWN>
L 08/31/2026 - 20:21:40: [KILL] Tank <BOT> đã giết Chicoarun <STEAM_1:0:952954061> bằng (môi trường/khác)
L 08/31/2026 - 20:21:42: [HẠ GỤC] Tank <BOT> đã hạ gục Lê Hải <STEAM_1:0:471595906> bằng (môi trường/khác)
L 08/31/2026 - 20:21:48: [FF] [Curren Bouquetd'or] <STEAM_1:1:524205977> -> 1 HP bằng (súng) -> [TezzyPham] <BOT_OR_UNKNOWN>
L 08/31/2026 - 20:21:56: [FF] [KeroN] <STEAM_1:1:161759963> -> 7 HP bằng (melee) -> [Holo 40k] <STEAM_1:1:925049770>
L 08/31/2026 - 20:21:57: [FF] [KeroN] <STEAM_1:1:161759963> -> 7 HP bằng (melee) -> [Holo 40k] <STEAM_1:1:925049770>
L 08/31/2026 - 20:22:04: [KILL] Tank <BOT> đã giết Lê Hải <STEAM_1:0:471595906> bằng (môi trường/khác)
L 08/31/2026 - 20:22:07: [KILL] Tank <BOT> đã giết Curren Bouquetd'or <STEAM_1:1:524205977> bằng (môi trường/khác)
L 08/31/2026 - 20:22:12: [HẠ GỤC] Zombie/Witch/Môi trường <N/A> đã hạ gục Holo 40k <STEAM_1:1:925049770> bằng (môi trường/khác)
L 08/31/2026 - 20:22:16: [HẠ GỤC] Tank <BOT> đã hạ gục KeroN <STEAM_1:1:161759963> bằng (môi trường/khác)
L 08/31/2026 - 20:22:17: [HẠ GỤC] Tank <BOT> đã hạ gục Mikasa <STEAM_1:0:522010986> bằng (môi trường/khác)
L 08/31/2026 - 20:22:22: [KILL] Tank <BOT> đã giết Vịt-hút-thuốc-lá <STEAM_1:1:176443622> bằng (môi trường/khác)
L 08/31/2026 - 20:22:22: [FF] [chimxanh] <STEAM_1:1:626078671> -> 1 HP bằng (súng) -> [TezzyPham] <BOT_OR_UNKNOWN>
L 08/31/2026 - 20:22:24: [KILL] Zombie/Witch/Môi trường <N/A> đã giết chimxanh <STEAM_1:1:626078671> bằng (môi trường/khác)
L 08/31/2026 - 20:22:27: [HẠ GỤC] Tank <BOT> đã hạ gục TezzyPham <BOT_OR_UNKNOWN> bằng (môi trường/khác)
L 08/31/2026 - 20:22:59: [HẠ GỤC] Tank <BOT> đã hạ gục Mikasa <STEAM_1:0:522010986> bằng (môi trường/khác)
L 08/31/2026 - 20:23:05: [HẠ GỤC] Tank <BOT> đã hạ gục Holo 40k <STEAM_1:1:925049770> bằng (môi trường/khác)
L 08/31/2026 - 20:23:07: [FF] [Holo 40k] <STEAM_1:1:925049770> -> 16 HP bằng (boom/fire) -> [Chicoarun] <STEAM_1:0:952954061>
L 08/31/2026 - 20:23:08: [FF] [Holo 40k] <STEAM_1:1:925049770> -> 16 HP bằng (boom/fire) -> [Chicoarun] <STEAM_1:0:952954061>
L 08/31/2026 - 20:23:08: [FF] [Holo 40k] <STEAM_1:1:925049770> -> 16 HP bằng (boom/fire) -> [Chicoarun] <STEAM_1:0:952954061>
L 08/31/2026 - 20:23:08: [FF] [Holo 40k] <STEAM_1:1:925049770> -> 16 HP bằng (boom/fire) -> [Chicoarun] <STEAM_1:0:952954061>
L 08/31/2026 - 20:23:08: [FF] [Holo 40k] <STEAM_1:1:925049770> -> 16 HP bằng (boom/fire) -> [Chicoarun] <STEAM_1:0:952954061>
L 08/31/2026 - 20:23:09: [FF] [Holo 40k] <STEAM_1:1:925049770> -> 16 HP bằng (boom/fire) -> [Chicoarun] <STEAM_1:0:952954061>
L 08/31/2026 - 20:23:09: [FF] [Holo 40k] <STEAM_1:1:925049770> -> 16 HP bằng (boom/fire) -> [Chicoarun] <STEAM_1:0:952954061>
L 08/31/2026 - 20:23:09: [FF] [Holo 40k] <STEAM_1:1:925049770> -> 16 HP bằng (boom/fire) -> [Chicoarun] <STEAM_1:0:952954061>
L 08/31/2026 - 20:23:09: [FF] [Holo 40k] <STEAM_1:1:925049770> -> 16 HP bằng (boom/fire) -> [Chicoarun] <STEAM_1:0:952954061>
L 08/31/2026 - 20:23:10: [HẠ GỤC] Holo 40k <STEAM_1:1:925049770> đã hạ gục Chicoarun <STEAM_1:0:952954061> bằng (boom/fire)
L 08/31/2026 - 20:23:10: [FF] [Holo 40k] <STEAM_1:1:925049770> -> 16 HP bằng (boom/fire) -> [Chicoarun] <STEAM_1:0:952954061>
L 08/31/2026 - 20:23:10: [FF] [Holo 40k] <STEAM_1:1:925049770> -> 16 HP bằng (boom/fire) -> [Chicoarun] <STEAM_1:0:952954061>
L 08/31/2026 - 20:23:10: [FF] [Holo 40k] <STEAM_1:1:925049770> -> 16 HP bằng (boom/fire) -> [Chicoarun] <STEAM_1:0:952954061>
L 08/31/2026 - 20:23:11: [FF] [Holo 40k] <STEAM_1:1:925049770> -> 16 HP bằng (boom/fire) -> [Chicoarun] <STEAM_1:0:952954061>
L 08/31/2026 - 20:23:11: [FF] [Holo 40k] <STEAM_1:1:925049770> -> 16 HP bằng (boom/fire) -> [Chicoarun] <STEAM_1:0:952954061>
L 08/31/2026 - 20:23:11: [FF] [Holo 40k] <STEAM_1:1:925049770> -> 16 HP bằng (boom/fire) -> [Chicoarun] <STEAM_1:0:952954061>
L 08/31/2026 - 20:23:11: [FF] [Holo 40k] <STEAM_1:1:925049770> -> 16 HP bằng (boom/fire) -> [Chicoarun] <STEAM_1:0:952954061>
L 08/31/2026 - 20:23:12: [FF] [Holo 40k] <STEAM_1:1:925049770> -> 16 HP bằng (boom/fire) -> [Chicoarun] <STEAM_1:0:952954061>
L 08/31/2026 - 20:23:12: [FF] [Holo 40k] <STEAM_1:1:925049770> -> 16 HP bằng (boom/fire) -> [Chicoarun] <STEAM_1:0:952954061>
L 08/31/2026 - 20:23:12: [FF] [Holo 40k] <STEAM_1:1:925049770> -> 16 HP bằng (boom/fire) -> [Chicoarun] <STEAM_1:0:952954061>
L 08/31/2026 - 20:23:12: [FF] [Holo 40k] <STEAM_1:1:925049770> -> 16 HP bằng (boom/fire) -> [Chicoarun] <STEAM_1:0:952954061>
L 08/31/2026 - 20:23:13: [FF] [Holo 40k] <STEAM_1:1:925049770> -> 16 HP bằng (boom/fire) -> [Chicoarun] <STEAM_1:0:952954061>
L 08/31/2026 - 20:23:15: [FF] [Holo 40k] <STEAM_1:1:925049770> -> 16 HP bằng (boom/fire) -> [Chicoarun] <STEAM_1:0:952954061>
L 08/31/2026 - 20:23:15: [FF] [Holo 40k] <STEAM_1:1:925049770> -> 16 HP bằng (boom/fire) -> [Chicoarun] <STEAM_1:0:952954061>
L 08/31/2026 - 20:23:16: [FF] [Holo 40k] <STEAM_1:1:925049770> -> 16 HP bằng (boom/fire) -> [Chicoarun] <STEAM_1:0:952954061>
L 08/31/2026 - 20:23:16: [FF] [Holo 40k] <STEAM_1:1:925049770> -> 16 HP bằng (boom/fire) -> [Chicoarun] <STEAM_1:0:952954061>
L 08/31/2026 - 20:23:16: [FF] [Holo 40k] <STEAM_1:1:925049770> -> 16 HP bằng (boom/fire) -> [Chicoarun] <STEAM_1:0:952954061>
L 08/31/2026 - 20:23:16: [FF] [Holo 40k] <STEAM_1:1:925049770> -> 16 HP bằng (boom/fire) -> [Chicoarun] <STEAM_1:0:952954061>
L 08/31/2026 - 20:23:17: [FF] [Holo 40k] <STEAM_1:1:925049770> -> 16 HP bằng (boom/fire) -> [Chicoarun] <STEAM_1:0:952954061>
L 08/31/2026 - 20:23:17: [FF] [Holo 40k] <STEAM_1:1:925049770> -> 16 HP bằng (boom/fire) -> [Chicoarun] <STEAM_1:0:952954061>
L 08/31/2026 - 20:23:17: [FF] [Holo 40k] <STEAM_1:1:925049770> -> 16 HP bằng (boom/fire) -> [Chicoarun] <STEAM_1:0:952954061>
L 08/31/2026 - 20:23:24: [HẠ GỤC] Zombie/Witch/Môi trường <N/A> đã hạ gục Lê Hải <STEAM_1:0:471595906> bằng (môi trường/khác)
L 08/31/2026 - 20:23:25: [HẠ GỤC] Tank <BOT> đã hạ gục TezzyPham <BOT_OR_UNKNOWN> bằng (môi trường/khác)
L 08/31/2026 - 20:23:27: [HẠ GỤC] Tank <BOT> đã hạ gục Curren Bouquetd'or <STEAM_1:1:524205977> bằng (môi trường/khác)
L 08/31/2026 - 20:23:48: [KILL] Tank <BOT> đã giết Holo 40k <STEAM_1:1:925049770> bằng (môi trường/khác)
L 08/31/2026 - 20:23:53: [HẠ GỤC] Tank <BOT> đã hạ gục chimxanh <STEAM_1:1:626078671> bằng (môi trường/khác)
L 08/31/2026 - 20:24:10: [HẠ GỤC] Tank <BOT> đã hạ gục Chicoarun <STEAM_1:0:952954061> bằng (môi trường/khác)
L 08/31/2026 - 20:24:14: [FF] [Mikasa] <STEAM_1:0:522010986> -> 8 HP bằng (súng) -> [KeroN] <STEAM_1:1:161759963>
L 08/31/2026 - 20:24:22: [FF] [Lê Hải] <STEAM_1:0:471595906> -> 4 HP bằng (súng) -> [Curren Bouquetd'or] <STEAM_1:1:524205977>
L 08/31/2026 - 20:24:22: [FF] [Lê Hải] <STEAM_1:0:471595906> -> 4 HP bằng (súng) -> [Curren Bouquetd'or] <STEAM_1:1:524205977>
L 08/31/2026 - 20:24:22: [FF] [Lê Hải] <STEAM_1:0:471595906> -> 4 HP bằng (súng) -> [Curren Bouquetd'or] <STEAM_1:1:524205977>
L 08/31/2026 - 20:24:22: [FF] [Lê Hải] <STEAM_1:0:471595906> -> 4 HP bằng (súng) -> [Curren Bouquetd'or] <STEAM_1:1:524205977>
L 08/31/2026 - 20:24:22: [FF] [Lê Hải] <STEAM_1:0:471595906> -> 4 HP bằng (súng) -> [Curren Bouquetd'or] <STEAM_1:1:524205977>
L 08/31/2026 - 20:24:22: [FF] [Lê Hải] <STEAM_1:0:471595906> -> 4 HP bằng (súng) -> [Curren Bouquetd'or] <STEAM_1:1:524205977>
L 08/31/2026 - 20:24:22: [FF] [Lê Hải] <STEAM_1:0:471595906> -> 4 HP bằng (súng) -> [Curren Bouquetd'or] <STEAM_1:1:524205977>
L 08/31/2026 - 20:24:22: [FF] [Lê Hải] <STEAM_1:0:471595906> -> 4 HP bằng (súng) -> [Curren Bouquetd'or] <STEAM_1:1:524205977>
L 08/31/2026 - 20:24:22: [FF] [Lê Hải] <STEAM_1:0:471595906> -> 4 HP bằng (súng) -> [Curren Bouquetd'or] <STEAM_1:1:524205977>
L 08/31/2026 - 20:24:22: [FF] [Lê Hải] <STEAM_1:0:471595906> -> 4 HP bằng (súng) -> [Curren Bouquetd'or] <STEAM_1:1:524205977>
L 08/31/2026 - 20:24:22: [FF] [Lê Hải] <STEAM_1:0:471595906> -> 4 HP bằng (súng) -> [Curren Bouquetd'or] <STEAM_1:1:524205977>
L 08/31/2026 - 20:24:22: [FF] [Lê Hải] <STEAM_1:0:471595906> -> 4 HP bằng (súng) -> [Curren Bouquetd'or] <STEAM_1:1:524205977>
L 08/31/2026 - 20:24:22: [FF] [Lê Hải] <STEAM_1:0:471595906> -> 4 HP bằng (súng) -> [Curren Bouquetd'or] <STEAM_1:1:524205977>
L 08/31/2026 - 20:24:22: [FF] [Lê Hải] <STEAM_1:0:471595906> -> 4 HP bằng (súng) -> [Curren Bouquetd'or] <STEAM_1:1:524205977>
L 08/31/2026 - 20:24:22: [FF] [Lê Hải] <STEAM_1:0:471595906> -> 4 HP bằng (súng) -> [Curren Bouquetd'or] <STEAM_1:1:524205977>
L 08/31/2026 - 20:24:22: [FF] [Lê Hải] <STEAM_1:0:471595906> -> 4 HP bằng (súng) -> [Curren Bouquetd'or] <STEAM_1:1:524205977>
L 08/31/2026 - 20:24:22: [HẠ GỤC] Tank <BOT> đã hạ gục KeroN <STEAM_1:1:161759963> bằng (môi trường/khác)
L 08/31/2026 - 20:24:24: [FF] [Mikasa] <STEAM_1:0:522010986> -> 1 HP bằng (boom/fire) -> [Curren Bouquetd'or] <STEAM_1:1:524205977>
L 08/31/2026 - 20:24:24: [HẠ GỤC] Tank <BOT> đã hạ gục Curren Bouquetd'or <STEAM_1:1:524205977> bằng (môi trường/khác)
L 08/31/2026 - 20:24:27: [FF] [Mikasa] <STEAM_1:0:522010986> -> 8 HP bằng (súng) -> [KeroN] <STEAM_1:1:161759963>
L 08/31/2026 - 20:24:27: [HẠ GỤC] TezzyPham <BOT_OR_UNKNOWN> đã hạ gục Lê Hải <STEAM_1:0:471595906> bằng (súng)
L 08/31/2026 - 20:24:27: [FF] [Mikasa] <STEAM_1:0:522010986> -> 8 HP bằng (súng) -> [Lê Hải] <STEAM_1:0:471595906>
L 08/31/2026 - 20:24:34: [KILL] Tank <BOT> đã giết Mikasa <STEAM_1:0:522010986> bằng (môi trường/khác)
L 08/31/2026 - 20:24:38: [FF] [TezzyPham] <BOT_OR_UNKNOWN> -> 14 HP bằng (súng) -> [Lê Hải] <STEAM_1:0:471595906>
L 08/31/2026 - 20:24:50: [KILL] Tank <BOT> đã giết KeroN <STEAM_1:1:161759963> bằng (môi trường/khác)
L 08/31/2026 - 20:24:55: [KILL] Zombie/Witch/Môi trường <N/A> đã giết TezzyPham <BOT_OR_UNKNOWN> bằng (môi trường/khác)
L 08/31/2026 - 20:25:00: [HẠ GỤC] Zombie/Witch/Môi trường <N/A> đã hạ gục Vịt-hút-thuốc-lá <STEAM_1:1:176443622> bằng (môi trường/khác)
L 08/31/2026 - 20:25:04: [FF] [chimxanh] <STEAM_1:1:626078671> -> 14 HP bằng (boom/fire) -> [Holo 40k] <STEAM_1:1:925049770>
L 08/31/2026 - 20:25:05: [FF] [Lê Hải] <STEAM_1:0:471595906> -> 4 HP bằng (súng) -> [Holo 40k] <STEAM_1:1:925049770>
L 08/31/2026 - 20:25:05: [FF] [Lê Hải] <STEAM_1:0:471595906> -> 4 HP bằng (súng) -> [Holo 40k] <STEAM_1:1:925049770>
L 08/31/2026 - 20:25:05: [FF] [Lê Hải] <STEAM_1:0:471595906> -> 4 HP bằng (súng) -> [Holo 40k] <STEAM_1:1:925049770>
L 08/31/2026 - 20:25:05: [FF] [Lê Hải] <STEAM_1:0:471595906> -> 4 HP bằng (súng) -> [Holo 40k] <STEAM_1:1:925049770>
L 08/31/2026 - 20:25:05: [FF] [Lê Hải] <STEAM_1:0:471595906> -> 4 HP bằng (súng) -> [Holo 40k] <STEAM_1:1:925049770>
L 08/31/2026 - 20:25:05: [FF] [Lê Hải] <STEAM_1:0:471595906> -> 4 HP bằng (súng) -> [Holo 40k] <STEAM_1:1:925049770>
L 08/31/2026 - 20:25:05: [FF] [Lê Hải] <STEAM_1:0:471595906> -> 4 HP bằng (súng) -> [Holo 40k] <STEAM_1:1:925049770>
L 08/31/2026 - 20:25:05: [FF] [Lê Hải] <STEAM_1:0:471595906> -> 4 HP bằng (súng) -> [Holo 40k] <STEAM_1:1:925049770>
L 08/31/2026 - 20:25:05: [FF] [Lê Hải] <STEAM_1:0:471595906> -> 4 HP bằng (súng) -> [Holo 40k] <STEAM_1:1:925049770>
L 08/31/2026 - 20:25:05: [FF] [Lê Hải] <STEAM_1:0:471595906> -> 4 HP bằng (súng) -> [Holo 40k] <STEAM_1:1:925049770>
L 08/31/2026 - 20:25:05: [HẠ GỤC] Tank <BOT> đã hạ gục Holo 40k <STEAM_1:1:925049770> bằng (môi trường/khác)
L 08/31/2026 - 20:25:08: [HẠ GỤC] Tank <BOT> đã hạ gục chimxanh <STEAM_1:1:626078671> bằng (môi trường/khác)
L 08/31/2026 - 20:25:12: [KILL] Tank <BOT> đã giết Curren Bouquetd'or <STEAM_1:1:524205977> bằng (môi trường/khác)
L 08/31/2026 - 20:25:15: [KILL] Tank <BOT> đã giết Lê Hải <STEAM_1:0:471595906> bằng (môi trường/khác)
L 08/31/2026 - 20:25:30: [HẠ GỤC] Tank <BOT> đã hạ gục Holo 40k <STEAM_1:1:925049770> bằng (môi trường/khác)
L 08/31/2026 - 20:26:02: [FF] [Mikasa] <STEAM_1:0:522010986> -> 8 HP bằng (súng) -> [KeroN] <STEAM_1:1:161759963>
L 08/31/2026 - 20:26:08: [HẠ GỤC] Tank <BOT> đã hạ gục TezzyPham <BOT_OR_UNKNOWN> bằng (môi trường/khác)
L 08/31/2026 - 20:26:17: [KILL] Tank <BOT> đã giết chimxanh <STEAM_1:1:626078671> bằng (môi trường/khác)
L 08/31/2026 - 20:26:22: [KILL] Tank <BOT> đã giết Chicoarun <STEAM_1:0:952954061> bằng (môi trường/khác)
L 08/31/2026 - 20:26:25: [FF] [Mikasa] <STEAM_1:0:522010986> -> 8 HP bằng (súng) -> [Lê Hải] <STEAM_1:0:471595906>
L 08/31/2026 - 20:26:25: [FF] [Mikasa] <STEAM_1:0:522010986> -> 8 HP bằng (súng) -> [Lê Hải] <STEAM_1:0:471595906>
L 08/31/2026 - 20:26:28: [HẠ GỤC] Tank <BOT> đã hạ gục TezzyPham <BOT_OR_UNKNOWN> bằng (môi trường/khác)
L 08/31/2026 - 20:26:36: [FF] [Lê Hải] <STEAM_1:0:471595906> -> 5 HP bằng (melee) -> [Holo 40k] <STEAM_1:1:925049770>
L 08/31/2026 - 20:26:42: [FF] [Vịt-hút-thuốc-lá] <STEAM_1:1:176443622> -> 7 HP bằng (melee) -> [KeroN] <STEAM_1:1:161759963>
L 08/31/2026 - 20:26:43: [KILL] Zombie/Witch/Môi trường <N/A> đã giết Holo 40k <STEAM_1:1:925049770> bằng (môi trường/khác)
L 08/31/2026 - 20:26:46: [HẠ GỤC] Tank <BOT> đã hạ gục Mikasa <STEAM_1:0:522010986> bằng (môi trường/khác)
L 08/31/2026 - 20:26:54: [HẠ GỤC] Zombie/Witch/Môi trường <N/A> đã hạ gục Lê Hải <STEAM_1:0:471595906> bằng (môi trường/khác)
L 08/31/2026 - 20:27:08: [FF] [TezzyPham] <BOT_OR_UNKNOWN> -> 14 HP bằng (súng) -> [Curren Bouquetd'or] <STEAM_1:1:524205977>
L 08/31/2026 - 20:27:09: [FF] [TezzyPham] <BOT_OR_UNKNOWN> -> 14 HP bằng (súng) -> [Curren Bouquetd'or] <STEAM_1:1:524205977>
L 08/31/2026 - 20:27:21: [HẠ GỤC] Tank <BOT> đã hạ gục Lê Hải <STEAM_1:0:471595906> bằng (môi trường/khác)
L 08/31/2026 - 20:27:31: [FF] [Curren Bouquetd'or] <STEAM_1:1:524205977> -> 8 HP bằng (súng) -> [Chicoarun] <STEAM_1:0:952954061>
L 08/31/2026 - 20:27:31: [FF] [Curren Bouquetd'or] <STEAM_1:1:524205977> -> 8 HP bằng (súng) -> [Chicoarun] <STEAM_1:0:952954061>
L 08/31/2026 - 20:27:36: [KILL] Zombie/Witch/Môi trường <N/A> đã giết TezzyPham <BOT_OR_UNKNOWN> bằng (môi trường/khác)
L 08/31/2026 - 20:27:37: [HẠ GỤC] Zombie/Witch/Môi trường <N/A> đã hạ gục Curren Bouquetd'or <STEAM_1:1:524205977> bằng (môi trường/khác)
L 08/31/2026 - 20:27:44: [KILL] Tank <BOT> đã giết Lê Hải <STEAM_1:0:471595906> bằng (môi trường/khác)
L 08/31/2026 - 20:27:44: [HẠ GỤC] Zombie/Witch/Môi trường <N/A> đã hạ gục Chicoarun <STEAM_1:0:952954061> bằng (môi trường/khác)
L 08/31/2026 - 20:27:45: [HẠ GỤC] Tank <BOT> đã hạ gục chimxanh <STEAM_1:1:626078671> bằng (môi trường/khác)
L 08/31/2026 - 20:28:01: [HẠ GỤC] Zombie/Witch/Môi trường <N/A> đã hạ gục Vịt-hút-thuốc-lá <STEAM_1:1:176443622> bằng (môi trường/khác)
L 08/31/2026 - 20:28:03: [HẠ GỤC] Tank <BOT> đã hạ gục Mikasa <STEAM_1:0:522010986> bằng (môi trường/khác)
L 08/31/2026 - 20:28:13: [HẠ GỤC] Tank <BOT> đã hạ gục KeroN <STEAM_1:1:161759963> bằng (môi trường/khác)
L 08/31/2026 - 20:28:17: [KILL] Tank <BOT> đã giết Vịt-hút-thuốc-lá <STEAM_1:1:176443622> bằng (môi trường/khác)
L 08/31/2026 - 20:28:20: [HẠ GỤC] Tank <BOT> đã hạ gục Holo 40k <STEAM_1:1:925049770> bằng (môi trường/khác)
L 08/31/2026 - 20:28:32: [HẠ GỤC] Zombie/Witch/Môi trường <N/A> đã hạ gục Chicoarun <STEAM_1:0:952954061> bằng (môi trường/khác)
L 08/31/2026 - 20:28:33: [FF] [Mikasa] <STEAM_1:0:522010986> -> 8 HP bằng (súng) -> [chimxanh] <STEAM_1:1:626078671>
L 08/31/2026 - 20:28:33: [FF] [Mikasa] <STEAM_1:0:522010986> -> 8 HP bằng (súng) -> [chimxanh] <STEAM_1:1:626078671>
L 08/31/2026 - 20:28:33: [FF] [Mikasa] <STEAM_1:0:522010986> -> 8 HP bằng (súng) -> [chimxanh] <STEAM_1:1:626078671>
L 08/31/2026 - 20:28:41: [HẠ GỤC] Zombie/Witch/Môi trường <N/A> đã hạ gục chimxanh <STEAM_1:1:626078671> bằng (môi trường/khác)
L 08/31/2026 - 20:28:43: [FF] [Curren Bouquetd'or] <STEAM_1:1:524205977> -> 9 HP bằng (boom/fire) -> [chimxanh] <STEAM_1:1:626078671>
L 08/31/2026 - 20:28:43: [FF] [Curren Bouquetd'or] <STEAM_1:1:524205977> -> 11 HP bằng (boom/fire) -> [chimxanh] <STEAM_1:1:626078671>
L 08/31/2026 - 20:28:43: [FF] [Curren Bouquetd'or] <STEAM_1:1:524205977> -> 13 HP bằng (boom/fire) -> [chimxanh] <STEAM_1:1:626078671>
L 08/31/2026 - 20:28:43: [FF] [Curren Bouquetd'or] <STEAM_1:1:524205977> -> 15 HP bằng (boom/fire) -> [chimxanh] <STEAM_1:1:626078671>
L 08/31/2026 - 20:28:44: [FF] [Curren Bouquetd'or] <STEAM_1:1:524205977> -> 16 HP bằng (boom/fire) -> [chimxanh] <STEAM_1:1:626078671>
L 08/31/2026 - 20:28:46: [HẠ GỤC] Tank <BOT> đã hạ gục Holo 40k <STEAM_1:1:925049770> bằng (môi trường/khác)
L 08/31/2026 - 20:28:51: [HẠ GỤC] Tank <BOT> đã hạ gục Curren Bouquetd'or <STEAM_1:1:524205977> bằng (môi trường/khác)
L 08/31/2026 - 20:28:55: [FF] [Curren Bouquetd'or] <STEAM_1:1:524205977> -> 16 HP bằng (boom/fire) -> [chimxanh] <STEAM_1:1:626078671>
L 08/31/2026 - 20:28:55: [FF] [Holo 40k] <STEAM_1:1:925049770> -> 5 HP bằng (melee) -> [KeroN] <STEAM_1:1:161759963>
L 08/31/2026 - 20:28:58: [FF] [Holo 40k] <STEAM_1:1:925049770> -> 5 HP bằng (melee) -> [Lê Hải] <STEAM_1:0:471595906>
L 08/31/2026 - 20:29:00: [FF] [Lê Hải] <STEAM_1:0:471595906> -> 8 HP bằng (súng) -> [Holo 40k] <STEAM_1:1:925049770>
L 08/31/2026 - 20:29:00: [FF] [Lê Hải] <STEAM_1:0:471595906> -> 8 HP bằng (súng) -> [Holo 40k] <STEAM_1:1:925049770>
L 08/31/2026 - 20:29:00: [FF] [Mikasa] <STEAM_1:0:522010986> -> 1 HP bằng (súng) -> [TezzyPham] <BOT_OR_UNKNOWN>
L 08/31/2026 - 20:29:04: [KILL] Tank <BOT> đã giết Holo 40k <STEAM_1:1:925049770> bằng (môi trường/khác)
L 08/31/2026 - 20:29:05: [FF] [Curren Bouquetd'or] <STEAM_1:1:524205977> -> 1 HP bằng (súng) -> [TezzyPham] <BOT_OR_UNKNOWN>
L 08/31/2026 - 20:29:06: [FF] [Curren Bouquetd'or] <STEAM_1:1:524205977> -> 1 HP bằng (súng) -> [TezzyPham] <BOT_OR_UNKNOWN>
L 08/31/2026 - 20:29:12: [KILL] Zombie/Witch/Môi trường <N/A> đã giết Chicoarun <STEAM_1:0:952954061> bằng (môi trường/khác)
L 08/31/2026 - 20:29:14: [KILL] Tank <BOT> đã giết Mikasa <STEAM_1:0:522010986> bằng (môi trường/khác)
L 08/31/2026 - 20:29:20: [HẠ GỤC] Tank <BOT> đã hạ gục Lê Hải <STEAM_1:0:471595906> bằng (môi trường/khác)
L 08/31/2026 - 20:29:22: [HẠ GỤC] Zombie/Witch/Môi trường <N/A> đã hạ gục TezzyPham <BOT_OR_UNKNOWN> bằng (môi trường/khác)
L 08/31/2026 - 20:29:26: [FF] [chimxanh] <STEAM_1:1:626078671> -> 8 HP bằng (súng) -> [Vịt-hút-thuốc-lá] <STEAM_1:1:176443622>
L 08/31/2026 - 20:29:35: [HẠ GỤC] Zombie/Witch/Môi trường <N/A> đã hạ gục KeroN <STEAM_1:1:161759963> bằng (môi trường/khác)
L 08/31/2026 - 20:29:42: [HẠ GỤC] Tank <BOT> đã hạ gục chimxanh <STEAM_1:1:626078671> bằng (môi trường/khác)
L 08/31/2026 - 20:29:56: [FF] [Curren Bouquetd'or] <STEAM_1:1:524205977> -> 8 HP bằng (súng) -> [Vịt-hút-thuốc-lá] <STEAM_1:1:176443622>
L 08/31/2026 - 20:29:57: [FF] [Curren Bouquetd'or] <STEAM_1:1:524205977> -> 1 HP bằng (súng) -> [TezzyPham] <BOT_OR_UNKNOWN>
L 08/31/2026 - 20:29:57: [FF] [Curren Bouquetd'or] <STEAM_1:1:524205977> -> 1 HP bằng (súng) -> [TezzyPham] <BOT_OR_UNKNOWN>
L 08/31/2026 - 20:29:57: [FF] [Curren Bouquetd'or] <STEAM_1:1:524205977> -> 1 HP bằng (súng) -> [TezzyPham] <BOT_OR_UNKNOWN>
L 08/31/2026 - 20:29:57: [FF] [Curren Bouquetd'or] <STEAM_1:1:524205977> -> 1 HP bằng (súng) -> [TezzyPham] <BOT_OR_UNKNOWN>
L 08/31/2026 - 20:29:57: [FF] [Curren Bouquetd'or] <STEAM_1:1:524205977> -> 1 HP bằng (súng) -> [TezzyPham] <BOT_OR_UNKNOWN>
L 08/31/2026 - 20:29:57: [FF] [Curren Bouquetd'or] <STEAM_1:1:524205977> -> 1 HP bằng (súng) -> [TezzyPham] <BOT_OR_UNKNOWN>
L 08/31/2026 - 20:30:03: [HẠ GỤC] Tank <BOT> đã hạ gục TezzyPham <BOT_OR_UNKNOWN> bằng (môi trường/khác)
L 08/31/2026 - 20:30:05: [FF] [chimxanh] <STEAM_1:1:626078671> -> 7 HP bằng (melee) -> [Vịt-hút-thuốc-lá] <STEAM_1:1:176443622>
L 08/31/2026 - 20:30:07: [KILL] Tank <BOT> đã giết Curren Bouquetd'or <STEAM_1:1:524205977> bằng (môi trường/khác)
L 08/31/2026 - 20:30:13: [HẠ GỤC] Tank <BOT> đã hạ gục chimxanh <STEAM_1:1:626078671> bằng (môi trường/khác)
L 08/31/2026 - 20:30:34: [HẠ GỤC] Tank <BOT> đã hạ gục Holo 40k <STEAM_1:1:925049770> bằng (môi trường/khác)
L 08/31/2026 - 20:30:40: [HẠ GỤC] Tank <BOT> đã hạ gục Vịt-hút-thuốc-lá <STEAM_1:1:176443622> bằng (môi trường/khác)
L 08/31/2026 - 20:30:58: [FF] [Mikasa] <STEAM_1:0:522010986> -> 8 HP bằng (súng) -> [KeroN] <STEAM_1:1:161759963>
L 08/31/2026 - 20:31:02: [HẠ GỤC] Tank <BOT> đã hạ gục Chicoarun <STEAM_1:0:952954061> bằng (môi trường/khác)
L 08/31/2026 - 20:31:07: [FF] [Mikasa] <STEAM_1:0:522010986> -> 8 HP bằng (súng) -> [chimxanh] <STEAM_1:1:626078671>
L 08/31/2026 - 20:31:07: [FF] [Mikasa] <STEAM_1:0:522010986> -> 8 HP bằng (súng) -> [chimxanh] <STEAM_1:1:626078671>
L 08/31/2026 - 20:31:07: [HẠ GỤC] Tank <BOT> đã hạ gục Lê Hải <STEAM_1:0:471595906> bằng (môi trường/khác)
L 08/31/2026 - 20:31:10: [FF] [Holo 40k] <STEAM_1:1:925049770> -> 8 HP bằng (súng) -> [chimxanh] <STEAM_1:1:626078671>
L 08/31/2026 - 20:31:13: [HẠ GỤC] Tank <BOT> đã hạ gục Holo 40k <STEAM_1:1:925049770> bằng (môi trường/khác)
L 08/31/2026 - 20:31:22: [KILL] Tank <BOT> đã giết TezzyPham <BOT_OR_UNKNOWN> bằng (môi trường/khác)
L 08/31/2026 - 20:31:30: [FF] [Mikasa] <STEAM_1:0:522010986> -> 8 HP bằng (súng) -> [KeroN] <STEAM_1:1:161759963>
L 08/31/2026 - 20:31:37: [FF] [Chicoarun] <STEAM_1:0:952954061> -> 4 HP bằng (súng) -> [Curren Bouquetd'or] <STEAM_1:1:524205977>
L 08/31/2026 - 20:31:39: [HẠ GỤC] Tank <BOT> đã hạ gục Curren Bouquetd'or <STEAM_1:1:524205977> bằng (môi trường/khác)
L 08/31/2026 - 20:31:43: [FF] [KeroN] <STEAM_1:1:161759963> -> 33 HP bằng (súng) -> [Chicoarun] <STEAM_1:0:952954061>
L 08/31/2026 - 20:31:44: [HẠ GỤC] Tank <BOT> đã hạ gục Chicoarun <STEAM_1:0:952954061> bằng (môi trường/khác)
L 08/31/2026 - 20:31:48: [HẠ GỤC] Zombie/Witch/Môi trường <N/A> đã hạ gục Mikasa <STEAM_1:0:522010986> bằng (môi trường/khác)
L 08/31/2026 - 20:31:56: [FF] [Mikasa] <STEAM_1:0:522010986> -> 8 HP bằng (súng) -> [chimxanh] <STEAM_1:1:626078671>
L 08/31/2026 - 20:31:57: [FF] [Mikasa] <STEAM_1:0:522010986> -> 8 HP bằng (súng) -> [chimxanh] <STEAM_1:1:626078671>
L 08/31/2026 - 20:32:05: [HẠ GỤC] Spitter Bot <BOT> đã hạ gục Lê Hải <STEAM_1:0:471595906> bằng (môi trường/khác)
L 08/31/2026 - 20:32:05: [HẠ GỤC] Spitter Bot <BOT> đã hạ gục Curren Bouquetd'or <STEAM_1:1:524205977> bằng (môi trường/khác)
L 08/31/2026 - 20:32:05: [HẠ GỤC] Spitter Bot <BOT> đã hạ gục Vịt-hút-thuốc-lá <STEAM_1:1:176443622> bằng (môi trường/khác)
L 08/31/2026 - 20:32:14: [FF] [Lê Hải] <STEAM_1:0:471595906> -> 14 HP bằng (súng) -> [Holo 40k] <STEAM_1:1:925049770>
L 08/31/2026 - 20:32:14: [HẠ GỤC] Zombie/Witch/Môi trường <N/A> đã hạ gục Mikasa <STEAM_1:0:522010986> bằng (môi trường/khác)
L 08/31/2026 - 20:32:16: [HẠ GỤC] Spitter Bot <BOT> đã hạ gục Curren Bouquetd'or <STEAM_1:1:524205977> bằng (môi trường/khác)
L 08/31/2026 - 20:32:17: [HẠ GỤC] Spitter Bot <BOT> đã hạ gục Holo 40k <STEAM_1:1:925049770> bằng (môi trường/khác)
L 08/31/2026 - 20:32:27: [FF] [Mikasa] <STEAM_1:0:522010986> -> 8 HP bằng (súng) -> [KeroN] <STEAM_1:1:161759963>
L 08/31/2026 - 20:32:30: [FF] [Mikasa] <STEAM_1:0:522010986> -> 8 HP bằng (súng) -> [KeroN] <STEAM_1:1:161759963>
L 08/31/2026 - 20:32:40: [FF] [KeroN] <STEAM_1:1:161759963> -> 1 HP bằng (môi trường/khác) -> [Holo 40k] <STEAM_1:1:925049770>
L 08/31/2026 - 20:32:53: [FF] [Mikasa] <STEAM_1:0:522010986> -> 8 HP bằng (súng) -> [KeroN] <STEAM_1:1:161759963>
L 08/31/2026 - 20:32:54: [HẠ GỤC] Zombie/Witch/Môi trường <N/A> đã hạ gục TezzyPham <BOT_OR_UNKNOWN> bằng (môi trường/khác)
L 08/31/2026 - 20:34:00: [FF] [Mikasa] <STEAM_1:0:522010986> -> 8 HP bằng (súng) -> [Holo 40k] <STEAM_1:1:925049770>
L 08/31/2026 - 20:34:01: [FF] [Mikasa] <STEAM_1:0:522010986> -> 8 HP bằng (súng) -> [Holo 40k] <STEAM_1:1:925049770>
L 08/31/2026 - 20:34:01: [FF] [Mikasa] <STEAM_1:0:522010986> -> 8 HP bằng (súng) -> [Holo 40k] <STEAM_1:1:925049770>
L 08/31/2026 - 20:34:03: [HẠ GỤC] Zombie/Witch/Môi trường <N/A> đã hạ gục Nick <BOT> bằng (môi trường/khác)
L 08/31/2026 - 20:34:08: [FF] [Nick] <BOT> -> 11 HP bằng (boom/fire) -> [Curren Bouquetd'or] <STEAM_1:1:524205977>
L 08/31/2026 - 20:34:08: [FF] [Nick] <BOT> -> 12 HP bằng (boom/fire) -> [Curren Bouquetd'or] <STEAM_1:1:524205977>
L 08/31/2026 - 20:34:09: [FF] [Nick] <BOT> -> 14 HP bằng (boom/fire) -> [Curren Bouquetd'or] <STEAM_1:1:524205977>
L 08/31/2026 - 20:34:09: [FF] [Nick] <BOT> -> 16 HP bằng (boom/fire) -> [Curren Bouquetd'or] <STEAM_1:1:524205977>
L 08/31/2026 - 20:34:09: [FF] [Nick] <BOT> -> 16 HP bằng (boom/fire) -> [Curren Bouquetd'or] <STEAM_1:1:524205977>
L 08/31/2026 - 20:34:09: [KILL] Nick <BOT> đã giết Curren Bouquetd'or <STEAM_1:1:524205977> bằng (boom/fire)
L 08/31/2026 - 20:41:13: [FF] [Chicoarun] <STEAM_1:0:952954061> -> 1 HP bằng (môi trường/khác) -> [Holo 40k] <STEAM_1:1:925049770>
L 08/31/2026 - 20:41:13: [FF] [Chicoarun] <STEAM_1:0:952954061> -> 1 HP bằng (môi trường/khác) -> [Curren Bouquetd'or] <STEAM_1:1:524205977>
L 08/31/2026 - 20:41:13: [FF] [Chicoarun] <STEAM_1:0:952954061> -> 1 HP bằng (môi trường/khác) -> [Holo 40k] <STEAM_1:1:925049770>
L 08/31/2026 - 20:41:37: [FF] [Lê Hải] <STEAM_1:0:471595906> -> 14 HP bằng (súng) -> [Chicoarun] <STEAM_1:0:952954061>
L 08/31/2026 - 20:41:42: [FF] [KeroN] <STEAM_1:1:161759963> -> 33 HP bằng (boom/fire) -> [Lê Hải] <STEAM_1:0:471595906>
L 08/31/2026 - 20:41:43: [FF] [Curren Bouquetd'or] <STEAM_1:1:524205977> -> 8 HP bằng (boom/fire) -> [KeroN] <STEAM_1:1:161759963>
L 08/31/2026 - 20:41:43: [FF] [Curren Bouquetd'or] <STEAM_1:1:524205977> -> 8 HP bằng (boom/fire) -> [KeroN] <STEAM_1:1:161759963>
L 08/31/2026 - 20:41:43: [FF] [Curren Bouquetd'or] <STEAM_1:1:524205977> -> 8 HP bằng (boom/fire) -> [KeroN] <STEAM_1:1:161759963>
L 08/31/2026 - 20:41:43: [FF] [Curren Bouquetd'or] <STEAM_1:1:524205977> -> 8 HP bằng (boom/fire) -> [KeroN] <STEAM_1:1:161759963>
L 08/31/2026 - 20:41:47: [FF] [Lê Hải] <STEAM_1:0:471595906> -> 14 HP bằng (súng) -> [Holo 40k] <STEAM_1:1:925049770>
L 08/31/2026 - 20:41:56: [FF] [Curren Bouquetd'or] <STEAM_1:1:524205977> -> 8 HP bằng (boom/fire) -> [Mikasa] <STEAM_1:0:522010986>
L 08/31/2026 - 20:41:56: [FF] [Curren Bouquetd'or] <STEAM_1:1:524205977> -> 8 HP bằng (boom/fire) -> [Mikasa] <STEAM_1:0:522010986>
L 08/31/2026 - 20:42:01: [FF] [Curren Bouquetd'or] <STEAM_1:1:524205977> -> 1 HP bằng (môi trường/khác) -> [Lê Hải] <STEAM_1:0:471595906>
L 08/31/2026 - 20:42:01: [FF] [Curren Bouquetd'or] <STEAM_1:1:524205977> -> 1 HP bằng (môi trường/khác) -> [Chicoarun] <STEAM_1:0:952954061>
L 08/31/2026 - 20:42:01: [FF] [Curren Bouquetd'or] <STEAM_1:1:524205977> -> 1 HP bằng (môi trường/khác) -> [Holo 40k] <STEAM_1:1:925049770>
L 08/31/2026 - 20:42:01: [FF] [Curren Bouquetd'or] <STEAM_1:1:524205977> -> 1 HP bằng (môi trường/khác) -> [KeroN] <STEAM_1:1:161759963>
L 08/31/2026 - 20:42:02: [FF] [Curren Bouquetd'or] <STEAM_1:1:524205977> -> 3 HP bằng (boom/fire) -> [Chicoarun] <STEAM_1:0:952954061>
L 08/31/2026 - 20:42:02: [FF] [Curren Bouquetd'or] <STEAM_1:1:524205977> -> 4 HP bằng (boom/fire) -> [Chicoarun] <STEAM_1:0:952954061>
L 08/31/2026 - 20:42:02: [FF] [Curren Bouquetd'or] <STEAM_1:1:524205977> -> 6 HP bằng (boom/fire) -> [Chicoarun] <STEAM_1:0:952954061>
L 08/31/2026 - 20:42:02: [FF] [Curren Bouquetd'or] <STEAM_1:1:524205977> -> 8 HP bằng (boom/fire) -> [Chicoarun] <STEAM_1:0:952954061>
L 08/31/2026 - 20:42:02: [FF] [Curren Bouquetd'or] <STEAM_1:1:524205977> -> 9 HP bằng (boom/fire) -> [Chicoarun] <STEAM_1:0:952954061>
L 08/31/2026 - 20:42:03: [FF] [Curren Bouquetd'or] <STEAM_1:1:524205977> -> 11 HP bằng (boom/fire) -> [Chicoarun] <STEAM_1:0:952954061>
L 08/31/2026 - 20:42:03: [FF] [Curren Bouquetd'or] <STEAM_1:1:524205977> -> 12 HP bằng (boom/fire) -> [Chicoarun] <STEAM_1:0:952954061>
L 08/31/2026 - 20:42:03: [FF] [Curren Bouquetd'or] <STEAM_1:1:524205977> -> 14 HP bằng (boom/fire) -> [Chicoarun] <STEAM_1:0:952954061>
L 08/31/2026 - 20:42:03: [FF] [Curren Bouquetd'or] <STEAM_1:1:524205977> -> 16 HP bằng (boom/fire) -> [Chicoarun] <STEAM_1:0:952954061>
L 08/31/2026 - 20:42:03: [FF] [Curren Bouquetd'or] <STEAM_1:1:524205977> -> 16 HP bằng (boom/fire) -> [Chicoarun] <STEAM_1:0:952954061>
L 08/31/2026 - 20:42:04: [HẠ GỤC] Curren Bouquetd'or <STEAM_1:1:524205977> đã hạ gục Chicoarun <STEAM_1:0:952954061> bằng (boom/fire)
L 08/31/2026 - 20:42:04: [FF] [Curren Bouquetd'or] <STEAM_1:1:524205977> -> 16 HP bằng (boom/fire) -> [Chicoarun] <STEAM_1:0:952954061>
L 08/31/2026 - 20:42:04: [FF] [Curren Bouquetd'or] <STEAM_1:1:524205977> -> 16 HP bằng (boom/fire) -> [Chicoarun] <STEAM_1:0:952954061>
L 08/31/2026 - 20:42:04: [FF] [Curren Bouquetd'or] <STEAM_1:1:524205977> -> 16 HP bằng (boom/fire) -> [Chicoarun] <STEAM_1:0:952954061>
L 08/31/2026 - 20:42:05: [FF] [Curren Bouquetd'or] <STEAM_1:1:524205977> -> 16 HP bằng (boom/fire) -> [Chicoarun] <STEAM_1:0:952954061>
L 08/31/2026 - 20:42:05: [FF] [Curren Bouquetd'or] <STEAM_1:1:524205977> -> 16 HP bằng (boom/fire) -> [Chicoarun] <STEAM_1:0:952954061>
L 08/31/2026 - 20:42:05: [FF] [Curren Bouquetd'or] <STEAM_1:1:524205977> -> 16 HP bằng (boom/fire) -> [Chicoarun] <STEAM_1:0:952954061>
L 08/31/2026 - 20:42:05: [FF] [Curren Bouquetd'or] <STEAM_1:1:524205977> -> 16 HP bằng (boom/fire) -> [Chicoarun] <STEAM_1:0:952954061>
L 08/31/2026 - 20:42:06: [FF] [Curren Bouquetd'or] <STEAM_1:1:524205977> -> 16 HP bằng (boom/fire) -> [Chicoarun] <STEAM_1:0:952954061>
L 08/31/2026 - 20:42:06: [FF] [Curren Bouquetd'or] <STEAM_1:1:524205977> -> 16 HP bằng (boom/fire) -> [Chicoarun] <STEAM_1:0:952954061>
L 08/31/2026 - 20:42:06: [FF] [Curren Bouquetd'or] <STEAM_1:1:524205977> -> 16 HP bằng (boom/fire) -> [Chicoarun] <STEAM_1:0:952954061>
L 08/31/2026 - 20:42:06: [FF] [Curren Bouquetd'or] <STEAM_1:1:524205977> -> 16 HP bằng (boom/fire) -> [Chicoarun] <STEAM_1:0:952954061>
L 08/31/2026 - 20:42:07: [FF] [Curren Bouquetd'or] <STEAM_1:1:524205977> -> 16 HP bằng (boom/fire) -> [Chicoarun] <STEAM_1:0:952954061>
L 08/31/2026 - 20:42:07: [FF] [Curren Bouquetd'or] <STEAM_1:1:524205977> -> 16 HP bằng (boom/fire) -> [Chicoarun] <STEAM_1:0:952954061>
L 08/31/2026 - 20:42:07: [FF] [Curren Bouquetd'or] <STEAM_1:1:524205977> -> 16 HP bằng (boom/fire) -> [Chicoarun] <STEAM_1:0:952954061>
L 08/31/2026 - 20:42:07: [FF] [Curren Bouquetd'or] <STEAM_1:1:524205977> -> 16 HP bằng (boom/fire) -> [Chicoarun] <STEAM_1:0:952954061>
L 08/31/2026 - 20:42:08: [FF] [Curren Bouquetd'or] <STEAM_1:1:524205977> -> 16 HP bằng (boom/fire) -> [Chicoarun] <STEAM_1:0:952954061>
L 08/31/2026 - 20:42:08: [FF] [Curren Bouquetd'or] <STEAM_1:1:524205977> -> 16 HP bằng (boom/fire) -> [Chicoarun] <STEAM_1:0:952954061>
L 08/31/2026 - 20:42:08: [FF] [Curren Bouquetd'or] <STEAM_1:1:524205977> -> 16 HP bằng (boom/fire) -> [Chicoarun] <STEAM_1:0:952954061>
L 08/31/2026 - 20:42:08: [FF] [Curren Bouquetd'or] <STEAM_1:1:524205977> -> 16 HP bằng (boom/fire) -> [Chicoarun] <STEAM_1:0:952954061>
L 08/31/2026 - 20:42:09: [FF] [Curren Bouquetd'or] <STEAM_1:1:524205977> -> 16 HP bằng (boom/fire) -> [Chicoarun] <STEAM_1:0:952954061>
L 08/31/2026 - 20:42:09: [FF] [Curren Bouquetd'or] <STEAM_1:1:524205977> -> 16 HP bằng (boom/fire) -> [Chicoarun] <STEAM_1:0:952954061>
L 08/31/2026 - 20:42:09: [FF] [Curren Bouquetd'or] <STEAM_1:1:524205977> -> 16 HP bằng (boom/fire) -> [Chicoarun] <STEAM_1:0:952954061>
L 08/31/2026 - 20:42:09: [FF] [Curren Bouquetd'or] <STEAM_1:1:524205977> -> 16 HP bằng (boom/fire) -> [Chicoarun] <STEAM_1:0:952954061>
L 08/31/2026 - 20:42:10: [FF] [Curren Bouquetd'or] <STEAM_1:1:524205977> -> 16 HP bằng (boom/fire) -> [Chicoarun] <STEAM_1:0:952954061>
L 08/31/2026 - 20:42:10: [FF] [Curren Bouquetd'or] <STEAM_1:1:524205977> -> 16 HP bằng (boom/fire) -> [Chicoarun] <STEAM_1:0:952954061>
L 08/31/2026 - 20:42:10: [FF] [Curren Bouquetd'or] <STEAM_1:1:524205977> -> 16 HP bằng (boom/fire) -> [Chicoarun] <STEAM_1:0:952954061>
L 08/31/2026 - 20:42:10: [FF] [Curren Bouquetd'or] <STEAM_1:1:524205977> -> 16 HP bằng (boom/fire) -> [Chicoarun] <STEAM_1:0:952954061>
L 08/31/2026 - 20:42:30: [HẠ GỤC] Charger Bot <BOT> đã hạ gục Holo 40k <STEAM_1:1:925049770> bằng (zombie cào/đấm)
L 08/31/2026 - 20:42:32: [FF] [Chicoarun] <STEAM_1:0:952954061> -> 1 HP bằng (môi trường/khác) -> [Mikasa] <STEAM_1:0:522010986>
L 08/31/2026 - 20:42:32: [FF] [Chicoarun] <STEAM_1:0:952954061> -> 1 HP bằng (môi trường/khác) -> [Curren Bouquetd'or] <STEAM_1:1:524205977>
L 08/31/2026 - 20:42:32: [FF] [Chicoarun] <STEAM_1:0:952954061> -> 1 HP bằng (môi trường/khác) -> [Mikasa] <STEAM_1:0:522010986>
L 08/31/2026 - 20:42:32: [FF] [Chicoarun] <STEAM_1:0:952954061> -> 1 HP bằng (môi trường/khác) -> [Vịt-hút-thuốc-lá] <STEAM_1:1:176443622>
L 08/31/2026 - 20:42:34: [FF] [Chicoarun] <STEAM_1:0:952954061> -> 1 HP bằng (môi trường/khác) -> [KeroN] <STEAM_1:1:161759963>
L 08/31/2026 - 20:42:34: [FF] [Chicoarun] <STEAM_1:0:952954061> -> 1 HP bằng (môi trường/khác) -> [KeroN] <STEAM_1:1:161759963>
L 08/31/2026 - 20:42:38: [HẠ GỤC] Zombie/Witch/Môi trường <N/A> đã hạ gục KeroN <STEAM_1:1:161759963> bằng (môi trường/khác)
L 08/31/2026 - 20:42:44: [FF] [Lê Hải] <STEAM_1:0:471595906> -> 14 HP bằng (súng) -> [KeroN] <STEAM_1:1:161759963>
L 08/31/2026 - 20:42:44: [FF] [Lê Hải] <STEAM_1:0:471595906> -> 14 HP bằng (súng) -> [KeroN] <STEAM_1:1:161759963>
L 08/31/2026 - 20:43:00: [FF] [Mikasa] <STEAM_1:0:522010986> -> 8 HP bằng (súng) -> [Holo 40k] <STEAM_1:1:925049770>
L 08/31/2026 - 20:43:01: [FF] [Chicoarun] <STEAM_1:0:952954061> -> 1 HP bằng (môi trường/khác) -> [Curren Bouquetd'or] <STEAM_1:1:524205977>
L 08/31/2026 - 20:43:01: [FF] [Chicoarun] <STEAM_1:0:952954061> -> 1 HP bằng (môi trường/khác) -> [Curren Bouquetd'or] <STEAM_1:1:524205977>
L 08/31/2026 - 20:43:11: [FF] [Chicoarun] <STEAM_1:0:952954061> -> 1 HP bằng (môi trường/khác) -> [Mikasa] <STEAM_1:0:522010986>
L 08/31/2026 - 20:43:11: [FF] [Chicoarun] <STEAM_1:0:952954061> -> 1 HP bằng (môi trường/khác) -> [Holo 40k] <STEAM_1:1:925049770>
L 08/31/2026 - 20:43:11: [FF] [Chicoarun] <STEAM_1:0:952954061> -> 1 HP bằng (môi trường/khác) -> [Mikasa] <STEAM_1:0:522010986>
L 08/31/2026 - 20:43:11: [FF] [Chicoarun] <STEAM_1:0:952954061> -> 1 HP bằng (môi trường/khác) -> [Holo 40k] <STEAM_1:1:925049770>
L 08/31/2026 - 20:43:11: [FF] [Chicoarun] <STEAM_1:0:952954061> -> 1 HP bằng (môi trường/khác) -> [Lê Hải] <STEAM_1:0:471595906>
L 08/31/2026 - 20:43:11: [FF] [KeroN] <STEAM_1:1:161759963> -> 23 HP bằng (boom/fire) -> [Holo 40k] <STEAM_1:1:925049770>
L 08/31/2026 - 20:43:11: [FF] [Chicoarun] <STEAM_1:0:952954061> -> 1 HP bằng (môi trường/khác) -> [Holo 40k] <STEAM_1:1:925049770>
L 08/31/2026 - 20:43:11: [FF] [Chicoarun] <STEAM_1:0:952954061> -> 1 HP bằng (môi trường/khác) -> [Holo 40k] <STEAM_1:1:925049770>
L 08/31/2026 - 20:43:11: [FF] [Chicoarun] <STEAM_1:0:952954061> -> 1 HP bằng (môi trường/khác) -> [Mikasa] <STEAM_1:0:522010986>
L 08/31/2026 - 20:43:11: [FF] [Chicoarun] <STEAM_1:0:952954061> -> 1 HP bằng (môi trường/khác) -> [Lê Hải] <STEAM_1:0:471595906>
L 08/31/2026 - 20:43:16: [FF] [Mikasa] <STEAM_1:0:522010986> -> 8 HP bằng (súng) -> [chimxanh] <STEAM_1:1:626078671>
L 08/31/2026 - 20:43:16: [FF] [Mikasa] <STEAM_1:0:522010986> -> 8 HP bằng (súng) -> [chimxanh] <STEAM_1:1:626078671>
L 08/31/2026 - 20:43:19: [HẠ GỤC] Zombie/Witch/Môi trường <N/A> đã hạ gục Holo 40k <STEAM_1:1:925049770> bằng (môi trường/khác)
L 08/31/2026 - 20:43:22: [FF] [Lê Hải] <STEAM_1:0:471595906> -> 14 HP bằng (súng) -> [KeroN] <STEAM_1:1:161759963>
L 08/31/2026 - 20:44:01: [HẠ GỤC] Spitter Bot <BOT> đã hạ gục Mikasa <STEAM_1:0:522010986> bằng (môi trường/khác)
L 08/31/2026 - 20:44:03: [FF] [Curren Bouquetd'or] <STEAM_1:1:524205977> -> 8 HP bằng (súng) -> [TezzyPham] <STEAM_1:1:933338290>
L 08/31/2026 - 20:44:04: [KILL] Spitter Bot <BOT> đã giết Holo 40k <STEAM_1:1:925049770> bằng (zombie cào/đấm)
L 08/31/2026 - 20:44:19: [HẠ GỤC] Smoker Bot <BOT> đã hạ gục KeroN <STEAM_1:1:161759963> bằng (môi trường/khác)
L 08/31/2026 - 20:44:22: [HẠ GỤC] Hunter Bot <BOT> đã hạ gục Chicoarun <STEAM_1:0:952954061> bằng (zombie cào/đấm)
L 08/31/2026 - 20:44:24: [HẠ GỤC] Lê Hải <STEAM_1:0:471595906> đã hạ gục Curren Bouquetd'or <STEAM_1:1:524205977> bằng (súng)
L 08/31/2026 - 20:44:40: [FF] [Lê Hải] <STEAM_1:0:471595906> -> 14 HP bằng (súng) -> [Curren Bouquetd'or] <STEAM_1:1:524205977>
L 08/31/2026 - 20:44:55: [FF] [Chicoarun] <STEAM_1:0:952954061> -> 4 HP bằng (súng) -> [Curren Bouquetd'or] <STEAM_1:1:524205977>
L 08/31/2026 - 20:44:55: [FF] [Chicoarun] <STEAM_1:0:952954061> -> 4 HP bằng (súng) -> [Curren Bouquetd'or] <STEAM_1:1:524205977>
L 08/31/2026 - 20:44:57: [FF] [Chicoarun] <STEAM_1:0:952954061> -> 4 HP bằng (súng) -> [Curren Bouquetd'or] <STEAM_1:1:524205977>
L 08/31/2026 - 20:44:57: [FF] [Chicoarun] <STEAM_1:0:952954061> -> 4 HP bằng (súng) -> [Curren Bouquetd'or] <STEAM_1:1:524205977>
L 08/31/2026 - 20:44:57: [FF] [Chicoarun] <STEAM_1:0:952954061> -> 4 HP bằng (súng) -> [Curren Bouquetd'or] <STEAM_1:1:524205977>
L 08/31/2026 - 20:44:57: [FF] [Chicoarun] <STEAM_1:0:952954061> -> 4 HP bằng (súng) -> [Curren Bouquetd'or] <STEAM_1:1:524205977>
L 08/31/2026 - 20:44:57: [FF] [Chicoarun] <STEAM_1:0:952954061> -> 4 HP bằng (súng) -> [Curren Bouquetd'or] <STEAM_1:1:524205977>
L 08/31/2026 - 20:44:57: [FF] [Chicoarun] <STEAM_1:0:952954061> -> 4 HP bằng (súng) -> [Lê Hải] <STEAM_1:0:471595906>
L 08/31/2026 - 20:44:57: [FF] [Chicoarun] <STEAM_1:0:952954061> -> 4 HP bằng (súng) -> [Lê Hải] <STEAM_1:0:471595906>
L 08/31/2026 - 20:44:57: [FF] [Chicoarun] <STEAM_1:0:952954061> -> 4 HP bằng (súng) -> [Lê Hải] <STEAM_1:0:471595906>
L 08/31/2026 - 20:44:57: [FF] [Chicoarun] <STEAM_1:0:952954061> -> 4 HP bằng (súng) -> [Lê Hải] <STEAM_1:0:471595906>
L 08/31/2026 - 20:44:57: [FF] [Chicoarun] <STEAM_1:0:952954061> -> 4 HP bằng (súng) -> [Lê Hải] <STEAM_1:0:471595906>
L 08/31/2026 - 20:44:57: [FF] [Chicoarun] <STEAM_1:0:952954061> -> 4 HP bằng (súng) -> [Lê Hải] <STEAM_1:0:471595906>
L 08/31/2026 - 20:44:57: [FF] [Chicoarun] <STEAM_1:0:952954061> -> 4 HP bằng (súng) -> [Lê Hải] <STEAM_1:0:471595906>
L 08/31/2026 - 20:44:57: [FF] [Chicoarun] <STEAM_1:0:952954061> -> 4 HP bằng (súng) -> [Lê Hải] <STEAM_1:0:471595906>
L 08/31/2026 - 20:45:03: [FF] [chimxanh] <STEAM_1:1:626078671> -> 11 HP bằng (súng) -> [KeroN] <STEAM_1:1:161759963>
L 08/31/2026 - 20:45:03: [FF] [chimxanh] <STEAM_1:1:626078671> -> 11 HP bằng (súng) -> [KeroN] <STEAM_1:1:161759963>
L 08/31/2026 - 20:45:12: [FF] [TezzyPham] <STEAM_1:1:933338290> -> 8 HP bằng (súng) -> [Vịt-hút-thuốc-lá] <STEAM_1:1:176443622>
L 08/31/2026 - 20:45:13: [FF] [chimxanh] <STEAM_1:1:626078671> -> 16 HP bằng (boom/fire) -> [Chicoarun] <STEAM_1:0:952954061>
L 08/31/2026 - 20:45:13: [FF] [chimxanh] <STEAM_1:1:626078671> -> 16 HP bằng (boom/fire) -> [Chicoarun] <STEAM_1:0:952954061>
L 08/31/2026 - 20:45:14: [FF] [Vịt-hút-thuốc-lá] <STEAM_1:1:176443622> -> 8 HP bằng (súng) -> [Holo 40k] <STEAM_1:1:925049770>
L 08/31/2026 - 20:45:14: [FF] [Vịt-hút-thuốc-lá] <STEAM_1:1:176443622> -> 8 HP bằng (súng) -> [Holo 40k] <STEAM_1:1:925049770>
L 08/31/2026 - 20:45:14: [HẠ GỤC] Zombie/Witch/Môi trường <N/A> đã hạ gục Vịt-hút-thuốc-lá <STEAM_1:1:176443622> bằng (môi trường/khác)
L 08/31/2026 - 20:45:14: [HẠ GỤC] Zombie/Witch/Môi trường <N/A> đã hạ gục Holo 40k <STEAM_1:1:925049770> bằng (môi trường/khác)
L 08/31/2026 - 20:45:29: [FF] [Lê Hải] <STEAM_1:0:471595906> -> 14 HP bằng (súng) -> [Chicoarun] <STEAM_1:0:952954061>
L 08/31/2026 - 20:45:47: [HẠ GỤC] Jockey Bot <BOT> đã hạ gục Chicoarun <STEAM_1:0:952954061> bằng (zombie cào/đấm)
L 08/31/2026 - 20:45:49: [FF] [Curren Bouquetd'or] <STEAM_1:1:524205977> -> 8 HP bằng (súng) -> [Chicoarun] <STEAM_1:0:952954061>
L 08/31/2026 - 20:45:49: [FF] [KeroN] <STEAM_1:1:161759963> -> 4 HP bằng (súng) -> [Chicoarun] <STEAM_1:0:952954061>
L 08/31/2026 - 20:45:49: [FF] [Curren Bouquetd'or] <STEAM_1:1:524205977> -> 8 HP bằng (súng) -> [Chicoarun] <STEAM_1:0:952954061>
L 08/31/2026 - 20:45:50: [FF] [Mikasa] <STEAM_1:0:522010986> -> 8 HP bằng (súng) -> [Holo 40k] <STEAM_1:1:925049770>
L 08/31/2026 - 20:45:51: [HẠ GỤC] Zombie/Witch/Môi trường <N/A> đã hạ gục TezzyPham <STEAM_1:1:933338290> bằng (môi trường/khác)
L 08/31/2026 - 20:45:52: [FF] [chimxanh] <STEAM_1:1:626078671> -> 8 HP bằng (boom/fire) -> [Chicoarun] <STEAM_1:0:952954061>
L 08/31/2026 - 20:45:52: [FF] [chimxanh] <STEAM_1:1:626078671> -> 9 HP bằng (boom/fire) -> [Chicoarun] <STEAM_1:0:952954061>
L 08/31/2026 - 20:45:52: [FF] [chimxanh] <STEAM_1:1:626078671> -> 12 HP bằng (boom/fire) -> [Chicoarun] <STEAM_1:0:952954061>
L 08/31/2026 - 20:45:52: [FF] [chimxanh] <STEAM_1:1:626078671> -> 13 HP bằng (boom/fire) -> [Chicoarun] <STEAM_1:0:952954061>
L 08/31/2026 - 20:45:53: [FF] [chimxanh] <STEAM_1:1:626078671> -> 16 HP bằng (boom/fire) -> [Chicoarun] <STEAM_1:0:952954061>
L 08/31/2026 - 20:45:53: [FF] [chimxanh] <STEAM_1:1:626078671> -> 16 HP bằng (boom/fire) -> [Chicoarun] <STEAM_1:0:952954061>
L 08/31/2026 - 20:45:53: [FF] [chimxanh] <STEAM_1:1:626078671> -> 16 HP bằng (boom/fire) -> [Chicoarun] <STEAM_1:0:952954061>
L 08/31/2026 - 20:45:53: [FF] [chimxanh] <STEAM_1:1:626078671> -> 16 HP bằng (boom/fire) -> [Chicoarun] <STEAM_1:0:952954061>
L 08/31/2026 - 20:45:53: [KILL] Zombie/Witch/Môi trường <N/A> đã giết Curren Bouquetd'or <STEAM_1:1:524205977> bằng (zombie cào/đấm)
L 08/31/2026 - 20:45:54: [FF] [chimxanh] <STEAM_1:1:626078671> -> 16 HP bằng (boom/fire) -> [Chicoarun] <STEAM_1:0:952954061>
L 08/31/2026 - 20:45:54: [FF] [chimxanh] <STEAM_1:1:626078671> -> 16 HP bằng (boom/fire) -> [Chicoarun] <STEAM_1:0:952954061>
L 08/31/2026 - 20:45:54: [FF] [Mikasa] <STEAM_1:0:522010986> -> 7 HP bằng (melee) -> [Holo 40k] <STEAM_1:1:925049770>
L 08/31/2026 - 20:45:54: [FF] [chimxanh] <STEAM_1:1:626078671> -> 16 HP bằng (boom/fire) -> [Chicoarun] <STEAM_1:0:952954061>
L 08/31/2026 - 20:45:54: [FF] [chimxanh] <STEAM_1:1:626078671> -> 16 HP bằng (boom/fire) -> [Chicoarun] <STEAM_1:0:952954061>
L 08/31/2026 - 20:45:55: [FF] [chimxanh] <STEAM_1:1:626078671> -> 16 HP bằng (boom/fire) -> [KeroN] <STEAM_1:1:161759963>
L 08/31/2026 - 20:45:55: [FF] [chimxanh] <STEAM_1:1:626078671> -> 16 HP bằng (boom/fire) -> [Chicoarun] <STEAM_1:0:952954061>
L 08/31/2026 - 20:45:55: [FF] [chimxanh] <STEAM_1:1:626078671> -> 16 HP bằng (boom/fire) -> [KeroN] <STEAM_1:1:161759963>
L 08/31/2026 - 20:45:55: [FF] [chimxanh] <STEAM_1:1:626078671> -> 16 HP bằng (boom/fire) -> [Chicoarun] <STEAM_1:0:952954061>
L 08/31/2026 - 20:45:55: [FF] [chimxanh] <STEAM_1:1:626078671> -> 16 HP bằng (boom/fire) -> [KeroN] <STEAM_1:1:161759963>
L 08/31/2026 - 20:45:55: [FF] [chimxanh] <STEAM_1:1:626078671> -> 16 HP bằng (boom/fire) -> [Chicoarun] <STEAM_1:0:952954061>
L 08/31/2026 - 20:45:55: [FF] [Mikasa] <STEAM_1:0:522010986> -> 7 HP bằng (melee) -> [Holo 40k] <STEAM_1:1:925049770>
L 08/31/2026 - 20:45:55: [HẠ GỤC] chimxanh <STEAM_1:1:626078671> đã hạ gục KeroN <STEAM_1:1:161759963> bằng (boom/fire)
L 08/31/2026 - 20:45:55: [FF] [chimxanh] <STEAM_1:1:626078671> -> 16 HP bằng (boom/fire) -> [Chicoarun] <STEAM_1:0:952954061>
L 08/31/2026 - 20:45:56: [FF] [chimxanh] <STEAM_1:1:626078671> -> 16 HP bằng (boom/fire) -> [KeroN] <STEAM_1:1:161759963>
L 08/31/2026 - 20:45:56: [FF] [chimxanh] <STEAM_1:1:626078671> -> 16 HP bằng (boom/fire) -> [Chicoarun] <STEAM_1:0:952954061>
L 08/31/2026 - 20:45:56: [FF] [chimxanh] <STEAM_1:1:626078671> -> 16 HP bằng (boom/fire) -> [KeroN] <STEAM_1:1:161759963>
L 08/31/2026 - 20:45:56: [FF] [chimxanh] <STEAM_1:1:626078671> -> 16 HP bằng (boom/fire) -> [Chicoarun] <STEAM_1:0:952954061>
L 08/31/2026 - 20:45:56: [FF] [chimxanh] <STEAM_1:1:626078671> -> 16 HP bằng (boom/fire) -> [KeroN] <STEAM_1:1:161759963>
L 08/31/2026 - 20:45:56: [FF] [chimxanh] <STEAM_1:1:626078671> -> 16 HP bằng (boom/fire) -> [Chicoarun] <STEAM_1:0:952954061>
L 08/31/2026 - 20:45:56: [FF] [chimxanh] <STEAM_1:1:626078671> -> 16 HP bằng (boom/fire) -> [KeroN] <STEAM_1:1:161759963>
L 08/31/2026 - 20:45:56: [FF] [chimxanh] <STEAM_1:1:626078671> -> 16 HP bằng (boom/fire) -> [Chicoarun] <STEAM_1:0:952954061>
L 08/31/2026 - 20:45:57: [FF] [chimxanh] <STEAM_1:1:626078671> -> 16 HP bằng (boom/fire) -> [KeroN] <STEAM_1:1:161759963>
L 08/31/2026 - 20:45:57: [FF] [chimxanh] <STEAM_1:1:626078671> -> 16 HP bằng (boom/fire) -> [Chicoarun] <STEAM_1:0:952954061>
L 08/31/2026 - 20:45:57: [FF] [chimxanh] <STEAM_1:1:626078671> -> 16 HP bằng (boom/fire) -> [KeroN] <STEAM_1:1:161759963>
L 08/31/2026 - 20:45:57: [FF] [chimxanh] <STEAM_1:1:626078671> -> 16 HP bằng (boom/fire) -> [Chicoarun] <STEAM_1:0:952954061>
L 08/31/2026 - 20:45:57: [FF] [chimxanh] <STEAM_1:1:626078671> -> 16 HP bằng (boom/fire) -> [KeroN] <STEAM_1:1:161759963>
L 08/31/2026 - 20:45:57: [FF] [chimxanh] <STEAM_1:1:626078671> -> 16 HP bằng (boom/fire) -> [Chicoarun] <STEAM_1:0:952954061>
L 08/31/2026 - 20:45:57: [HẠ GỤC] Zombie/Witch/Môi trường <N/A> đã hạ gục Lê Hải <STEAM_1:0:471595906> bằng (môi trường/khác)
L 08/31/2026 - 20:45:57: [FF] [chimxanh] <STEAM_1:1:626078671> -> 16 HP bằng (boom/fire) -> [KeroN] <STEAM_1:1:161759963>
L 08/31/2026 - 20:45:57: [FF] [chimxanh] <STEAM_1:1:626078671> -> 16 HP bằng (boom/fire) -> [Chicoarun] <STEAM_1:0:952954061>
L 08/31/2026 - 20:45:58: [FF] [chimxanh] <STEAM_1:1:626078671> -> 16 HP bằng (boom/fire) -> [KeroN] <STEAM_1:1:161759963>
L 08/31/2026 - 20:45:58: [FF] [chimxanh] <STEAM_1:1:626078671> -> 16 HP bằng (boom/fire) -> [Chicoarun] <STEAM_1:0:952954061>
L 08/31/2026 - 20:45:58: [FF] [chimxanh] <STEAM_1:1:626078671> -> 16 HP bằng (boom/fire) -> [KeroN] <STEAM_1:1:161759963>
L 08/31/2026 - 20:45:58: [FF] [chimxanh] <STEAM_1:1:626078671> -> 16 HP bằng (boom/fire) -> [Chicoarun] <STEAM_1:0:952954061>
L 08/31/2026 - 20:45:58: [FF] [chimxanh] <STEAM_1:1:626078671> -> 16 HP bằng (boom/fire) -> [KeroN] <STEAM_1:1:161759963>
L 08/31/2026 - 20:45:58: [FF] [chimxanh] <STEAM_1:1:626078671> -> 16 HP bằng (boom/fire) -> [Chicoarun] <STEAM_1:0:952954061>
L 08/31/2026 - 20:45:58: [FF] [chimxanh] <STEAM_1:1:626078671> -> 16 HP bằng (boom/fire) -> [Chicoarun] <STEAM_1:0:952954061>
L 08/31/2026 - 20:45:59: [FF] [chimxanh] <STEAM_1:1:626078671> -> 16 HP bằng (boom/fire) -> [Chicoarun] <STEAM_1:0:952954061>
L 08/31/2026 - 20:45:59: [FF] [chimxanh] <STEAM_1:1:626078671> -> 16 HP bằng (boom/fire) -> [Chicoarun] <STEAM_1:0:952954061>
L 08/31/2026 - 20:45:59: [FF] [chimxanh] <STEAM_1:1:626078671> -> 16 HP bằng (boom/fire) -> [Chicoarun] <STEAM_1:0:952954061>
L 08/31/2026 - 20:45:59: [FF] [chimxanh] <STEAM_1:1:626078671> -> 16 HP bằng (boom/fire) -> [Chicoarun] <STEAM_1:0:952954061>
L 08/31/2026 - 20:46:00: [FF] [chimxanh] <STEAM_1:1:626078671> -> 16 HP bằng (boom/fire) -> [Chicoarun] <STEAM_1:0:952954061>
L 08/31/2026 - 20:46:00: [FF] [chimxanh] <STEAM_1:1:626078671> -> 16 HP bằng (boom/fire) -> [Chicoarun] <STEAM_1:0:952954061>
L 08/31/2026 - 20:46:00: [FF] [chimxanh] <STEAM_1:1:626078671> -> 16 HP bằng (boom/fire) -> [Chicoarun] <STEAM_1:0:952954061>
L 08/31/2026 - 20:46:00: [FF] [chimxanh] <STEAM_1:1:626078671> -> 16 HP bằng (boom/fire) -> [Chicoarun] <STEAM_1:0:952954061>
L 08/31/2026 - 20:46:01: [FF] [chimxanh] <STEAM_1:1:626078671> -> 16 HP bằng (boom/fire) -> [KeroN] <STEAM_1:1:161759963>
L 08/31/2026 - 20:46:01: [FF] [chimxanh] <STEAM_1:1:626078671> -> 16 HP bằng (boom/fire) -> [Chicoarun] <STEAM_1:0:952954061>
L 08/31/2026 - 20:46:01: [FF] [chimxanh] <STEAM_1:1:626078671> -> 16 HP bằng (boom/fire) -> [KeroN] <STEAM_1:1:161759963>
L 08/31/2026 - 20:46:01: [FF] [chimxanh] <STEAM_1:1:626078671> -> 16 HP bằng (boom/fire) -> [Chicoarun] <STEAM_1:0:952954061>
L 08/31/2026 - 20:46:01: [KILL] Zombie/Witch/Môi trường <N/A> đã giết Holo 40k <STEAM_1:1:925049770> bằng (zombie cào/đấm)
L 08/31/2026 - 20:46:01: [FF] [chimxanh] <STEAM_1:1:626078671> -> 16 HP bằng (boom/fire) -> [KeroN] <STEAM_1:1:161759963>
L 08/31/2026 - 20:46:01: [FF] [chimxanh] <STEAM_1:1:626078671> -> 16 HP bằng (boom/fire) -> [Chicoarun] <STEAM_1:0:952954061>
L 08/31/2026 - 20:46:01: [FF] [chimxanh] <STEAM_1:1:626078671> -> 16 HP bằng (boom/fire) -> [KeroN] <STEAM_1:1:161759963>
L 08/31/2026 - 20:46:01: [FF] [chimxanh] <STEAM_1:1:626078671> -> 16 HP bằng (boom/fire) -> [Chicoarun] <STEAM_1:0:952954061>
L 08/31/2026 - 20:46:02: [FF] [chimxanh] <STEAM_1:1:626078671> -> 16 HP bằng (boom/fire) -> [KeroN] <STEAM_1:1:161759963>
L 08/31/2026 - 20:46:02: [FF] [chimxanh] <STEAM_1:1:626078671> -> 16 HP bằng (boom/fire) -> [Chicoarun] <STEAM_1:0:952954061>
L 08/31/2026 - 20:46:02: [FF] [chimxanh] <STEAM_1:1:626078671> -> 16 HP bằng (boom/fire) -> [KeroN] <STEAM_1:1:161759963>
L 08/31/2026 - 20:46:02: [FF] [chimxanh] <STEAM_1:1:626078671> -> 16 HP bằng (boom/fire) -> [Chicoarun] <STEAM_1:0:952954061>
L 08/31/2026 - 20:46:02: [FF] [chimxanh] <STEAM_1:1:626078671> -> 16 HP bằng (boom/fire) -> [KeroN] <STEAM_1:1:161759963>
L 08/31/2026 - 20:46:02: [FF] [chimxanh] <STEAM_1:1:626078671> -> 16 HP bằng (boom/fire) -> [Chicoarun] <STEAM_1:0:952954061>
L 08/31/2026 - 20:46:02: [FF] [chimxanh] <STEAM_1:1:626078671> -> 16 HP bằng (boom/fire) -> [KeroN] <STEAM_1:1:161759963>
L 08/31/2026 - 20:46:02: [FF] [chimxanh] <STEAM_1:1:626078671> -> 16 HP bằng (boom/fire) -> [Chicoarun] <STEAM_1:0:952954061>
L 08/31/2026 - 20:46:03: [FF] [chimxanh] <STEAM_1:1:626078671> -> 16 HP bằng (boom/fire) -> [KeroN] <STEAM_1:1:161759963>
L 08/31/2026 - 20:46:03: [FF] [chimxanh] <STEAM_1:1:626078671> -> 16 HP bằng (boom/fire) -> [Chicoarun] <STEAM_1:0:952954061>
L 08/31/2026 - 20:46:03: [FF] [chimxanh] <STEAM_1:1:626078671> -> 16 HP bằng (boom/fire) -> [KeroN] <STEAM_1:1:161759963>
L 08/31/2026 - 20:46:03: [FF] [chimxanh] <STEAM_1:1:626078671> -> 16 HP bằng (boom/fire) -> [Chicoarun] <STEAM_1:0:952954061>
L 08/31/2026 - 20:46:03: [FF] [chimxanh] <STEAM_1:1:626078671> -> 16 HP bằng (boom/fire) -> [KeroN] <STEAM_1:1:161759963>
L 08/31/2026 - 20:46:03: [FF] [chimxanh] <STEAM_1:1:626078671> -> 16 HP bằng (boom/fire) -> [Chicoarun] <STEAM_1:0:952954061>
L 08/31/2026 - 20:46:03: [FF] [chimxanh] <STEAM_1:1:626078671> -> 16 HP bằng (boom/fire) -> [KeroN] <STEAM_1:1:161759963>
L 08/31/2026 - 20:46:03: [FF] [chimxanh] <STEAM_1:1:626078671> -> 16 HP bằng (boom/fire) -> [Chicoarun] <STEAM_1:0:952954061>
L 08/31/2026 - 20:46:04: [FF] [chimxanh] <STEAM_1:1:626078671> -> 16 HP bằng (boom/fire) -> [KeroN] <STEAM_1:1:161759963>
L 08/31/2026 - 20:46:04: [FF] [chimxanh] <STEAM_1:1:626078671> -> 16 HP bằng (boom/fire) -> [Chicoarun] <STEAM_1:0:952954061>
L 08/31/2026 - 20:46:04: [FF] [chimxanh] <STEAM_1:1:626078671> -> 16 HP bằng (boom/fire) -> [KeroN] <STEAM_1:1:161759963>
L 08/31/2026 - 20:46:04: [FF] [chimxanh] <STEAM_1:1:626078671> -> 16 HP bằng (boom/fire) -> [Chicoarun] <STEAM_1:0:952954061>
L 08/31/2026 - 20:46:04: [FF] [chimxanh] <STEAM_1:1:626078671> -> 16 HP bằng (boom/fire) -> [KeroN] <STEAM_1:1:161759963>
L 08/31/2026 - 20:46:04: [FF] [chimxanh] <STEAM_1:1:626078671> -> 16 HP bằng (boom/fire) -> [Chicoarun] <STEAM_1:0:952954061>
L 08/31/2026 - 20:46:04: [FF] [chimxanh] <STEAM_1:1:626078671> -> 16 HP bằng (boom/fire) -> [KeroN] <STEAM_1:1:161759963>
L 08/31/2026 - 20:46:04: [FF] [chimxanh] <STEAM_1:1:626078671> -> 16 HP bằng (boom/fire) -> [Chicoarun] <STEAM_1:0:952954061>
L 08/31/2026 - 20:46:05: [FF] [chimxanh] <STEAM_1:1:626078671> -> 16 HP bằng (boom/fire) -> [KeroN] <STEAM_1:1:161759963>
L 08/31/2026 - 20:46:05: [FF] [chimxanh] <STEAM_1:1:626078671> -> 16 HP bằng (boom/fire) -> [Chicoarun] <STEAM_1:0:952954061>
L 08/31/2026 - 20:46:05: [FF] [chimxanh] <STEAM_1:1:626078671> -> 16 HP bằng (boom/fire) -> [KeroN] <STEAM_1:1:161759963>
L 08/31/2026 - 20:46:05: [FF] [chimxanh] <STEAM_1:1:626078671> -> 16 HP bằng (boom/fire) -> [Chicoarun] <STEAM_1:0:952954061>
L 08/31/2026 - 20:46:05: [FF] [chimxanh] <STEAM_1:1:626078671> -> 16 HP bằng (boom/fire) -> [KeroN] <STEAM_1:1:161759963>
L 08/31/2026 - 20:46:05: [FF] [chimxanh] <STEAM_1:1:626078671> -> 16 HP bằng (boom/fire) -> [Chicoarun] <STEAM_1:0:952954061>
L 08/31/2026 - 20:46:05: [FF] [chimxanh] <STEAM_1:1:626078671> -> 16 HP bằng (boom/fire) -> [KeroN] <STEAM_1:1:161759963>
L 08/31/2026 - 20:46:05: [FF] [chimxanh] <STEAM_1:1:626078671> -> 16 HP bằng (boom/fire) -> [Chicoarun] <STEAM_1:0:952954061>
L 08/31/2026 - 20:46:05: [KILL] chimxanh <STEAM_1:1:626078671> đã giết Chicoarun <STEAM_1:0:952954061> bằng (boom/fire)
L 08/31/2026 - 20:46:11: [HẠ GỤC] Zombie/Witch/Môi trường <N/A> đã hạ gục chimxanh <STEAM_1:1:626078671> bằng (môi trường/khác)
L 08/31/2026 - 20:46:14: [KILL] Zombie/Witch/Môi trường <N/A> đã giết chimxanh <STEAM_1:1:626078671> bằng (zombie cào/đấm)
L 08/31/2026 - 20:46:16: [FF] [KeroN] <STEAM_1:1:161759963> -> 4 HP bằng (súng) -> [Mikasa] <STEAM_1:0:522010986>
L 08/31/2026 - 20:46:16: [FF] [KeroN] <STEAM_1:1:161759963> -> 4 HP bằng (súng) -> [Mikasa] <STEAM_1:0:522010986>
L 08/31/2026 - 20:46:17: [FF] [KeroN] <STEAM_1:1:161759963> -> 4 HP bằng (súng) -> [Mikasa] <STEAM_1:0:522010986>
L 08/31/2026 - 20:46:19: [KILL] Zombie/Witch/Môi trường <N/A> đã giết Mikasa <STEAM_1:0:522010986> bằng (zombie cào/đấm)
L 08/31/2026 - 20:46:21: [KILL] Zombie/Witch/Môi trường <N/A> đã giết KeroN <STEAM_1:1:161759963> bằng (zombie cào/đấm)
L 08/31/2026 - 20:46:24: [KILL] Zombie/Witch/Môi trường <N/A> đã giết Vịt-hút-thuốc-lá <STEAM_1:1:176443622> bằng (zombie cào/đấm)
L 08/31/2026 - 20:46:26: [HẠ GỤC] Zombie/Witch/Môi trường <N/A> đã hạ gục Lê Hải <STEAM_1:0:471595906> bằng (môi trường/khác)
L 08/31/2026 - 20:46:30: [HẠ GỤC] Spitter Bot <BOT> đã hạ gục TezzyPham <STEAM_1:1:933338290> bằng (zombie cào/đấm)
L 08/31/2026 - 20:47:17: [FF] [Holo 40k] <STEAM_1:1:925049770> -> 5 HP bằng (melee) -> [Chicoarun] <STEAM_1:0:952954061>
L 08/31/2026 - 20:47:20: [HẠ GỤC] Zombie/Witch/Môi trường <N/A> đã hạ gục Curren Bouquetd'or <STEAM_1:1:524205977> bằng (môi trường/khác)
L 08/31/2026 - 20:47:20: [HẠ GỤC] Zombie/Witch/Môi trường <N/A> đã hạ gục Chicoarun <STEAM_1:0:952954061> bằng (môi trường/khác)
L 08/31/2026 - 20:47:31: [FF] [TezzyPham] <STEAM_1:1:933338290> -> 4 HP bằng (súng) -> [KeroN] <STEAM_1:1:161759963>
L 08/31/2026 - 20:47:31: [FF] [TezzyPham] <STEAM_1:1:933338290> -> 4 HP bằng (súng) -> [KeroN] <STEAM_1:1:161759963>
L 08/31/2026 - 20:47:31: [FF] [TezzyPham] <STEAM_1:1:933338290> -> 4 HP bằng (súng) -> [KeroN] <STEAM_1:1:161759963>
L 08/31/2026 - 20:47:31: [FF] [TezzyPham] <STEAM_1:1:933338290> -> 4 HP bằng (súng) -> [KeroN] <STEAM_1:1:161759963>
L 08/31/2026 - 20:47:31: [FF] [TezzyPham] <STEAM_1:1:933338290> -> 4 HP bằng (súng) -> [KeroN] <STEAM_1:1:161759963>
L 08/31/2026 - 20:47:31: [FF] [TezzyPham] <STEAM_1:1:933338290> -> 4 HP bằng (súng) -> [KeroN] <STEAM_1:1:161759963>
L 08/31/2026 - 20:47:31: [FF] [TezzyPham] <STEAM_1:1:933338290> -> 4 HP bằng (súng) -> [KeroN] <STEAM_1:1:161759963>
L 08/31/2026 - 20:47:31: [FF] [TezzyPham] <STEAM_1:1:933338290> -> 4 HP bằng (súng) -> [KeroN] <STEAM_1:1:161759963>
L 08/31/2026 - 20:47:31: [FF] [TezzyPham] <STEAM_1:1:933338290> -> 4 HP bằng (súng) -> [KeroN] <STEAM_1:1:161759963>
L 08/31/2026 - 20:47:32: [KILL] Charger Bot <BOT> đã giết Lê Hải <STEAM_1:0:471595906> bằng (zombie cào/đấm)
L 08/31/2026 - 20:47:32: [FF] [KeroN] <STEAM_1:1:161759963> -> 8 HP bằng (súng) -> [Chicoarun] <STEAM_1:0:952954061>
L 08/31/2026 - 20:47:32: [FF] [TezzyPham] <STEAM_1:1:933338290> -> 4 HP bằng (súng) -> [Holo 40k] <STEAM_1:1:925049770>
L 08/31/2026 - 20:47:32: [FF] [TezzyPham] <STEAM_1:1:933338290> -> 4 HP bằng (súng) -> [Holo 40k] <STEAM_1:1:925049770>
L 08/31/2026 - 20:47:32: [FF] [TezzyPham] <STEAM_1:1:933338290> -> 4 HP bằng (súng) -> [Holo 40k] <STEAM_1:1:925049770>
L 08/31/2026 - 20:47:32: [FF] [TezzyPham] <STEAM_1:1:933338290> -> 4 HP bằng (súng) -> [Holo 40k] <STEAM_1:1:925049770>
L 08/31/2026 - 20:47:33: [FF] [TezzyPham] <STEAM_1:1:933338290> -> 4 HP bằng (súng) -> [Holo 40k] <STEAM_1:1:925049770>
L 08/31/2026 - 20:47:33: [FF] [TezzyPham] <STEAM_1:1:933338290> -> 4 HP bằng (súng) -> [Holo 40k] <STEAM_1:1:925049770>
L 08/31/2026 - 20:47:33: [FF] [TezzyPham] <STEAM_1:1:933338290> -> 4 HP bằng (súng) -> [Holo 40k] <STEAM_1:1:925049770>
L 08/31/2026 - 20:47:33: [FF] [TezzyPham] <STEAM_1:1:933338290> -> 4 HP bằng (súng) -> [Holo 40k] <STEAM_1:1:925049770>
L 08/31/2026 - 20:47:33: [FF] [TezzyPham] <STEAM_1:1:933338290> -> 4 HP bằng (súng) -> [Holo 40k] <STEAM_1:1:925049770>
L 08/31/2026 - 20:47:33: [FF] [TezzyPham] <STEAM_1:1:933338290> -> 4 HP bằng (súng) -> [Holo 40k] <STEAM_1:1:925049770>
L 08/31/2026 - 20:47:33: [FF] [TezzyPham] <STEAM_1:1:933338290> -> 4 HP bằng (súng) -> [Holo 40k] <STEAM_1:1:925049770>
L 08/31/2026 - 20:47:33: [FF] [TezzyPham] <STEAM_1:1:933338290> -> 4 HP bằng (súng) -> [Holo 40k] <STEAM_1:1:925049770>
L 08/31/2026 - 20:47:33: [FF] [TezzyPham] <STEAM_1:1:933338290> -> 4 HP bằng (súng) -> [Holo 40k] <STEAM_1:1:925049770>
L 08/31/2026 - 20:47:33: [FF] [TezzyPham] <STEAM_1:1:933338290> -> 4 HP bằng (súng) -> [Holo 40k] <STEAM_1:1:925049770>
L 08/31/2026 - 20:47:33: [FF] [TezzyPham] <STEAM_1:1:933338290> -> 4 HP bằng (súng) -> [Holo 40k] <STEAM_1:1:925049770>
L 08/31/2026 - 20:47:36: [FF] [Vịt-hút-thuốc-lá] <STEAM_1:1:176443622> -> 4 HP bằng (súng) -> [Mikasa] <STEAM_1:0:522010986>
L 08/31/2026 - 20:47:36: [FF] [Vịt-hút-thuốc-lá] <STEAM_1:1:176443622> -> 4 HP bằng (súng) -> [Mikasa] <STEAM_1:0:522010986>
L 08/31/2026 - 20:47:37: [HẠ GỤC] Zombie/Witch/Môi trường <N/A> đã hạ gục Holo 40k <STEAM_1:1:925049770> bằng (môi trường/khác)
L 08/31/2026 - 20:47:39: [FF] [Mikasa] <STEAM_1:0:522010986> -> 8 HP bằng (súng) -> [TezzyPham] <STEAM_1:1:933338290>
L 08/31/2026 - 20:48:10: [HẠ GỤC] Zombie/Witch/Môi trường <N/A> đã hạ gục KeroN <STEAM_1:1:161759963> bằng (môi trường/khác)
L 08/31/2026 - 20:48:13: [HẠ GỤC] Zombie/Witch/Môi trường <N/A> đã hạ gục Holo 40k <STEAM_1:1:925049770> bằng (môi trường/khác)
L 08/31/2026 - 20:48:17: [FF] [TezzyPham] <STEAM_1:1:933338290> -> 4 HP bằng (súng) -> [Holo 40k] <STEAM_1:1:925049770>
L 08/31/2026 - 20:48:18: [FF] [TezzyPham] <STEAM_1:1:933338290> -> 4 HP bằng (súng) -> [Holo 40k] <STEAM_1:1:925049770>
L 08/31/2026 - 20:48:20: [FF] [KeroN] <STEAM_1:1:161759963> -> 8 HP bằng (súng) -> [Chicoarun] <STEAM_1:0:952954061>
L 08/31/2026 - 20:48:20: [FF] [KeroN] <STEAM_1:1:161759963> -> 8 HP bằng (súng) -> [Curren Bouquetd'or] <STEAM_1:1:524205977>
L 08/31/2026 - 20:48:21: [HẠ GỤC] Zombie/Witch/Môi trường <N/A> đã hạ gục chimxanh <STEAM_1:1:626078671> bằng (môi trường/khác)
L 08/31/2026 - 20:48:22: [KILL] Zombie/Witch/Môi trường <N/A> đã giết Curren Bouquetd'or <STEAM_1:1:524205977> bằng (zombie cào/đấm)
L 08/31/2026 - 20:48:24: [KILL] Zombie/Witch/Môi trường <N/A> đã giết TezzyPham <STEAM_1:1:933338290> bằng (zombie cào/đấm)
L 08/31/2026 - 20:48:40: [KILL] Zombie/Witch/Môi trường <N/A> đã giết KeroN <STEAM_1:1:161759963> bằng (zombie cào/đấm)
L 08/31/2026 - 20:48:41: [FF] [Vịt-hút-thuốc-lá] <STEAM_1:1:176443622> -> 4 HP bằng (súng) -> [Lê Hải] <STEAM_1:0:471595906>
L 08/31/2026 - 20:48:41: [FF] [Vịt-hút-thuốc-lá] <STEAM_1:1:176443622> -> 4 HP bằng (súng) -> [Lê Hải] <STEAM_1:0:471595906>
L 08/31/2026 - 20:48:41: [FF] [Vịt-hút-thuốc-lá] <STEAM_1:1:176443622> -> 4 HP bằng (súng) -> [Lê Hải] <STEAM_1:0:471595906>
L 08/31/2026 - 20:48:41: [FF] [Vịt-hút-thuốc-lá] <STEAM_1:1:176443622> -> 4 HP bằng (súng) -> [Lê Hải] <STEAM_1:0:471595906>
L 08/31/2026 - 20:48:41: [FF] [Vịt-hút-thuốc-lá] <STEAM_1:1:176443622> -> 4 HP bằng (súng) -> [Lê Hải] <STEAM_1:0:471595906>
L 08/31/2026 - 20:48:41: [FF] [Vịt-hút-thuốc-lá] <STEAM_1:1:176443622> -> 4 HP bằng (súng) -> [Lê Hải] <STEAM_1:0:471595906>
L 08/31/2026 - 20:48:41: [FF] [Vịt-hút-thuốc-lá] <STEAM_1:1:176443622> -> 4 HP bằng (súng) -> [Lê Hải] <STEAM_1:0:471595906>
L 08/31/2026 - 20:48:41: [FF] [Vịt-hút-thuốc-lá] <STEAM_1:1:176443622> -> 4 HP bằng (súng) -> [Lê Hải] <STEAM_1:0:471595906>
L 08/31/2026 - 20:48:41: [FF] [Vịt-hút-thuốc-lá] <STEAM_1:1:176443622> -> 4 HP bằng (súng) -> [Lê Hải] <STEAM_1:0:471595906>
L 08/31/2026 - 20:48:41: [FF] [Vịt-hút-thuốc-lá] <STEAM_1:1:176443622> -> 4 HP bằng (súng) -> [Lê Hải] <STEAM_1:0:471595906>
L 08/31/2026 - 20:48:41: [FF] [Vịt-hút-thuốc-lá] <STEAM_1:1:176443622> -> 4 HP bằng (súng) -> [Lê Hải] <STEAM_1:0:471595906>
L 08/31/2026 - 20:48:41: [FF] [Vịt-hút-thuốc-lá] <STEAM_1:1:176443622> -> 4 HP bằng (súng) -> [Lê Hải] <STEAM_1:0:471595906>
L 08/31/2026 - 20:48:41: [FF] [Vịt-hút-thuốc-lá] <STEAM_1:1:176443622> -> 4 HP bằng (súng) -> [Lê Hải] <STEAM_1:0:471595906>
L 08/31/2026 - 20:48:41: [FF] [Vịt-hút-thuốc-lá] <STEAM_1:1:176443622> -> 4 HP bằng (súng) -> [Lê Hải] <STEAM_1:0:471595906>
L 08/31/2026 - 20:48:41: [FF] [Vịt-hút-thuốc-lá] <STEAM_1:1:176443622> -> 4 HP bằng (súng) -> [Lê Hải] <STEAM_1:0:471595906>
L 08/31/2026 - 20:48:41: [FF] [Vịt-hút-thuốc-lá] <STEAM_1:1:176443622> -> 4 HP bằng (súng) -> [Lê Hải] <STEAM_1:0:471595906>
L 08/31/2026 - 20:48:41: [FF] [Vịt-hút-thuốc-lá] <STEAM_1:1:176443622> -> 4 HP bằng (súng) -> [Lê Hải] <STEAM_1:0:471595906>
L 08/31/2026 - 20:48:41: [FF] [Vịt-hút-thuốc-lá] <STEAM_1:1:176443622> -> 4 HP bằng (súng) -> [Lê Hải] <STEAM_1:0:471595906>
L 08/31/2026 - 20:48:41: [FF] [Vịt-hút-thuốc-lá] <STEAM_1:1:176443622> -> 4 HP bằng (súng) -> [Lê Hải] <STEAM_1:0:471595906>
L 08/31/2026 - 20:48:41: [FF] [Vịt-hút-thuốc-lá] <STEAM_1:1:176443622> -> 4 HP bằng (súng) -> [Lê Hải] <STEAM_1:0:471595906>
L 08/31/2026 - 20:48:41: [FF] [Vịt-hút-thuốc-lá] <STEAM_1:1:176443622> -> 4 HP bằng (súng) -> [Lê Hải] <STEAM_1:0:471595906>
L 08/31/2026 - 20:48:41: [FF] [Vịt-hút-thuốc-lá] <STEAM_1:1:176443622> -> 4 HP bằng (súng) -> [Lê Hải] <STEAM_1:0:471595906>
L 08/31/2026 - 20:48:41: [FF] [Vịt-hút-thuốc-lá] <STEAM_1:1:176443622> -> 4 HP bằng (súng) -> [Lê Hải] <STEAM_1:0:471595906>
L 08/31/2026 - 20:48:41: [FF] [Vịt-hút-thuốc-lá] <STEAM_1:1:176443622> -> 4 HP bằng (súng) -> [Lê Hải] <STEAM_1:0:471595906>
L 08/31/2026 - 20:48:44: [FF] [Vịt-hút-thuốc-lá] <STEAM_1:1:176443622> -> 4 HP bằng (súng) -> [Rochelle] <BOT>
L 08/31/2026 - 20:48:44: [FF] [Vịt-hút-thuốc-lá] <STEAM_1:1:176443622> -> 4 HP bằng (súng) -> [Rochelle] <BOT>
L 08/31/2026 - 20:48:44: [FF] [Vịt-hút-thuốc-lá] <STEAM_1:1:176443622> -> 4 HP bằng (súng) -> [Rochelle] <BOT>
L 08/31/2026 - 20:48:44: [FF] [Vịt-hút-thuốc-lá] <STEAM_1:1:176443622> -> 4 HP bằng (súng) -> [Rochelle] <BOT>
L 08/31/2026 - 20:48:44: [FF] [Vịt-hút-thuốc-lá] <STEAM_1:1:176443622> -> 4 HP bằng (súng) -> [Rochelle] <BOT>
L 08/31/2026 - 20:48:44: [FF] [Vịt-hút-thuốc-lá] <STEAM_1:1:176443622> -> 4 HP bằng (súng) -> [Rochelle] <BOT>
L 08/31/2026 - 20:48:44: [FF] [Vịt-hút-thuốc-lá] <STEAM_1:1:176443622> -> 4 HP bằng (súng) -> [Rochelle] <BOT>
L 08/31/2026 - 20:48:44: [FF] [Vịt-hút-thuốc-lá] <STEAM_1:1:176443622> -> 4 HP bằng (súng) -> [Rochelle] <BOT>
L 08/31/2026 - 20:48:44: [FF] [Vịt-hút-thuốc-lá] <STEAM_1:1:176443622> -> 4 HP bằng (súng) -> [Rochelle] <BOT>
L 08/31/2026 - 20:48:45: [HẠ GỤC] Zombie/Witch/Môi trường <N/A> đã hạ gục Chicoarun <STEAM_1:0:952954061> bằng (môi trường/khác)
L 08/31/2026 - 20:48:51: [KILL] Zombie/Witch/Môi trường <N/A> đã giết Rochelle <BOT> bằng (môi trường/khác)
L 08/31/2026 - 20:48:58: [HẠ GỤC] Zombie/Witch/Môi trường <N/A> đã hạ gục Mikasa <STEAM_1:0:522010986> bằng (môi trường/khác)
L 08/31/2026 - 20:49:04: [HẠ GỤC] Zombie/Witch/Môi trường <N/A> đã hạ gục Lê Hải <STEAM_1:0:471595906> bằng (môi trường/khác)
L 08/31/2026 - 20:49:05: [FF] [Vịt-hút-thuốc-lá] <STEAM_1:1:176443622> -> 11 HP bằng (boom/fire) -> [Mikasa] <STEAM_1:0:522010986>
L 08/31/2026 - 20:49:06: [FF] [Vịt-hút-thuốc-lá] <STEAM_1:1:176443622> -> 13 HP bằng (boom/fire) -> [Mikasa] <STEAM_1:0:522010986>
L 08/31/2026 - 20:49:06: [FF] [Vịt-hút-thuốc-lá] <STEAM_1:1:176443622> -> 15 HP bằng (boom/fire) -> [Mikasa] <STEAM_1:0:522010986>
L 08/31/2026 - 20:49:06: [FF] [Vịt-hút-thuốc-lá] <STEAM_1:1:176443622> -> 16 HP bằng (boom/fire) -> [Mikasa] <STEAM_1:0:522010986>
L 08/31/2026 - 20:49:06: [FF] [Vịt-hút-thuốc-lá] <STEAM_1:1:176443622> -> 16 HP bằng (boom/fire) -> [Mikasa] <STEAM_1:0:522010986>
L 08/31/2026 - 20:49:07: [FF] [Vịt-hút-thuốc-lá] <STEAM_1:1:176443622> -> 16 HP bằng (boom/fire) -> [Mikasa] <STEAM_1:0:522010986>
L 08/31/2026 - 20:49:09: [KILL] Zombie/Witch/Môi trường <N/A> đã giết Chicoarun <STEAM_1:0:952954061> bằng (zombie cào/đấm)
L 08/31/2026 - 20:49:13: [HẠ GỤC] Zombie/Witch/Môi trường <N/A> đã hạ gục Lê Hải <STEAM_1:0:471595906> bằng (môi trường/khác)
L 08/31/2026 - 20:49:14: [KILL] Zombie/Witch/Môi trường <N/A> đã giết Vịt-hút-thuốc-lá <STEAM_1:1:176443622> bằng (zombie cào/đấm)
L 08/31/2026 - 20:49:14: [FF] [Vịt-hút-thuốc-lá] <STEAM_1:1:176443622> -> 16 HP bằng (boom/fire) -> [Mikasa] <STEAM_1:0:522010986>
L 08/31/2026 - 20:49:14: [FF] [Vịt-hút-thuốc-lá] <STEAM_1:1:176443622> -> 16 HP bằng (boom/fire) -> [Mikasa] <STEAM_1:0:522010986>
L 08/31/2026 - 20:49:15: [FF] [Vịt-hút-thuốc-lá] <STEAM_1:1:176443622> -> 16 HP bằng (boom/fire) -> [Mikasa] <STEAM_1:0:522010986>
L 08/31/2026 - 20:49:15: [FF] [Vịt-hút-thuốc-lá] <STEAM_1:1:176443622> -> 16 HP bằng (boom/fire) -> [Mikasa] <STEAM_1:0:522010986>
L 08/31/2026 - 20:49:15: [FF] [Vịt-hút-thuốc-lá] <STEAM_1:1:176443622> -> 16 HP bằng (boom/fire) -> [Mikasa] <STEAM_1:0:522010986>
L 08/31/2026 - 20:49:15: [FF] [Vịt-hút-thuốc-lá] <STEAM_1:1:176443622> -> 16 HP bằng (boom/fire) -> [Mikasa] <STEAM_1:0:522010986>
L 08/31/2026 - 20:49:16: [FF] [Vịt-hút-thuốc-lá] <STEAM_1:1:176443622> -> 16 HP bằng (boom/fire) -> [Mikasa] <STEAM_1:0:522010986>
L 08/31/2026 - 20:49:16: [FF] [Vịt-hút-thuốc-lá] <STEAM_1:1:176443622> -> 16 HP bằng (boom/fire) -> [Mikasa] <STEAM_1:0:522010986>
L 08/31/2026 - 20:49:16: [FF] [Vịt-hút-thuốc-lá] <STEAM_1:1:176443622> -> 16 HP bằng (boom/fire) -> [Mikasa] <STEAM_1:0:522010986>
L 08/31/2026 - 20:49:16: [FF] [Vịt-hút-thuốc-lá] <STEAM_1:1:176443622> -> 16 HP bằng (boom/fire) -> [Mikasa] <STEAM_1:0:522010986>
L 08/31/2026 - 20:49:17: [FF] [Vịt-hút-thuốc-lá] <STEAM_1:1:176443622> -> 16 HP bằng (boom/fire) -> [Mikasa] <STEAM_1:0:522010986>
L 08/31/2026 - 20:49:17: [FF] [Vịt-hút-thuốc-lá] <STEAM_1:1:176443622> -> 16 HP bằng (boom/fire) -> [Mikasa] <STEAM_1:0:522010986>
L 08/31/2026 - 20:49:17: [KILL] Zombie/Witch/Môi trường <N/A> đã giết Mikasa <STEAM_1:0:522010986> bằng (môi trường/khác)
L 08/31/2026 - 20:49:18: [KILL] Zombie/Witch/Môi trường <N/A> đã giết Lê Hải <STEAM_1:0:471595906> bằng (zombie cào/đấm)
L 08/31/2026 - 20:49:23: [KILL] Zombie/Witch/Môi trường <N/A> đã giết chimxanh <STEAM_1:1:626078671> bằng (zombie cào/đấm)
L 08/31/2026 - 20:50:18: [FF] [Curren Bouquetd'or] <STEAM_1:1:524205977> -> 8 HP bằng (súng) -> [chimxanh] <STEAM_1:1:626078671>
L 08/31/2026 - 20:50:26: [FF] [Holo 40k] <STEAM_1:1:925049770> -> 7 HP bằng (melee) -> [chimxanh] <STEAM_1:1:626078671>
L 08/31/2026 - 20:50:28: [FF] [TezzyPham] <STEAM_1:1:933338290> -> 1 HP bằng (môi trường/khác) -> [KeroN] <STEAM_1:1:161759963>
L 08/31/2026 - 20:50:28: [FF] [TezzyPham] <STEAM_1:1:933338290> -> 1 HP bằng (môi trường/khác) -> [KeroN] <STEAM_1:1:161759963>
L 08/31/2026 - 20:50:43: [FF] [TezzyPham] <STEAM_1:1:933338290> -> 1 HP bằng (môi trường/khác) -> [Curren Bouquetd'or] <STEAM_1:1:524205977>
L 08/31/2026 - 20:50:43: [FF] [TezzyPham] <STEAM_1:1:933338290> -> 1 HP bằng (môi trường/khác) -> [Curren Bouquetd'or] <STEAM_1:1:524205977>
L 08/31/2026 - 20:50:44: [FF] [TezzyPham] <STEAM_1:1:933338290> -> 1 HP bằng (môi trường/khác) -> [Curren Bouquetd'or] <STEAM_1:1:524205977>
L 08/31/2026 - 20:50:44: [FF] [TezzyPham] <STEAM_1:1:933338290> -> 1 HP bằng (môi trường/khác) -> [Curren Bouquetd'or] <STEAM_1:1:524205977>
L 08/31/2026 - 20:50:57: [FF] [Curren Bouquetd'or] <STEAM_1:1:524205977> -> 1 HP bằng (boom/fire) -> [KeroN] <STEAM_1:1:161759963>
L 08/31/2026 - 20:50:57: [FF] [TezzyPham] <STEAM_1:1:933338290> -> 1 HP bằng (môi trường/khác) -> [Curren Bouquetd'or] <STEAM_1:1:524205977>
L 08/31/2026 - 20:50:57: [FF] [TezzyPham] <STEAM_1:1:933338290> -> 1 HP bằng (môi trường/khác) -> [chimxanh] <STEAM_1:1:626078671>
L 08/31/2026 - 20:50:57: [FF] [TezzyPham] <STEAM_1:1:933338290> -> 1 HP bằng (boom/fire) -> [Curren Bouquetd'or] <STEAM_1:1:524205977>
L 08/31/2026 - 20:50:57: [FF] [TezzyPham] <STEAM_1:1:933338290> -> 1 HP bằng (boom/fire) -> [chimxanh] <STEAM_1:1:626078671>
L 08/31/2026 - 20:50:57: [FF] [TezzyPham] <STEAM_1:1:933338290> -> 1 HP bằng (môi trường/khác) -> [chimxanh] <STEAM_1:1:626078671>
L 08/31/2026 - 20:50:57: [FF] [TezzyPham] <STEAM_1:1:933338290> -> 1 HP bằng (môi trường/khác) -> [Curren Bouquetd'or] <STEAM_1:1:524205977>
L 08/31/2026 - 20:50:57: [FF] [TezzyPham] <STEAM_1:1:933338290> -> 1 HP bằng (boom/fire) -> [chimxanh] <STEAM_1:1:626078671>
L 08/31/2026 - 20:50:57: [FF] [TezzyPham] <STEAM_1:1:933338290> -> 1 HP bằng (boom/fire) -> [Curren Bouquetd'or] <STEAM_1:1:524205977>
L 08/31/2026 - 20:50:59: [HẠ GỤC] Chicoarun <STEAM_1:0:952954061> đã hạ gục Chicoarun <STEAM_1:0:952954061> bằng (boom/fire)
L 08/31/2026 - 20:51:00: [HẠ GỤC] Jockey Bot <BOT> đã hạ gục Mikasa <STEAM_1:0:522010986> bằng (zombie cào/đấm)
L 08/31/2026 - 20:51:11: [FF] [TezzyPham] <STEAM_1:1:933338290> -> 1 HP bằng (môi trường/khác) -> [Ellis] <BOT>
L 08/31/2026 - 20:51:11: [FF] [TezzyPham] <STEAM_1:1:933338290> -> 1 HP bằng (boom/fire) -> [Ellis] <BOT>
L 08/31/2026 - 20:51:17: [FF] [TezzyPham] <STEAM_1:1:933338290> -> 1 HP bằng (môi trường/khác) -> [Chicoarun] <STEAM_1:0:952954061>
L 08/31/2026 - 20:51:27: [FF] [Lê Hải] <STEAM_1:0:471595906> -> 1 HP bằng (melee) -> [Ellis] <BOT>
L 08/31/2026 - 20:51:30: [HẠ GỤC] Lê Hải <STEAM_1:0:471595906> đã hạ gục Ellis <BOT> bằng (melee)
L 08/31/2026 - 20:51:40: [FF] [TezzyPham] <STEAM_1:1:933338290> -> 1 HP bằng (môi trường/khác) -> [Mikasa] <STEAM_1:0:522010986>
L 08/31/2026 - 20:51:40: [FF] [TezzyPham] <STEAM_1:1:933338290> -> 1 HP bằng (môi trường/khác) -> [Mikasa] <STEAM_1:0:522010986>
L 08/31/2026 - 20:51:40: [FF] [TezzyPham] <STEAM_1:1:933338290> -> 1 HP bằng (môi trường/khác) -> [chimxanh] <STEAM_1:1:626078671>
L 08/31/2026 - 20:51:45: [HẠ GỤC] Zombie/Witch/Môi trường <N/A> đã hạ gục Chicoarun <STEAM_1:0:952954061> bằng (môi trường/khác)
L 08/31/2026 - 20:51:45: [HẠ GỤC] Zombie/Witch/Môi trường <N/A> đã hạ gục KeroN <STEAM_1:1:161759963> bằng (môi trường/khác)
L 08/31/2026 - 20:52:16: [HẠ GỤC] Jockey Bot <BOT> đã hạ gục Mikasa <STEAM_1:0:522010986> bằng (zombie cào/đấm)
L 08/31/2026 - 20:52:18: [FF] [TezzyPham] <STEAM_1:1:933338290> -> 1 HP bằng (môi trường/khác) -> [Mikasa] <STEAM_1:0:522010986>
L 08/31/2026 - 20:52:18: [FF] [TezzyPham] <STEAM_1:1:933338290> -> 1 HP bằng (môi trường/khác) -> [Mikasa] <STEAM_1:0:522010986>
L 08/31/2026 - 20:52:18: [FF] [Lê Hải] <STEAM_1:0:471595906> -> 7 HP bằng (melee) -> [KeroN] <STEAM_1:1:161759963>
L 08/31/2026 - 20:53:01: [FF] [TezzyPham] <STEAM_1:1:933338290> -> 1 HP bằng (môi trường/khác) -> [Chicoarun] <STEAM_1:0:952954061>
L 08/31/2026 - 20:53:01: [FF] [TezzyPham] <STEAM_1:1:933338290> -> 1 HP bằng (môi trường/khác) -> [Chicoarun] <STEAM_1:0:952954061>
L 08/31/2026 - 20:53:15: [FF] [Mikasa] <STEAM_1:0:522010986> -> 8 HP bằng (súng) -> [Curren Bouquetd'or] <STEAM_1:1:524205977>
L 08/31/2026 - 20:53:30: [FF] [Lê Hải] <STEAM_1:0:471595906> -> 4 HP bằng (súng) -> [Curren Bouquetd'or] <STEAM_1:1:524205977>
L 08/31/2026 - 20:53:30: [FF] [Lê Hải] <STEAM_1:0:471595906> -> 4 HP bằng (súng) -> [Curren Bouquetd'or] <STEAM_1:1:524205977>
L 08/31/2026 - 20:53:30: [FF] [Lê Hải] <STEAM_1:0:471595906> -> 4 HP bằng (súng) -> [Curren Bouquetd'or] <STEAM_1:1:524205977>
L 08/31/2026 - 20:53:30: [FF] [Lê Hải] <STEAM_1:0:471595906> -> 4 HP bằng (súng) -> [Curren Bouquetd'or] <STEAM_1:1:524205977>
L 08/31/2026 - 20:53:30: [FF] [Lê Hải] <STEAM_1:0:471595906> -> 4 HP bằng (súng) -> [Curren Bouquetd'or] <STEAM_1:1:524205977>
L 08/31/2026 - 20:53:30: [FF] [Lê Hải] <STEAM_1:0:471595906> -> 4 HP bằng (súng) -> [Curren Bouquetd'or] <STEAM_1:1:524205977>
L 08/31/2026 - 20:53:30: [FF] [Lê Hải] <STEAM_1:0:471595906> -> 4 HP bằng (súng) -> [Curren Bouquetd'or] <STEAM_1:1:524205977>
L 08/31/2026 - 20:53:30: [FF] [Lê Hải] <STEAM_1:0:471595906> -> 4 HP bằng (súng) -> [Curren Bouquetd'or] <STEAM_1:1:524205977>
L 08/31/2026 - 20:53:30: [FF] [Lê Hải] <STEAM_1:0:471595906> -> 4 HP bằng (súng) -> [Curren Bouquetd'or] <STEAM_1:1:524205977>
L 08/31/2026 - 20:53:31: [HẠ GỤC] Jockey Bot <BOT> đã hạ gục Chicoarun <STEAM_1:0:952954061> bằng (zombie cào/đấm)
L 08/31/2026 - 20:53:34: [HẠ GỤC] Chicoarun <STEAM_1:0:952954061> đã hạ gục KeroN <STEAM_1:1:161759963> bằng (boom/fire)
L 08/31/2026 - 20:53:34: [FF] [TezzyPham] <STEAM_1:1:933338290> -> 1 HP bằng (môi trường/khác) -> [Lê Hải] <STEAM_1:0:471595906>
L 08/31/2026 - 20:53:34: [FF] [TezzyPham] <STEAM_1:1:933338290> -> 1 HP bằng (môi trường/khác) -> [Curren Bouquetd'or] <STEAM_1:1:524205977>
L 08/31/2026 - 20:53:34: [FF] [TezzyPham] <STEAM_1:1:933338290> -> 1 HP bằng (môi trường/khác) -> [Chicoarun] <STEAM_1:0:952954061>
L 08/31/2026 - 20:53:34: [FF] [TezzyPham] <STEAM_1:1:933338290> -> 1 HP bằng (môi trường/khác) -> [Mikasa] <STEAM_1:0:522010986>
L 08/31/2026 - 20:53:36: [FF] [Curren Bouquetd'or] <STEAM_1:1:524205977> -> 8 HP bằng (súng) -> [KeroN] <STEAM_1:1:161759963>
L 08/31/2026 - 20:53:36: [FF] [Curren Bouquetd'or] <STEAM_1:1:524205977> -> 8 HP bằng (súng) -> [KeroN] <STEAM_1:1:161759963>
L 08/31/2026 - 20:53:46: [HẠ GỤC] Spitter Bot <BOT> đã hạ gục Lê Hải <STEAM_1:0:471595906> bằng (môi trường/khác)
L 08/31/2026 - 20:54:01: [HẠ GỤC] Zombie/Witch/Môi trường <N/A> đã hạ gục chimxanh <STEAM_1:1:626078671> bằng (môi trường/khác)
L 08/31/2026 - 20:54:04: [HẠ GỤC] Boomer Bot <BOT> đã hạ gục Lê Hải <STEAM_1:0:471595906> bằng (boom/fire)
L 08/31/2026 - 20:54:04: [FF] [Curren Bouquetd'or] <STEAM_1:1:524205977> -> 8 HP bằng (súng) -> [Lê Hải] <STEAM_1:0:471595906>
L 08/31/2026 - 20:54:05: [FF] [KeroN] <STEAM_1:1:161759963> -> 8 HP bằng (súng) -> [chimxanh] <STEAM_1:1:626078671>
L 08/31/2026 - 20:54:05: [FF] [Curren Bouquetd'or] <STEAM_1:1:524205977> -> 8 HP bằng (súng) -> [chimxanh] <STEAM_1:1:626078671>
L 08/31/2026 - 20:54:05: [FF] [Curren Bouquetd'or] <STEAM_1:1:524205977> -> 8 HP bằng (súng) -> [Ellis] <BOT>
L 08/31/2026 - 20:54:05: [FF] [Curren Bouquetd'or] <STEAM_1:1:524205977> -> 8 HP bằng (súng) -> [chimxanh] <STEAM_1:1:626078671>
L 08/31/2026 - 20:54:05: [FF] [Curren Bouquetd'or] <STEAM_1:1:524205977> -> 8 HP bằng (súng) -> [Ellis] <BOT>
L 08/31/2026 - 20:54:05: [FF] [Curren Bouquetd'or] <STEAM_1:1:524205977> -> 8 HP bằng (súng) -> [Ellis] <BOT>
L 08/31/2026 - 20:54:07: [FF] [Chicoarun] <STEAM_1:0:952954061> -> 1 HP bằng (boom/fire) -> [chimxanh] <STEAM_1:1:626078671>
L 08/31/2026 - 20:54:08: [FF] [Chicoarun] <STEAM_1:0:952954061> -> 3 HP bằng (boom/fire) -> [chimxanh] <STEAM_1:1:626078671>
L 08/31/2026 - 20:54:08: [FF] [Chicoarun] <STEAM_1:0:952954061> -> 5 HP bằng (boom/fire) -> [chimxanh] <STEAM_1:1:626078671>
L 08/31/2026 - 20:54:08: [FF] [Chicoarun] <STEAM_1:0:952954061> -> 7 HP bằng (boom/fire) -> [chimxanh] <STEAM_1:1:626078671>
L 08/31/2026 - 20:54:08: [FF] [Chicoarun] <STEAM_1:0:952954061> -> 9 HP bằng (boom/fire) -> [chimxanh] <STEAM_1:1:626078671>
L 08/31/2026 - 20:54:09: [FF] [Chicoarun] <STEAM_1:0:952954061> -> 11 HP bằng (boom/fire) -> [chimxanh] <STEAM_1:1:626078671>
L 08/31/2026 - 20:54:09: [FF] [Chicoarun] <STEAM_1:0:952954061> -> 13 HP bằng (boom/fire) -> [chimxanh] <STEAM_1:1:626078671>
L 08/31/2026 - 20:54:09: [FF] [Chicoarun] <STEAM_1:0:952954061> -> 11 HP bằng (súng) -> [Ellis] <BOT>
L 08/31/2026 - 20:54:09: [FF] [Chicoarun] <STEAM_1:0:952954061> -> 16 HP bằng (boom/fire) -> [Ellis] <BOT>
L 08/31/2026 - 20:54:10: [HẠ GỤC] Chicoarun <STEAM_1:0:952954061> đã hạ gục Ellis <BOT> bằng (boom/fire)
L 08/31/2026 - 20:54:10: [FF] [Chicoarun] <STEAM_1:0:952954061> -> 16 HP bằng (boom/fire) -> [Ellis] <BOT>
L 08/31/2026 - 20:54:10: [FF] [Chicoarun] <STEAM_1:0:952954061> -> 16 HP bằng (boom/fire) -> [Ellis] <BOT>
L 08/31/2026 - 20:54:10: [FF] [Chicoarun] <STEAM_1:0:952954061> -> 16 HP bằng (boom/fire) -> [Ellis] <BOT>
L 08/31/2026 - 20:54:11: [FF] [Chicoarun] <STEAM_1:0:952954061> -> 16 HP bằng (boom/fire) -> [Ellis] <BOT>
L 08/31/2026 - 20:54:11: [FF] [Chicoarun] <STEAM_1:0:952954061> -> 16 HP bằng (boom/fire) -> [Ellis] <BOT>
L 08/31/2026 - 20:54:11: [FF] [Chicoarun] <STEAM_1:0:952954061> -> 16 HP bằng (boom/fire) -> [Ellis] <BOT>
L 08/31/2026 - 20:54:11: [FF] [Chicoarun] <STEAM_1:0:952954061> -> 16 HP bằng (boom/fire) -> [Ellis] <BOT>
L 08/31/2026 - 20:54:12: [FF] [Chicoarun] <STEAM_1:0:952954061> -> 16 HP bằng (boom/fire) -> [Ellis] <BOT>
L 08/31/2026 - 20:54:12: [FF] [Chicoarun] <STEAM_1:0:952954061> -> 16 HP bằng (boom/fire) -> [Ellis] <BOT>
L 08/31/2026 - 20:54:12: [FF] [Chicoarun] <STEAM_1:0:952954061> -> 16 HP bằng (boom/fire) -> [Ellis] <BOT>
L 08/31/2026 - 20:54:12: [FF] [Chicoarun] <STEAM_1:0:952954061> -> 16 HP bằng (boom/fire) -> [Ellis] <BOT>
L 08/31/2026 - 20:54:13: [FF] [Chicoarun] <STEAM_1:0:952954061> -> 16 HP bằng (boom/fire) -> [Ellis] <BOT>
L 08/31/2026 - 20:54:13: [FF] [Chicoarun] <STEAM_1:0:952954061> -> 16 HP bằng (boom/fire) -> [Ellis] <BOT>
L 08/31/2026 - 20:54:13: [FF] [Chicoarun] <STEAM_1:0:952954061> -> 16 HP bằng (boom/fire) -> [Ellis] <BOT>
L 08/31/2026 - 20:54:13: [FF] [Chicoarun] <STEAM_1:0:952954061> -> 16 HP bằng (boom/fire) -> [Ellis] <BOT>
L 08/31/2026 - 20:54:14: [FF] [Chicoarun] <STEAM_1:0:952954061> -> 16 HP bằng (boom/fire) -> [Ellis] <BOT>
L 08/31/2026 - 20:54:14: [FF] [Chicoarun] <STEAM_1:0:952954061> -> 16 HP bằng (boom/fire) -> [Ellis] <BOT>
L 08/31/2026 - 20:54:14: [FF] [Chicoarun] <STEAM_1:0:952954061> -> 16 HP bằng (boom/fire) -> [Ellis] <BOT>
L 08/31/2026 - 20:54:14: [FF] [Chicoarun] <STEAM_1:0:952954061> -> 16 HP bằng (boom/fire) -> [Ellis] <BOT>
L 08/31/2026 - 20:54:15: [KILL] Zombie/Witch/Môi trường <N/A> đã giết Curren Bouquetd'or <STEAM_1:1:524205977> bằng (zombie cào/đấm)
L 08/31/2026 - 20:54:15: [FF] [Chicoarun] <STEAM_1:0:952954061> -> 16 HP bằng (boom/fire) -> [Ellis] <BOT>
L 08/31/2026 - 20:54:15: [FF] [Chicoarun] <STEAM_1:0:952954061> -> 16 HP bằng (boom/fire) -> [Ellis] <BOT>
L 08/31/2026 - 20:54:15: [FF] [Chicoarun] <STEAM_1:0:952954061> -> 16 HP bằng (boom/fire) -> [Ellis] <BOT>
L 08/31/2026 - 20:54:15: [FF] [Chicoarun] <STEAM_1:0:952954061> -> 16 HP bằng (boom/fire) -> [Ellis] <BOT>
L 08/31/2026 - 20:54:16: [KILL] Zombie/Witch/Môi trường <N/A> đã giết chimxanh <STEAM_1:1:626078671> bằng (zombie cào/đấm)
L 08/31/2026 - 20:54:16: [FF] [Chicoarun] <STEAM_1:0:952954061> -> 16 HP bằng (boom/fire) -> [Ellis] <BOT>
L 08/31/2026 - 20:54:16: [FF] [Chicoarun] <STEAM_1:0:952954061> -> 16 HP bằng (boom/fire) -> [Ellis] <BOT>
L 08/31/2026 - 20:54:16: [FF] [Chicoarun] <STEAM_1:0:952954061> -> 16 HP bằng (boom/fire) -> [Ellis] <BOT>
L 08/31/2026 - 20:54:16: [FF] [Chicoarun] <STEAM_1:0:952954061> -> 16 HP bằng (boom/fire) -> [Ellis] <BOT>
L 08/31/2026 - 20:54:17: [FF] [Chicoarun] <STEAM_1:0:952954061> -> 16 HP bằng (boom/fire) -> [Ellis] <BOT>
L 08/31/2026 - 20:54:17: [FF] [Chicoarun] <STEAM_1:0:952954061> -> 16 HP bằng (boom/fire) -> [Ellis] <BOT>
L 08/31/2026 - 20:54:17: [FF] [Chicoarun] <STEAM_1:0:952954061> -> 16 HP bằng (boom/fire) -> [Ellis] <BOT>
L 08/31/2026 - 20:54:17: [FF] [Chicoarun] <STEAM_1:0:952954061> -> 16 HP bằng (boom/fire) -> [Ellis] <BOT>
L 08/31/2026 - 20:54:18: [FF] [Chicoarun] <STEAM_1:0:952954061> -> 16 HP bằng (boom/fire) -> [Ellis] <BOT>
L 08/31/2026 - 20:54:18: [FF] [Chicoarun] <STEAM_1:0:952954061> -> 16 HP bằng (boom/fire) -> [Ellis] <BOT>
L 08/31/2026 - 20:54:18: [FF] [Chicoarun] <STEAM_1:0:952954061> -> 16 HP bằng (boom/fire) -> [Ellis] <BOT>
L 08/31/2026 - 20:54:18: [KILL] Zombie/Witch/Môi trường <N/A> đã giết TezzyPham <STEAM_1:1:933338290> bằng (boom/fire)
L 08/31/2026 - 20:54:18: [FF] [Chicoarun] <STEAM_1:0:952954061> -> 16 HP bằng (boom/fire) -> [Ellis] <BOT>
L 08/31/2026 - 20:54:19: [FF] [Chicoarun] <STEAM_1:0:952954061> -> 16 HP bằng (boom/fire) -> [Ellis] <BOT>
L 08/31/2026 - 20:54:19: [FF] [Chicoarun] <STEAM_1:0:952954061> -> 16 HP bằng (boom/fire) -> [Ellis] <BOT>
L 08/31/2026 - 20:54:19: [FF] [Chicoarun] <STEAM_1:0:952954061> -> 16 HP bằng (boom/fire) -> [Ellis] <BOT>
L 08/31/2026 - 20:54:19: [FF] [Chicoarun] <STEAM_1:0:952954061> -> 16 HP bằng (boom/fire) -> [Ellis] <BOT>
L 08/31/2026 - 20:54:20: [FF] [Chicoarun] <STEAM_1:0:952954061> -> 16 HP bằng (boom/fire) -> [Ellis] <BOT>
L 08/31/2026 - 20:54:20: [FF] [Chicoarun] <STEAM_1:0:952954061> -> 16 HP bằng (boom/fire) -> [Ellis] <BOT>
L 08/31/2026 - 20:54:20: [FF] [Mikasa] <STEAM_1:0:522010986> -> 8 HP bằng (súng) -> [Chicoarun] <STEAM_1:0:952954061>
L 08/31/2026 - 20:54:20: [FF] [Chicoarun] <STEAM_1:0:952954061> -> 16 HP bằng (boom/fire) -> [Ellis] <BOT>
L 08/31/2026 - 20:54:20: [FF] [Mikasa] <STEAM_1:0:522010986> -> 8 HP bằng (súng) -> [Chicoarun] <STEAM_1:0:952954061>
L 08/31/2026 - 20:54:20: [FF] [Chicoarun] <STEAM_1:0:952954061> -> 16 HP bằng (boom/fire) -> [Ellis] <BOT>
L 08/31/2026 - 20:54:21: [FF] [Mikasa] <STEAM_1:0:522010986> -> 8 HP bằng (súng) -> [Chicoarun] <STEAM_1:0:952954061>
L 08/31/2026 - 20:54:21: [FF] [Mikasa] <STEAM_1:0:522010986> -> 8 HP bằng (súng) -> [Chicoarun] <STEAM_1:0:952954061>
L 08/31/2026 - 20:54:21: [FF] [Chicoarun] <STEAM_1:0:952954061> -> 16 HP bằng (boom/fire) -> [Ellis] <BOT>
L 08/31/2026 - 20:54:21: [FF] [Chicoarun] <STEAM_1:0:952954061> -> 16 HP bằng (boom/fire) -> [Ellis] <BOT>
L 08/31/2026 - 20:54:21: [FF] [Chicoarun] <STEAM_1:0:952954061> -> 16 HP bằng (boom/fire) -> [Ellis] <BOT>
L 08/31/2026 - 20:54:21: [FF] [Chicoarun] <STEAM_1:0:952954061> -> 16 HP bằng (boom/fire) -> [Ellis] <BOT>
L 08/31/2026 - 20:54:22: [FF] [Chicoarun] <STEAM_1:0:952954061> -> 16 HP bằng (boom/fire) -> [Ellis] <BOT>
L 08/31/2026 - 20:54:22: [HẠ GỤC] Chicoarun <STEAM_1:0:952954061> đã hạ gục Chicoarun <STEAM_1:0:952954061> bằng (boom/fire)
L 08/31/2026 - 20:54:22: [FF] [Chicoarun] <STEAM_1:0:952954061> -> 16 HP bằng (boom/fire) -> [Ellis] <BOT>
L 08/31/2026 - 20:54:22: [FF] [Chicoarun] <STEAM_1:0:952954061> -> 16 HP bằng (boom/fire) -> [Ellis] <BOT>
L 08/31/2026 - 20:54:23: [FF] [KeroN] <STEAM_1:1:161759963> -> 7 HP bằng (melee) -> [Lê Hải] <STEAM_1:0:471595906>
L 08/31/2026 - 20:54:27: [FF] [Vịt-hút-thuốc-lá] <STEAM_1:1:176443622> -> 5 HP bằng (melee) -> [KeroN] <STEAM_1:1:161759963>
L 08/31/2026 - 20:54:29: [FF] [Vịt-hút-thuốc-lá] <STEAM_1:1:176443622> -> 5 HP bằng (melee) -> [KeroN] <STEAM_1:1:161759963>
L 08/31/2026 - 20:54:32: [KILL] Zombie/Witch/Môi trường <N/A> đã giết Ellis <BOT> bằng (boom/fire)
L 08/31/2026 - 20:54:39: [FF] [Lê Hải] <STEAM_1:0:471595906> -> 4 HP bằng (súng) -> [KeroN] <STEAM_1:1:161759963>
L 08/31/2026 - 20:54:39: [HẠ GỤC] Lê Hải <STEAM_1:0:471595906> đã hạ gục KeroN <STEAM_1:1:161759963> bằng (súng)
L 08/31/2026 - 20:54:39: [FF] [Lê Hải] <STEAM_1:0:471595906> -> 4 HP bằng (súng) -> [KeroN] <STEAM_1:1:161759963>
L 08/31/2026 - 20:54:45: [FF] [Mikasa] <STEAM_1:0:522010986> -> 1 HP bằng (môi trường/khác) -> [Chicoarun] <STEAM_1:0:952954061>
L 08/31/2026 - 20:54:45: [FF] [Mikasa] <STEAM_1:0:522010986> -> 1 HP bằng (môi trường/khác) -> [Chicoarun] <STEAM_1:0:952954061>
L 08/31/2026 - 20:54:49: [FF] [KeroN] <STEAM_1:1:161759963> -> 8 HP bằng (súng) -> [Lê Hải] <STEAM_1:0:471595906>
L 08/31/2026 - 20:54:49: [FF] [KeroN] <STEAM_1:1:161759963> -> 8 HP bằng (súng) -> [Lê Hải] <STEAM_1:0:471595906>
L 08/31/2026 - 20:54:49: [FF] [KeroN] <STEAM_1:1:161759963> -> 8 HP bằng (súng) -> [Lê Hải] <STEAM_1:0:471595906>
L 08/31/2026 - 20:54:58: [HẠ GỤC] Zombie/Witch/Môi trường <N/A> đã hạ gục Vịt-hút-thuốc-lá <STEAM_1:1:176443622> bằng (môi trường/khác)
L 08/31/2026 - 20:55:13: [FF] [Mikasa] <STEAM_1:0:522010986> -> 7 HP bằng (melee) -> [KeroN] <STEAM_1:1:161759963>
L 08/31/2026 - 20:55:14: [FF] [Mikasa] <STEAM_1:0:522010986> -> 7 HP bằng (melee) -> [KeroN] <STEAM_1:1:161759963>
L 08/31/2026 - 20:55:14: [FF] [Chicoarun] <STEAM_1:0:952954061> -> 11 HP bằng (súng) -> [Mikasa] <STEAM_1:0:522010986>
L 08/31/2026 - 20:55:28: [FF] [Chicoarun] <STEAM_1:0:952954061> -> 11 HP bằng (súng) -> [TezzyPham] <STEAM_1:1:933338290>
L 08/31/2026 - 20:56:02: [HẠ GỤC] (1)Hunter <BOT> đã hạ gục Mikasa <STEAM_1:0:522010986> bằng (zombie cào/đấm)
L 08/31/2026 - 20:56:06: [FF] [chimxanh] <STEAM_1:1:626078671> -> 1 HP bằng (boom/fire) -> [KeroN] <STEAM_1:1:161759963>
L 08/31/2026 - 20:56:06: [FF] [chimxanh] <STEAM_1:1:626078671> -> 3 HP bằng (boom/fire) -> [KeroN] <STEAM_1:1:161759963>
L 08/31/2026 - 20:56:08: [HẠ GỤC] Smoker Bot <BOT> đã hạ gục Lê Hải <STEAM_1:0:471595906> bằng (zombie cào/đấm)
L 08/31/2026 - 20:56:13: [FF] [Mikasa] <STEAM_1:0:522010986> -> 8 HP bằng (súng) -> [TezzyPham] <STEAM_1:1:933338290>
L 08/31/2026 - 20:56:13: [FF] [Mikasa] <STEAM_1:0:522010986> -> 8 HP bằng (súng) -> [Chicoarun] <STEAM_1:0:952954061>
L 08/31/2026 - 20:56:14: [FF] [Mikasa] <STEAM_1:0:522010986> -> 8 HP bằng (súng) -> [Curren Bouquetd'or] <STEAM_1:1:524205977>
L 08/31/2026 - 20:56:15: [KILL] Zombie/Witch/Môi trường <N/A> đã giết TezzyPham <STEAM_1:1:933338290> bằng (zombie cào/đấm)
L 08/31/2026 - 20:56:17: [KILL] Zombie/Witch/Môi trường <N/A> đã giết Mikasa <STEAM_1:0:522010986> bằng (zombie cào/đấm)
L 08/31/2026 - 20:56:18: [FF] [chimxanh] <STEAM_1:1:626078671> -> 16 HP bằng (boom/fire) -> [Chicoarun] <STEAM_1:0:952954061>
L 08/31/2026 - 20:56:18: [FF] [chimxanh] <STEAM_1:1:626078671> -> 16 HP bằng (boom/fire) -> [Chicoarun] <STEAM_1:0:952954061>
L 08/31/2026 - 20:56:18: [FF] [chimxanh] <STEAM_1:1:626078671> -> 16 HP bằng (boom/fire) -> [Chicoarun] <STEAM_1:0:952954061>
L 08/31/2026 - 20:56:18: [KILL] chimxanh <STEAM_1:1:626078671> đã giết Chicoarun <STEAM_1:0:952954061> bằng (boom/fire)
L 08/31/2026 - 20:56:19: [KILL] Zombie/Witch/Môi trường <N/A> đã giết Curren Bouquetd'or <STEAM_1:1:524205977> bằng (zombie cào/đấm)
L 08/31/2026 - 20:56:20: [KILL] Zombie/Witch/Môi trường <N/A> đã giết Lê Hải <STEAM_1:0:471595906> bằng (zombie cào/đấm)
L 08/31/2026 - 20:56:24: [KILL] Zombie/Witch/Môi trường <N/A> đã giết KeroN <STEAM_1:1:161759963> bằng (zombie cào/đấm)
L 08/31/2026 - 20:56:30: [HẠ GỤC] Zombie/Witch/Môi trường <N/A> đã hạ gục Holo 40k <STEAM_1:1:925049770> bằng (môi trường/khác)
L 08/31/2026 - 20:56:31: [FF] [chimxanh] <STEAM_1:1:626078671> -> 4 HP bằng (boom/fire) -> [Holo 40k] <STEAM_1:1:925049770>
L 08/31/2026 - 20:56:32: [FF] [chimxanh] <STEAM_1:1:626078671> -> 6 HP bằng (boom/fire) -> [Holo 40k] <STEAM_1:1:925049770>
L 08/31/2026 - 20:56:32: [FF] [chimxanh] <STEAM_1:1:626078671> -> 8 HP bằng (boom/fire) -> [Holo 40k] <STEAM_1:1:925049770>
L 08/31/2026 - 20:56:32: [FF] [chimxanh] <STEAM_1:1:626078671> -> 9 HP bằng (boom/fire) -> [Holo 40k] <STEAM_1:1:925049770>
L 08/31/2026 - 20:56:32: [FF] [chimxanh] <STEAM_1:1:626078671> -> 11 HP bằng (boom/fire) -> [Holo 40k] <STEAM_1:1:925049770>
L 08/31/2026 - 20:56:32: [FF] [chimxanh] <STEAM_1:1:626078671> -> 12 HP bằng (boom/fire) -> [Holo 40k] <STEAM_1:1:925049770>
L 08/31/2026 - 20:56:33: [FF] [chimxanh] <STEAM_1:1:626078671> -> 14 HP bằng (boom/fire) -> [Holo 40k] <STEAM_1:1:925049770>
L 08/31/2026 - 20:56:33: [FF] [chimxanh] <STEAM_1:1:626078671> -> 16 HP bằng (boom/fire) -> [Holo 40k] <STEAM_1:1:925049770>
L 08/31/2026 - 20:56:33: [FF] [chimxanh] <STEAM_1:1:626078671> -> 16 HP bằng (boom/fire) -> [Holo 40k] <STEAM_1:1:925049770>
L 08/31/2026 - 20:56:33: [FF] [chimxanh] <STEAM_1:1:626078671> -> 16 HP bằng (boom/fire) -> [Vịt-hút-thuốc-lá] <STEAM_1:1:176443622>
L 08/31/2026 - 20:56:33: [FF] [chimxanh] <STEAM_1:1:626078671> -> 16 HP bằng (boom/fire) -> [Holo 40k] <STEAM_1:1:925049770>
L 08/31/2026 - 20:56:33: [FF] [chimxanh] <STEAM_1:1:626078671> -> 16 HP bằng (boom/fire) -> [Holo 40k] <STEAM_1:1:925049770>
L 08/31/2026 - 20:56:34: [FF] [chimxanh] <STEAM_1:1:626078671> -> 16 HP bằng (boom/fire) -> [Holo 40k] <STEAM_1:1:925049770>
L 08/31/2026 - 20:56:34: [FF] [chimxanh] <STEAM_1:1:626078671> -> 16 HP bằng (boom/fire) -> [Holo 40k] <STEAM_1:1:925049770>
L 08/31/2026 - 20:56:34: [FF] [chimxanh] <STEAM_1:1:626078671> -> 16 HP bằng (boom/fire) -> [Holo 40k] <STEAM_1:1:925049770>
L 08/31/2026 - 20:56:34: [FF] [chimxanh] <STEAM_1:1:626078671> -> 16 HP bằng (boom/fire) -> [Holo 40k] <STEAM_1:1:925049770>
L 08/31/2026 - 20:56:34: [FF] [Vịt-hút-thuốc-lá] <STEAM_1:1:176443622> -> 1 HP bằng (boom/fire) -> [Holo 40k] <STEAM_1:1:925049770>
L 08/31/2026 - 20:56:34: [FF] [chimxanh] <STEAM_1:1:626078671> -> 16 HP bằng (boom/fire) -> [Holo 40k] <STEAM_1:1:925049770>
L 08/31/2026 - 20:56:35: [FF] [Vịt-hút-thuốc-lá] <STEAM_1:1:176443622> -> 3 HP bằng (boom/fire) -> [Holo 40k] <STEAM_1:1:925049770>
L 08/31/2026 - 20:56:35: [FF] [chimxanh] <STEAM_1:1:626078671> -> 16 HP bằng (boom/fire) -> [Holo 40k] <STEAM_1:1:925049770>
L 08/31/2026 - 20:56:35: [FF] [Vịt-hút-thuốc-lá] <STEAM_1:1:176443622> -> 4 HP bằng (boom/fire) -> [Holo 40k] <STEAM_1:1:925049770>
L 08/31/2026 - 20:56:35: [FF] [chimxanh] <STEAM_1:1:626078671> -> 16 HP bằng (boom/fire) -> [Holo 40k] <STEAM_1:1:925049770>
L 08/31/2026 - 20:56:35: [FF] [chimxanh] <STEAM_1:1:626078671> -> 16 HP bằng (boom/fire) -> [Holo 40k] <STEAM_1:1:925049770>
L 08/31/2026 - 20:56:35: [FF] [chimxanh] <STEAM_1:1:626078671> -> 16 HP bằng (boom/fire) -> [Holo 40k] <STEAM_1:1:925049770>
L 08/31/2026 - 20:56:35: [FF] [chimxanh] <STEAM_1:1:626078671> -> 16 HP bằng (boom/fire) -> [Holo 40k] <STEAM_1:1:925049770>
L 08/31/2026 - 20:56:36: [KILL] Zombie/Witch/Môi trường <N/A> đã giết chimxanh <STEAM_1:1:626078671> bằng (zombie cào/đấm)
L 08/31/2026 - 20:56:40: [FF] [Holo 40k] <STEAM_1:1:925049770> -> 4 HP bằng (súng) -> [Vịt-hút-thuốc-lá] <STEAM_1:1:176443622>
L 08/31/2026 - 20:56:40: [FF] [Holo 40k] <STEAM_1:1:925049770> -> 4 HP bằng (súng) -> [Vịt-hút-thuốc-lá] <STEAM_1:1:176443622>
L 08/31/2026 - 20:56:40: [FF] [Holo 40k] <STEAM_1:1:925049770> -> 4 HP bằng (súng) -> [Vịt-hút-thuốc-lá] <STEAM_1:1:176443622>
L 08/31/2026 - 20:56:40: [FF] [Holo 40k] <STEAM_1:1:925049770> -> 4 HP bằng (súng) -> [Vịt-hút-thuốc-lá] <STEAM_1:1:176443622>
L 08/31/2026 - 20:56:46: [KILL] Zombie/Witch/Môi trường <N/A> đã giết Vịt-hút-thuốc-lá <STEAM_1:1:176443622> bằng (zombie cào/đấm)
L 08/31/2026 - 20:56:47: [KILL] Zombie/Witch/Môi trường <N/A> đã giết Holo 40k <STEAM_1:1:925049770> bằng (zombie cào/đấm)
L 08/31/2026 - 20:57:52: [FF] [Curren Bouquetd'or] <STEAM_1:1:524205977> -> 8 HP bằng (súng) -> [Holo 40k] <STEAM_1:1:925049770>
L 08/31/2026 - 20:57:55: [FF] [chimxanh] <STEAM_1:1:626078671> -> 1 HP bằng (môi trường/khác) -> [Holo 40k] <STEAM_1:1:925049770>
L 08/31/2026 - 20:57:55: [FF] [chimxanh] <STEAM_1:1:626078671> -> 1 HP bằng (môi trường/khác) -> [Holo 40k] <STEAM_1:1:925049770>
L 08/31/2026 - 20:57:55: [FF] [chimxanh] <STEAM_1:1:626078671> -> 1 HP bằng (môi trường/khác) -> [Curren Bouquetd'or] <STEAM_1:1:524205977>
L 08/31/2026 - 20:57:56: [HẠ GỤC] Zombie/Witch/Môi trường <N/A> đã hạ gục KeroN <STEAM_1:1:161759963> bằng (môi trường/khác)
L 08/31/2026 - 20:57:56: [FF] [chimxanh] <STEAM_1:1:626078671> -> 1 HP bằng (môi trường/khác) -> [KeroN] <STEAM_1:1:161759963>
L 08/31/2026 - 20:57:56: [FF] [chimxanh] <STEAM_1:1:626078671> -> 1 HP bằng (môi trường/khác) -> [KeroN] <STEAM_1:1:161759963>
L 08/31/2026 - 20:57:56: [FF] [chimxanh] <STEAM_1:1:626078671> -> 1 HP bằng (môi trường/khác) -> [Holo 40k] <STEAM_1:1:925049770>
L 08/31/2026 - 20:58:02: [FF] [chimxanh] <STEAM_1:1:626078671> -> 1 HP bằng (môi trường/khác) -> [KeroN] <STEAM_1:1:161759963>
L 08/31/2026 - 20:58:02: [FF] [chimxanh] <STEAM_1:1:626078671> -> 1 HP bằng (môi trường/khác) -> [Holo 40k] <STEAM_1:1:925049770>
L 08/31/2026 - 20:58:02: [FF] [chimxanh] <STEAM_1:1:626078671> -> 1 HP bằng (môi trường/khác) -> [KeroN] <STEAM_1:1:161759963>
L 08/31/2026 - 20:58:02: [FF] [chimxanh] <STEAM_1:1:626078671> -> 1 HP bằng (môi trường/khác) -> [Mikasa] <STEAM_1:0:522010986>
L 08/31/2026 - 20:58:02: [FF] [chimxanh] <STEAM_1:1:626078671> -> 1 HP bằng (môi trường/khác) -> [Curren Bouquetd'or] <STEAM_1:1:524205977>
L 08/31/2026 - 20:58:03: [FF] [chimxanh] <STEAM_1:1:626078671> -> 1 HP bằng (môi trường/khác) -> [Holo 40k] <STEAM_1:1:925049770>
L 08/31/2026 - 20:58:03: [FF] [chimxanh] <STEAM_1:1:626078671> -> 1 HP bằng (môi trường/khác) -> [Holo 40k] <STEAM_1:1:925049770>
L 08/31/2026 - 20:58:13: [FF] [chimxanh] <STEAM_1:1:626078671> -> 1 HP bằng (môi trường/khác) -> [Curren Bouquetd'or] <STEAM_1:1:524205977>
L 08/31/2026 - 20:58:14: [FF] [chimxanh] <STEAM_1:1:626078671> -> 1 HP bằng (môi trường/khác) -> [Lê Hải] <STEAM_1:0:471595906>
L 08/31/2026 - 20:58:14: [FF] [chimxanh] <STEAM_1:1:626078671> -> 1 HP bằng (môi trường/khác) -> [Lê Hải] <STEAM_1:0:471595906>
L 08/31/2026 - 20:58:15: [FF] [Mikasa] <STEAM_1:0:522010986> -> 7 HP bằng (melee) -> [TezzyPham] <STEAM_1:1:933338290>
L 08/31/2026 - 20:58:19: [FF] [chimxanh] <STEAM_1:1:626078671> -> 1 HP bằng (môi trường/khác) -> [Mikasa] <STEAM_1:0:522010986>
L 08/31/2026 - 20:58:19: [FF] [chimxanh] <STEAM_1:1:626078671> -> 1 HP bằng (môi trường/khác) -> [Lê Hải] <STEAM_1:0:471595906>
L 08/31/2026 - 20:58:24: [FF] [KeroN] <STEAM_1:1:161759963> -> 8 HP bằng (súng) -> [Holo 40k] <STEAM_1:1:925049770>
L 08/31/2026 - 20:58:34: [FF] [KeroN] <STEAM_1:1:161759963> -> 8 HP bằng (súng) -> [Holo 40k] <STEAM_1:1:925049770>
L 08/31/2026 - 20:58:34: [HẠ GỤC] Hunter Bot <BOT> đã hạ gục Holo 40k <STEAM_1:1:925049770> bằng (zombie cào/đấm)
L 08/31/2026 - 20:58:35: [FF] [Curren Bouquetd'or] <STEAM_1:1:524205977> -> 8 HP bằng (súng) -> [Holo 40k] <STEAM_1:1:925049770>
L 08/31/2026 - 20:58:37: [HẠ GỤC] Zombie/Witch/Môi trường <N/A> đã hạ gục Chicoarun <STEAM_1:0:952954061> bằng (môi trường/khác)
L 08/31/2026 - 20:58:39: [FF] [Curren Bouquetd'or] <STEAM_1:1:524205977> -> 8 HP bằng (súng) -> [KeroN] <STEAM_1:1:161759963>
L 08/31/2026 - 20:58:45: [FF] [TezzyPham] <STEAM_1:1:933338290> -> 8 HP bằng (súng) -> [Mikasa] <STEAM_1:0:522010986>
L 08/31/2026 - 20:59:03: [FF] [chimxanh] <STEAM_1:1:626078671> -> 1 HP bằng (môi trường/khác) -> [Vịt-hút-thuốc-lá] <STEAM_1:1:176443622>
L 08/31/2026 - 20:59:03: [FF] [chimxanh] <STEAM_1:1:626078671> -> 1 HP bằng (môi trường/khác) -> [Vịt-hút-thuốc-lá] <STEAM_1:1:176443622>
L 08/31/2026 - 20:59:12: [FF] [TezzyPham] <STEAM_1:1:933338290> -> 1 HP bằng (boom/fire) -> [Holo 40k] <STEAM_1:1:925049770>
L 08/31/2026 - 20:59:13: [FF] [TezzyPham] <STEAM_1:1:933338290> -> 6 HP bằng (boom/fire) -> [Holo 40k] <STEAM_1:1:925049770>
L 08/31/2026 - 20:59:13: [FF] [TezzyPham] <STEAM_1:1:933338290> -> 8 HP bằng (boom/fire) -> [Holo 40k] <STEAM_1:1:925049770>
L 08/31/2026 - 20:59:13: [KILL] Zombie/Witch/Môi trường <N/A> đã giết Lê Hải <STEAM_1:0:471595906> bằng (zombie cào/đấm)
L 08/31/2026 - 20:59:13: [FF] [TezzyPham] <STEAM_1:1:933338290> -> 9 HP bằng (boom/fire) -> [Holo 40k] <STEAM_1:1:925049770>
L 08/31/2026 - 20:59:13: [FF] [TezzyPham] <STEAM_1:1:933338290> -> 11 HP bằng (boom/fire) -> [Holo 40k] <STEAM_1:1:925049770>
L 08/31/2026 - 20:59:14: [FF] [TezzyPham] <STEAM_1:1:933338290> -> 12 HP bằng (boom/fire) -> [Holo 40k] <STEAM_1:1:925049770>
L 08/31/2026 - 20:59:14: [FF] [TezzyPham] <STEAM_1:1:933338290> -> 14 HP bằng (boom/fire) -> [Holo 40k] <STEAM_1:1:925049770>
L 08/31/2026 - 20:59:14: [HẠ GỤC] Zombie/Witch/Môi trường <N/A> đã hạ gục Holo 40k <STEAM_1:1:925049770> bằng (môi trường/khác)
L 08/31/2026 - 20:59:14: [FF] [TezzyPham] <STEAM_1:1:933338290> -> 16 HP bằng (boom/fire) -> [Holo 40k] <STEAM_1:1:925049770>
L 08/31/2026 - 20:59:14: [FF] [TezzyPham] <STEAM_1:1:933338290> -> 16 HP bằng (boom/fire) -> [Holo 40k] <STEAM_1:1:925049770>
L 08/31/2026 - 20:59:15: [KILL] Zombie/Witch/Môi trường <N/A> đã giết Chicoarun <STEAM_1:0:952954061> bằng (zombie cào/đấm)
L 08/31/2026 - 20:59:15: [FF] [TezzyPham] <STEAM_1:1:933338290> -> 16 HP bằng (boom/fire) -> [Holo 40k] <STEAM_1:1:925049770>
L 08/31/2026 - 20:59:15: [FF] [TezzyPham] <STEAM_1:1:933338290> -> 16 HP bằng (boom/fire) -> [Holo 40k] <STEAM_1:1:925049770>
L 08/31/2026 - 20:59:15: [FF] [TezzyPham] <STEAM_1:1:933338290> -> 16 HP bằng (boom/fire) -> [Holo 40k] <STEAM_1:1:925049770>
L 08/31/2026 - 20:59:15: [FF] [TezzyPham] <STEAM_1:1:933338290> -> 16 HP bằng (boom/fire) -> [Holo 40k] <STEAM_1:1:925049770>
L 08/31/2026 - 20:59:15: [FF] [TezzyPham] <STEAM_1:1:933338290> -> 16 HP bằng (boom/fire) -> [Holo 40k] <STEAM_1:1:925049770>
L 08/31/2026 - 20:59:15: [FF] [TezzyPham] <STEAM_1:1:933338290> -> 16 HP bằng (boom/fire) -> [Curren Bouquetd'or] <STEAM_1:1:524205977>
L 08/31/2026 - 20:59:16: [FF] [TezzyPham] <STEAM_1:1:933338290> -> 16 HP bằng (boom/fire) -> [Holo 40k] <STEAM_1:1:925049770>
L 08/31/2026 - 20:59:16: [FF] [TezzyPham] <STEAM_1:1:933338290> -> 16 HP bằng (boom/fire) -> [Curren Bouquetd'or] <STEAM_1:1:524205977>
L 08/31/2026 - 20:59:16: [FF] [TezzyPham] <STEAM_1:1:933338290> -> 16 HP bằng (boom/fire) -> [Holo 40k] <STEAM_1:1:925049770>
L 08/31/2026 - 20:59:16: [FF] [TezzyPham] <STEAM_1:1:933338290> -> 16 HP bằng (boom/fire) -> [Curren Bouquetd'or] <STEAM_1:1:524205977>
L 08/31/2026 - 20:59:16: [KILL] Zombie/Witch/Môi trường <N/A> đã giết TezzyPham <STEAM_1:1:933338290> bằng (zombie cào/đấm)
L 08/31/2026 - 20:59:16: [FF] [TezzyPham] <STEAM_1:1:933338290> -> 16 HP bằng (boom/fire) -> [Holo 40k] <STEAM_1:1:925049770>
L 08/31/2026 - 20:59:16: [FF] [TezzyPham] <STEAM_1:1:933338290> -> 16 HP bằng (boom/fire) -> [Curren Bouquetd'or] <STEAM_1:1:524205977>
L 08/31/2026 - 20:59:16: [FF] [TezzyPham] <STEAM_1:1:933338290> -> 16 HP bằng (boom/fire) -> [Holo 40k] <STEAM_1:1:925049770>
L 08/31/2026 - 20:59:16: [FF] [TezzyPham] <STEAM_1:1:933338290> -> 16 HP bằng (boom/fire) -> [Curren Bouquetd'or] <STEAM_1:1:524205977>
L 08/31/2026 - 20:59:16: [FF] [TezzyPham] <STEAM_1:1:933338290> -> 16 HP bằng (boom/fire) -> [Holo 40k] <STEAM_1:1:925049770>
L 08/31/2026 - 20:59:16: [FF] [TezzyPham] <STEAM_1:1:933338290> -> 16 HP bằng (boom/fire) -> [Curren Bouquetd'or] <STEAM_1:1:524205977>
L 08/31/2026 - 20:59:17: [FF] [TezzyPham] <STEAM_1:1:933338290> -> 16 HP bằng (boom/fire) -> [Holo 40k] <STEAM_1:1:925049770>
L 08/31/2026 - 20:59:17: [FF] [TezzyPham] <STEAM_1:1:933338290> -> 16 HP bằng (boom/fire) -> [Curren Bouquetd'or] <STEAM_1:1:524205977>
L 08/31/2026 - 20:59:17: [FF] [TezzyPham] <STEAM_1:1:933338290> -> 16 HP bằng (boom/fire) -> [Holo 40k] <STEAM_1:1:925049770>
L 08/31/2026 - 20:59:17: [FF] [TezzyPham] <STEAM_1:1:933338290> -> 16 HP bằng (boom/fire) -> [Curren Bouquetd'or] <STEAM_1:1:524205977>
L 08/31/2026 - 20:59:17: [FF] [TezzyPham] <STEAM_1:1:933338290> -> 16 HP bằng (boom/fire) -> [Holo 40k] <STEAM_1:1:925049770>
L 08/31/2026 - 20:59:17: [FF] [TezzyPham] <STEAM_1:1:933338290> -> 16 HP bằng (boom/fire) -> [Curren Bouquetd'or] <STEAM_1:1:524205977>
L 08/31/2026 - 20:59:17: [FF] [TezzyPham] <STEAM_1:1:933338290> -> 16 HP bằng (boom/fire) -> [Holo 40k] <STEAM_1:1:925049770>
L 08/31/2026 - 20:59:17: [HẠ GỤC] TezzyPham <STEAM_1:1:933338290> đã hạ gục Curren Bouquetd'or <STEAM_1:1:524205977> bằng (boom/fire)
L 08/31/2026 - 20:59:17: [FF] [TezzyPham] <STEAM_1:1:933338290> -> 16 HP bằng (boom/fire) -> [Holo 40k] <STEAM_1:1:925049770>
L 08/31/2026 - 20:59:17: [FF] [TezzyPham] <STEAM_1:1:933338290> -> 16 HP bằng (boom/fire) -> [Curren Bouquetd'or] <STEAM_1:1:524205977>
L 08/31/2026 - 20:59:18: [FF] [TezzyPham] <STEAM_1:1:933338290> -> 16 HP bằng (boom/fire) -> [Holo 40k] <STEAM_1:1:925049770>
L 08/31/2026 - 20:59:18: [FF] [TezzyPham] <STEAM_1:1:933338290> -> 16 HP bằng (boom/fire) -> [Curren Bouquetd'or] <STEAM_1:1:524205977>
L 08/31/2026 - 20:59:18: [FF] [Mikasa] <STEAM_1:0:522010986> -> 8 HP bằng (súng) -> [Holo 40k] <STEAM_1:1:925049770>
L 08/31/2026 - 20:59:18: [FF] [TezzyPham] <STEAM_1:1:933338290> -> 16 HP bằng (boom/fire) -> [Holo 40k] <STEAM_1:1:925049770>
L 08/31/2026 - 20:59:18: [FF] [TezzyPham] <STEAM_1:1:933338290> -> 16 HP bằng (boom/fire) -> [Curren Bouquetd'or] <STEAM_1:1:524205977>
L 08/31/2026 - 20:59:18: [FF] [TezzyPham] <STEAM_1:1:933338290> -> 16 HP bằng (boom/fire) -> [Holo 40k] <STEAM_1:1:925049770>
L 08/31/2026 - 20:59:18: [FF] [TezzyPham] <STEAM_1:1:933338290> -> 16 HP bằng (boom/fire) -> [Curren Bouquetd'or] <STEAM_1:1:524205977>
L 08/31/2026 - 20:59:18: [FF] [TezzyPham] <STEAM_1:1:933338290> -> 16 HP bằng (boom/fire) -> [Holo 40k] <STEAM_1:1:925049770>
L 08/31/2026 - 20:59:18: [FF] [TezzyPham] <STEAM_1:1:933338290> -> 16 HP bằng (boom/fire) -> [Curren Bouquetd'or] <STEAM_1:1:524205977>
L 08/31/2026 - 20:59:18: [FF] [TezzyPham] <STEAM_1:1:933338290> -> 16 HP bằng (boom/fire) -> [Holo 40k] <STEAM_1:1:925049770>
L 08/31/2026 - 20:59:18: [FF] [TezzyPham] <STEAM_1:1:933338290> -> 16 HP bằng (boom/fire) -> [Curren Bouquetd'or] <STEAM_1:1:524205977>
L 08/31/2026 - 20:59:19: [FF] [TezzyPham] <STEAM_1:1:933338290> -> 16 HP bằng (boom/fire) -> [Holo 40k] <STEAM_1:1:925049770>
L 08/31/2026 - 20:59:19: [FF] [TezzyPham] <STEAM_1:1:933338290> -> 16 HP bằng (boom/fire) -> [Curren Bouquetd'or] <STEAM_1:1:524205977>
L 08/31/2026 - 20:59:19: [KILL] TezzyPham <STEAM_1:1:933338290> đã giết Curren Bouquetd'or <STEAM_1:1:524205977> bằng (boom/fire)
L 08/31/2026 - 20:59:19: [FF] [TezzyPham] <STEAM_1:1:933338290> -> 16 HP bằng (boom/fire) -> [Holo 40k] <STEAM_1:1:925049770>
L 08/31/2026 - 20:59:19: [FF] [TezzyPham] <STEAM_1:1:933338290> -> 16 HP bằng (boom/fire) -> [Holo 40k] <STEAM_1:1:925049770>
L 08/31/2026 - 20:59:19: [FF] [TezzyPham] <STEAM_1:1:933338290> -> 16 HP bằng (boom/fire) -> [Holo 40k] <STEAM_1:1:925049770>
L 08/31/2026 - 20:59:19: [FF] [TezzyPham] <STEAM_1:1:933338290> -> 16 HP bằng (boom/fire) -> [Holo 40k] <STEAM_1:1:925049770>
L 08/31/2026 - 20:59:20: [FF] [TezzyPham] <STEAM_1:1:933338290> -> 16 HP bằng (boom/fire) -> [Holo 40k] <STEAM_1:1:925049770>
L 08/31/2026 - 20:59:20: [FF] [TezzyPham] <STEAM_1:1:933338290> -> 16 HP bằng (boom/fire) -> [Holo 40k] <STEAM_1:1:925049770>
L 08/31/2026 - 20:59:20: [FF] [TezzyPham] <STEAM_1:1:933338290> -> 16 HP bằng (boom/fire) -> [Holo 40k] <STEAM_1:1:925049770>
L 08/31/2026 - 20:59:20: [FF] [TezzyPham] <STEAM_1:1:933338290> -> 16 HP bằng (boom/fire) -> [Holo 40k] <STEAM_1:1:925049770>
L 08/31/2026 - 20:59:20: [FF] [TezzyPham] <STEAM_1:1:933338290> -> 16 HP bằng (boom/fire) -> [Holo 40k] <STEAM_1:1:925049770>
L 08/31/2026 - 20:59:21: [FF] [TezzyPham] <STEAM_1:1:933338290> -> 16 HP bằng (boom/fire) -> [Holo 40k] <STEAM_1:1:925049770>
L 08/31/2026 - 20:59:21: [FF] [TezzyPham] <STEAM_1:1:933338290> -> 16 HP bằng (boom/fire) -> [Holo 40k] <STEAM_1:1:925049770>
L 08/31/2026 - 20:59:23: [FF] [TezzyPham] <STEAM_1:1:933338290> -> 16 HP bằng (boom/fire) -> [Holo 40k] <STEAM_1:1:925049770>
L 08/31/2026 - 20:59:23: [FF] [TezzyPham] <STEAM_1:1:933338290> -> 16 HP bằng (boom/fire) -> [Holo 40k] <STEAM_1:1:925049770>
L 08/31/2026 - 20:59:23: [FF] [TezzyPham] <STEAM_1:1:933338290> -> 16 HP bằng (boom/fire) -> [Holo 40k] <STEAM_1:1:925049770>
L 08/31/2026 - 20:59:24: [FF] [TezzyPham] <STEAM_1:1:933338290> -> 16 HP bằng (boom/fire) -> [Holo 40k] <STEAM_1:1:925049770>
L 08/31/2026 - 20:59:24: [FF] [TezzyPham] <STEAM_1:1:933338290> -> 16 HP bằng (boom/fire) -> [Holo 40k] <STEAM_1:1:925049770>
L 08/31/2026 - 20:59:24: [HẠ GỤC] Spitter Bot <BOT> đã hạ gục KeroN <STEAM_1:1:161759963> bằng (môi trường/khác)
L 08/31/2026 - 20:59:24: [FF] [TezzyPham] <STEAM_1:1:933338290> -> 16 HP bằng (boom/fire) -> [Holo 40k] <STEAM_1:1:925049770>
L 08/31/2026 - 20:59:24: [KILL] TezzyPham <STEAM_1:1:933338290> đã giết Holo 40k <STEAM_1:1:925049770> bằng (boom/fire)
L 08/31/2026 - 20:59:24: [FF] [chimxanh] <STEAM_1:1:626078671> -> 1 HP bằng (môi trường/khác) -> [KeroN] <STEAM_1:1:161759963>
L 08/31/2026 - 20:59:24: [FF] [chimxanh] <STEAM_1:1:626078671> -> 1 HP bằng (môi trường/khác) -> [Vịt-hút-thuốc-lá] <STEAM_1:1:176443622>
L 08/31/2026 - 20:59:24: [FF] [chimxanh] <STEAM_1:1:626078671> -> 1 HP bằng (môi trường/khác) -> [Mikasa] <STEAM_1:0:522010986>
L 08/31/2026 - 20:59:24: [FF] [chimxanh] <STEAM_1:1:626078671> -> 1 HP bằng (môi trường/khác) -> [KeroN] <STEAM_1:1:161759963>
L 08/31/2026 - 20:59:28: [HẠ GỤC] Zombie/Witch/Môi trường <N/A> đã hạ gục chimxanh <STEAM_1:1:626078671> bằng (môi trường/khác)
L 08/31/2026 - 20:59:30: [HẠ GỤC] Zombie/Witch/Môi trường <N/A> đã hạ gục Vịt-hút-thuốc-lá <STEAM_1:1:176443622> bằng (môi trường/khác)
L 08/31/2026 - 20:59:43: [HẠ GỤC] Jockey Bot <BOT> đã hạ gục Mikasa <STEAM_1:0:522010986> bằng (zombie cào/đấm)
L 08/31/2026 - 21:00:11: [FF] [KeroN] <STEAM_1:1:161759963> -> 8 HP bằng (súng) -> [chimxanh] <STEAM_1:1:626078671>
L 08/31/2026 - 21:00:33: [FF] [KeroN] <STEAM_1:1:161759963> -> 8 HP bằng (súng) -> [Holo 40k] <STEAM_1:1:925049770>
L 08/31/2026 - 21:00:34: [FF] [Lê Hải] <STEAM_1:0:471595906> -> 4 HP bằng (súng) -> [Holo 40k] <STEAM_1:1:925049770>
L 08/31/2026 - 21:00:46: [FF] [KeroN] <STEAM_1:1:161759963> -> 8 HP bằng (súng) -> [Holo 40k] <STEAM_1:1:925049770>
L 08/31/2026 - 21:00:55: [FF] [Curren Bouquetd'or] <STEAM_1:1:524205977> -> 8 HP bằng (súng) -> [KeroN] <STEAM_1:1:161759963>
L 08/31/2026 - 21:00:56: [FF] [Curren Bouquetd'or] <STEAM_1:1:524205977> -> 8 HP bằng (súng) -> [chimxanh] <STEAM_1:1:626078671>
L 08/31/2026 - 21:00:57: [FF] [Curren Bouquetd'or] <STEAM_1:1:524205977> -> 8 HP bằng (súng) -> [TezzyPham] <STEAM_1:1:933338290>
L 08/31/2026 - 21:00:57: [FF] [Curren Bouquetd'or] <STEAM_1:1:524205977> -> 8 HP bằng (súng) -> [TezzyPham] <STEAM_1:1:933338290>
L 08/31/2026 - 21:00:57: [FF] [Curren Bouquetd'or] <STEAM_1:1:524205977> -> 8 HP bằng (súng) -> [chimxanh] <STEAM_1:1:626078671>
L 08/31/2026 - 21:00:57: [FF] [Curren Bouquetd'or] <STEAM_1:1:524205977> -> 8 HP bằng (súng) -> [chimxanh] <STEAM_1:1:626078671>
L 08/31/2026 - 21:00:57: [FF] [Curren Bouquetd'or] <STEAM_1:1:524205977> -> 8 HP bằng (súng) -> [Lê Hải] <STEAM_1:0:471595906>
L 08/31/2026 - 21:00:58: [FF] [chimxanh] <STEAM_1:1:626078671> -> 5 HP bằng (melee) -> [Mikasa] <STEAM_1:0:522010986>
L 08/31/2026 - 21:01:08: [HẠ GỤC] Zombie/Witch/Môi trường <N/A> đã hạ gục Holo 40k <STEAM_1:1:925049770> bằng (môi trường/khác)
L 08/31/2026 - 21:01:10: [FF] [chimxanh] <STEAM_1:1:626078671> -> 16 HP bằng (boom/fire) -> [Holo 40k] <STEAM_1:1:925049770>
L 08/31/2026 - 21:01:10: [FF] [chimxanh] <STEAM_1:1:626078671> -> 16 HP bằng (boom/fire) -> [Holo 40k] <STEAM_1:1:925049770>
L 08/31/2026 - 21:01:10: [FF] [chimxanh] <STEAM_1:1:626078671> -> 16 HP bằng (boom/fire) -> [Holo 40k] <STEAM_1:1:925049770>
L 08/31/2026 - 21:01:11: [FF] [chimxanh] <STEAM_1:1:626078671> -> 16 HP bằng (boom/fire) -> [Holo 40k] <STEAM_1:1:925049770>
L 08/31/2026 - 21:01:11: [FF] [chimxanh] <STEAM_1:1:626078671> -> 16 HP bằng (boom/fire) -> [Holo 40k] <STEAM_1:1:925049770>
L 08/31/2026 - 21:01:11: [FF] [chimxanh] <STEAM_1:1:626078671> -> 16 HP bằng (boom/fire) -> [Holo 40k] <STEAM_1:1:925049770>
L 08/31/2026 - 21:01:11: [FF] [chimxanh] <STEAM_1:1:626078671> -> 16 HP bằng (boom/fire) -> [Holo 40k] <STEAM_1:1:925049770>
L 08/31/2026 - 21:01:11: [FF] [chimxanh] <STEAM_1:1:626078671> -> 16 HP bằng (boom/fire) -> [Holo 40k] <STEAM_1:1:925049770>
L 08/31/2026 - 21:01:12: [FF] [chimxanh] <STEAM_1:1:626078671> -> 16 HP bằng (boom/fire) -> [Holo 40k] <STEAM_1:1:925049770>
L 08/31/2026 - 21:01:12: [FF] [chimxanh] <STEAM_1:1:626078671> -> 16 HP bằng (boom/fire) -> [Holo 40k] <STEAM_1:1:925049770>
L 08/31/2026 - 21:01:12: [FF] [chimxanh] <STEAM_1:1:626078671> -> 16 HP bằng (boom/fire) -> [Holo 40k] <STEAM_1:1:925049770>
L 08/31/2026 - 21:01:12: [FF] [chimxanh] <STEAM_1:1:626078671> -> 16 HP bằng (boom/fire) -> [Holo 40k] <STEAM_1:1:925049770>
L 08/31/2026 - 21:01:13: [FF] [Lê Hải] <STEAM_1:0:471595906> -> 4 HP bằng (súng) -> [chimxanh] <STEAM_1:1:626078671>
L 08/31/2026 - 21:01:13: [FF] [Lê Hải] <STEAM_1:0:471595906> -> 4 HP bằng (súng) -> [chimxanh] <STEAM_1:1:626078671>
L 08/31/2026 - 21:01:13: [FF] [Lê Hải] <STEAM_1:0:471595906> -> 4 HP bằng (súng) -> [chimxanh] <STEAM_1:1:626078671>
L 08/31/2026 - 21:01:13: [FF] [Lê Hải] <STEAM_1:0:471595906> -> 4 HP bằng (súng) -> [chimxanh] <STEAM_1:1:626078671>
L 08/31/2026 - 21:01:14: [FF] [Lê Hải] <STEAM_1:0:471595906> -> 4 HP bằng (súng) -> [chimxanh] <STEAM_1:1:626078671>
L 08/31/2026 - 21:01:22: [HẠ GỤC] Tank <BOT> đã hạ gục Lê Hải <STEAM_1:0:471595906> bằng (môi trường/khác)
L 08/31/2026 - 21:01:33: [HẠ GỤC] Tank <BOT> đã hạ gục Holo 40k <STEAM_1:1:925049770> bằng (môi trường/khác)
L 08/31/2026 - 21:01:56: [FF] [chimxanh] <STEAM_1:1:626078671> -> 5 HP bằng (boom/fire) -> [KeroN] <STEAM_1:1:161759963>
L 08/31/2026 - 21:01:57: [FF] [chimxanh] <STEAM_1:1:626078671> -> 4 HP bằng (boom/fire) -> [KeroN] <STEAM_1:1:161759963>
L 08/31/2026 - 21:01:57: [HẠ GỤC] Tank <BOT> đã hạ gục KeroN <STEAM_1:1:161759963> bằng (môi trường/khác)
L 08/31/2026 - 21:01:57: [FF] [chimxanh] <STEAM_1:1:626078671> -> 2 HP bằng (boom/fire) -> [KeroN] <STEAM_1:1:161759963>
L 08/31/2026 - 21:01:59: [HẠ GỤC] Tank <BOT> đã hạ gục Curren Bouquetd'or <STEAM_1:1:524205977> bằng (môi trường/khác)
L 08/31/2026 - 21:02:13: [HẠ GỤC] Tank <BOT> đã hạ gục Mikasa <STEAM_1:0:522010986> bằng (môi trường/khác)
L 08/31/2026 - 21:02:18: [HẠ GỤC] Zombie/Witch/Môi trường <N/A> đã hạ gục Chicoarun <STEAM_1:0:952954061> bằng (môi trường/khác)
L 08/31/2026 - 21:02:25: [FF] [Holo 40k] <STEAM_1:1:925049770> -> 8 HP bằng (súng) -> [Lê Hải] <STEAM_1:0:471595906>
L 08/31/2026 - 21:02:25: [FF] [Holo 40k] <STEAM_1:1:925049770> -> 8 HP bằng (súng) -> [Lê Hải] <STEAM_1:0:471595906>
L 08/31/2026 - 21:02:25: [FF] [Lê Hải] <STEAM_1:0:471595906> -> 4 HP bằng (súng) -> [chimxanh] <STEAM_1:1:626078671>
L 08/31/2026 - 21:02:31: [HẠ GỤC] Tank <BOT> đã hạ gục Holo 40k <STEAM_1:1:925049770> bằng (môi trường/khác)
L 08/31/2026 - 21:02:47: [HẠ GỤC] Hunter <BOT> đã hạ gục TezzyPham <STEAM_1:1:933338290> bằng (zombie cào/đấm)
L 08/31/2026 - 21:02:52: [HẠ GỤC] Spitter <BOT> đã hạ gục chimxanh <STEAM_1:1:626078671> bằng (môi trường/khác)
L 08/31/2026 - 21:02:53: [KILL] Charger <BOT> đã giết Mikasa <STEAM_1:0:522010986> bằng (zombie cào/đấm)
L 08/31/2026 - 21:02:54: [HẠ GỤC] Zombie/Witch/Môi trường <N/A> đã hạ gục Chicoarun <STEAM_1:0:952954061> bằng (môi trường/khác)
L 08/31/2026 - 21:02:56: [KILL] Hunter <BOT> đã giết TezzyPham <STEAM_1:1:933338290> bằng (boom/fire)
L 08/31/2026 - 21:03:05: [HẠ GỤC] Charger <BOT> đã hạ gục Holo 40k <STEAM_1:1:925049770> bằng (zombie cào/đấm)
L 08/31/2026 - 21:03:25: [HẠ GỤC] Zombie/Witch/Môi trường <N/A> đã hạ gục Lê Hải <STEAM_1:0:471595906> bằng (môi trường/khác)
L 08/31/2026 - 21:03:52: [FF] [KeroN] <STEAM_1:1:161759963> -> 8 HP bằng (súng) -> [Chicoarun] <STEAM_1:0:952954061>
L 08/31/2026 - 21:03:53: [FF] [KeroN] <STEAM_1:1:161759963> -> 8 HP bằng (súng) -> [Holo 40k] <STEAM_1:1:925049770>
L 08/31/2026 - 21:03:57: [KILL] Tank <BOT> đã giết Holo 40k <STEAM_1:1:925049770> bằng (môi trường/khác)
L 08/31/2026 - 21:04:04: [KILL] Tank <BOT> đã giết Lê Hải <STEAM_1:0:471595906> bằng (môi trường/khác)
L 08/31/2026 - 21:04:09: [HẠ GỤC] Tank <BOT> đã hạ gục Vịt-hút-thuốc-lá <STEAM_1:1:176443622> bằng (môi trường/khác)
L 08/31/2026 - 21:04:51: [HẠ GỤC] Tank <BOT> đã hạ gục Curren Bouquetd'or <STEAM_1:1:524205977> bằng (môi trường/khác)
L 08/31/2026 - 21:05:40: [FF] [KeroN] <STEAM_1:1:161759963> -> 8 HP bằng (súng) -> [Lê Hải] <STEAM_1:0:471595906>
L 08/31/2026 - 21:05:45: [HẠ GỤC] Tank <BOT> đã hạ gục chimxanh <STEAM_1:1:626078671> bằng (môi trường/khác)
L 08/31/2026 - 21:05:50: [HẠ GỤC] Tank <BOT> đã hạ gục TezzyPham <STEAM_1:1:933338290> bằng (môi trường/khác)
L 08/31/2026 - 21:05:51: [FF] [KeroN] <STEAM_1:1:161759963> -> 8 HP bằng (súng) -> [Mikasa] <STEAM_1:0:522010986>
L 08/31/2026 - 21:05:52: [KILL] Tank <BOT> đã giết Vịt-hút-thuốc-lá <STEAM_1:1:176443622> bằng (môi trường/khác)
L 08/31/2026 - 21:05:58: [HẠ GỤC] Tank <BOT> đã hạ gục Lê Hải <STEAM_1:0:471595906> bằng (môi trường/khác)
L 08/31/2026 - 21:06:00: [FF] [Curren Bouquetd'or] <STEAM_1:1:524205977> -> 8 HP bằng (súng) -> [Lê Hải] <STEAM_1:0:471595906>
L 08/31/2026 - 21:06:08: [FF] [Chicoarun] <STEAM_1:0:952954061> -> 11 HP bằng (súng) -> [Mikasa] <STEAM_1:0:522010986>
L 08/31/2026 - 21:06:08: [FF] [KeroN] <STEAM_1:1:161759963> -> 8 HP bằng (súng) -> [Mikasa] <STEAM_1:0:522010986>
L 08/31/2026 - 21:06:17: [FF] [Lê Hải] <STEAM_1:0:471595906> -> 8 HP bằng (súng) -> [Mikasa] <STEAM_1:0:522010986>
L 08/31/2026 - 21:06:26: [HẠ GỤC] Tank <BOT> đã hạ gục Chicoarun <STEAM_1:0:952954061> bằng (môi trường/khác)
L 08/31/2026 - 21:06:33: [FF] [TezzyPham] <STEAM_1:1:933338290> -> 8 HP bằng (súng) -> [Lê Hải] <STEAM_1:0:471595906>
L 08/31/2026 - 21:06:34: [FF] [TezzyPham] <STEAM_1:1:933338290> -> 8 HP bằng (súng) -> [Lê Hải] <STEAM_1:0:471595906>
L 08/31/2026 - 21:06:48: [FF] [Chicoarun] <STEAM_1:0:952954061> -> 11 HP bằng (súng) -> [Mikasa] <STEAM_1:0:522010986>
L 08/31/2026 - 21:06:48: [FF] [Chicoarun] <STEAM_1:0:952954061> -> 11 HP bằng (súng) -> [KeroN] <STEAM_1:1:161759963>
L 08/31/2026 - 21:06:48: [FF] [Mikasa] <STEAM_1:0:522010986> -> 8 HP bằng (súng) -> [TezzyPham] <STEAM_1:1:933338290>
L 08/31/2026 - 21:06:48: [FF] [KeroN] <STEAM_1:1:161759963> -> 8 HP bằng (súng) -> [Mikasa] <STEAM_1:0:522010986>
L 08/31/2026 - 21:06:49: [HẠ GỤC] Zombie/Witch/Môi trường <N/A> đã hạ gục KeroN <STEAM_1:1:161759963> bằng (môi trường/khác)
L 08/31/2026 - 21:06:50: [HẠ GỤC] Tank <BOT> đã hạ gục TezzyPham <STEAM_1:1:933338290> bằng (môi trường/khác)
L 08/31/2026 - 21:06:52: [FF] [chimxanh] <STEAM_1:1:626078671> -> 8 HP bằng (súng) -> [Chicoarun] <STEAM_1:0:952954061>
L 08/31/2026 - 21:07:00: [FF] [Lê Hải] <STEAM_1:0:471595906> -> 8 HP bằng (súng) -> [Holo 40k] <STEAM_1:1:925049770>
L 08/31/2026 - 21:07:01: [HẠ GỤC] Tank <BOT> đã hạ gục Lê Hải <STEAM_1:0:471595906> bằng (môi trường/khác)
L 08/31/2026 - 21:07:03: [FF] [Chicoarun] <STEAM_1:0:952954061> -> 11 HP bằng (súng) -> [Vịt-hút-thuốc-lá] <STEAM_1:1:176443622>
L 08/31/2026 - 21:07:05: [FF] [Mikasa] <STEAM_1:0:522010986> -> 8 HP bằng (súng) -> [KeroN] <STEAM_1:1:161759963>
L 08/31/2026 - 21:07:05: [FF] [Holo 40k] <STEAM_1:1:925049770> -> 8 HP bằng (súng) -> [Vịt-hút-thuốc-lá] <STEAM_1:1:176443622>
L 08/31/2026 - 21:07:05: [FF] [TezzyPham] <STEAM_1:1:933338290> -> 8 HP bằng (súng) -> [Holo 40k] <STEAM_1:1:925049770>
L 08/31/2026 - 21:07:06: [FF] [Mikasa] <STEAM_1:0:522010986> -> 8 HP bằng (súng) -> [Holo 40k] <STEAM_1:1:925049770>
L 08/31/2026 - 21:07:06: [FF] [KeroN] <STEAM_1:1:161759963> -> 8 HP bằng (súng) -> [Holo 40k] <STEAM_1:1:925049770>
L 08/31/2026 - 21:07:09: [FF] [KeroN] <STEAM_1:1:161759963> -> 8 HP bằng (súng) -> [chimxanh] <STEAM_1:1:626078671>
L 08/31/2026 - 21:07:12: [FF] [KeroN] <STEAM_1:1:161759963> -> 8 HP bằng (súng) -> [Chicoarun] <STEAM_1:0:952954061>
L 08/31/2026 - 21:07:14: [HẠ GỤC] Tank <BOT> đã hạ gục Chicoarun <STEAM_1:0:952954061> bằng (môi trường/khác)
L 08/31/2026 - 21:07:15: [FF] [Mikasa] <STEAM_1:0:522010986> -> 8 HP bằng (súng) -> [KeroN] <STEAM_1:1:161759963>
L 08/31/2026 - 21:07:17: [FF] [chimxanh] <STEAM_1:1:626078671> -> 5 HP bằng (boom/fire) -> [Chicoarun] <STEAM_1:0:952954061>
L 08/31/2026 - 21:07:17: [FF] [chimxanh] <STEAM_1:1:626078671> -> 2 HP bằng (boom/fire) -> [Chicoarun] <STEAM_1:0:952954061>
L 08/31/2026 - 21:07:21: [HẠ GỤC] Tank <BOT> đã hạ gục Holo 40k <STEAM_1:1:925049770> bằng (môi trường/khác)
L 08/31/2026 - 21:07:26: [KILL] Zombie/Witch/Môi trường <N/A> đã giết Curren Bouquetd'or <STEAM_1:1:524205977> bằng (môi trường/khác)
L 08/31/2026 - 21:07:41: [KILL] Tank <BOT> đã giết TezzyPham <STEAM_1:1:933338290> bằng (môi trường/khác)
L 08/31/2026 - 21:07:47: [HẠ GỤC] Tank <BOT> đã hạ gục KeroN <STEAM_1:1:161759963> bằng (môi trường/khác)
L 08/31/2026 - 21:07:59: [FF] [Holo 40k] <STEAM_1:1:925049770> -> 8 HP bằng (súng) -> [chimxanh] <STEAM_1:1:626078671>
L 08/31/2026 - 21:07:59: [FF] [Holo 40k] <STEAM_1:1:925049770> -> 8 HP bằng (súng) -> [chimxanh] <STEAM_1:1:626078671>
L 08/31/2026 - 21:08:14: [KILL] Tank <BOT> đã giết Lê Hải <STEAM_1:0:471595906> bằng (môi trường/khác)
L 08/31/2026 - 21:08:17: [HẠ GỤC] Tank <BOT> đã hạ gục chimxanh <STEAM_1:1:626078671> bằng (môi trường/khác)
L 08/31/2026 - 21:08:19: [FF] [Mikasa] <STEAM_1:0:522010986> -> 8 HP bằng (súng) -> [Holo 40k] <STEAM_1:1:925049770>
L 08/31/2026 - 21:08:19: [FF] [Mikasa] <STEAM_1:0:522010986> -> 8 HP bằng (súng) -> [Holo 40k] <STEAM_1:1:925049770>
L 08/31/2026 - 21:08:34: [HẠ GỤC] Zombie/Witch/Môi trường <N/A> đã hạ gục Mikasa <STEAM_1:0:522010986> bằng (môi trường/khác)
L 08/31/2026 - 21:08:44: [FF] [chimxanh] <STEAM_1:1:626078671> -> 8 HP bằng (súng) -> [Curren Bouquetd'or] <STEAM_1:1:524205977>
L 08/31/2026 - 21:08:47: [HẠ GỤC] Tank <BOT> đã hạ gục Holo 40k <STEAM_1:1:925049770> bằng (môi trường/khác)
L 08/31/2026 - 21:08:49: [FF] [Chicoarun] <STEAM_1:0:952954061> -> 11 HP bằng (súng) -> [Holo 40k] <STEAM_1:1:925049770>
L 08/31/2026 - 21:08:49: [FF] [Chicoarun] <STEAM_1:0:952954061> -> 11 HP bằng (súng) -> [Holo 40k] <STEAM_1:1:925049770>
L 08/31/2026 - 21:08:50: [FF] [Chicoarun] <STEAM_1:0:952954061> -> 11 HP bằng (súng) -> [TezzyPham] <STEAM_1:1:933338290>
L 08/31/2026 - 21:08:50: [FF] [Chicoarun] <STEAM_1:0:952954061> -> 11 HP bằng (súng) -> [TezzyPham] <STEAM_1:1:933338290>
L 08/31/2026 - 21:08:50: [FF] [Chicoarun] <STEAM_1:0:952954061> -> 11 HP bằng (súng) -> [TezzyPham] <STEAM_1:1:933338290>
L 08/31/2026 - 21:08:50: [FF] [Chicoarun] <STEAM_1:0:952954061> -> 11 HP bằng (súng) -> [TezzyPham] <STEAM_1:1:933338290>
L 08/31/2026 - 21:08:52: [HẠ GỤC] Tank <BOT> đã hạ gục Curren Bouquetd'or <STEAM_1:1:524205977> bằng (môi trường/khác)
L 08/31/2026 - 21:08:57: [HẠ GỤC] Tank <BOT> đã hạ gục KeroN <STEAM_1:1:161759963> bằng (môi trường/khác)
L 08/31/2026 - 21:09:20: [FF] [KeroN] <STEAM_1:1:161759963> -> 8 HP bằng (súng) -> [Mikasa] <STEAM_1:0:522010986>
L 08/31/2026 - 21:09:24: [FF] [Chicoarun] <STEAM_1:0:952954061> -> 11 HP bằng (súng) -> [Lê Hải] <STEAM_1:0:471595906>
L 08/31/2026 - 21:09:24: [FF] [Chicoarun] <STEAM_1:0:952954061> -> 11 HP bằng (súng) -> [Lê Hải] <STEAM_1:0:471595906>
L 08/31/2026 - 21:09:24: [FF] [Chicoarun] <STEAM_1:0:952954061> -> 11 HP bằng (súng) -> [Lê Hải] <STEAM_1:0:471595906>
L 08/31/2026 - 21:09:24: [FF] [Chicoarun] <STEAM_1:0:952954061> -> 11 HP bằng (súng) -> [Lê Hải] <STEAM_1:0:471595906>
L 08/31/2026 - 21:09:24: [FF] [Chicoarun] <STEAM_1:0:952954061> -> 11 HP bằng (súng) -> [Lê Hải] <STEAM_1:0:471595906>
L 08/31/2026 - 21:09:30: [FF] [TezzyPham] <STEAM_1:1:933338290> -> 8 HP bằng (súng) -> [Holo 40k] <STEAM_1:1:925049770>
L 08/31/2026 - 21:09:33: [FF] [Chicoarun] <STEAM_1:0:952954061> -> 16 HP bằng (boom/fire) -> [chimxanh] <STEAM_1:1:626078671>
L 08/31/2026 - 21:09:34: [FF] [Chicoarun] <STEAM_1:0:952954061> -> 16 HP bằng (boom/fire) -> [chimxanh] <STEAM_1:1:626078671>
L 08/31/2026 - 21:09:34: [FF] [Chicoarun] <STEAM_1:0:952954061> -> 16 HP bằng (boom/fire) -> [chimxanh] <STEAM_1:1:626078671>
L 08/31/2026 - 21:09:34: [FF] [Chicoarun] <STEAM_1:0:952954061> -> 16 HP bằng (boom/fire) -> [chimxanh] <STEAM_1:1:626078671>
L 08/31/2026 - 21:09:58: [FF] [Holo 40k] <STEAM_1:1:925049770> -> 7 HP bằng (melee) -> [KeroN] <STEAM_1:1:161759963>
L 08/31/2026 - 21:10:15: [HẠ GỤC] Zombie/Witch/Môi trường <N/A> đã hạ gục Chicoarun <STEAM_1:0:952954061> bằng (môi trường/khác)
L 08/31/2026 - 21:10:17: [HẠ GỤC] Zombie/Witch/Môi trường <N/A> đã hạ gục Lê Hải <STEAM_1:0:471595906> bằng (môi trường/khác)
L 08/31/2026 - 21:10:20: [FF] [TezzyPham] <STEAM_1:1:933338290> -> 12 HP bằng (boom/fire) -> [Curren Bouquetd'or] <STEAM_1:1:524205977>
L 08/31/2026 - 21:10:20: [FF] [TezzyPham] <STEAM_1:1:933338290> -> 14 HP bằng (boom/fire) -> [Curren Bouquetd'or] <STEAM_1:1:524205977>
L 08/31/2026 - 21:10:21: [FF] [TezzyPham] <STEAM_1:1:933338290> -> 16 HP bằng (boom/fire) -> [Curren Bouquetd'or] <STEAM_1:1:524205977>
L 08/31/2026 - 21:10:21: [FF] [TezzyPham] <STEAM_1:1:933338290> -> 16 HP bằng (boom/fire) -> [Curren Bouquetd'or] <STEAM_1:1:524205977>
L 08/31/2026 - 21:10:21: [FF] [TezzyPham] <STEAM_1:1:933338290> -> 16 HP bằng (boom/fire) -> [Curren Bouquetd'or] <STEAM_1:1:524205977>
L 08/31/2026 - 21:10:21: [FF] [TezzyPham] <STEAM_1:1:933338290> -> 16 HP bằng (boom/fire) -> [Curren Bouquetd'or] <STEAM_1:1:524205977>
L 08/31/2026 - 21:10:21: [HẠ GỤC] TezzyPham <STEAM_1:1:933338290> đã hạ gục Curren Bouquetd'or <STEAM_1:1:524205977> bằng (boom/fire)
L 08/31/2026 - 21:10:22: [FF] [TezzyPham] <STEAM_1:1:933338290> -> 16 HP bằng (boom/fire) -> [Curren Bouquetd'or] <STEAM_1:1:524205977>
L 08/31/2026 - 21:10:22: [FF] [TezzyPham] <STEAM_1:1:933338290> -> 16 HP bằng (boom/fire) -> [Curren Bouquetd'or] <STEAM_1:1:524205977>
L 08/31/2026 - 21:10:22: [FF] [TezzyPham] <STEAM_1:1:933338290> -> 16 HP bằng (boom/fire) -> [Curren Bouquetd'or] <STEAM_1:1:524205977>
L 08/31/2026 - 21:10:22: [FF] [TezzyPham] <STEAM_1:1:933338290> -> 16 HP bằng (boom/fire) -> [Curren Bouquetd'or] <STEAM_1:1:524205977>
L 08/31/2026 - 21:10:22: [FF] [TezzyPham] <STEAM_1:1:933338290> -> 16 HP bằng (boom/fire) -> [Curren Bouquetd'or] <STEAM_1:1:524205977>
L 08/31/2026 - 21:10:23: [FF] [TezzyPham] <STEAM_1:1:933338290> -> 16 HP bằng (boom/fire) -> [Curren Bouquetd'or] <STEAM_1:1:524205977>
L 08/31/2026 - 21:10:23: [FF] [TezzyPham] <STEAM_1:1:933338290> -> 16 HP bằng (boom/fire) -> [Curren Bouquetd'or] <STEAM_1:1:524205977>
L 08/31/2026 - 21:10:23: [FF] [TezzyPham] <STEAM_1:1:933338290> -> 16 HP bằng (boom/fire) -> [Curren Bouquetd'or] <STEAM_1:1:524205977>
L 08/31/2026 - 21:10:23: [FF] [TezzyPham] <STEAM_1:1:933338290> -> 16 HP bằng (boom/fire) -> [Curren Bouquetd'or] <STEAM_1:1:524205977>
L 08/31/2026 - 21:10:23: [FF] [TezzyPham] <STEAM_1:1:933338290> -> 16 HP bằng (boom/fire) -> [Curren Bouquetd'or] <STEAM_1:1:524205977>
L 08/31/2026 - 21:10:24: [FF] [TezzyPham] <STEAM_1:1:933338290> -> 16 HP bằng (boom/fire) -> [Curren Bouquetd'or] <STEAM_1:1:524205977>
L 08/31/2026 - 21:10:24: [FF] [TezzyPham] <STEAM_1:1:933338290> -> 16 HP bằng (boom/fire) -> [Curren Bouquetd'or] <STEAM_1:1:524205977>
L 08/31/2026 - 21:10:24: [FF] [TezzyPham] <STEAM_1:1:933338290> -> 16 HP bằng (boom/fire) -> [Curren Bouquetd'or] <STEAM_1:1:524205977>
L 08/31/2026 - 21:10:24: [FF] [TezzyPham] <STEAM_1:1:933338290> -> 16 HP bằng (boom/fire) -> [Curren Bouquetd'or] <STEAM_1:1:524205977>
L 08/31/2026 - 21:10:24: [FF] [TezzyPham] <STEAM_1:1:933338290> -> 16 HP bằng (boom/fire) -> [Curren Bouquetd'or] <STEAM_1:1:524205977>
L 08/31/2026 - 21:10:25: [FF] [TezzyPham] <STEAM_1:1:933338290> -> 16 HP bằng (boom/fire) -> [Curren Bouquetd'or] <STEAM_1:1:524205977>
L 08/31/2026 - 21:10:25: [FF] [TezzyPham] <STEAM_1:1:933338290> -> 16 HP bằng (boom/fire) -> [Curren Bouquetd'or] <STEAM_1:1:524205977>
L 08/31/2026 - 21:10:25: [FF] [TezzyPham] <STEAM_1:1:933338290> -> 16 HP bằng (boom/fire) -> [Curren Bouquetd'or] <STEAM_1:1:524205977>
L 08/31/2026 - 21:10:25: [FF] [TezzyPham] <STEAM_1:1:933338290> -> 16 HP bằng (boom/fire) -> [Curren Bouquetd'or] <STEAM_1:1:524205977>
L 08/31/2026 - 21:10:25: [FF] [TezzyPham] <STEAM_1:1:933338290> -> 16 HP bằng (boom/fire) -> [Curren Bouquetd'or] <STEAM_1:1:524205977>
L 08/31/2026 - 21:10:26: [FF] [TezzyPham] <STEAM_1:1:933338290> -> 16 HP bằng (boom/fire) -> [Curren Bouquetd'or] <STEAM_1:1:524205977>
L 08/31/2026 - 21:10:26: [FF] [TezzyPham] <STEAM_1:1:933338290> -> 16 HP bằng (boom/fire) -> [Curren Bouquetd'or] <STEAM_1:1:524205977>
L 08/31/2026 - 21:10:26: [FF] [TezzyPham] <STEAM_1:1:933338290> -> 16 HP bằng (boom/fire) -> [Curren Bouquetd'or] <STEAM_1:1:524205977>
L 08/31/2026 - 21:10:26: [FF] [TezzyPham] <STEAM_1:1:933338290> -> 16 HP bằng (boom/fire) -> [Curren Bouquetd'or] <STEAM_1:1:524205977>
L 08/31/2026 - 21:10:26: [FF] [TezzyPham] <STEAM_1:1:933338290> -> 16 HP bằng (boom/fire) -> [Curren Bouquetd'or] <STEAM_1:1:524205977>
L 08/31/2026 - 21:10:27: [FF] [TezzyPham] <STEAM_1:1:933338290> -> 16 HP bằng (boom/fire) -> [Curren Bouquetd'or] <STEAM_1:1:524205977>
L 08/31/2026 - 21:10:27: [FF] [TezzyPham] <STEAM_1:1:933338290> -> 16 HP bằng (boom/fire) -> [Curren Bouquetd'or] <STEAM_1:1:524205977>
L 08/31/2026 - 21:10:27: [FF] [TezzyPham] <STEAM_1:1:933338290> -> 16 HP bằng (boom/fire) -> [Curren Bouquetd'or] <STEAM_1:1:524205977>
L 08/31/2026 - 21:10:27: [FF] [TezzyPham] <STEAM_1:1:933338290> -> 16 HP bằng (boom/fire) -> [Curren Bouquetd'or] <STEAM_1:1:524205977>
L 08/31/2026 - 21:10:27: [FF] [TezzyPham] <STEAM_1:1:933338290> -> 16 HP bằng (boom/fire) -> [Curren Bouquetd'or] <STEAM_1:1:524205977>
L 08/31/2026 - 21:10:28: [FF] [TezzyPham] <STEAM_1:1:933338290> -> 16 HP bằng (boom/fire) -> [Curren Bouquetd'or] <STEAM_1:1:524205977>
L 08/31/2026 - 21:10:28: [FF] [TezzyPham] <STEAM_1:1:933338290> -> 16 HP bằng (boom/fire) -> [Curren Bouquetd'or] <STEAM_1:1:524205977>
L 08/31/2026 - 21:10:28: [FF] [TezzyPham] <STEAM_1:1:933338290> -> 16 HP bằng (boom/fire) -> [Curren Bouquetd'or] <STEAM_1:1:524205977>
L 08/31/2026 - 21:10:28: [FF] [TezzyPham] <STEAM_1:1:933338290> -> 16 HP bằng (boom/fire) -> [Curren Bouquetd'or] <STEAM_1:1:524205977>
L 08/31/2026 - 21:10:28: [FF] [TezzyPham] <STEAM_1:1:933338290> -> 16 HP bằng (boom/fire) -> [Curren Bouquetd'or] <STEAM_1:1:524205977>
L 08/31/2026 - 21:10:29: [FF] [TezzyPham] <STEAM_1:1:933338290> -> 16 HP bằng (boom/fire) -> [Curren Bouquetd'or] <STEAM_1:1:524205977>
L 08/31/2026 - 21:10:29: [FF] [TezzyPham] <STEAM_1:1:933338290> -> 16 HP bằng (boom/fire) -> [Curren Bouquetd'or] <STEAM_1:1:524205977>
L 08/31/2026 - 21:10:29: [FF] [TezzyPham] <STEAM_1:1:933338290> -> 16 HP bằng (boom/fire) -> [Curren Bouquetd'or] <STEAM_1:1:524205977>
L 08/31/2026 - 21:10:29: [FF] [TezzyPham] <STEAM_1:1:933338290> -> 16 HP bằng (boom/fire) -> [Curren Bouquetd'or] <STEAM_1:1:524205977>
L 08/31/2026 - 21:10:29: [FF] [TezzyPham] <STEAM_1:1:933338290> -> 16 HP bằng (boom/fire) -> [Curren Bouquetd'or] <STEAM_1:1:524205977>
L 08/31/2026 - 21:10:30: [FF] [TezzyPham] <STEAM_1:1:933338290> -> 16 HP bằng (boom/fire) -> [Curren Bouquetd'or] <STEAM_1:1:524205977>
L 08/31/2026 - 21:10:30: [FF] [TezzyPham] <STEAM_1:1:933338290> -> 16 HP bằng (boom/fire) -> [Curren Bouquetd'or] <STEAM_1:1:524205977>
L 08/31/2026 - 21:10:30: [FF] [TezzyPham] <STEAM_1:1:933338290> -> 16 HP bằng (boom/fire) -> [Curren Bouquetd'or] <STEAM_1:1:524205977>
L 08/31/2026 - 21:10:30: [FF] [TezzyPham] <STEAM_1:1:933338290> -> 16 HP bằng (boom/fire) -> [Curren Bouquetd'or] <STEAM_1:1:524205977>
L 08/31/2026 - 21:10:30: [FF] [TezzyPham] <STEAM_1:1:933338290> -> 16 HP bằng (boom/fire) -> [Curren Bouquetd'or] <STEAM_1:1:524205977>
L 08/31/2026 - 21:10:31: [FF] [TezzyPham] <STEAM_1:1:933338290> -> 16 HP bằng (boom/fire) -> [Curren Bouquetd'or] <STEAM_1:1:524205977>
L 08/31/2026 - 21:10:31: [FF] [TezzyPham] <STEAM_1:1:933338290> -> 16 HP bằng (boom/fire) -> [Curren Bouquetd'or] <STEAM_1:1:524205977>
L 08/31/2026 - 21:10:31: [FF] [TezzyPham] <STEAM_1:1:933338290> -> 16 HP bằng (boom/fire) -> [Curren Bouquetd'or] <STEAM_1:1:524205977>
L 08/31/2026 - 21:10:31: [FF] [TezzyPham] <STEAM_1:1:933338290> -> 16 HP bằng (boom/fire) -> [Curren Bouquetd'or] <STEAM_1:1:524205977>
L 08/31/2026 - 21:10:31: [FF] [TezzyPham] <STEAM_1:1:933338290> -> 16 HP bằng (boom/fire) -> [Curren Bouquetd'or] <STEAM_1:1:524205977>
L 08/31/2026 - 21:10:32: [FF] [TezzyPham] <STEAM_1:1:933338290> -> 16 HP bằng (boom/fire) -> [Curren Bouquetd'or] <STEAM_1:1:524205977>
L 08/31/2026 - 21:10:32: [FF] [TezzyPham] <STEAM_1:1:933338290> -> 16 HP bằng (boom/fire) -> [Curren Bouquetd'or] <STEAM_1:1:524205977>
L 08/31/2026 - 21:10:32: [FF] [TezzyPham] <STEAM_1:1:933338290> -> 16 HP bằng (boom/fire) -> [Curren Bouquetd'or] <STEAM_1:1:524205977>
L 08/31/2026 - 21:10:32: [FF] [TezzyPham] <STEAM_1:1:933338290> -> 16 HP bằng (boom/fire) -> [Curren Bouquetd'or] <STEAM_1:1:524205977>
L 08/31/2026 - 21:10:32: [FF] [TezzyPham] <STEAM_1:1:933338290> -> 16 HP bằng (boom/fire) -> [Curren Bouquetd'or] <STEAM_1:1:524205977>
L 08/31/2026 - 21:10:33: [FF] [TezzyPham] <STEAM_1:1:933338290> -> 16 HP bằng (boom/fire) -> [Curren Bouquetd'or] <STEAM_1:1:524205977>
L 08/31/2026 - 21:10:33: [FF] [TezzyPham] <STEAM_1:1:933338290> -> 16 HP bằng (boom/fire) -> [Curren Bouquetd'or] <STEAM_1:1:524205977>
L 08/31/2026 - 21:10:33: [FF] [TezzyPham] <STEAM_1:1:933338290> -> 16 HP bằng (boom/fire) -> [Curren Bouquetd'or] <STEAM_1:1:524205977>
L 08/31/2026 - 21:10:33: [FF] [TezzyPham] <STEAM_1:1:933338290> -> 16 HP bằng (boom/fire) -> [Curren Bouquetd'or] <STEAM_1:1:524205977>
L 08/31/2026 - 21:10:33: [KILL] TezzyPham <STEAM_1:1:933338290> đã giết Curren Bouquetd'or <STEAM_1:1:524205977> bằng (boom/fire)
L 08/31/2026 - 21:10:38: [HẠ GỤC] Spitter <BOT> đã hạ gục Chicoarun <STEAM_1:0:952954061> bằng (môi trường/khác)
L 08/31/2026 - 21:10:39: [HẠ GỤC] Spitter <BOT> đã hạ gục Holo 40k <STEAM_1:1:925049770> bằng (môi trường/khác)
L 08/31/2026 - 21:10:39: [HẠ GỤC] Spitter <BOT> đã hạ gục TezzyPham <STEAM_1:1:933338290> bằng (môi trường/khác)
L 08/31/2026 - 21:10:53: [FF] [Holo 40k] <STEAM_1:1:925049770> -> 7 HP bằng (melee) -> [Chicoarun] <STEAM_1:0:952954061>
L 08/31/2026 - 21:10:54: [FF] [Holo 40k] <STEAM_1:1:925049770> -> 7 HP bằng (melee) -> [Chicoarun] <STEAM_1:0:952954061>
L 08/31/2026 - 21:10:55: [FF] [Holo 40k] <STEAM_1:1:925049770> -> 7 HP bằng (melee) -> [Chicoarun] <STEAM_1:0:952954061>
L 08/31/2026 - 21:10:55: [FF] [Holo 40k] <STEAM_1:1:925049770> -> 7 HP bằng (melee) -> [Chicoarun] <STEAM_1:0:952954061>
L 08/31/2026 - 21:10:55: [FF] [Holo 40k] <STEAM_1:1:925049770> -> 7 HP bằng (melee) -> [Mikasa] <STEAM_1:0:522010986>
L 08/31/2026 - 21:10:58: [FF] [Holo 40k] <STEAM_1:1:925049770> -> 7 HP bằng (melee) -> [Chicoarun] <STEAM_1:0:952954061>
L 08/31/2026 - 21:11:00: [FF] [KeroN] <STEAM_1:1:161759963> -> 7 HP bằng (melee) -> [Holo 40k] <STEAM_1:1:925049770>
L 08/31/2026 - 21:11:00: [FF] [KeroN] <STEAM_1:1:161759963> -> 1 HP bằng (melee) -> [Mikasa] <STEAM_1:0:522010986>
L 08/31/2026 - 21:11:02: [HẠ GỤC] Boomer Bot <BOT> đã hạ gục KeroN <STEAM_1:1:161759963> bằng (môi trường/khác)
L 08/31/2026 - 21:11:09: [FF] [chimxanh] <STEAM_1:1:626078671> -> 8 HP bằng (súng) -> [Holo 40k] <STEAM_1:1:925049770>
L 08/31/2026 - 21:11:10: [FF] [chimxanh] <STEAM_1:1:626078671> -> 8 HP bằng (súng) -> [Holo 40k] <STEAM_1:1:925049770>
L 08/31/2026 - 21:11:13: [FF] [Chicoarun] <STEAM_1:0:952954061> -> 2 HP bằng (súng) -> [Mikasa] <STEAM_1:0:522010986>
L 08/31/2026 - 21:11:14: [HẠ GỤC] Zombie/Witch/Môi trường <N/A> đã hạ gục Lê Hải <STEAM_1:0:471595906> bằng (môi trường/khác)
L 08/31/2026 - 21:11:16: [FF] [Holo 40k] <STEAM_1:1:925049770> -> 7 HP bằng (melee) -> [Mikasa] <STEAM_1:0:522010986>
L 08/31/2026 - 21:11:21: [KILL] Boomer Bot <BOT> đã giết Chicoarun <STEAM_1:0:952954061> bằng (môi trường/khác)
L 08/31/2026 - 21:11:23: [HẠ GỤC] Zombie/Witch/Môi trường <N/A> đã hạ gục Holo 40k <STEAM_1:1:925049770> bằng (môi trường/khác)
L 08/31/2026 - 21:11:30: [HẠ GỤC] Zombie/Witch/Môi trường <N/A> đã hạ gục Mikasa <STEAM_1:0:522010986> bằng (môi trường/khác)
L 08/31/2026 - 21:11:47: [HẠ GỤC] Zombie/Witch/Môi trường <N/A> đã hạ gục KeroN <STEAM_1:1:161759963> bằng (môi trường/khác)
L 08/31/2026 - 21:11:53: [HẠ GỤC] Zombie/Witch/Môi trường <N/A> đã hạ gục TezzyPham <STEAM_1:1:933338290> bằng (môi trường/khác)
L 08/31/2026 - 21:11:55: [FF] [Mikasa] <STEAM_1:0:522010986> -> 8 HP bằng (súng) -> [chimxanh] <STEAM_1:1:626078671>
L 08/31/2026 - 21:11:55: [FF] [Mikasa] <STEAM_1:0:522010986> -> 8 HP bằng (súng) -> [chimxanh] <STEAM_1:1:626078671>
L 08/31/2026 - 21:12:23: [FF] [Holo 40k] <STEAM_1:1:925049770> -> 4 HP bằng (súng) -> [Curren Bouquetd'or] <STEAM_1:1:524205977>
L 08/31/2026 - 21:12:23: [FF] [Holo 40k] <STEAM_1:1:925049770> -> 4 HP bằng (súng) -> [Curren Bouquetd'or] <STEAM_1:1:524205977>
L 08/31/2026 - 21:12:23: [FF] [Holo 40k] <STEAM_1:1:925049770> -> 4 HP bằng (súng) -> [Curren Bouquetd'or] <STEAM_1:1:524205977>
L 08/31/2026 - 21:12:23: [FF] [Holo 40k] <STEAM_1:1:925049770> -> 4 HP bằng (súng) -> [Curren Bouquetd'or] <STEAM_1:1:524205977>
L 08/31/2026 - 21:12:23: [FF] [Holo 40k] <STEAM_1:1:925049770> -> 4 HP bằng (súng) -> [Curren Bouquetd'or] <STEAM_1:1:524205977>
L 08/31/2026 - 21:12:23: [FF] [Holo 40k] <STEAM_1:1:925049770> -> 4 HP bằng (súng) -> [Curren Bouquetd'or] <STEAM_1:1:524205977>
L 08/31/2026 - 21:12:23: [FF] [Holo 40k] <STEAM_1:1:925049770> -> 4 HP bằng (súng) -> [Curren Bouquetd'or] <STEAM_1:1:524205977>
L 08/31/2026 - 21:12:23: [HẠ GỤC] Hunter Bot <BOT> đã hạ gục chimxanh <STEAM_1:1:626078671> bằng (zombie cào/đấm)
L 08/31/2026 - 21:12:24: [FF] [Holo 40k] <STEAM_1:1:925049770> -> 4 HP bằng (súng) -> [Curren Bouquetd'or] <STEAM_1:1:524205977>
L 08/31/2026 - 21:12:24: [FF] [Mikasa] <STEAM_1:0:522010986> -> 8 HP bằng (súng) -> [Curren Bouquetd'or] <STEAM_1:1:524205977>
L 08/31/2026 - 21:12:24: [FF] [Holo 40k] <STEAM_1:1:925049770> -> 4 HP bằng (súng) -> [Curren Bouquetd'or] <STEAM_1:1:524205977>
L 08/31/2026 - 21:12:24: [FF] [Holo 40k] <STEAM_1:1:925049770> -> 4 HP bằng (súng) -> [Curren Bouquetd'or] <STEAM_1:1:524205977>
L 08/31/2026 - 21:12:24: [FF] [Holo 40k] <STEAM_1:1:925049770> -> 4 HP bằng (súng) -> [Curren Bouquetd'or] <STEAM_1:1:524205977>
L 08/31/2026 - 21:12:26: [FF] [Holo 40k] <STEAM_1:1:925049770> -> 4 HP bằng (súng) -> [chimxanh] <STEAM_1:1:626078671>
L 08/31/2026 - 21:12:26: [FF] [Holo 40k] <STEAM_1:1:925049770> -> 4 HP bằng (súng) -> [chimxanh] <STEAM_1:1:626078671>
L 08/31/2026 - 21:12:29: [KILL] Zombie/Witch/Môi trường <N/A> đã giết Lê Hải <STEAM_1:0:471595906> bằng (môi trường/khác)
L 08/31/2026 - 21:12:31: [FF] [Mikasa] <STEAM_1:0:522010986> -> 8 HP bằng (súng) -> [Chicoarun] <STEAM_1:0:952954061>
L 08/31/2026 - 21:12:31: [FF] [Mikasa] <STEAM_1:0:522010986> -> 8 HP bằng (súng) -> [Chicoarun] <STEAM_1:0:952954061>
L 08/31/2026 - 21:12:31: [FF] [Mikasa] <STEAM_1:0:522010986> -> 8 HP bằng (súng) -> [Chicoarun] <STEAM_1:0:952954061>
L 08/31/2026 - 21:12:31: [FF] [Mikasa] <STEAM_1:0:522010986> -> 8 HP bằng (súng) -> [Chicoarun] <STEAM_1:0:952954061>
L 08/31/2026 - 21:12:41: [KILL] Zombie/Witch/Môi trường <N/A> đã giết TezzyPham <STEAM_1:1:933338290> bằng (môi trường/khác)
L 08/31/2026 - 21:12:47: [FF] [KeroN] <STEAM_1:1:161759963> -> 1 HP bằng (môi trường/khác) -> [Holo 40k] <STEAM_1:1:925049770>
L 08/31/2026 - 21:12:56: [HẠ GỤC] Zombie/Witch/Môi trường <N/A> đã hạ gục Chicoarun <STEAM_1:0:952954061> bằng (môi trường/khác)
L 08/31/2026 - 21:13:06: [FF] [Holo 40k] <STEAM_1:1:925049770> -> 4 HP bằng (súng) -> [Vịt-hút-thuốc-lá] <STEAM_1:1:176443622>
L 08/31/2026 - 21:13:06: [FF] [Holo 40k] <STEAM_1:1:925049770> -> 4 HP bằng (súng) -> [Vịt-hút-thuốc-lá] <STEAM_1:1:176443622>
L 08/31/2026 - 21:13:07: [HẠ GỤC] Charger Bot <BOT> đã hạ gục chimxanh <STEAM_1:1:626078671> bằng (zombie cào/đấm)
L 08/31/2026 - 21:13:10: [KILL] Hunter <BOT> đã giết Holo 40k <STEAM_1:1:925049770> bằng (zombie cào/đấm)
L 08/31/2026 - 21:13:12: [HẠ GỤC] Zombie/Witch/Môi trường <N/A> đã hạ gục Vịt-hút-thuốc-lá <STEAM_1:1:176443622> bằng (môi trường/khác)
L 08/31/2026 - 21:13:19: [HẠ GỤC] Zombie/Witch/Môi trường <N/A> đã hạ gục Chicoarun <STEAM_1:0:952954061> bằng (môi trường/khác)
L 08/31/2026 - 21:13:23: [FF] [Mikasa] <STEAM_1:0:522010986> -> 7 HP bằng (melee) -> [Curren Bouquetd'or] <STEAM_1:1:524205977>
L 08/31/2026 - 21:13:23: [FF] [Vịt-hút-thuốc-lá] <STEAM_1:1:176443622> -> 8 HP bằng (súng) -> [KeroN] <STEAM_1:1:161759963>
L 08/31/2026 - 21:13:27: [HẠ GỤC] Zombie/Witch/Môi trường <N/A> đã hạ gục Vịt-hút-thuốc-lá <STEAM_1:1:176443622> bằng (môi trường/khác)
L 08/31/2026 - 21:13:30: [HẠ GỤC] Spitter Bot <BOT> đã hạ gục Mikasa <STEAM_1:0:522010986> bằng (môi trường/khác)
L 08/31/2026 - 21:13:30: [HẠ GỤC] Spitter Bot <BOT> đã hạ gục Curren Bouquetd'or <STEAM_1:1:524205977> bằng (môi trường/khác)
L 08/31/2026 - 21:13:33: [KILL] Spitter Bot <BOT> đã giết Vịt-hút-thuốc-lá <STEAM_1:1:176443622> bằng (môi trường/khác)
L 08/31/2026 - 21:13:48: [KILL] Charger Bot <BOT> đã giết Mikasa <STEAM_1:0:522010986> bằng (zombie cào/đấm)
L 08/31/2026 - 21:13:51: [FF] [TezzyPham] <STEAM_1:1:933338290> -> 4 HP bằng (súng) -> [Coach] <BOT>
L 08/31/2026 - 21:13:51: [FF] [TezzyPham] <STEAM_1:1:933338290> -> 4 HP bằng (súng) -> [Coach] <BOT>
L 08/31/2026 - 21:13:51: [FF] [TezzyPham] <STEAM_1:1:933338290> -> 4 HP bằng (súng) -> [Coach] <BOT>
L 08/31/2026 - 21:13:51: [FF] [TezzyPham] <STEAM_1:1:933338290> -> 4 HP bằng (súng) -> [Coach] <BOT>
L 08/31/2026 - 21:13:51: [FF] [TezzyPham] <STEAM_1:1:933338290> -> 4 HP bằng (súng) -> [Coach] <BOT>
L 08/31/2026 - 21:13:51: [FF] [TezzyPham] <STEAM_1:1:933338290> -> 4 HP bằng (súng) -> [Coach] <BOT>
L 08/31/2026 - 21:13:51: [FF] [TezzyPham] <STEAM_1:1:933338290> -> 4 HP bằng (súng) -> [Coach] <BOT>
L 08/31/2026 - 21:13:51: [FF] [TezzyPham] <STEAM_1:1:933338290> -> 4 HP bằng (súng) -> [Coach] <BOT>
L 08/31/2026 - 21:14:04: [KILL] Smoker Bot <BOT> đã giết KeroN <STEAM_1:1:161759963> bằng (zombie cào/đấm)
L 08/31/2026 - 21:14:09: [HẠ GỤC] Zombie/Witch/Môi trường <N/A> đã hạ gục Coach <BOT> bằng (môi trường/khác)
L 08/31/2026 - 21:14:18: [KILL] Spitter Bot <BOT> đã giết chimxanh <STEAM_1:1:626078671> bằng (môi trường/khác)
L 08/31/2026 - 21:14:19: [FF] [TezzyPham] <STEAM_1:1:933338290> -> 8 HP bằng (súng) -> [Holo 40k] <STEAM_1:1:925049770>
L 08/31/2026 - 21:14:20: [FF] [TezzyPham] <STEAM_1:1:933338290> -> 8 HP bằng (súng) -> [Curren Bouquetd'or] <STEAM_1:1:524205977>
L 08/31/2026 - 21:14:20: [FF] [TezzyPham] <STEAM_1:1:933338290> -> 8 HP bằng (súng) -> [Curren Bouquetd'or] <STEAM_1:1:524205977>
L 08/31/2026 - 21:14:27: [KILL] Zombie/Witch/Môi trường <N/A> đã giết Chicoarun <STEAM_1:0:952954061> bằng (môi trường/khác)
L 08/31/2026 - 21:14:36: [FF] [TezzyPham] <STEAM_1:1:933338290> -> 8 HP bằng (súng) -> [Coach] <BOT>
L 08/31/2026 - 21:14:46: [FF] [Holo 40k] <STEAM_1:1:925049770> -> 8 HP bằng (melee) -> [TezzyPham] <STEAM_1:1:933338290>
L 08/31/2026 - 21:14:47: [HẠ GỤC] Zombie/Witch/Môi trường <N/A> đã hạ gục Coach <BOT> bằng (môi trường/khác)
L 08/31/2026 - 21:14:53: [HẠ GỤC] Zombie/Witch/Môi trường <N/A> đã hạ gục TezzyPham <STEAM_1:1:933338290> bằng (môi trường/khác)
L 08/31/2026 - 21:14:59: [HẠ GỤC] Charger Bot <BOT> đã hạ gục Holo 40k <STEAM_1:1:925049770> bằng (zombie cào/đấm)
L 08/31/2026 - 21:15:04: [HẠ GỤC] Charger Bot <BOT> đã hạ gục Curren Bouquetd'or <STEAM_1:1:524205977> bằng (zombie cào/đấm)
L 08/31/2026 - 21:15:06: [HẠ GỤC] Zombie/Witch/Môi trường <N/A> đã hạ gục Mikasa <STEAM_1:0:522010986> bằng (môi trường/khác)
L 08/31/2026 - 21:15:24: [FF] [Holo 40k] <STEAM_1:1:925049770> -> 8 HP bằng (melee) -> [Mikasa] <STEAM_1:0:522010986>
L 08/31/2026 - 21:15:24: [FF] [KeroN] <STEAM_1:1:161759963> -> 8 HP bằng (súng) -> [Vịt-hút-thuốc-lá] <STEAM_1:1:176443622>
L 08/31/2026 - 21:15:25: [FF] [TezzyPham] <STEAM_1:1:933338290> -> 11 HP bằng (súng) -> [KeroN] <STEAM_1:1:161759963>
L 08/31/2026 - 21:15:27: [FF] [TezzyPham] <STEAM_1:1:933338290> -> 11 HP bằng (súng) -> [Holo 40k] <STEAM_1:1:925049770>
L 08/31/2026 - 21:15:27: [FF] [TezzyPham] <STEAM_1:1:933338290> -> 11 HP bằng (súng) -> [KeroN] <STEAM_1:1:161759963>
L 08/31/2026 - 21:15:27: [FF] [TezzyPham] <STEAM_1:1:933338290> -> 11 HP bằng (súng) -> [KeroN] <STEAM_1:1:161759963>
L 08/31/2026 - 21:15:31: [FF] [Mikasa] <STEAM_1:0:522010986> -> 8 HP bằng (súng) -> [Holo 40k] <STEAM_1:1:925049770>
L 08/31/2026 - 21:15:31: [FF] [Mikasa] <STEAM_1:0:522010986> -> 8 HP bằng (súng) -> [Holo 40k] <STEAM_1:1:925049770>
L 08/31/2026 - 21:15:31: [FF] [Mikasa] <STEAM_1:0:522010986> -> 8 HP bằng (súng) -> [Coach] <BOT>
L 08/31/2026 - 21:15:31: [FF] [Mikasa] <STEAM_1:0:522010986> -> 8 HP bằng (súng) -> [Coach] <BOT>
L 08/31/2026 - 21:15:31: [FF] [Mikasa] <STEAM_1:0:522010986> -> 8 HP bằng (súng) -> [Coach] <BOT>
L 08/31/2026 - 21:15:44: [FF] [chimxanh] <STEAM_1:1:626078671> -> 1 HP bằng (súng) -> [Holo 40k] <STEAM_1:1:925049770>
L 08/31/2026 - 21:15:44: [FF] [chimxanh] <STEAM_1:1:626078671> -> 1 HP bằng (súng) -> [Holo 40k] <STEAM_1:1:925049770>
L 08/31/2026 - 21:15:44: [FF] [chimxanh] <STEAM_1:1:626078671> -> 1 HP bằng (súng) -> [Holo 40k] <STEAM_1:1:925049770>
L 08/31/2026 - 21:15:49: [FF] [chimxanh] <STEAM_1:1:626078671> -> 8 HP bằng (súng) -> [Coach] <BOT>
L 08/31/2026 - 21:15:49: [FF] [chimxanh] <STEAM_1:1:626078671> -> 1 HP bằng (boom/fire) -> [Coach] <BOT>
L 08/31/2026 - 21:15:49: [FF] [chimxanh] <STEAM_1:1:626078671> -> 3 HP bằng (boom/fire) -> [Coach] <BOT>
L 08/31/2026 - 21:15:50: [FF] [chimxanh] <STEAM_1:1:626078671> -> 4 HP bằng (boom/fire) -> [Coach] <BOT>
L 08/31/2026 - 21:15:50: [FF] [chimxanh] <STEAM_1:1:626078671> -> 6 HP bằng (boom/fire) -> [Coach] <BOT>
L 08/31/2026 - 21:15:51: [FF] [chimxanh] <STEAM_1:1:626078671> -> 14 HP bằng (boom/fire) -> [Coach] <BOT>
L 08/31/2026 - 21:15:51: [FF] [chimxanh] <STEAM_1:1:626078671> -> 16 HP bằng (boom/fire) -> [Coach] <BOT>
L 08/31/2026 - 21:15:51: [FF] [chimxanh] <STEAM_1:1:626078671> -> 16 HP bằng (boom/fire) -> [Coach] <BOT>
L 08/31/2026 - 21:15:51: [FF] [chimxanh] <STEAM_1:1:626078671> -> 16 HP bằng (boom/fire) -> [Coach] <BOT>
L 08/31/2026 - 21:15:52: [FF] [chimxanh] <STEAM_1:1:626078671> -> 16 HP bằng (boom/fire) -> [Coach] <BOT>
L 08/31/2026 - 21:15:52: [FF] [chimxanh] <STEAM_1:1:626078671> -> 16 HP bằng (boom/fire) -> [Coach] <BOT>
L 08/31/2026 - 21:15:52: [KILL] chimxanh <STEAM_1:1:626078671> đã giết Coach <BOT> bằng (boom/fire)
L 08/31/2026 - 21:16:10: [KILL] Zombie/Witch/Môi trường <N/A> đã giết Chicoarun <STEAM_1:0:952954061> bằng (zombie cào/đấm)
L 08/31/2026 - 21:16:16: [KILL] Zombie/Witch/Môi trường <N/A> đã giết KeroN <STEAM_1:1:161759963> bằng (zombie cào/đấm)
L 08/31/2026 - 21:16:16: [HẠ GỤC] Spitter Bot <BOT> đã hạ gục TezzyPham <STEAM_1:1:933338290> bằng (môi trường/khác)
L 08/31/2026 - 21:16:16: [HẠ GỤC] Spitter Bot <BOT> đã hạ gục Vịt-hút-thuốc-lá <STEAM_1:1:176443622> bằng (môi trường/khác)
L 08/31/2026 - 21:16:16: [KILL] Spitter Bot <BOT> đã giết TezzyPham <STEAM_1:1:933338290> bằng (môi trường/khác)
L 08/31/2026 - 21:16:16: [HẠ GỤC] Jockey Bot <BOT> đã hạ gục chimxanh <STEAM_1:1:626078671> bằng (zombie cào/đấm)
L 08/31/2026 - 21:16:18: [HẠ GỤC] (1)Spitter Bot <BOT> đã hạ gục Curren Bouquetd'or <STEAM_1:1:524205977> bằng (môi trường/khác)
L 08/31/2026 - 21:16:19: [KILL] (1)Spitter Bot <BOT> đã giết Curren Bouquetd'or <STEAM_1:1:524205977> bằng (môi trường/khác)
L 08/31/2026 - 21:16:19: [KILL] Zombie/Witch/Môi trường <N/A> đã giết Holo 40k <STEAM_1:1:925049770> bằng (zombie cào/đấm)
L 08/31/2026 - 21:17:08: [FF] [chimxanh] <STEAM_1:1:626078671> -> 16 HP bằng (boom/fire) -> [Vịt-hút-thuốc-lá] <STEAM_1:1:176443622>
L 08/31/2026 - 21:17:09: [FF] [chimxanh] <STEAM_1:1:626078671> -> 16 HP bằng (boom/fire) -> [Vịt-hút-thuốc-lá] <STEAM_1:1:176443622>
L 08/31/2026 - 21:17:09: [FF] [chimxanh] <STEAM_1:1:626078671> -> 16 HP bằng (boom/fire) -> [Vịt-hút-thuốc-lá] <STEAM_1:1:176443622>
L 08/31/2026 - 21:17:09: [FF] [chimxanh] <STEAM_1:1:626078671> -> 16 HP bằng (boom/fire) -> [Vịt-hút-thuốc-lá] <STEAM_1:1:176443622>
L 08/31/2026 - 21:17:09: [FF] [chimxanh] <STEAM_1:1:626078671> -> 16 HP bằng (boom/fire) -> [Vịt-hút-thuốc-lá] <STEAM_1:1:176443622>
L 08/31/2026 - 21:17:09: [FF] [chimxanh] <STEAM_1:1:626078671> -> 16 HP bằng (boom/fire) -> [Vịt-hút-thuốc-lá] <STEAM_1:1:176443622>
L 08/31/2026 - 21:17:10: [FF] [chimxanh] <STEAM_1:1:626078671> -> 16 HP bằng (boom/fire) -> [Vịt-hút-thuốc-lá] <STEAM_1:1:176443622>
L 08/31/2026 - 21:17:10: [FF] [chimxanh] <STEAM_1:1:626078671> -> 16 HP bằng (boom/fire) -> [Vịt-hút-thuốc-lá] <STEAM_1:1:176443622>
L 08/31/2026 - 21:17:10: [FF] [chimxanh] <STEAM_1:1:626078671> -> 16 HP bằng (boom/fire) -> [Vịt-hút-thuốc-lá] <STEAM_1:1:176443622>
L 08/31/2026 - 21:17:10: [FF] [chimxanh] <STEAM_1:1:626078671> -> 16 HP bằng (boom/fire) -> [Vịt-hút-thuốc-lá] <STEAM_1:1:176443622>
L 08/31/2026 - 21:17:10: [FF] [chimxanh] <STEAM_1:1:626078671> -> 16 HP bằng (boom/fire) -> [Vịt-hút-thuốc-lá] <STEAM_1:1:176443622>
L 08/31/2026 - 21:17:11: [FF] [chimxanh] <STEAM_1:1:626078671> -> 16 HP bằng (boom/fire) -> [Vịt-hút-thuốc-lá] <STEAM_1:1:176443622>
L 08/31/2026 - 21:17:11: [FF] [chimxanh] <STEAM_1:1:626078671> -> 16 HP bằng (boom/fire) -> [Vịt-hút-thuốc-lá] <STEAM_1:1:176443622>
L 08/31/2026 - 21:17:11: [FF] [chimxanh] <STEAM_1:1:626078671> -> 16 HP bằng (boom/fire) -> [Vịt-hút-thuốc-lá] <STEAM_1:1:176443622>
L 08/31/2026 - 21:17:11: [FF] [chimxanh] <STEAM_1:1:626078671> -> 16 HP bằng (boom/fire) -> [Vịt-hút-thuốc-lá] <STEAM_1:1:176443622>
L 08/31/2026 - 21:17:11: [FF] [chimxanh] <STEAM_1:1:626078671> -> 16 HP bằng (boom/fire) -> [Vịt-hút-thuốc-lá] <STEAM_1:1:176443622>
L 08/31/2026 - 21:17:12: [FF] [chimxanh] <STEAM_1:1:626078671> -> 16 HP bằng (boom/fire) -> [Vịt-hút-thuốc-lá] <STEAM_1:1:176443622>
L 08/31/2026 - 21:17:12: [FF] [chimxanh] <STEAM_1:1:626078671> -> 16 HP bằng (boom/fire) -> [Vịt-hút-thuốc-lá] <STEAM_1:1:176443622>
L 08/31/2026 - 21:17:12: [FF] [chimxanh] <STEAM_1:1:626078671> -> 16 HP bằng (boom/fire) -> [Vịt-hút-thuốc-lá] <STEAM_1:1:176443622>
L 08/31/2026 - 21:17:12: [FF] [chimxanh] <STEAM_1:1:626078671> -> 16 HP bằng (boom/fire) -> [Vịt-hút-thuốc-lá] <STEAM_1:1:176443622>
L 08/31/2026 - 21:17:27: [HẠ GỤC] Zombie/Witch/Môi trường <N/A> đã hạ gục Mikasa <STEAM_1:0:522010986> bằng (môi trường/khác)
L 08/31/2026 - 21:20:33: [HẠ GỤC] Zombie/Witch/Môi trường <N/A> đã hạ gục Chicoarun <STEAM_1:0:952954061> bằng (môi trường/khác)
L 08/31/2026 - 21:20:34: [KILL] Zombie/Witch/Môi trường <N/A> đã giết Chicoarun <STEAM_1:0:952954061> bằng (môi trường/khác)
L 08/31/2026 - 21:20:35: [FF] [Curren Bouquetd'or] <STEAM_1:1:524205977> -> 8 HP bằng (súng) -> [Coach] <BOT>
L 08/31/2026 - 21:20:35: [FF] [Curren Bouquetd'or] <STEAM_1:1:524205977> -> 8 HP bằng (súng) -> [Coach] <BOT>
L 08/31/2026 - 21:20:36: [FF] [Curren Bouquetd'or] <STEAM_1:1:524205977> -> 8 HP bằng (súng) -> [Coach] <BOT>
L 08/31/2026 - 21:20:36: [FF] [Holo 40k] <STEAM_1:1:925049770> -> 4 HP bằng (súng) -> [Coach] <BOT>
L 08/31/2026 - 21:20:38: [HẠ GỤC] Hunter Bot <BOT> đã hạ gục Coach <BOT> bằng (zombie cào/đấm)
L 08/31/2026 - 21:20:38: [FF] [chimxanh] <STEAM_1:1:626078671> -> 9 HP bằng (boom/fire) -> [Coach] <BOT>
L 08/31/2026 - 21:20:38: [FF] [chimxanh] <STEAM_1:1:626078671> -> 11 HP bằng (boom/fire) -> [Coach] <BOT>
L 08/31/2026 - 21:20:38: [FF] [chimxanh] <STEAM_1:1:626078671> -> 12 HP bằng (boom/fire) -> [Coach] <BOT>
L 08/31/2026 - 21:20:39: [FF] [chimxanh] <STEAM_1:1:626078671> -> 14 HP bằng (boom/fire) -> [Coach] <BOT>
L 08/31/2026 - 21:20:39: [FF] [chimxanh] <STEAM_1:1:626078671> -> 16 HP bằng (boom/fire) -> [Coach] <BOT>
L 08/31/2026 - 21:20:39: [FF] [chimxanh] <STEAM_1:1:626078671> -> 16 HP bằng (boom/fire) -> [Coach] <BOT>
L 08/31/2026 - 21:20:39: [FF] [chimxanh] <STEAM_1:1:626078671> -> 16 HP bằng (boom/fire) -> [Coach] <BOT>
L 08/31/2026 - 21:20:39: [FF] [chimxanh] <STEAM_1:1:626078671> -> 16 HP bằng (boom/fire) -> [Coach] <BOT>
L 08/31/2026 - 21:20:40: [FF] [chimxanh] <STEAM_1:1:626078671> -> 16 HP bằng (boom/fire) -> [Coach] <BOT>
L 08/31/2026 - 21:20:40: [FF] [chimxanh] <STEAM_1:1:626078671> -> 16 HP bằng (boom/fire) -> [Coach] <BOT>
L 08/31/2026 - 21:20:40: [FF] [chimxanh] <STEAM_1:1:626078671> -> 16 HP bằng (boom/fire) -> [Coach] <BOT>
L 08/31/2026 - 21:20:40: [FF] [chimxanh] <STEAM_1:1:626078671> -> 16 HP bằng (boom/fire) -> [Coach] <BOT>
L 08/31/2026 - 21:20:40: [FF] [chimxanh] <STEAM_1:1:626078671> -> 16 HP bằng (boom/fire) -> [Coach] <BOT>
L 08/31/2026 - 21:20:41: [FF] [chimxanh] <STEAM_1:1:626078671> -> 16 HP bằng (boom/fire) -> [Coach] <BOT>
L 08/31/2026 - 21:20:41: [FF] [chimxanh] <STEAM_1:1:626078671> -> 16 HP bằng (boom/fire) -> [Coach] <BOT>
L 08/31/2026 - 21:20:41: [FF] [chimxanh] <STEAM_1:1:626078671> -> 16 HP bằng (boom/fire) -> [Coach] <BOT>
L 08/31/2026 - 21:20:41: [FF] [chimxanh] <STEAM_1:1:626078671> -> 16 HP bằng (boom/fire) -> [Coach] <BOT>
L 08/31/2026 - 21:20:41: [FF] [chimxanh] <STEAM_1:1:626078671> -> 16 HP bằng (boom/fire) -> [Coach] <BOT>
L 08/31/2026 - 21:20:42: [FF] [chimxanh] <STEAM_1:1:626078671> -> 16 HP bằng (boom/fire) -> [Coach] <BOT>
L 08/31/2026 - 21:20:42: [FF] [chimxanh] <STEAM_1:1:626078671> -> 16 HP bằng (boom/fire) -> [Coach] <BOT>
L 08/31/2026 - 21:20:42: [FF] [chimxanh] <STEAM_1:1:626078671> -> 16 HP bằng (boom/fire) -> [Coach] <BOT>
L 08/31/2026 - 21:20:42: [FF] [chimxanh] <STEAM_1:1:626078671> -> 16 HP bằng (boom/fire) -> [Coach] <BOT>
L 08/31/2026 - 21:20:42: [FF] [chimxanh] <STEAM_1:1:626078671> -> 16 HP bằng (boom/fire) -> [Coach] <BOT>
L 08/31/2026 - 21:20:43: [FF] [chimxanh] <STEAM_1:1:626078671> -> 16 HP bằng (boom/fire) -> [Coach] <BOT>
L 08/31/2026 - 21:20:43: [FF] [chimxanh] <STEAM_1:1:626078671> -> 16 HP bằng (boom/fire) -> [Coach] <BOT>
L 08/31/2026 - 21:20:43: [FF] [chimxanh] <STEAM_1:1:626078671> -> 16 HP bằng (boom/fire) -> [Coach] <BOT>
L 08/31/2026 - 21:20:43: [FF] [chimxanh] <STEAM_1:1:626078671> -> 16 HP bằng (boom/fire) -> [Coach] <BOT>
L 08/31/2026 - 21:20:43: [FF] [chimxanh] <STEAM_1:1:626078671> -> 16 HP bằng (boom/fire) -> [Coach] <BOT>
L 08/31/2026 - 21:20:44: [FF] [chimxanh] <STEAM_1:1:626078671> -> 16 HP bằng (boom/fire) -> [Coach] <BOT>
L 08/31/2026 - 21:20:44: [FF] [chimxanh] <STEAM_1:1:626078671> -> 16 HP bằng (boom/fire) -> [Coach] <BOT>
L 08/31/2026 - 21:21:06: [HẠ GỤC] Zombie/Witch/Môi trường <N/A> đã hạ gục TezzyPham <STEAM_1:1:933338290> bằng (môi trường/khác)
L 08/31/2026 - 21:21:06: [KILL] Zombie/Witch/Môi trường <N/A> đã giết TezzyPham <STEAM_1:1:933338290> bằng (môi trường/khác)
L 08/31/2026 - 21:21:12: [FF] [KeroN] <STEAM_1:1:161759963> -> 14 HP bằng (súng) -> [Holo 40k] <STEAM_1:1:925049770>
L 08/31/2026 - 21:21:21: [HẠ GỤC] Spitter Bot <BOT> đã hạ gục KeroN <STEAM_1:1:161759963> bằng (môi trường/khác)
L 08/31/2026 - 21:21:22: [FF] [chimxanh] <STEAM_1:1:626078671> -> 11 HP bằng (súng) -> [Holo 40k] <STEAM_1:1:925049770>
L 08/31/2026 - 21:25:54: [FF] [KeroN] <STEAM_1:1:161759963> -> 8 HP bằng (súng) -> [Curren Bouquetd'or] <STEAM_1:1:524205977>
L 08/31/2026 - 21:25:54: [FF] [KeroN] <STEAM_1:1:161759963> -> 8 HP bằng (súng) -> [Curren Bouquetd'or] <STEAM_1:1:524205977>
L 08/31/2026 - 21:26:33: [FF] [Curren Bouquetd'or] <STEAM_1:1:524205977> -> 3 HP bằng (boom/fire) -> [Mikasa] <STEAM_1:0:522010986>
L 08/31/2026 - 21:26:33: [FF] [Curren Bouquetd'or] <STEAM_1:1:524205977> -> 4 HP bằng (boom/fire) -> [Mikasa] <STEAM_1:0:522010986>
L 08/31/2026 - 21:26:33: [FF] [Curren Bouquetd'or] <STEAM_1:1:524205977> -> 6 HP bằng (boom/fire) -> [Mikasa] <STEAM_1:0:522010986>
L 08/31/2026 - 21:26:34: [FF] [Curren Bouquetd'or] <STEAM_1:1:524205977> -> 8 HP bằng (boom/fire) -> [Mikasa] <STEAM_1:0:522010986>
L 08/31/2026 - 21:26:34: [FF] [Curren Bouquetd'or] <STEAM_1:1:524205977> -> 9 HP bằng (boom/fire) -> [Mikasa] <STEAM_1:0:522010986>
L 08/31/2026 - 21:26:34: [FF] [Curren Bouquetd'or] <STEAM_1:1:524205977> -> 11 HP bằng (boom/fire) -> [Mikasa] <STEAM_1:0:522010986>
L 08/31/2026 - 21:26:34: [FF] [Curren Bouquetd'or] <STEAM_1:1:524205977> -> 12 HP bằng (boom/fire) -> [Mikasa] <STEAM_1:0:522010986>
L 08/31/2026 - 21:26:34: [FF] [Curren Bouquetd'or] <STEAM_1:1:524205977> -> 14 HP bằng (boom/fire) -> [Mikasa] <STEAM_1:0:522010986>
L 08/31/2026 - 21:26:35: [FF] [Curren Bouquetd'or] <STEAM_1:1:524205977> -> 16 HP bằng (boom/fire) -> [Mikasa] <STEAM_1:0:522010986>
L 08/31/2026 - 21:26:35: [FF] [Curren Bouquetd'or] <STEAM_1:1:524205977> -> 16 HP bằng (boom/fire) -> [Mikasa] <STEAM_1:0:522010986>
L 08/31/2026 - 21:26:35: [HẠ GỤC] Spitter Bot <BOT> đã hạ gục Holo 40k <STEAM_1:1:925049770> bằng (môi trường/khác)
L 08/31/2026 - 21:26:35: [FF] [Curren Bouquetd'or] <STEAM_1:1:524205977> -> 16 HP bằng (boom/fire) -> [Mikasa] <STEAM_1:0:522010986>
L 08/31/2026 - 21:26:35: [FF] [Curren Bouquetd'or] <STEAM_1:1:524205977> -> 16 HP bằng (boom/fire) -> [Mikasa] <STEAM_1:0:522010986>
L 08/31/2026 - 21:26:35: [FF] [Curren Bouquetd'or] <STEAM_1:1:524205977> -> 16 HP bằng (boom/fire) -> [Mikasa] <STEAM_1:0:522010986>
L 08/31/2026 - 21:26:36: [HẠ GỤC] Curren Bouquetd'or <STEAM_1:1:524205977> đã hạ gục Mikasa <STEAM_1:0:522010986> bằng (boom/fire)
L 08/31/2026 - 21:26:36: [FF] [Curren Bouquetd'or] <STEAM_1:1:524205977> -> 16 HP bằng (boom/fire) -> [Mikasa] <STEAM_1:0:522010986>
L 08/31/2026 - 21:26:36: [FF] [Curren Bouquetd'or] <STEAM_1:1:524205977> -> 16 HP bằng (boom/fire) -> [Mikasa] <STEAM_1:0:522010986>
L 08/31/2026 - 21:26:36: [FF] [Curren Bouquetd'or] <STEAM_1:1:524205977> -> 16 HP bằng (boom/fire) -> [Mikasa] <STEAM_1:0:522010986>
L 08/31/2026 - 21:26:36: [FF] [Curren Bouquetd'or] <STEAM_1:1:524205977> -> 16 HP bằng (boom/fire) -> [Mikasa] <STEAM_1:0:522010986>
L 08/31/2026 - 21:26:37: [FF] [Curren Bouquetd'or] <STEAM_1:1:524205977> -> 16 HP bằng (boom/fire) -> [Mikasa] <STEAM_1:0:522010986>
L 08/31/2026 - 21:26:37: [FF] [Curren Bouquetd'or] <STEAM_1:1:524205977> -> 16 HP bằng (boom/fire) -> [Mikasa] <STEAM_1:0:522010986>
L 08/31/2026 - 21:26:37: [FF] [Curren Bouquetd'or] <STEAM_1:1:524205977> -> 16 HP bằng (boom/fire) -> [Mikasa] <STEAM_1:0:522010986>
L 08/31/2026 - 21:26:37: [FF] [Curren Bouquetd'or] <STEAM_1:1:524205977> -> 16 HP bằng (boom/fire) -> [Mikasa] <STEAM_1:0:522010986>
L 08/31/2026 - 21:26:37: [FF] [Curren Bouquetd'or] <STEAM_1:1:524205977> -> 11 HP bằng (boom/fire) -> [Holo 40k] <STEAM_1:1:925049770>
L 08/31/2026 - 21:26:37: [FF] [Curren Bouquetd'or] <STEAM_1:1:524205977> -> 16 HP bằng (boom/fire) -> [Mikasa] <STEAM_1:0:522010986>
L 08/31/2026 - 21:26:38: [FF] [Curren Bouquetd'or] <STEAM_1:1:524205977> -> 16 HP bằng (boom/fire) -> [Mikasa] <STEAM_1:0:522010986>
L 08/31/2026 - 21:26:38: [FF] [Curren Bouquetd'or] <STEAM_1:1:524205977> -> 16 HP bằng (boom/fire) -> [Mikasa] <STEAM_1:0:522010986>
L 08/31/2026 - 21:26:38: [FF] [Curren Bouquetd'or] <STEAM_1:1:524205977> -> 16 HP bằng (boom/fire) -> [Mikasa] <STEAM_1:0:522010986>
L 08/31/2026 - 21:26:38: [FF] [Curren Bouquetd'or] <STEAM_1:1:524205977> -> 16 HP bằng (boom/fire) -> [Mikasa] <STEAM_1:0:522010986>
L 08/31/2026 - 21:26:38: [FF] [Curren Bouquetd'or] <STEAM_1:1:524205977> -> 16 HP bằng (boom/fire) -> [Mikasa] <STEAM_1:0:522010986>
L 08/31/2026 - 21:26:39: [FF] [Curren Bouquetd'or] <STEAM_1:1:524205977> -> 16 HP bằng (boom/fire) -> [Mikasa] <STEAM_1:0:522010986>
L 08/31/2026 - 21:26:39: [FF] [Curren Bouquetd'or] <STEAM_1:1:524205977> -> 16 HP bằng (boom/fire) -> [Mikasa] <STEAM_1:0:522010986>
L 08/31/2026 - 21:26:39: [FF] [Curren Bouquetd'or] <STEAM_1:1:524205977> -> 16 HP bằng (boom/fire) -> [Mikasa] <STEAM_1:0:522010986>
L 08/31/2026 - 21:26:39: [FF] [Curren Bouquetd'or] <STEAM_1:1:524205977> -> 16 HP bằng (boom/fire) -> [Mikasa] <STEAM_1:0:522010986>
L 08/31/2026 - 21:26:39: [FF] [Curren Bouquetd'or] <STEAM_1:1:524205977> -> 16 HP bằng (boom/fire) -> [Mikasa] <STEAM_1:0:522010986>
L 08/31/2026 - 21:26:40: [FF] [Curren Bouquetd'or] <STEAM_1:1:524205977> -> 16 HP bằng (boom/fire) -> [Mikasa] <STEAM_1:0:522010986>
L 08/31/2026 - 21:26:40: [FF] [Curren Bouquetd'or] <STEAM_1:1:524205977> -> 16 HP bằng (boom/fire) -> [Mikasa] <STEAM_1:0:522010986>
L 08/31/2026 - 21:26:40: [FF] [Curren Bouquetd'or] <STEAM_1:1:524205977> -> 16 HP bằng (boom/fire) -> [Mikasa] <STEAM_1:0:522010986>
L 08/31/2026 - 21:26:40: [FF] [Curren Bouquetd'or] <STEAM_1:1:524205977> -> 16 HP bằng (boom/fire) -> [Mikasa] <STEAM_1:0:522010986>
L 08/31/2026 - 21:26:41: [FF] [Curren Bouquetd'or] <STEAM_1:1:524205977> -> 16 HP bằng (boom/fire) -> [Mikasa] <STEAM_1:0:522010986>
L 08/31/2026 - 21:26:41: [FF] [Curren Bouquetd'or] <STEAM_1:1:524205977> -> 16 HP bằng (boom/fire) -> [Mikasa] <STEAM_1:0:522010986>
L 08/31/2026 - 21:26:41: [FF] [Curren Bouquetd'or] <STEAM_1:1:524205977> -> 16 HP bằng (boom/fire) -> [Mikasa] <STEAM_1:0:522010986>
L 08/31/2026 - 21:26:41: [FF] [Curren Bouquetd'or] <STEAM_1:1:524205977> -> 16 HP bằng (boom/fire) -> [Mikasa] <STEAM_1:0:522010986>
L 08/31/2026 - 21:26:42: [FF] [Curren Bouquetd'or] <STEAM_1:1:524205977> -> 16 HP bằng (boom/fire) -> [Mikasa] <STEAM_1:0:522010986>
L 08/31/2026 - 21:26:42: [FF] [Curren Bouquetd'or] <STEAM_1:1:524205977> -> 16 HP bằng (boom/fire) -> [Mikasa] <STEAM_1:0:522010986>
L 08/31/2026 - 21:26:42: [FF] [Curren Bouquetd'or] <STEAM_1:1:524205977> -> 16 HP bằng (boom/fire) -> [Mikasa] <STEAM_1:0:522010986>
L 08/31/2026 - 21:26:42: [FF] [Curren Bouquetd'or] <STEAM_1:1:524205977> -> 16 HP bằng (boom/fire) -> [Mikasa] <STEAM_1:0:522010986>
L 08/31/2026 - 21:26:43: [FF] [Curren Bouquetd'or] <STEAM_1:1:524205977> -> 16 HP bằng (boom/fire) -> [Mikasa] <STEAM_1:0:522010986>
L 08/31/2026 - 21:26:43: [FF] [Curren Bouquetd'or] <STEAM_1:1:524205977> -> 16 HP bằng (boom/fire) -> [Mikasa] <STEAM_1:0:522010986>
L 08/31/2026 - 21:26:43: [FF] [Curren Bouquetd'or] <STEAM_1:1:524205977> -> 16 HP bằng (boom/fire) -> [Ellis] <BOT>
L 08/31/2026 - 21:26:43: [FF] [Curren Bouquetd'or] <STEAM_1:1:524205977> -> 16 HP bằng (boom/fire) -> [Mikasa] <STEAM_1:0:522010986>
L 08/31/2026 - 21:26:43: [FF] [Curren Bouquetd'or] <STEAM_1:1:524205977> -> 16 HP bằng (boom/fire) -> [Ellis] <BOT>
L 08/31/2026 - 21:26:43: [FF] [Curren Bouquetd'or] <STEAM_1:1:524205977> -> 16 HP bằng (boom/fire) -> [Mikasa] <STEAM_1:0:522010986>
L 08/31/2026 - 21:26:43: [FF] [Curren Bouquetd'or] <STEAM_1:1:524205977> -> 16 HP bằng (boom/fire) -> [Ellis] <BOT>
L 08/31/2026 - 21:26:44: [FF] [Curren Bouquetd'or] <STEAM_1:1:524205977> -> 16 HP bằng (boom/fire) -> [Mikasa] <STEAM_1:0:522010986>
L 08/31/2026 - 21:26:44: [FF] [Curren Bouquetd'or] <STEAM_1:1:524205977> -> 16 HP bằng (boom/fire) -> [Ellis] <BOT>
L 08/31/2026 - 21:26:44: [FF] [Curren Bouquetd'or] <STEAM_1:1:524205977> -> 16 HP bằng (boom/fire) -> [Mikasa] <STEAM_1:0:522010986>
L 08/31/2026 - 21:26:44: [FF] [Curren Bouquetd'or] <STEAM_1:1:524205977> -> 16 HP bằng (boom/fire) -> [Ellis] <BOT>
L 08/31/2026 - 21:26:44: [FF] [Curren Bouquetd'or] <STEAM_1:1:524205977> -> 16 HP bằng (boom/fire) -> [Mikasa] <STEAM_1:0:522010986>
L 08/31/2026 - 21:26:44: [FF] [Curren Bouquetd'or] <STEAM_1:1:524205977> -> 16 HP bằng (boom/fire) -> [Ellis] <BOT>
L 08/31/2026 - 21:26:44: [FF] [Curren Bouquetd'or] <STEAM_1:1:524205977> -> 16 HP bằng (boom/fire) -> [Mikasa] <STEAM_1:0:522010986>
L 08/31/2026 - 21:26:44: [HẠ GỤC] Curren Bouquetd'or <STEAM_1:1:524205977> đã hạ gục Ellis <BOT> bằng (boom/fire)
L 08/31/2026 - 21:26:45: [FF] [Curren Bouquetd'or] <STEAM_1:1:524205977> -> 16 HP bằng (boom/fire) -> [Mikasa] <STEAM_1:0:522010986>
L 08/31/2026 - 21:26:45: [FF] [Curren Bouquetd'or] <STEAM_1:1:524205977> -> 16 HP bằng (boom/fire) -> [Ellis] <BOT>
L 08/31/2026 - 21:26:45: [FF] [Curren Bouquetd'or] <STEAM_1:1:524205977> -> 16 HP bằng (boom/fire) -> [Mikasa] <STEAM_1:0:522010986>
L 08/31/2026 - 21:26:45: [FF] [Curren Bouquetd'or] <STEAM_1:1:524205977> -> 16 HP bằng (boom/fire) -> [Ellis] <BOT>
L 08/31/2026 - 21:26:45: [FF] [Curren Bouquetd'or] <STEAM_1:1:524205977> -> 16 HP bằng (boom/fire) -> [Mikasa] <STEAM_1:0:522010986>
L 08/31/2026 - 21:26:45: [FF] [Curren Bouquetd'or] <STEAM_1:1:524205977> -> 16 HP bằng (boom/fire) -> [Ellis] <BOT>
L 08/31/2026 - 21:26:45: [FF] [Curren Bouquetd'or] <STEAM_1:1:524205977> -> 16 HP bằng (boom/fire) -> [Mikasa] <STEAM_1:0:522010986>
L 08/31/2026 - 21:26:45: [FF] [Curren Bouquetd'or] <STEAM_1:1:524205977> -> 16 HP bằng (boom/fire) -> [Ellis] <BOT>
L 08/31/2026 - 21:26:46: [FF] [Curren Bouquetd'or] <STEAM_1:1:524205977> -> 16 HP bằng (boom/fire) -> [Mikasa] <STEAM_1:0:522010986>
L 08/31/2026 - 21:26:46: [FF] [Curren Bouquetd'or] <STEAM_1:1:524205977> -> 16 HP bằng (boom/fire) -> [Ellis] <BOT>
L 08/31/2026 - 21:26:46: [FF] [Curren Bouquetd'or] <STEAM_1:1:524205977> -> 16 HP bằng (boom/fire) -> [Mikasa] <STEAM_1:0:522010986>
L 08/31/2026 - 21:26:46: [FF] [Curren Bouquetd'or] <STEAM_1:1:524205977> -> 16 HP bằng (boom/fire) -> [Ellis] <BOT>
L 08/31/2026 - 21:26:46: [FF] [Curren Bouquetd'or] <STEAM_1:1:524205977> -> 16 HP bằng (boom/fire) -> [Mikasa] <STEAM_1:0:522010986>
L 08/31/2026 - 21:26:46: [FF] [Curren Bouquetd'or] <STEAM_1:1:524205977> -> 16 HP bằng (boom/fire) -> [Ellis] <BOT>
L 08/31/2026 - 21:26:46: [FF] [Curren Bouquetd'or] <STEAM_1:1:524205977> -> 16 HP bằng (boom/fire) -> [Mikasa] <STEAM_1:0:522010986>
L 08/31/2026 - 21:26:46: [FF] [Curren Bouquetd'or] <STEAM_1:1:524205977> -> 16 HP bằng (boom/fire) -> [Ellis] <BOT>
L 08/31/2026 - 21:26:47: [FF] [Curren Bouquetd'or] <STEAM_1:1:524205977> -> 16 HP bằng (boom/fire) -> [Mikasa] <STEAM_1:0:522010986>
L 08/31/2026 - 21:26:47: [FF] [Curren Bouquetd'or] <STEAM_1:1:524205977> -> 16 HP bằng (boom/fire) -> [Ellis] <BOT>
L 08/31/2026 - 21:26:47: [FF] [Curren Bouquetd'or] <STEAM_1:1:524205977> -> 16 HP bằng (boom/fire) -> [Mikasa] <STEAM_1:0:522010986>
L 08/31/2026 - 21:26:47: [FF] [Curren Bouquetd'or] <STEAM_1:1:524205977> -> 16 HP bằng (boom/fire) -> [Ellis] <BOT>
L 08/31/2026 - 21:26:47: [FF] [Curren Bouquetd'or] <STEAM_1:1:524205977> -> 16 HP bằng (boom/fire) -> [Mikasa] <STEAM_1:0:522010986>
L 08/31/2026 - 21:26:47: [FF] [Curren Bouquetd'or] <STEAM_1:1:524205977> -> 16 HP bằng (boom/fire) -> [Ellis] <BOT>
L 08/31/2026 - 21:26:47: [FF] [Curren Bouquetd'or] <STEAM_1:1:524205977> -> 16 HP bằng (boom/fire) -> [Mikasa] <STEAM_1:0:522010986>
L 08/31/2026 - 21:26:47: [FF] [Curren Bouquetd'or] <STEAM_1:1:524205977> -> 16 HP bằng (boom/fire) -> [Ellis] <BOT>
L 08/31/2026 - 21:27:15: [FF] [Curren Bouquetd'or] <STEAM_1:1:524205977> -> 11 HP bằng (boom/fire) -> [chimxanh] <STEAM_1:1:626078671>
L 08/31/2026 - 21:27:16: [FF] [Curren Bouquetd'or] <STEAM_1:1:524205977> -> 11 HP bằng (boom/fire) -> [chimxanh] <STEAM_1:1:626078671>
L 08/31/2026 - 21:31:08: [FF] [Holo 40k] <STEAM_1:1:925049770> -> 11 HP bằng (boom/fire) -> [nikola25645] <STEAM_1:1:782248349>
L 08/31/2026 - 21:31:12: [HẠ GỤC] (1)Spitter Bot <BOT> đã hạ gục nikola25645 <STEAM_1:1:782248349> bằng (môi trường/khác)
L 08/31/2026 - 21:31:16: [HẠ GỤC] Boomer Bot <BOT> đã hạ gục Vịt-hút-thuốc-lá <STEAM_1:1:176443622> bằng (môi trường/khác)
L 08/31/2026 - 21:31:22: [FF] [KeroN] <STEAM_1:1:161759963> -> 14 HP bằng (boom/fire) -> [Curren Bouquetd'or] <STEAM_1:1:524205977>
L 08/31/2026 - 21:31:26: [HẠ GỤC] (1)Jockey Bot <BOT> đã hạ gục nikola25645 <STEAM_1:1:782248349> bằng (zombie cào/đấm)
L 08/31/2026 - 21:31:28: [FF] [TezzyPham] <STEAM_1:1:933338290> -> 14 HP bằng (boom/fire) -> [chimxanh] <STEAM_1:1:626078671>
L 08/31/2026 - 21:31:36: [FF] [TezzyPham] <STEAM_1:1:933338290> -> 14 HP bằng (boom/fire) -> [nikola25645] <STEAM_1:1:782248349>
L 08/31/2026 - 21:31:50: [FF] [nikola25645] <STEAM_1:1:782248349> -> 4 HP bằng (boom/fire) -> [Vịt-hút-thuốc-lá] <STEAM_1:1:176443622>
L 08/31/2026 - 21:31:50: [FF] [nikola25645] <STEAM_1:1:782248349> -> 6 HP bằng (boom/fire) -> [Vịt-hút-thuốc-lá] <STEAM_1:1:176443622>
L 08/31/2026 - 21:31:51: [FF] [nikola25645] <STEAM_1:1:782248349> -> 8 HP bằng (boom/fire) -> [Vịt-hút-thuốc-lá] <STEAM_1:1:176443622>
L 08/31/2026 - 21:31:51: [FF] [nikola25645] <STEAM_1:1:782248349> -> 9 HP bằng (boom/fire) -> [Vịt-hút-thuốc-lá] <STEAM_1:1:176443622>
L 08/31/2026 - 21:31:51: [FF] [nikola25645] <STEAM_1:1:782248349> -> 11 HP bằng (boom/fire) -> [Vịt-hút-thuốc-lá] <STEAM_1:1:176443622>
L 08/31/2026 - 21:31:51: [FF] [nikola25645] <STEAM_1:1:782248349> -> 12 HP bằng (boom/fire) -> [Vịt-hút-thuốc-lá] <STEAM_1:1:176443622>
L 08/31/2026 - 21:31:51: [FF] [nikola25645] <STEAM_1:1:782248349> -> 14 HP bằng (boom/fire) -> [Vịt-hút-thuốc-lá] <STEAM_1:1:176443622>
L 08/31/2026 - 21:31:52: [FF] [nikola25645] <STEAM_1:1:782248349> -> 16 HP bằng (boom/fire) -> [Vịt-hút-thuốc-lá] <STEAM_1:1:176443622>
L 08/31/2026 - 21:31:55: [FF] [nikola25645] <STEAM_1:1:782248349> -> 1 HP bằng (môi trường/khác) -> [TezzyPham] <STEAM_1:1:933338290>
L 08/31/2026 - 21:31:58: [FF] [Holo 40k] <STEAM_1:1:925049770> -> 11 HP bằng (boom/fire) -> [nikola25645] <STEAM_1:1:782248349>
L 08/31/2026 - 21:32:10: [FF] [KeroN] <STEAM_1:1:161759963> -> 14 HP bằng (boom/fire) -> [Chicoarun] <STEAM_1:0:952954061>
L 08/31/2026 - 21:32:10: [HẠ GỤC] Smoker Bot <BOT> đã hạ gục Curren Bouquetd'or <STEAM_1:1:524205977> bằng (zombie cào/đấm)
L 08/31/2026 - 21:32:31: [FF] [KeroN] <STEAM_1:1:161759963> -> 14 HP bằng (súng) -> [Curren Bouquetd'or] <STEAM_1:1:524205977>
L 08/31/2026 - 21:32:33: [FF] [TezzyPham] <STEAM_1:1:933338290> -> 14 HP bằng (súng) -> [KeroN] <STEAM_1:1:161759963>
L 08/31/2026 - 21:32:48: [FF] [Holo 40k] <STEAM_1:1:925049770> -> 11 HP bằng (súng) -> [chimxanh] <STEAM_1:1:626078671>
L 08/31/2026 - 21:32:50: [FF] [Holo 40k] <STEAM_1:1:925049770> -> 11 HP bằng (súng) -> [Mikasa] <STEAM_1:0:522010986>
L 08/31/2026 - 21:32:53: [HẠ GỤC] Tank <BOT> đã hạ gục Mikasa <STEAM_1:0:522010986> bằng (môi trường/khác)
L 08/31/2026 - 21:33:03: [HẠ GỤC] Tank <BOT> đã hạ gục TezzyPham <STEAM_1:1:933338290> bằng (môi trường/khác)
L 08/31/2026 - 21:33:14: [HẠ GỤC] Tank <BOT> đã hạ gục Mikasa <STEAM_1:0:522010986> bằng (môi trường/khác)
L 08/31/2026 - 21:33:15: [HẠ GỤC] Zombie/Witch/Môi trường <N/A> đã hạ gục Chicoarun <STEAM_1:0:952954061> bằng (môi trường/khác)
L 08/31/2026 - 21:33:22: [HẠ GỤC] Zombie/Witch/Môi trường <N/A> đã hạ gục Vịt-hút-thuốc-lá <STEAM_1:1:176443622> bằng (môi trường/khác)
L 08/31/2026 - 21:33:25: [HẠ GỤC] Tank <BOT> đã hạ gục TezzyPham <STEAM_1:1:933338290> bằng (môi trường/khác)
L 08/31/2026 - 21:33:28: [HẠ GỤC] Zombie/Witch/Môi trường <N/A> đã hạ gục Holo 40k <STEAM_1:1:925049770> bằng (môi trường/khác)
L 08/31/2026 - 21:33:36: [FF] [nikola25645] <STEAM_1:1:782248349> -> 8 HP bằng (súng) -> [chimxanh] <STEAM_1:1:626078671>
L 08/31/2026 - 21:33:43: [HẠ GỤC] Zombie/Witch/Môi trường <N/A> đã hạ gục Curren Bouquetd'or <STEAM_1:1:524205977> bằng (môi trường/khác)
L 08/31/2026 - 21:33:48: [HẠ GỤC] Zombie/Witch/Môi trường <N/A> đã hạ gục Chicoarun <STEAM_1:0:952954061> bằng (môi trường/khác)
L 08/31/2026 - 21:34:03: [KILL] Tank <BOT> đã giết Vịt-hút-thuốc-lá <STEAM_1:1:176443622> bằng (môi trường/khác)
L 08/31/2026 - 21:34:15: [HẠ GỤC] Tank <BOT> đã hạ gục Mikasa <STEAM_1:0:522010986> bằng (môi trường/khác)
L 08/31/2026 - 21:34:16: [FF] [nikola25645] <STEAM_1:1:782248349> -> 8 HP bằng (súng) -> [Mikasa] <STEAM_1:0:522010986>
L 08/31/2026 - 21:34:19: [FF] [Holo 40k] <STEAM_1:1:925049770> -> 11 HP bằng (súng) -> [Mikasa] <STEAM_1:0:522010986>
L 08/31/2026 - 21:34:36: [HẠ GỤC] Tank <BOT> đã hạ gục Curren Bouquetd'or <STEAM_1:1:524205977> bằng (môi trường/khác)
L 08/31/2026 - 21:34:55: [FF] [chimxanh] <STEAM_1:1:626078671> -> 8 HP bằng (súng) -> [Curren Bouquetd'or] <STEAM_1:1:524205977>
L 08/31/2026 - 21:34:56: [HẠ GỤC] Tank <BOT> đã hạ gục Curren Bouquetd'or <STEAM_1:1:524205977> bằng (môi trường/khác)
L 08/31/2026 - 21:35:01: [HẠ GỤC] Tank <BOT> đã hạ gục Holo 40k <STEAM_1:1:925049770> bằng (môi trường/khác)
L 08/31/2026 - 21:35:04: [HẠ GỤC] Tank <BOT> đã hạ gục chimxanh <STEAM_1:1:626078671> bằng (môi trường/khác)
L 08/31/2026 - 21:35:07: [FF] [KeroN] <STEAM_1:1:161759963> -> 14 HP bằng (súng) -> [chimxanh] <STEAM_1:1:626078671>
L 08/31/2026 - 21:35:16: [FF] [nikola25645] <STEAM_1:1:782248349> -> 14 HP bằng (súng) -> [Chicoarun] <STEAM_1:0:952954061>
L 08/31/2026 - 21:35:44: [HẠ GỤC] Zombie/Witch/Môi trường <N/A> đã hạ gục Vịt-hút-thuốc-lá <STEAM_1:1:176443622> bằng (môi trường/khác)
L 08/31/2026 - 21:35:47: [HẠ GỤC] Tank <BOT> đã hạ gục Mikasa <STEAM_1:0:522010986> bằng (môi trường/khác)
L 08/31/2026 - 21:35:48: [HẠ GỤC] Tank <BOT> đã hạ gục chimxanh <STEAM_1:1:626078671> bằng (môi trường/khác)
L 08/31/2026 - 21:35:51: [FF] [Holo 40k] <STEAM_1:1:925049770> -> 11 HP bằng (súng) -> [Chicoarun] <STEAM_1:0:952954061>
L 08/31/2026 - 21:35:51: [HẠ GỤC] Zombie/Witch/Môi trường <N/A> đã hạ gục KeroN <STEAM_1:1:161759963> bằng (môi trường/khác)
L 08/31/2026 - 21:35:53: [FF] [Holo 40k] <STEAM_1:1:925049770> -> 11 HP bằng (súng) -> [TezzyPham] <STEAM_1:1:933338290>
L 08/31/2026 - 21:35:57: [FF] [Chicoarun] <STEAM_1:0:952954061> -> 11 HP bằng (súng) -> [chimxanh] <STEAM_1:1:626078671>
L 08/31/2026 - 21:35:58: [FF] [Chicoarun] <STEAM_1:0:952954061> -> 11 HP bằng (súng) -> [Vịt-hút-thuốc-lá] <STEAM_1:1:176443622>
L 08/31/2026 - 21:35:58: [HẠ GỤC] Tank <BOT> đã hạ gục Vịt-hút-thuốc-lá <STEAM_1:1:176443622> bằng (môi trường/khác)
L 08/31/2026 - 21:36:00: [FF] [Holo 40k] <STEAM_1:1:925049770> -> 11 HP bằng (súng) -> [Vịt-hút-thuốc-lá] <STEAM_1:1:176443622>
L 08/31/2026 - 21:36:00: [FF] [Holo 40k] <STEAM_1:1:925049770> -> 11 HP bằng (súng) -> [Vịt-hút-thuốc-lá] <STEAM_1:1:176443622>
L 08/31/2026 - 21:36:07: [FF] [Chicoarun] <STEAM_1:0:952954061> -> 11 HP bằng (súng) -> [nikola25645] <STEAM_1:1:782248349>
L 08/31/2026 - 21:36:18: [FF] [Curren Bouquetd'or] <STEAM_1:1:524205977> -> 4 HP bằng (súng) -> [Vịt-hút-thuốc-lá] <STEAM_1:1:176443622>
L 08/31/2026 - 21:36:18: [FF] [Curren Bouquetd'or] <STEAM_1:1:524205977> -> 4 HP bằng (súng) -> [Vịt-hút-thuốc-lá] <STEAM_1:1:176443622>
L 08/31/2026 - 21:36:18: [FF] [Curren Bouquetd'or] <STEAM_1:1:524205977> -> 4 HP bằng (súng) -> [Vịt-hút-thuốc-lá] <STEAM_1:1:176443622>
L 08/31/2026 - 21:36:18: [FF] [Curren Bouquetd'or] <STEAM_1:1:524205977> -> 4 HP bằng (súng) -> [Vịt-hút-thuốc-lá] <STEAM_1:1:176443622>
L 08/31/2026 - 21:36:18: [FF] [Curren Bouquetd'or] <STEAM_1:1:524205977> -> 4 HP bằng (súng) -> [Vịt-hút-thuốc-lá] <STEAM_1:1:176443622>
L 08/31/2026 - 21:36:20: [KILL] Tank <BOT> đã giết Vịt-hút-thuốc-lá <STEAM_1:1:176443622> bằng (môi trường/khác)
L 08/31/2026 - 21:36:22: [KILL] Tank <BOT> đã giết Mikasa <STEAM_1:0:522010986> bằng (môi trường/khác)
L 08/31/2026 - 21:36:28: [FF] [TezzyPham] <STEAM_1:1:933338290> -> 8 HP bằng (súng) -> [Curren Bouquetd'or] <STEAM_1:1:524205977>
L 08/31/2026 - 21:36:29: [FF] [KeroN] <STEAM_1:1:161759963> -> 14 HP bằng (súng) -> [TezzyPham] <STEAM_1:1:933338290>
L 08/31/2026 - 21:36:33: [HẠ GỤC] Tank <BOT> đã hạ gục Holo 40k <STEAM_1:1:925049770> bằng (môi trường/khác)
L 08/31/2026 - 21:36:38: [HẠ GỤC] Tank <BOT> đã hạ gục Chicoarun <STEAM_1:0:952954061> bằng (môi trường/khác)
L 08/31/2026 - 21:36:39: [FF] [Curren Bouquetd'or] <STEAM_1:1:524205977> -> 4 HP bằng (súng) -> [Chicoarun] <STEAM_1:0:952954061>
L 08/31/2026 - 21:36:39: [FF] [Curren Bouquetd'or] <STEAM_1:1:524205977> -> 4 HP bằng (súng) -> [Chicoarun] <STEAM_1:0:952954061>
L 08/31/2026 - 21:36:43: [HẠ GỤC] Tank <BOT> đã hạ gục Vịt-hút-thuốc-lá <STEAM_1:1:176443622> bằng (môi trường/khác)
L 08/31/2026 - 21:36:56: [HẠ GỤC] Tank <BOT> đã hạ gục Holo 40k <STEAM_1:1:925049770> bằng (môi trường/khác)
L 08/31/2026 - 21:37:12: [FF] [TezzyPham] <STEAM_1:1:933338290> -> 8 HP bằng (súng) -> [Holo 40k] <STEAM_1:1:925049770>
L 08/31/2026 - 21:37:18: [HẠ GỤC] Tank <BOT> đã hạ gục Chicoarun <STEAM_1:0:952954061> bằng (môi trường/khác)
L 08/31/2026 - 21:37:20: [FF] [KeroN] <STEAM_1:1:161759963> -> 14 HP bằng (súng) -> [Coach] <BOT>
L 08/31/2026 - 21:37:22: [HẠ GỤC] Tank <BOT> đã hạ gục Coach <BOT> bằng (môi trường/khác)
L 08/31/2026 - 21:37:35: [HẠ GỤC] Tank <BOT> đã hạ gục KeroN <STEAM_1:1:161759963> bằng (môi trường/khác)
L 08/31/2026 - 21:37:37: [FF] [TezzyPham] <STEAM_1:1:933338290> -> 8 HP bằng (súng) -> [nikola25645] <STEAM_1:1:782248349>
L 08/31/2026 - 21:37:37: [FF] [Chicoarun] <STEAM_1:0:952954061> -> 11 HP bằng (súng) -> [KeroN] <STEAM_1:1:161759963>
L 08/31/2026 - 21:37:37: [FF] [Chicoarun] <STEAM_1:0:952954061> -> 11 HP bằng (súng) -> [KeroN] <STEAM_1:1:161759963>
L 08/31/2026 - 21:37:40: [FF] [chimxanh] <STEAM_1:1:626078671> -> 8 HP bằng (súng) -> [Chicoarun] <STEAM_1:0:952954061>
L 08/31/2026 - 21:37:40: [FF] [chimxanh] <STEAM_1:1:626078671> -> 8 HP bằng (súng) -> [Chicoarun] <STEAM_1:0:952954061>
L 08/31/2026 - 21:37:40: [FF] [chimxanh] <STEAM_1:1:626078671> -> 8 HP bằng (súng) -> [Chicoarun] <STEAM_1:0:952954061>
L 08/31/2026 - 21:37:44: [FF] [Holo 40k] <STEAM_1:1:925049770> -> 11 HP bằng (súng) -> [nikola25645] <STEAM_1:1:782248349>
L 08/31/2026 - 21:37:47: [HẠ GỤC] Tank <BOT> đã hạ gục nikola25645 <STEAM_1:1:782248349> bằng (môi trường/khác)
L 08/31/2026 - 21:37:53: [FF] [Chicoarun] <STEAM_1:0:952954061> -> 11 HP bằng (súng) -> [Coach] <BOT>
L 08/31/2026 - 21:37:56: [FF] [TezzyPham] <STEAM_1:1:933338290> -> 8 HP bằng (súng) -> [Mikasa] <STEAM_1:0:522010986>
L 08/31/2026 - 21:37:56: [FF] [Chicoarun] <STEAM_1:0:952954061> -> 11 HP bằng (súng) -> [Mikasa] <STEAM_1:0:522010986>
L 08/31/2026 - 21:38:00: [HẠ GỤC] Tank <BOT> đã hạ gục KeroN <STEAM_1:1:161759963> bằng (môi trường/khác)
L 08/31/2026 - 21:38:03: [FF] [Curren Bouquetd'or] <STEAM_1:1:524205977> -> 4 HP bằng (súng) -> [Coach] <BOT>
L 08/31/2026 - 21:38:07: [FF] [Holo 40k] <STEAM_1:1:925049770> -> 11 HP bằng (súng) -> [Curren Bouquetd'or] <STEAM_1:1:524205977>
L 08/31/2026 - 21:38:07: [FF] [Holo 40k] <STEAM_1:1:925049770> -> 11 HP bằng (súng) -> [Curren Bouquetd'or] <STEAM_1:1:524205977>
L 08/31/2026 - 21:38:14: [FF] [Curren Bouquetd'or] <STEAM_1:1:524205977> -> 4 HP bằng (súng) -> [Coach] <BOT>
L 08/31/2026 - 21:38:14: [FF] [Curren Bouquetd'or] <STEAM_1:1:524205977> -> 4 HP bằng (súng) -> [Coach] <BOT>
L 08/31/2026 - 21:38:14: [FF] [Curren Bouquetd'or] <STEAM_1:1:524205977> -> 4 HP bằng (súng) -> [Coach] <BOT>
L 08/31/2026 - 21:38:59: [FF] [nikola25645] <STEAM_1:1:782248349> -> 14 HP bằng (súng) -> [Holo 40k] <STEAM_1:1:925049770>
L 08/31/2026 - 21:39:01: [FF] [Chicoarun] <STEAM_1:0:952954061> -> 11 HP bằng (súng) -> [KeroN] <STEAM_1:1:161759963>
L 08/31/2026 - 21:39:14: [FF] [nikola25645] <STEAM_1:1:782248349> -> 14 HP bằng (súng) -> [Holo 40k] <STEAM_1:1:925049770>
L 08/31/2026 - 21:39:14: [FF] [TezzyPham] <STEAM_1:1:933338290> -> 8 HP bằng (súng) -> [Holo 40k] <STEAM_1:1:925049770>
L 08/31/2026 - 21:39:17: [FF] [TezzyPham] <STEAM_1:1:933338290> -> 8 HP bằng (súng) -> [Chicoarun] <STEAM_1:0:952954061>
L 08/31/2026 - 21:39:19: [HẠ GỤC] Zombie/Witch/Môi trường <N/A> đã hạ gục Curren Bouquetd'or <STEAM_1:1:524205977> bằng (môi trường/khác)
L 08/31/2026 - 21:39:56: [HẠ GỤC] Tank <BOT> đã hạ gục Chicoarun <STEAM_1:0:952954061> bằng (môi trường/khác)
L 08/31/2026 - 21:40:02: [FF] [Holo 40k] <STEAM_1:1:925049770> -> 11 HP bằng (súng) -> [Chicoarun] <STEAM_1:0:952954061>
L 08/31/2026 - 21:40:04: [FF] [Holo 40k] <STEAM_1:1:925049770> -> 11 HP bằng (súng) -> [Vịt-hút-thuốc-lá] <STEAM_1:1:176443622>
L 08/31/2026 - 21:40:05: [HẠ GỤC] Zombie/Witch/Môi trường <N/A> đã hạ gục Vịt-hút-thuốc-lá <STEAM_1:1:176443622> bằng (môi trường/khác)
L 08/31/2026 - 21:40:05: [FF] [Mikasa] <STEAM_1:0:522010986> -> 14 HP bằng (súng) -> [Vịt-hút-thuốc-lá] <STEAM_1:1:176443622>
L 08/31/2026 - 21:40:21: [FF] [Chicoarun] <STEAM_1:0:952954061> -> 11 HP bằng (súng) -> [Curren Bouquetd'or] <STEAM_1:1:524205977>
L 08/31/2026 - 21:40:24: [HẠ GỤC] Tank <BOT> đã hạ gục TezzyPham <STEAM_1:1:933338290> bằng (môi trường/khác)
L 08/31/2026 - 21:40:29: [FF] [Vịt-hút-thuốc-lá] <STEAM_1:1:176443622> -> 1 HP bằng (súng) -> [nikola25645] <STEAM_1:1:782248349>
L 08/31/2026 - 21:40:30: [FF] [chimxanh] <STEAM_1:1:626078671> -> 4 HP bằng (súng) -> [nikola25645] <STEAM_1:1:782248349>
L 08/31/2026 - 21:40:30: [FF] [chimxanh] <STEAM_1:1:626078671> -> 4 HP bằng (súng) -> [nikola25645] <STEAM_1:1:782248349>
L 08/31/2026 - 21:40:33: [HẠ GỤC] Tank <BOT> đã hạ gục Holo 40k <STEAM_1:1:925049770> bằng (môi trường/khác)
L 08/31/2026 - 21:40:36: [FF] [nikola25645] <STEAM_1:1:782248349> -> 14 HP bằng (súng) -> [Chicoarun] <STEAM_1:0:952954061>
L 08/31/2026 - 21:40:38: [FF] [Mikasa] <STEAM_1:0:522010986> -> 14 HP bằng (súng) -> [Chicoarun] <STEAM_1:0:952954061>
L 08/31/2026 - 21:40:39: [HẠ GỤC] nikola25645 <STEAM_1:1:782248349> đã hạ gục Curren Bouquetd'or <STEAM_1:1:524205977> bằng (súng)
L 08/31/2026 - 21:40:40: [HẠ GỤC] Tank <BOT> đã hạ gục Chicoarun <STEAM_1:0:952954061> bằng (môi trường/khác)
L 08/31/2026 - 21:40:41: [KILL] Zombie/Witch/Môi trường <N/A> đã giết Chicoarun <STEAM_1:0:952954061> bằng (môi trường/khác)
L 08/31/2026 - 21:40:42: [FF] [Vịt-hút-thuốc-lá] <STEAM_1:1:176443622> -> 1 HP bằng (súng) -> [nikola25645] <STEAM_1:1:782248349>
L 08/31/2026 - 21:40:44: [HẠ GỤC] Tank <BOT> đã hạ gục Mikasa <STEAM_1:0:522010986> bằng (môi trường/khác)
L 08/31/2026 - 21:40:51: [FF] [TezzyPham] <STEAM_1:1:933338290> -> 8 HP bằng (súng) -> [Mikasa] <STEAM_1:0:522010986>
L 08/31/2026 - 21:40:52: [HẠ GỤC] Tank <BOT> đã hạ gục nikola25645 <STEAM_1:1:782248349> bằng (môi trường/khác)
L 08/31/2026 - 21:40:57: [FF] [Curren Bouquetd'or] <STEAM_1:1:524205977> -> 4 HP bằng (súng) -> [Vịt-hút-thuốc-lá] <STEAM_1:1:176443622>
L 08/31/2026 - 21:40:57: [FF] [Curren Bouquetd'or] <STEAM_1:1:524205977> -> 4 HP bằng (súng) -> [Vịt-hút-thuốc-lá] <STEAM_1:1:176443622>
L 08/31/2026 - 21:41:00: [HẠ GỤC] Tank <BOT> đã hạ gục Vịt-hút-thuốc-lá <STEAM_1:1:176443622> bằng (môi trường/khác)
L 08/31/2026 - 21:41:08: [FF] [Holo 40k] <STEAM_1:1:925049770> -> 11 HP bằng (súng) -> [chimxanh] <STEAM_1:1:626078671>
L 08/31/2026 - 21:41:13: [FF] [KeroN] <STEAM_1:1:161759963> -> 14 HP bằng (súng) -> [Vịt-hút-thuốc-lá] <STEAM_1:1:176443622>
L 08/31/2026 - 21:41:13: [FF] [nikola25645] <STEAM_1:1:782248349> -> 14 HP bằng (súng) -> [TezzyPham] <STEAM_1:1:933338290>
L 08/31/2026 - 21:41:15: [HẠ GỤC] Tank <BOT> đã hạ gục Holo 40k <STEAM_1:1:925049770> bằng (môi trường/khác)
L 08/31/2026 - 21:41:17: [HẠ GỤC] Tank <BOT> đã hạ gục TezzyPham <STEAM_1:1:933338290> bằng (môi trường/khác)
L 08/31/2026 - 21:41:25: [FF] [Curren Bouquetd'or] <STEAM_1:1:524205977> -> 8 HP bằng (súng) -> [Mikasa] <STEAM_1:0:522010986>
L 08/31/2026 - 21:41:25: [FF] [Curren Bouquetd'or] <STEAM_1:1:524205977> -> 8 HP bằng (súng) -> [Mikasa] <STEAM_1:0:522010986>
L 08/31/2026 - 21:41:25: [FF] [Curren Bouquetd'or] <STEAM_1:1:524205977> -> 8 HP bằng (súng) -> [Mikasa] <STEAM_1:0:522010986>
L 08/31/2026 - 21:41:29: [KILL] Zombie/Witch/Môi trường <N/A> đã giết TezzyPham <STEAM_1:1:933338290> bằng (môi trường/khác)
L 08/31/2026 - 21:41:29: [HẠ GỤC] Zombie/Witch/Môi trường <N/A> đã hạ gục Mikasa <STEAM_1:0:522010986> bằng (môi trường/khác)
L 08/31/2026 - 21:41:31: [FF] [Curren Bouquetd'or] <STEAM_1:1:524205977> -> 8 HP bằng (súng) -> [chimxanh] <STEAM_1:1:626078671>
L 08/31/2026 - 21:41:31: [HẠ GỤC] Tank <BOT> đã hạ gục KeroN <STEAM_1:1:161759963> bằng (môi trường/khác)
L 08/31/2026 - 21:41:40: [KILL] Tank <BOT> đã giết Holo 40k <STEAM_1:1:925049770> bằng (môi trường/khác)
L 08/31/2026 - 21:41:59: [FF] [Mikasa] <STEAM_1:0:522010986> -> 14 HP bằng (súng) -> [KeroN] <STEAM_1:1:161759963>
L 08/31/2026 - 21:42:01: [HẠ GỤC] Tank <BOT> đã hạ gục Chicoarun <STEAM_1:0:952954061> bằng (môi trường/khác)
L 08/31/2026 - 21:42:02: [KILL] Zombie/Witch/Môi trường <N/A> đã giết Chicoarun <STEAM_1:0:952954061> bằng (môi trường/khác)
L 08/31/2026 - 21:42:09: [KILL] Tank <BOT> đã giết Mikasa <STEAM_1:0:522010986> bằng (môi trường/khác)
L 08/31/2026 - 21:42:14: [HẠ GỤC] Tank <BOT> đã hạ gục nikola25645 <STEAM_1:1:782248349> bằng (môi trường/khác)
L 08/31/2026 - 21:42:20: [FF] [Curren Bouquetd'or] <STEAM_1:1:524205977> -> 8 HP bằng (súng) -> [Vịt-hút-thuốc-lá] <STEAM_1:1:176443622>
L 08/31/2026 - 21:42:23: [HẠ GỤC] Tank <BOT> đã hạ gục KeroN <STEAM_1:1:161759963> bằng (môi trường/khác)
L 08/31/2026 - 21:42:29: [HẠ GỤC] Tank <BOT> đã hạ gục chimxanh <STEAM_1:1:626078671> bằng (môi trường/khác)
L 08/31/2026 - 21:42:35: [KILL] Tank <BOT> đã giết nikola25645 <STEAM_1:1:782248349> bằng (môi trường/khác)
L 08/31/2026 - 21:42:40: [HẠ GỤC] Tank <BOT> đã hạ gục Curren Bouquetd'or <STEAM_1:1:524205977> bằng (môi trường/khác)
L 08/31/2026 - 21:42:50: [HẠ GỤC] Tank <BOT> đã hạ gục TezzyPham <STEAM_1:1:933338290> bằng (môi trường/khác)
L 08/31/2026 - 21:42:57: [HẠ GỤC] Tank <BOT> đã hạ gục Holo 40k <STEAM_1:1:925049770> bằng (môi trường/khác)
L 08/31/2026 - 21:43:18: [HẠ GỤC] Tank <BOT> đã hạ gục chimxanh <STEAM_1:1:626078671> bằng (môi trường/khác)
L 08/31/2026 - 21:43:26: [FF] [KeroN] <STEAM_1:1:161759963> -> 14 HP bằng (súng) -> [Chicoarun] <STEAM_1:0:952954061>
L 08/31/2026 - 21:43:33: [HẠ GỤC] Tank <BOT> đã hạ gục Holo 40k <STEAM_1:1:925049770> bằng (môi trường/khác)
L 08/31/2026 - 21:43:39: [HẠ GỤC] Tank <BOT> đã hạ gục Chicoarun <STEAM_1:0:952954061> bằng (môi trường/khác)
L 08/31/2026 - 21:43:41: [KILL] Tank <BOT> đã giết chimxanh <STEAM_1:1:626078671> bằng (môi trường/khác)
L 08/31/2026 - 21:43:45: [KILL] Tank <BOT> đã giết Vịt-hút-thuốc-lá <STEAM_1:1:176443622> bằng (môi trường/khác)
L 08/31/2026 - 21:43:47: [HẠ GỤC] Zombie/Witch/Môi trường <N/A> đã hạ gục Curren Bouquetd'or <STEAM_1:1:524205977> bằng (môi trường/khác)
L 08/31/2026 - 21:43:58: [HẠ GỤC] Tank <BOT> đã hạ gục Chicoarun <STEAM_1:0:952954061> bằng (môi trường/khác)
L 08/31/2026 - 21:44:10: [KILL] Tank <BOT> đã giết KeroN <STEAM_1:1:161759963> bằng (môi trường/khác)
L 08/31/2026 - 21:44:14: [HẠ GỤC] Tank <BOT> đã hạ gục Mikasa <STEAM_1:0:522010986> bằng (môi trường/khác)
L 08/31/2026 - 21:44:18: [HẠ GỤC] Tank <BOT> đã hạ gục nikola25645 <STEAM_1:1:782248349> bằng (môi trường/khác)
L 08/31/2026 - 21:44:19: [FF] [TezzyPham] <STEAM_1:1:933338290> -> 8 HP bằng (súng) -> [nikola25645] <STEAM_1:1:782248349>
L 08/31/2026 - 21:44:21: [FF] [Chicoarun] <STEAM_1:0:952954061> -> 16 HP bằng (boom/fire) -> [nikola25645] <STEAM_1:1:782248349>
L 08/31/2026 - 21:44:21: [FF] [Chicoarun] <STEAM_1:0:952954061> -> 16 HP bằng (boom/fire) -> [nikola25645] <STEAM_1:1:782248349>
L 08/31/2026 - 21:44:22: [FF] [Chicoarun] <STEAM_1:0:952954061> -> 16 HP bằng (boom/fire) -> [nikola25645] <STEAM_1:1:782248349>
L 08/31/2026 - 21:44:22: [FF] [Chicoarun] <STEAM_1:0:952954061> -> 16 HP bằng (boom/fire) -> [nikola25645] <STEAM_1:1:782248349>
L 08/31/2026 - 21:44:22: [FF] [Chicoarun] <STEAM_1:0:952954061> -> 16 HP bằng (boom/fire) -> [nikola25645] <STEAM_1:1:782248349>
L 08/31/2026 - 21:44:24: [FF] [Chicoarun] <STEAM_1:0:952954061> -> 4 HP bằng (súng) -> [nikola25645] <STEAM_1:1:782248349>
L 08/31/2026 - 21:44:24: [FF] [Chicoarun] <STEAM_1:0:952954061> -> 4 HP bằng (súng) -> [nikola25645] <STEAM_1:1:782248349>
L 08/31/2026 - 21:44:24: [FF] [Chicoarun] <STEAM_1:0:952954061> -> 4 HP bằng (súng) -> [nikola25645] <STEAM_1:1:782248349>
L 08/31/2026 - 21:44:24: [FF] [Chicoarun] <STEAM_1:0:952954061> -> 4 HP bằng (súng) -> [nikola25645] <STEAM_1:1:782248349>
L 08/31/2026 - 21:44:28: [FF] [Chicoarun] <STEAM_1:0:952954061> -> 16 HP bằng (boom/fire) -> [Holo 40k] <STEAM_1:1:925049770>
L 08/31/2026 - 21:44:28: [FF] [Chicoarun] <STEAM_1:0:952954061> -> 16 HP bằng (boom/fire) -> [Holo 40k] <STEAM_1:1:925049770>
L 08/31/2026 - 21:44:28: [FF] [Chicoarun] <STEAM_1:0:952954061> -> 16 HP bằng (boom/fire) -> [Holo 40k] <STEAM_1:1:925049770>
L 08/31/2026 - 21:44:29: [FF] [Chicoarun] <STEAM_1:0:952954061> -> 16 HP bằng (boom/fire) -> [Mikasa] <STEAM_1:0:522010986>
L 08/31/2026 - 21:44:48: [HẠ GỤC] Zombie/Witch/Môi trường <N/A> đã hạ gục TezzyPham <STEAM_1:1:933338290> bằng (môi trường/khác)
L 08/31/2026 - 21:45:04: [HẠ GỤC] Tank <BOT> đã hạ gục TezzyPham <STEAM_1:1:933338290> bằng (môi trường/khác)
